2025-11-23 14:28:14,805 - back_corridor_end - INFO - [back_corridor_end.py:89] - 正在去除死路
2025-11-23 14:28:14,805 - back_corridor_end - INFO - [back_corridor_end.py:46] - dfs从(84,12)开始
2025-11-23 14:28:14,805 - back_corridor_end - INFO - [back_corridor_end.py:57] - 现在是(84,12)
2025-11-23 14:28:14,805 - back_corridor_end - INFO - [back_corridor_end.py:57] - 现在是(84,13)
2025-11-23 14:28:14,805 - back_corridor_end - INFO - [back_corridor_end.py:57] - 现在是(85,13)
2025-11-23 14:28:14,805 - back_corridor_end - INFO - [back_corridor_end.py:57] - 现在是(86,13)
2025-11-23 14:28:14,805 - back_corridor_end - INFO - [back_corridor_end.py:57] - 现在是(87,13)
2025-11-23 14:28:14,805 - back_corridor_end - INFO - [back_corridor_end.py:57] - 现在是(88,13)
2025-11-23 14:28:14,806 - back_corridor_end - INFO - [back_corridor_end.py:57] - 现在是(89,13)
2025-11-23 14:28:14,806 - back_corridor_end - INFO - [back_corridor_end.py:57] - 现在是(90,13)
2025-11-23 14:28:14,806 - back_corridor_end - INFO - [back_corridor_end.py:57] - 现在是(91,13)
2025-11-23 14:28:14,806 - back_corridor_end - INFO - [back_corridor_end.py:57] - 现在是(91,14)
2025-11-23 14:28:14,807 - back_corridor_end - INFO - [back_corridor_end.py:57] - 现在是(91,15)
2025-11-23 14:28:14,807 - back_corridor_end - INFO - [back_corridor_end.py:57] - 现在是(90,15)
2025-11-23 14:28:14,807 - back_corridor_end - INFO - [back_corridor_end.py:57] - 现在是(89,15)
2025-11-23 14:28:14,807 - back_corridor_end - INFO - [back_corridor_end.py:57] - 现在是(89,16)
2025-11-23 14:28:14,807 - back_corridor_end - INFO - [back_corridor_end.py:57] - 现在是(89,17)
2025-11-23 14:28:14,807 - back_corridor_end - INFO - [back_corridor_end.py:57] - 现在是(89,18)
2025-11-23 14:28:14,807 - back_corridor_end - INFO - [back_corridor_end.py:57] - 现在是(89,19)
2025-11-23 14:28:14,807 - back_corridor_end - INFO - [back_corridor_end.py:57] - 现在是(89,20)
2025-11-23 14:28:14,807 - back_corridor_end - INFO - [back_corridor_end.py:57] - 现在是(89,21)
2025-11-23 14:28:14,807 - back_corridor_end - INFO - [back_corridor_end.py:80] - isDotAlive:发现死路上的点(89, 21)
2025-11-23 14:28:14,807 - back_corridor_end - INFO - [back_corridor_end.py:57] - 现在是(89,20)
2025-11-23 14:28:14,807 - back_corridor_end - INFO - [back_corridor_end.py:80] - isDotAlive:发现死路上的点(89, 20)
2025-11-23 14:28:14,807 - back_corridor_end - INFO - [back_corridor_end.py:57] - 现在是(89,19)
2025-11-23 14:28:14,807 - back_corridor_end - INFO - [back_corridor_end.py:80] - isDotAlive:发现死路上的点(89, 19)
2025-11-23 14:28:14,807 - back_corridor_end - INFO - [back_corridor_end.py:57] - 现在是(89,18)
2025-11-23 14:28:14,807 - back_corridor_end - INFO - [back_corridor_end.py:74] - isDotAlive:点(89, 18)是活的
2025-11-23 14:28:14,807 - back_corridor_end - INFO - [back_corridor_end.py:57] - 现在是(89,17)
2025-11-23 14:28:14,807 - back_corridor_end - INFO - [back_corridor_end.py:74] - isDotAlive:点(89, 17)是活的
2025-11-23 14:28:14,807 - back_corridor_end - INFO - [back_corridor_end.py:57] - 现在是(89,16)
2025-11-23 14:28:14,807 - back_corridor_end - INFO - [back_corridor_end.py:74] - isDotAlive:点(89, 16)是活的
2025-11-23 14:28:14,808 - back_corridor_end - INFO - [back_corridor_end.py:57] - 现在是(89,15)
2025-11-23 14:28:14,808 - back_corridor_end - INFO - [back_corridor_end.py:57] - 现在是(88,15)
2025-11-23 14:28:14,808 - back_corridor_end - INFO - [back_corridor_end.py:57] - 现在是(87,15)
2025-11-23 14:28:14,808 - back_corridor_end - INFO - [back_corridor_end.py:80] - isDotAlive:发现死路上的点(87, 15)
2025-11-23 14:28:14,808 - back_corridor_end - INFO - [back_corridor_end.py:57] - 现在是(88,15)
2025-11-23 14:28:14,808 - back_corridor_end - INFO - [back_corridor_end.py:80] - isDotAlive:发现死路上的点(88, 15)
2025-11-23 14:28:14,808 - back_corridor_end - INFO - [back_corridor_end.py:57] - 现在是(89,15)
2025-11-23 14:28:14,808 - back_corridor_end - INFO - [back_corridor_end.py:74] - isDotAlive:点(89, 15)是活的
2025-11-23 14:28:14,808 - back_corridor_end - INFO - [back_corridor_end.py:57] - 现在是(90,15)
2025-11-23 14:28:14,808 - back_corridor_end - INFO - [back_corridor_end.py:74] - isDotAlive:点(90, 15)是活的
2025-11-23 14:28:14,808 - back_corridor_end - INFO - [back_corridor_end.py:57] - 现在是(91,15)
2025-11-23 14:28:14,808 - back_corridor_end - INFO - [back_corridor_end.py:74] - isDotAlive:点(91, 15)是活的
2025-11-23 14:28:14,808 - back_corridor_end - INFO - [back_corridor_end.py:57] - 现在是(91,14)
2025-11-23 14:28:14,808 - back_corridor_end - INFO - [back_corridor_end.py:74] - isDotAlive:点(91, 14)是活的
2025-11-23 14:28:14,808 - back_corridor_end - INFO - [back_corridor_end.py:57] - 现在是(91,13)
2025-11-23 14:28:14,808 - back_corridor_end - INFO - [back_corridor_end.py:57] - 现在是(91,12)
2025-11-23 14:28:14,808 - back_corridor_end - INFO - [back_corridor_end.py:57] - 现在是(91,11)
2025-11-23 14:28:14,808 - back_corridor_end - INFO - [back_corridor_end.py:57] - 现在是(90,11)
2025-11-23 14:28:14,808 - back_corridor_end - INFO - [back_corridor_end.py:57] - 现在是(89,11)
2025-11-23 14:28:14,808 - back_corridor_end - INFO - [back_corridor_end.py:57] - 现在是(88,11)
2025-11-23 14:28:14,808 - back_corridor_end - INFO - [back_corridor_end.py:57] - 现在是(87,11)
2025-11-23 14:28:14,808 - back_corridor_end - INFO - [back_corridor_end.py:80] - isDotAlive:发现死路上的点(87, 11)
2025-11-23 14:28:14,808 - back_corridor_end - INFO - [back_corridor_end.py:57] - 现在是(88,11)
2025-11-23 14:28:14,809 - back_corridor_end - INFO - [back_corridor_end.py:80] - isDotAlive:发现死路上的点(88, 11)
2025-11-23 14:28:14,809 - back_corridor_end - INFO - [back_corridor_end.py:57] - 现在是(89,11)
2025-11-23 14:28:14,809 - back_corridor_end - INFO - [back_corridor_end.py:80] - isDotAlive:发现死路上的点(89, 11)
2025-11-23 14:28:14,809 - back_corridor_end - INFO - [back_corridor_end.py:57] - 现在是(90,11)
2025-11-23 14:28:14,809 - back_corridor_end - INFO - [back_corridor_end.py:74] - isDotAlive:点(90, 11)是活的
2025-11-23 14:28:14,809 - back_corridor_end - INFO - [back_corridor_end.py:57] - 现在是(91,11)
2025-11-23 14:28:14,809 - back_corridor_end - INFO - [back_corridor_end.py:74] - isDotAlive:点(91, 11)是活的
2025-11-23 14:28:14,809 - back_corridor_end - INFO - [back_corridor_end.py:57] - 现在是(91,12)
2025-11-23 14:28:14,809 - back_corridor_end - INFO - [back_corridor_end.py:74] - isDotAlive:点(91, 12)是活的
2025-11-23 14:28:14,809 - back_corridor_end - INFO - [back_corridor_end.py:57] - 现在是(91,13)
2025-11-23 14:28:14,809 - back_corridor_end - INFO - [back_corridor_end.py:74] - isDotAlive:点(91, 13)是活的
2025-11-23 14:28:14,809 - back_corridor_end - INFO - [back_corridor_end.py:57] - 现在是(90,13)
2025-11-23 14:28:14,809 - back_corridor_end - INFO - [back_corridor_end.py:74] - isDotAlive:点(90, 13)是活的
2025-11-23 14:28:14,809 - back_corridor_end - INFO - [back_corridor_end.py:57] - 现在是(89,13)
2025-11-23 14:28:14,809 - back_corridor_end - INFO - [back_corridor_end.py:74] - isDotAlive:点(89, 13)是活的
2025-11-23 14:28:14,809 - back_corridor_end - INFO - [back_corridor_end.py:57] - 现在是(88,13)
2025-11-23 14:28:14,809 - back_corridor_end - INFO - [back_corridor_end.py:74] - isDotAlive:点(88, 13)是活的
2025-11-23 14:28:14,809 - back_corridor_end - INFO - [back_corridor_end.py:57] - 现在是(87,13)
2025-11-23 14:28:14,809 - back_corridor_end - INFO - [back_corridor_end.py:74] - isDotAlive:点(87, 13)是活的
2025-11-23 14:28:14,809 - back_corridor_end - INFO - [back_corridor_end.py:57] - 现在是(86,13)
2025-11-23 14:28:14,809 - back_corridor_end - INFO - [back_corridor_end.py:74] - isDotAlive:点(86, 13)是活的
2025-11-23 14:28:14,809 - back_corridor_end - INFO - [back_corridor_end.py:57] - 现在是(85,13)
2025-11-23 14:28:14,809 - back_corridor_end - INFO - [back_corridor_end.py:57] - 现在是(85,14)
2025-11-23 14:28:14,809 - back_corridor_end - INFO - [back_corridor_end.py:57] - 现在是(85,15)
2025-11-23 14:28:14,810 - back_corridor_end - INFO - [back_corridor_end.py:80] - isDotAlive:发现死路上的点(85, 15)
2025-11-23 14:28:14,810 - back_corridor_end - INFO - [back_corridor_end.py:57] - 现在是(85,14)
2025-11-23 14:28:14,810 - back_corridor_end - INFO - [back_corridor_end.py:80] - isDotAlive:发现死路上的点(85, 14)
2025-11-23 14:28:14,810 - back_corridor_end - INFO - [back_corridor_end.py:57] - 现在是(85,13)
2025-11-23 14:28:14,810 - back_corridor_end - INFO - [back_corridor_end.py:74] - isDotAlive:点(85, 13)是活的
2025-11-23 14:28:14,810 - back_corridor_end - INFO - [back_corridor_end.py:57] - 现在是(84,13)
2025-11-23 14:28:14,810 - back_corridor_end - INFO - [back_corridor_end.py:57] - 现在是(83,13)
2025-11-23 14:28:14,810 - back_corridor_end - INFO - [back_corridor_end.py:57] - 现在是(83,14)
2025-11-23 14:28:14,810 - back_corridor_end - INFO - [back_corridor_end.py:57] - 现在是(83,15)
2025-11-23 14:28:14,810 - back_corridor_end - INFO - [back_corridor_end.py:57] - 现在是(82,15)
2025-11-23 14:28:14,810 - back_corridor_end - INFO - [back_corridor_end.py:57] - 现在是(81,15)
2025-11-23 14:28:14,810 - back_corridor_end - INFO - [back_corridor_end.py:57] - 现在是(80,15)
2025-11-23 14:28:14,810 - back_corridor_end - INFO - [back_corridor_end.py:57] - 现在是(79,15)
2025-11-23 14:28:14,810 - back_corridor_end - INFO - [back_corridor_end.py:57] - 现在是(79,16)
2025-11-23 14:28:14,810 - back_corridor_end - INFO - [back_corridor_end.py:57] - 现在是(79,17)
2025-11-23 14:28:14,810 - back_corridor_end - INFO - [back_corridor_end.py:57] - 现在是(78,17)
2025-11-23 14:28:14,810 - back_corridor_end - INFO - [back_corridor_end.py:57] - 现在是(77,17)
2025-11-23 14:28:14,810 - back_corridor_end - INFO - [back_corridor_end.py:57] - 现在是(77,18)
2025-11-23 14:28:14,810 - back_corridor_end - INFO - [back_corridor_end.py:57] - 现在是(77,19)
2025-11-23 14:28:14,810 - back_corridor_end - INFO - [back_corridor_end.py:57] - 现在是(78,19)
2025-11-23 14:28:14,810 - back_corridor_end - INFO - [back_corridor_end.py:57] - 现在是(79,19)
2025-11-23 14:28:14,810 - back_corridor_end - INFO - [back_corridor_end.py:57] - 现在是(79,20)
2025-11-23 14:28:14,810 - back_corridor_end - INFO - [back_corridor_end.py:57] - 现在是(79,21)
2025-11-23 14:28:14,810 - back_corridor_end - INFO - [back_corridor_end.py:57] - 现在是(80,21)
2025-11-23 14:28:14,810 - back_corridor_end - INFO - [back_corridor_end.py:57] - 现在是(81,21)
2025-11-23 14:28:14,810 - back_corridor_end - INFO - [back_corridor_end.py:57] - 现在是(82,21)
2025-11-23 14:28:14,811 - back_corridor_end - INFO - [back_corridor_end.py:57] - 现在是(83,21)
2025-11-23 14:28:14,811 - back_corridor_end - INFO - [back_corridor_end.py:80] - isDotAlive:发现死路上的点(83, 21)
2025-11-23 14:28:14,811 - back_corridor_end - INFO - [back_corridor_end.py:57] - 现在是(82,21)
2025-11-23 14:28:14,811 - back_corridor_end - INFO - [back_corridor_end.py:80] - isDotAlive:发现死路上的点(82, 21)
2025-11-23 14:28:14,811 - back_corridor_end - INFO - [back_corridor_end.py:57] - 现在是(81,21)
2025-11-23 14:28:14,811 - back_corridor_end - INFO - [back_corridor_end.py:80] - isDotAlive:发现死路上的点(81, 21)
2025-11-23 14:28:14,811 - back_corridor_end - INFO - [back_corridor_end.py:57] - 现在是(80,21)
2025-11-23 14:28:14,811 - back_corridor_end - INFO - [back_corridor_end.py:80] - isDotAlive:发现死路上的点(80, 21)
2025-11-23 14:28:14,811 - back_corridor_end - INFO - [back_corridor_end.py:57] - 现在是(79,21)
2025-11-23 14:28:14,811 - back_corridor_end - INFO - [back_corridor_end.py:57] - 现在是(79,22)
2025-11-23 14:28:14,811 - back_corridor_end - INFO - [back_corridor_end.py:57] - 现在是(79,23)
2025-11-23 14:28:14,811 - back_corridor_end - INFO - [back_corridor_end.py:57] - 现在是(80,23)
2025-11-23 14:28:14,811 - back_corridor_end - INFO - [back_corridor_end.py:57] - 现在是(81,23)
2025-11-23 14:28:14,811 - back_corridor_end - INFO - [back_corridor_end.py:57] - 现在是(82,23)
2025-11-23 14:28:14,811 - back_corridor_end - INFO - [back_corridor_end.py:57] - 现在是(83,23)
2025-11-23 14:28:14,811 - back_corridor_end - INFO - [back_corridor_end.py:57] - 现在是(84,23)
2025-11-23 14:28:14,811 - back_corridor_end - INFO - [back_corridor_end.py:57] - 现在是(85,23)
2025-11-23 14:28:14,811 - back_corridor_end - INFO - [back_corridor_end.py:57] - 现在是(85,22)
2025-11-23 14:28:14,811 - back_corridor_end - INFO - [back_corridor_end.py:57] - 现在是(85,21)
2025-11-23 14:28:14,811 - back_corridor_end - INFO - [back_corridor_end.py:57] - 现在是(86,21)
2025-11-23 14:28:14,811 - back_corridor_end - INFO - [back_corridor_end.py:57] - 现在是(87,21)
2025-11-23 14:28:14,811 - back_corridor_end - INFO - [back_corridor_end.py:57] - 现在是(87,22)
2025-11-23 14:28:14,811 - back_corridor_end - INFO - [back_corridor_end.py:57] - 现在是(87,23)
2025-11-23 14:28:14,811 - back_corridor_end - INFO - [back_corridor_end.py:57] - 现在是(88,23)
2025-11-23 14:28:14,811 - back_corridor_end - INFO - [back_corridor_end.py:57] - 现在是(89,23)
2025-11-23 14:28:14,811 - back_corridor_end - INFO - [back_corridor_end.py:57] - 现在是(89,24)
2025-11-23 14:28:14,811 - back_corridor_end - INFO - [back_corridor_end.py:57] - 现在是(89,25)
2025-11-23 14:28:14,812 - back_corridor_end - INFO - [back_corridor_end.py:57] - 现在是(90,25)
2025-11-23 14:28:14,812 - back_corridor_end - INFO - [back_corridor_end.py:57] - 现在是(91,25)
2025-11-23 14:28:14,812 - back_corridor_end - INFO - [back_corridor_end.py:57] - 现在是(91,24)
2025-11-23 14:28:14,812 - back_corridor_end - INFO - [back_corridor_end.py:57] - 现在是(91,23)
2025-11-23 14:28:14,812 - back_corridor_end - INFO - [back_corridor_end.py:57] - 现在是(91,22)
2025-11-23 14:28:14,812 - back_corridor_end - INFO - [back_corridor_end.py:57] - 现在是(91,21)
2025-11-23 14:28:14,812 - back_corridor_end - INFO - [back_corridor_end.py:57] - 现在是(92,21)
2025-11-23 14:28:14,812 - back_corridor_end - INFO - [back_corridor_end.py:57] - 现在是(93,21)
2025-11-23 14:28:14,812 - back_corridor_end - INFO - [back_corridor_end.py:57] - 现在是(94,21)
2025-11-23 14:28:14,812 - back_corridor_end - INFO - [back_corridor_end.py:57] - 现在是(95,21)
2025-11-23 14:28:14,812 - back_corridor_end - INFO - [back_corridor_end.py:57] - 现在是(96,21)
2025-11-23 14:28:14,812 - back_corridor_end - INFO - [back_corridor_end.py:57] - 现在是(97,21)
2025-11-23 14:28:14,812 - back_corridor_end - INFO - [back_corridor_end.py:57] - 现在是(97,22)
2025-11-23 14:28:14,812 - back_corridor_end - INFO - [back_corridor_end.py:57] - 现在是(97,23)
2025-11-23 14:28:14,812 - back_corridor_end - INFO - [back_corridor_end.py:57] - 现在是(98,23)
2025-11-23 14:28:14,812 - back_corridor_end - INFO - [back_corridor_end.py:57] - 现在是(99,23)
2025-11-23 14:28:14,812 - back_corridor_end - INFO - [back_corridor_end.py:57] - 现在是(99,24)
2025-11-23 14:28:14,812 - back_corridor_end - INFO - [back_corridor_end.py:57] - 现在是(99,25)
2025-11-23 14:28:14,812 - back_corridor_end - INFO - [back_corridor_end.py:57] - 现在是(99,26)
2025-11-23 14:28:14,812 - back_corridor_end - INFO - [back_corridor_end.py:57] - 现在是(99,27)
2025-11-23 14:28:14,812 - back_corridor_end - INFO - [back_corridor_end.py:57] - 现在是(99,28)
2025-11-23 14:28:14,812 - back_corridor_end - INFO - [back_corridor_end.py:57] - 现在是(99,29)
2025-11-23 14:28:14,812 - back_corridor_end - INFO - [back_corridor_end.py:57] - 现在是(98,29)
2025-11-23 14:28:14,812 - back_corridor_end - INFO - [back_corridor_end.py:57] - 现在是(97,29)
2025-11-23 14:28:14,812 - back_corridor_end - INFO - [back_corridor_end.py:57] - 现在是(97,30)
2025-11-23 14:28:14,812 - back_corridor_end - INFO - [back_corridor_end.py:57] - 现在是(97,31)
2025-11-23 14:28:14,813 - back_corridor_end - INFO - [back_corridor_end.py:57] - 现在是(98,31)
2025-11-23 14:28:14,813 - back_corridor_end - INFO - [back_corridor_end.py:57] - 现在是(99,31)
2025-11-23 14:28:14,813 - back_corridor_end - INFO - [back_corridor_end.py:57] - 现在是(99,32)
2025-11-23 14:28:14,813 - back_corridor_end - INFO - [back_corridor_end.py:57] - 现在是(99,33)
2025-11-23 14:28:14,813 - back_corridor_end - INFO - [back_corridor_end.py:57] - 现在是(99,34)
2025-11-23 14:28:14,813 - back_corridor_end - INFO - [back_corridor_end.py:57] - 现在是(99,35)
2025-11-23 14:28:14,813 - back_corridor_end - INFO - [back_corridor_end.py:57] - 现在是(99,36)
2025-11-23 14:28:14,813 - back_corridor_end - INFO - [back_corridor_end.py:57] - 现在是(99,37)
2025-11-23 14:28:14,813 - back_corridor_end - INFO - [back_corridor_end.py:80] - isDotAlive:发现死路上的点(99, 37)
2025-11-23 14:28:14,813 - back_corridor_end - INFO - [back_corridor_end.py:57] - 现在是(99,36)
2025-11-23 14:28:14,813 - back_corridor_end - INFO - [back_corridor_end.py:80] - isDotAlive:发现死路上的点(99, 36)
2025-11-23 14:28:14,813 - back_corridor_end - INFO - [back_corridor_end.py:57] - 现在是(99,35)
2025-11-23 14:28:14,813 - back_corridor_end - INFO - [back_corridor_end.py:80] - isDotAlive:发现死路上的点(99, 35)
2025-11-23 14:28:14,813 - back_corridor_end - INFO - [back_corridor_end.py:57] - 现在是(99,34)
2025-11-23 14:28:14,813 - back_corridor_end - INFO - [back_corridor_end.py:80] - isDotAlive:发现死路上的点(99, 34)
2025-11-23 14:28:14,813 - back_corridor_end - INFO - [back_corridor_end.py:57] - 现在是(99,33)
2025-11-23 14:28:14,813 - back_corridor_end - INFO - [back_corridor_end.py:80] - isDotAlive:发现死路上的点(99, 33)
2025-11-23 14:28:14,813 - back_corridor_end - INFO - [back_corridor_end.py:57] - 现在是(99,32)
2025-11-23 14:28:14,813 - back_corridor_end - INFO - [back_corridor_end.py:80] - isDotAlive:发现死路上的点(99, 32)
2025-11-23 14:28:14,813 - back_corridor_end - INFO - [back_corridor_end.py:57] - 现在是(99,31)
2025-11-23 14:28:14,813 - back_corridor_end - INFO - [back_corridor_end.py:80] - isDotAlive:发现死路上的点(99, 31)
2025-11-23 14:28:14,813 - back_corridor_end - INFO - [back_corridor_end.py:57] - 现在是(98,31)
2025-11-23 14:28:14,813 - back_corridor_end - INFO - [back_corridor_end.py:80] - isDotAlive:发现死路上的点(98, 31)
2025-11-23 14:28:14,814 - back_corridor_end - INFO - [back_corridor_end.py:57] - 现在是(97,31)
2025-11-23 14:28:14,814 - back_corridor_end - INFO - [back_corridor_end.py:80] - isDotAlive:发现死路上的点(97, 31)
2025-11-23 14:28:14,814 - back_corridor_end - INFO - [back_corridor_end.py:57] - 现在是(97,30)
2025-11-23 14:28:14,814 - back_corridor_end - INFO - [back_corridor_end.py:80] - isDotAlive:发现死路上的点(97, 30)
2025-11-23 14:28:14,814 - back_corridor_end - INFO - [back_corridor_end.py:57] - 现在是(97,29)
2025-11-23 14:28:14,814 - back_corridor_end - INFO - [back_corridor_end.py:80] - isDotAlive:发现死路上的点(97, 29)
2025-11-23 14:28:14,814 - back_corridor_end - INFO - [back_corridor_end.py:57] - 现在是(98,29)
2025-11-23 14:28:14,814 - back_corridor_end - INFO - [back_corridor_end.py:80] - isDotAlive:发现死路上的点(98, 29)
2025-11-23 14:28:14,814 - back_corridor_end - INFO - [back_corridor_end.py:57] - 现在是(99,29)
2025-11-23 14:28:14,814 - back_corridor_end - INFO - [back_corridor_end.py:80] - isDotAlive:发现死路上的点(99, 29)
2025-11-23 14:28:14,814 - back_corridor_end - INFO - [back_corridor_end.py:57] - 现在是(99,28)
2025-11-23 14:28:14,814 - back_corridor_end - INFO - [back_corridor_end.py:80] - isDotAlive:发现死路上的点(99, 28)
2025-11-23 14:28:14,814 - back_corridor_end - INFO - [back_corridor_end.py:57] - 现在是(99,27)
2025-11-23 14:28:14,814 - back_corridor_end - INFO - [back_corridor_end.py:57] - 现在是(98,27)
2025-11-23 14:28:14,814 - back_corridor_end - INFO - [back_corridor_end.py:57] - 现在是(97,27)
2025-11-23 14:28:14,814 - back_corridor_end - INFO - [back_corridor_end.py:57] - 现在是(96,27)
2025-11-23 14:28:14,814 - back_corridor_end - INFO - [back_corridor_end.py:57] - 现在是(95,27)
2025-11-23 14:28:14,814 - back_corridor_end - INFO - [back_corridor_end.py:57] - 现在是(95,26)
2025-11-23 14:28:14,814 - back_corridor_end - INFO - [back_corridor_end.py:57] - 现在是(95,25)
2025-11-23 14:28:14,814 - back_corridor_end - INFO - [back_corridor_end.py:57] - 现在是(94,25)
2025-11-23 14:28:14,814 - back_corridor_end - INFO - [back_corridor_end.py:57] - 现在是(93,25)
2025-11-23 14:28:14,814 - back_corridor_end - INFO - [back_corridor_end.py:57] - 现在是(93,26)
2025-11-23 14:28:14,814 - back_corridor_end - INFO - [back_corridor_end.py:57] - 现在是(93,27)
2025-11-23 14:28:14,814 - back_corridor_end - INFO - [back_corridor_end.py:57] - 现在是(92,27)
2025-11-23 14:28:14,814 - back_corridor_end - INFO - [back_corridor_end.py:57] - 现在是(91,27)
2025-11-23 14:28:14,814 - back_corridor_end - INFO - [back_corridor_end.py:57] - 现在是(91,28)
2025-11-23 14:28:14,815 - back_corridor_end - INFO - [back_corridor_end.py:57] - 现在是(91,29)
2025-11-23 14:28:14,815 - back_corridor_end - INFO - [back_corridor_end.py:57] - 现在是(92,29)
2025-11-23 14:28:14,815 - back_corridor_end - INFO - [back_corridor_end.py:57] - 现在是(93,29)
2025-11-23 14:28:14,815 - back_corridor_end - INFO - [back_corridor_end.py:57] - 现在是(94,29)
2025-11-23 14:28:14,815 - back_corridor_end - INFO - [back_corridor_end.py:57] - 现在是(95,29)
2025-11-23 14:28:14,815 - back_corridor_end - INFO - [back_corridor_end.py:57] - 现在是(95,30)
2025-11-23 14:28:14,815 - back_corridor_end - INFO - [back_corridor_end.py:57] - 现在是(95,31)
2025-11-23 14:28:14,815 - back_corridor_end - INFO - [back_corridor_end.py:80] - isDotAlive:发现死路上的点(95, 31)
2025-11-23 14:28:14,815 - back_corridor_end - INFO - [back_corridor_end.py:57] - 现在是(95,30)
2025-11-23 14:28:14,815 - back_corridor_end - INFO - [back_corridor_end.py:80] - isDotAlive:发现死路上的点(95, 30)
2025-11-23 14:28:14,815 - back_corridor_end - INFO - [back_corridor_end.py:57] - 现在是(95,29)
2025-11-23 14:28:14,815 - back_corridor_end - INFO - [back_corridor_end.py:80] - isDotAlive:发现死路上的点(95, 29)
2025-11-23 14:28:14,815 - back_corridor_end - INFO - [back_corridor_end.py:57] - 现在是(94,29)
2025-11-23 14:28:14,815 - back_corridor_end - INFO - [back_corridor_end.py:80] - isDotAlive:发现死路上的点(94, 29)
2025-11-23 14:28:14,815 - back_corridor_end - INFO - [back_corridor_end.py:57] - 现在是(93,29)
2025-11-23 14:28:14,815 - back_corridor_end - INFO - [back_corridor_end.py:80] - isDotAlive:发现死路上的点(93, 29)
2025-11-23 14:28:14,815 - back_corridor_end - INFO - [back_corridor_end.py:57] - 现在是(92,29)
2025-11-23 14:28:14,815 - back_corridor_end - INFO - [back_corridor_end.py:80] - isDotAlive:发现死路上的点(92, 29)
2025-11-23 14:28:14,815 - back_corridor_end - INFO - [back_corridor_end.py:57] - 现在是(91,29)
2025-11-23 14:28:14,815 - back_corridor_end - INFO - [back_corridor_end.py:57] - 现在是(91,30)
2025-11-23 14:28:14,815 - back_corridor_end - INFO - [back_corridor_end.py:57] - 现在是(91,31)
2025-11-23 14:28:14,815 - back_corridor_end - INFO - [back_corridor_end.py:57] - 现在是(92,31)
2025-11-23 14:28:14,815 - back_corridor_end - INFO - [back_corridor_end.py:57] - 现在是(93,31)
2025-11-23 14:28:14,815 - back_corridor_end - INFO - [back_corridor_end.py:80] - isDotAlive:发现死路上的点(93, 31)
2025-11-23 14:28:14,815 - back_corridor_end - INFO - [back_corridor_end.py:57] - 现在是(92,31)
2025-11-23 14:28:14,816 - back_corridor_end - INFO - [back_corridor_end.py:80] - isDotAlive:发现死路上的点(92, 31)
2025-11-23 14:28:14,816 - back_corridor_end - INFO - [back_corridor_end.py:57] - 现在是(91,31)
2025-11-23 14:28:14,816 - back_corridor_end - INFO - [back_corridor_end.py:57] - 现在是(91,32)
2025-11-23 14:28:14,816 - back_corridor_end - INFO - [back_corridor_end.py:57] - 现在是(91,33)
2025-11-23 14:28:14,816 - back_corridor_end - INFO - [back_corridor_end.py:57] - 现在是(91,34)
2025-11-23 14:28:14,816 - back_corridor_end - INFO - [back_corridor_end.py:57] - 现在是(91,35)
2025-11-23 14:28:14,816 - back_corridor_end - INFO - [back_corridor_end.py:57] - 现在是(91,36)
2025-11-23 14:28:14,816 - back_corridor_end - INFO - [back_corridor_end.py:57] - 现在是(91,37)
2025-11-23 14:28:14,816 - back_corridor_end - INFO - [back_corridor_end.py:57] - 现在是(91,38)
2025-11-23 14:28:14,816 - back_corridor_end - INFO - [back_corridor_end.py:57] - 现在是(91,39)
2025-11-23 14:28:14,816 - back_corridor_end - INFO - [back_corridor_end.py:57] - 现在是(90,39)
2025-11-23 14:28:14,816 - back_corridor_end - INFO - [back_corridor_end.py:57] - 现在是(89,39)
2025-11-23 14:28:14,816 - back_corridor_end - INFO - [back_corridor_end.py:57] - 现在是(88,39)
2025-11-23 14:28:14,816 - back_corridor_end - INFO - [back_corridor_end.py:57] - 现在是(87,39)
2025-11-23 14:28:14,816 - back_corridor_end - INFO - [back_corridor_end.py:57] - 现在是(87,38)
2025-11-23 14:28:14,816 - back_corridor_end - INFO - [back_corridor_end.py:57] - 现在是(87,37)
2025-11-23 14:28:14,816 - back_corridor_end - INFO - [back_corridor_end.py:57] - 现在是(86,37)
2025-11-23 14:28:14,816 - back_corridor_end - INFO - [back_corridor_end.py:57] - 现在是(85,37)
2025-11-23 14:28:14,816 - back_corridor_end - INFO - [back_corridor_end.py:57] - 现在是(85,38)
2025-11-23 14:28:14,816 - back_corridor_end - INFO - [back_corridor_end.py:57] - 现在是(85,39)
2025-11-23 14:28:14,816 - back_corridor_end - INFO - [back_corridor_end.py:80] - isDotAlive:发现死路上的点(85, 39)
2025-11-23 14:28:14,816 - back_corridor_end - INFO - [back_corridor_end.py:57] - 现在是(85,38)
2025-11-23 14:28:14,816 - back_corridor_end - INFO - [back_corridor_end.py:80] - isDotAlive:发现死路上的点(85, 38)
2025-11-23 14:28:14,816 - back_corridor_end - INFO - [back_corridor_end.py:57] - 现在是(85,37)
2025-11-23 14:28:14,816 - back_corridor_end - INFO - [back_corridor_end.py:80] - isDotAlive:发现死路上的点(85, 37)
2025-11-23 14:28:14,817 - back_corridor_end - INFO - [back_corridor_end.py:57] - 现在是(86,37)
2025-11-23 14:28:14,817 - back_corridor_end - INFO - [back_corridor_end.py:80] - isDotAlive:发现死路上的点(86, 37)
2025-11-23 14:28:14,817 - back_corridor_end - INFO - [back_corridor_end.py:57] - 现在是(87,37)
2025-11-23 14:28:14,817 - back_corridor_end - INFO - [back_corridor_end.py:57] - 现在是(87,36)
2025-11-23 14:28:14,817 - back_corridor_end - INFO - [back_corridor_end.py:57] - 现在是(87,35)
2025-11-23 14:28:14,817 - back_corridor_end - INFO - [back_corridor_end.py:57] - 现在是(88,35)
2025-11-23 14:28:14,817 - back_corridor_end - INFO - [back_corridor_end.py:57] - 现在是(89,35)
2025-11-23 14:28:14,817 - back_corridor_end - INFO - [back_corridor_end.py:57] - 现在是(89,34)
2025-11-23 14:28:14,817 - back_corridor_end - INFO - [back_corridor_end.py:57] - 现在是(89,33)
2025-11-23 14:28:14,817 - back_corridor_end - INFO - [back_corridor_end.py:57] - 现在是(89,32)
2025-11-23 14:28:14,817 - back_corridor_end - INFO - [back_corridor_end.py:57] - 现在是(89,31)
2025-11-23 14:28:14,817 - back_corridor_end - INFO - [back_corridor_end.py:57] - 现在是(88,31)
2025-11-23 14:28:14,817 - back_corridor_end - INFO - [back_corridor_end.py:57] - 现在是(87,31)
2025-11-23 14:28:14,817 - back_corridor_end - INFO - [back_corridor_end.py:57] - 现在是(87,32)
2025-11-23 14:28:14,817 - back_corridor_end - INFO - [back_corridor_end.py:57] - 现在是(87,33)
2025-11-23 14:28:14,817 - back_corridor_end - INFO - [back_corridor_end.py:57] - 现在是(86,33)
2025-11-23 14:28:14,817 - back_corridor_end - INFO - [back_corridor_end.py:57] - 现在是(85,33)
2025-11-23 14:28:14,817 - back_corridor_end - INFO - [back_corridor_end.py:57] - 现在是(85,34)
2025-11-23 14:28:14,817 - back_corridor_end - INFO - [back_corridor_end.py:57] - 现在是(85,35)
2025-11-23 14:28:14,817 - back_corridor_end - INFO - [back_corridor_end.py:57] - 现在是(84,35)
2025-11-23 14:28:14,817 - back_corridor_end - INFO - [back_corridor_end.py:57] - 现在是(83,35)
2025-11-23 14:28:14,817 - back_corridor_end - INFO - [back_corridor_end.py:57] - 现在是(82,35)
2025-11-23 14:28:14,817 - back_corridor_end - INFO - [back_corridor_end.py:57] - 现在是(81,35)
2025-11-23 14:28:14,817 - back_corridor_end - INFO - [back_corridor_end.py:57] - 现在是(81,36)
2025-11-23 14:28:14,817 - back_corridor_end - INFO - [back_corridor_end.py:57] - 现在是(81,37)
2025-11-23 14:28:14,817 - back_corridor_end - INFO - [back_corridor_end.py:57] - 现在是(81,38)
2025-11-23 14:28:14,818 - back_corridor_end - INFO - [back_corridor_end.py:57] - 现在是(81,39)
2025-11-23 14:28:14,818 - back_corridor_end - INFO - [back_corridor_end.py:57] - 现在是(82,39)
2025-11-23 14:28:14,818 - back_corridor_end - INFO - [back_corridor_end.py:57] - 现在是(83,39)
2025-11-23 14:28:14,818 - back_corridor_end - INFO - [back_corridor_end.py:80] - isDotAlive:发现死路上的点(83, 39)
2025-11-23 14:28:14,818 - back_corridor_end - INFO - [back_corridor_end.py:57] - 现在是(82,39)
2025-11-23 14:28:14,818 - back_corridor_end - INFO - [back_corridor_end.py:80] - isDotAlive:发现死路上的点(82, 39)
2025-11-23 14:28:14,818 - back_corridor_end - INFO - [back_corridor_end.py:57] - 现在是(81,39)
2025-11-23 14:28:14,818 - back_corridor_end - INFO - [back_corridor_end.py:57] - 现在是(81,40)
2025-11-23 14:28:14,818 - back_corridor_end - INFO - [back_corridor_end.py:57] - 现在是(81,41)
2025-11-23 14:28:14,818 - back_corridor_end - INFO - [back_corridor_end.py:57] - 现在是(82,41)
2025-11-23 14:28:14,818 - back_corridor_end - INFO - [back_corridor_end.py:57] - 现在是(83,41)
2025-11-23 14:28:14,818 - back_corridor_end - INFO - [back_corridor_end.py:57] - 现在是(83,42)
2025-11-23 14:28:14,818 - back_corridor_end - INFO - [back_corridor_end.py:57] - 现在是(83,43)
2025-11-23 14:28:14,818 - back_corridor_end - INFO - [back_corridor_end.py:57] - 现在是(82,43)
2025-11-23 14:28:14,818 - back_corridor_end - INFO - [back_corridor_end.py:57] - 现在是(81,43)
2025-11-23 14:28:14,818 - back_corridor_end - INFO - [back_corridor_end.py:80] - isDotAlive:发现死路上的点(81, 43)
2025-11-23 14:28:14,818 - back_corridor_end - INFO - [back_corridor_end.py:57] - 现在是(82,43)
2025-11-23 14:28:14,818 - back_corridor_end - INFO - [back_corridor_end.py:80] - isDotAlive:发现死路上的点(82, 43)
2025-11-23 14:28:14,818 - back_corridor_end - INFO - [back_corridor_end.py:57] - 现在是(83,43)
2025-11-23 14:28:14,818 - back_corridor_end - INFO - [back_corridor_end.py:80] - isDotAlive:发现死路上的点(83, 43)
2025-11-23 14:28:14,818 - back_corridor_end - INFO - [back_corridor_end.py:57] - 现在是(83,42)
2025-11-23 14:28:14,818 - back_corridor_end - INFO - [back_corridor_end.py:80] - isDotAlive:发现死路上的点(83, 42)
2025-11-23 14:28:14,818 - back_corridor_end - INFO - [back_corridor_end.py:57] - 现在是(83,41)
2025-11-23 14:28:14,818 - back_corridor_end - INFO - [back_corridor_end.py:80] - isDotAlive:发现死路上的点(83, 41)
2025-11-23 14:28:14,818 - back_corridor_end - INFO - [back_corridor_end.py:57] - 现在是(82,41)
2025-11-23 14:28:14,818 - back_corridor_end - INFO - [back_corridor_end.py:80] - isDotAlive:发现死路上的点(82, 41)
2025-11-23 14:28:14,819 - back_corridor_end - INFO - [back_corridor_end.py:57] - 现在是(81,41)
2025-11-23 14:28:14,819 - back_corridor_end - INFO - [back_corridor_end.py:57] - 现在是(80,41)
2025-11-23 14:28:14,819 - back_corridor_end - INFO - [back_corridor_end.py:57] - 现在是(79,41)
2025-11-23 14:28:14,819 - back_corridor_end - INFO - [back_corridor_end.py:57] - 现在是(78,41)
2025-11-23 14:28:14,819 - back_corridor_end - INFO - [back_corridor_end.py:57] - 现在是(77,41)
2025-11-23 14:28:14,819 - back_corridor_end - INFO - [back_corridor_end.py:57] - 现在是(77,42)
2025-11-23 14:28:14,819 - back_corridor_end - INFO - [back_corridor_end.py:57] - 现在是(77,43)
2025-11-23 14:28:14,819 - back_corridor_end - INFO - [back_corridor_end.py:57] - 现在是(77,44)
2025-11-23 14:28:14,819 - back_corridor_end - INFO - [back_corridor_end.py:57] - 现在是(77,45)
2025-11-23 14:28:14,819 - back_corridor_end - INFO - [back_corridor_end.py:57] - 现在是(77,46)
2025-11-23 14:28:14,819 - back_corridor_end - INFO - [back_corridor_end.py:57] - 现在是(77,47)
2025-11-23 14:28:14,819 - back_corridor_end - INFO - [back_corridor_end.py:57] - 现在是(77,48)
2025-11-23 14:28:14,819 - back_corridor_end - INFO - [back_corridor_end.py:57] - 现在是(77,49)
2025-11-23 14:28:14,819 - back_corridor_end - INFO - [back_corridor_end.py:57] - 现在是(78,49)
2025-11-23 14:28:14,819 - back_corridor_end - INFO - [back_corridor_end.py:57] - 现在是(79,49)
2025-11-23 14:28:14,819 - back_corridor_end - INFO - [back_corridor_end.py:57] - 现在是(79,50)
2025-11-23 14:28:14,819 - back_corridor_end - INFO - [back_corridor_end.py:57] - 现在是(79,51)
2025-11-23 14:28:14,819 - back_corridor_end - INFO - [back_corridor_end.py:57] - 现在是(78,51)
2025-11-23 14:28:14,819 - back_corridor_end - INFO - [back_corridor_end.py:57] - 现在是(77,51)
2025-11-23 14:28:14,819 - back_corridor_end - INFO - [back_corridor_end.py:57] - 现在是(77,52)
2025-11-23 14:28:14,819 - back_corridor_end - INFO - [back_corridor_end.py:57] - 现在是(77,53)
2025-11-23 14:28:14,819 - back_corridor_end - INFO - [back_corridor_end.py:57] - 现在是(76,53)
2025-11-23 14:28:14,819 - back_corridor_end - INFO - [back_corridor_end.py:57] - 现在是(75,53)
2025-11-23 14:28:14,819 - back_corridor_end - INFO - [back_corridor_end.py:57] - 现在是(74,53)
2025-11-23 14:28:14,819 - back_corridor_end - INFO - [back_corridor_end.py:57] - 现在是(73,53)
2025-11-23 14:28:14,820 - back_corridor_end - INFO - [back_corridor_end.py:57] - 现在是(73,52)
2025-11-23 14:28:14,820 - back_corridor_end - INFO - [back_corridor_end.py:57] - 现在是(73,51)
2025-11-23 14:28:14,820 - back_corridor_end - INFO - [back_corridor_end.py:57] - 现在是(73,50)
2025-11-23 14:28:14,820 - back_corridor_end - INFO - [back_corridor_end.py:57] - 现在是(73,49)
2025-11-23 14:28:14,820 - back_corridor_end - INFO - [back_corridor_end.py:57] - 现在是(74,49)
2025-11-23 14:28:14,820 - back_corridor_end - INFO - [back_corridor_end.py:57] - 现在是(75,49)
2025-11-23 14:28:14,820 - back_corridor_end - INFO - [back_corridor_end.py:80] - isDotAlive:发现死路上的点(75, 49)
2025-11-23 14:28:14,820 - back_corridor_end - INFO - [back_corridor_end.py:57] - 现在是(74,49)
2025-11-23 14:28:14,820 - back_corridor_end - INFO - [back_corridor_end.py:80] - isDotAlive:发现死路上的点(74, 49)
2025-11-23 14:28:14,820 - back_corridor_end - INFO - [back_corridor_end.py:57] - 现在是(73,49)
2025-11-23 14:28:14,820 - back_corridor_end - INFO - [back_corridor_end.py:57] - 现在是(72,49)
2025-11-23 14:28:14,820 - back_corridor_end - INFO - [back_corridor_end.py:57] - 现在是(71,49)
2025-11-23 14:28:14,820 - back_corridor_end - INFO - [back_corridor_end.py:57] - 现在是(71,50)
2025-11-23 14:28:14,820 - back_corridor_end - INFO - [back_corridor_end.py:57] - 现在是(71,51)
2025-11-23 14:28:14,820 - back_corridor_end - INFO - [back_corridor_end.py:57] - 现在是(71,52)
2025-11-23 14:28:14,820 - back_corridor_end - INFO - [back_corridor_end.py:57] - 现在是(71,53)
2025-11-23 14:28:14,820 - back_corridor_end - INFO - [back_corridor_end.py:57] - 现在是(71,54)
2025-11-23 14:28:14,820 - back_corridor_end - INFO - [back_corridor_end.py:57] - 现在是(71,55)
2025-11-23 14:28:14,820 - back_corridor_end - INFO - [back_corridor_end.py:57] - 现在是(70,55)
2025-11-23 14:28:14,820 - back_corridor_end - INFO - [back_corridor_end.py:57] - 现在是(69,55)
2025-11-23 14:28:14,820 - back_corridor_end - INFO - [back_corridor_end.py:57] - 现在是(69,56)
2025-11-23 14:28:14,820 - back_corridor_end - INFO - [back_corridor_end.py:57] - 现在是(69,57)
2025-11-23 14:28:14,820 - back_corridor_end - INFO - [back_corridor_end.py:57] - 现在是(70,57)
2025-11-23 14:28:14,820 - back_corridor_end - INFO - [back_corridor_end.py:57] - 现在是(71,57)
2025-11-23 14:28:14,820 - back_corridor_end - INFO - [back_corridor_end.py:57] - 现在是(71,58)
2025-11-23 14:28:14,821 - back_corridor_end - INFO - [back_corridor_end.py:57] - 现在是(71,59)
2025-11-23 14:28:14,821 - back_corridor_end - INFO - [back_corridor_end.py:57] - 现在是(72,59)
2025-11-23 14:28:14,821 - back_corridor_end - INFO - [back_corridor_end.py:57] - 现在是(73,59)
2025-11-23 14:28:14,821 - back_corridor_end - INFO - [back_corridor_end.py:57] - 现在是(74,59)
2025-11-23 14:28:14,821 - back_corridor_end - INFO - [back_corridor_end.py:57] - 现在是(75,59)
2025-11-23 14:28:14,821 - back_corridor_end - INFO - [back_corridor_end.py:57] - 现在是(75,58)
2025-11-23 14:28:14,821 - back_corridor_end - INFO - [back_corridor_end.py:57] - 现在是(75,57)
2025-11-23 14:28:14,821 - back_corridor_end - INFO - [back_corridor_end.py:57] - 现在是(76,57)
2025-11-23 14:28:14,821 - back_corridor_end - INFO - [back_corridor_end.py:57] - 现在是(77,57)
2025-11-23 14:28:14,821 - back_corridor_end - INFO - [back_corridor_end.py:57] - 现在是(77,56)
2025-11-23 14:28:14,821 - back_corridor_end - INFO - [back_corridor_end.py:57] - 现在是(77,55)
2025-11-23 14:28:14,821 - back_corridor_end - INFO - [back_corridor_end.py:57] - 现在是(78,55)
2025-11-23 14:28:14,821 - back_corridor_end - INFO - [back_corridor_end.py:57] - 现在是(79,55)
2025-11-23 14:28:14,821 - back_corridor_end - INFO - [back_corridor_end.py:57] - 现在是(79,56)
2025-11-23 14:28:14,821 - back_corridor_end - INFO - [back_corridor_end.py:57] - 现在是(79,57)
2025-11-23 14:28:14,821 - back_corridor_end - INFO - [back_corridor_end.py:57] - 现在是(80,57)
2025-11-23 14:28:14,821 - back_corridor_end - INFO - [back_corridor_end.py:57] - 现在是(81,57)
2025-11-23 14:28:14,821 - back_corridor_end - INFO - [back_corridor_end.py:57] - 现在是(81,56)
2025-11-23 14:28:14,821 - back_corridor_end - INFO - [back_corridor_end.py:57] - 现在是(81,55)
2025-11-23 14:28:14,821 - back_corridor_end - INFO - [back_corridor_end.py:57] - 现在是(82,55)
2025-11-23 14:28:14,821 - back_corridor_end - INFO - [back_corridor_end.py:57] - 现在是(83,55)
2025-11-23 14:28:14,821 - back_corridor_end - INFO - [back_corridor_end.py:80] - isDotAlive:发现死路上的点(83, 55)
2025-11-23 14:28:14,821 - back_corridor_end - INFO - [back_corridor_end.py:57] - 现在是(82,55)
2025-11-23 14:28:14,822 - back_corridor_end - INFO - [back_corridor_end.py:80] - isDotAlive:发现死路上的点(82, 55)
2025-11-23 14:28:14,822 - back_corridor_end - INFO - [back_corridor_end.py:57] - 现在是(81,55)
2025-11-23 14:28:14,822 - back_corridor_end - INFO - [back_corridor_end.py:80] - isDotAlive:发现死路上的点(81, 55)
2025-11-23 14:28:14,822 - back_corridor_end - INFO - [back_corridor_end.py:57] - 现在是(81,56)
2025-11-23 14:28:14,822 - back_corridor_end - INFO - [back_corridor_end.py:80] - isDotAlive:发现死路上的点(81, 56)
2025-11-23 14:28:14,822 - back_corridor_end - INFO - [back_corridor_end.py:57] - 现在是(81,57)
2025-11-23 14:28:14,822 - back_corridor_end - INFO - [back_corridor_end.py:74] - isDotAlive:点(81, 57)是活的
2025-11-23 14:28:14,822 - back_corridor_end - INFO - [back_corridor_end.py:57] - 现在是(80,57)
2025-11-23 14:28:14,822 - back_corridor_end - INFO - [back_corridor_end.py:74] - isDotAlive:点(80, 57)是活的
2025-11-23 14:28:14,822 - back_corridor_end - INFO - [back_corridor_end.py:57] - 现在是(79,57)
2025-11-23 14:28:14,822 - back_corridor_end - INFO - [back_corridor_end.py:57] - 现在是(79,58)
2025-11-23 14:28:14,822 - back_corridor_end - INFO - [back_corridor_end.py:57] - 现在是(79,59)
2025-11-23 14:28:14,822 - back_corridor_end - INFO - [back_corridor_end.py:57] - 现在是(80,59)
2025-11-23 14:28:14,822 - back_corridor_end - INFO - [back_corridor_end.py:57] - 现在是(81,59)
2025-11-23 14:28:14,822 - back_corridor_end - INFO - [back_corridor_end.py:80] - isDotAlive:发现死路上的点(81, 59)
2025-11-23 14:28:14,822 - back_corridor_end - INFO - [back_corridor_end.py:57] - 现在是(80,59)
2025-11-23 14:28:14,822 - back_corridor_end - INFO - [back_corridor_end.py:80] - isDotAlive:发现死路上的点(80, 59)
2025-11-23 14:28:14,822 - back_corridor_end - INFO - [back_corridor_end.py:57] - 现在是(79,59)
2025-11-23 14:28:14,822 - back_corridor_end - INFO - [back_corridor_end.py:57] - 现在是(79,60)
2025-11-23 14:28:14,822 - back_corridor_end - INFO - [back_corridor_end.py:57] - 现在是(79,61)
2025-11-23 14:28:14,822 - back_corridor_end - INFO - [back_corridor_end.py:57] - 现在是(80,61)
2025-11-23 14:28:14,822 - back_corridor_end - INFO - [back_corridor_end.py:57] - 现在是(81,61)
2025-11-23 14:28:14,822 - back_corridor_end - INFO - [back_corridor_end.py:80] - isDotAlive:发现死路上的点(81, 61)
2025-11-23 14:28:14,822 - back_corridor_end - INFO - [back_corridor_end.py:57] - 现在是(80,61)
2025-11-23 14:28:14,822 - back_corridor_end - INFO - [back_corridor_end.py:80] - isDotAlive:发现死路上的点(80, 61)
2025-11-23 14:28:14,822 - back_corridor_end - INFO - [back_corridor_end.py:57] - 现在是(79,61)
2025-11-23 14:28:14,823 - back_corridor_end - INFO - [back_corridor_end.py:57] - 现在是(79,62)
2025-11-23 14:28:14,823 - back_corridor_end - INFO - [back_corridor_end.py:57] - 现在是(79,63)
2025-11-23 14:28:14,823 - back_corridor_end - INFO - [back_corridor_end.py:57] - 现在是(80,63)
2025-11-23 14:28:14,823 - back_corridor_end - INFO - [back_corridor_end.py:57] - 现在是(81,63)
2025-11-23 14:28:14,823 - back_corridor_end - INFO - [back_corridor_end.py:74] - isDotAlive:点(81, 63)是活的
2025-11-23 14:28:14,823 - back_corridor_end - INFO - [back_corridor_end.py:57] - 现在是(80,63)
2025-11-23 14:28:14,823 - back_corridor_end - INFO - [back_corridor_end.py:74] - isDotAlive:点(80, 63)是活的
2025-11-23 14:28:14,823 - back_corridor_end - INFO - [back_corridor_end.py:57] - 现在是(79,63)
2025-11-23 14:28:14,823 - back_corridor_end - INFO - [back_corridor_end.py:74] - isDotAlive:点(79, 63)是活的
2025-11-23 14:28:14,823 - back_corridor_end - INFO - [back_corridor_end.py:57] - 现在是(79,62)
2025-11-23 14:28:14,823 - back_corridor_end - INFO - [back_corridor_end.py:74] - isDotAlive:点(79, 62)是活的
2025-11-23 14:28:14,823 - back_corridor_end - INFO - [back_corridor_end.py:57] - 现在是(79,61)
2025-11-23 14:28:14,823 - back_corridor_end - INFO - [back_corridor_end.py:74] - isDotAlive:点(79, 61)是活的
2025-11-23 14:28:14,823 - back_corridor_end - INFO - [back_corridor_end.py:57] - 现在是(79,60)
2025-11-23 14:28:14,823 - back_corridor_end - INFO - [back_corridor_end.py:74] - isDotAlive:点(79, 60)是活的
2025-11-23 14:28:14,823 - back_corridor_end - INFO - [back_corridor_end.py:57] - 现在是(79,59)
2025-11-23 14:28:14,823 - back_corridor_end - INFO - [back_corridor_end.py:57] - 现在是(78,59)
2025-11-23 14:28:14,823 - back_corridor_end - INFO - [back_corridor_end.py:57] - 现在是(77,59)
2025-11-23 14:28:14,823 - back_corridor_end - INFO - [back_corridor_end.py:57] - 现在是(77,60)
2025-11-23 14:28:14,823 - back_corridor_end - INFO - [back_corridor_end.py:57] - 现在是(77,61)
2025-11-23 14:28:14,823 - back_corridor_end - INFO - [back_corridor_end.py:57] - 现在是(77,62)
2025-11-23 14:28:14,823 - back_corridor_end - INFO - [back_corridor_end.py:57] - 现在是(77,63)
2025-11-23 14:28:14,823 - back_corridor_end - INFO - [back_corridor_end.py:57] - 现在是(76,63)
2025-11-23 14:28:14,823 - back_corridor_end - INFO - [back_corridor_end.py:57] - 现在是(75,63)
2025-11-23 14:28:14,823 - back_corridor_end - INFO - [back_corridor_end.py:80] - isDotAlive:发现死路上的点(75, 63)
2025-11-23 14:28:14,823 - back_corridor_end - INFO - [back_corridor_end.py:57] - 现在是(76,63)
2025-11-23 14:28:14,824 - back_corridor_end - INFO - [back_corridor_end.py:80] - isDotAlive:发现死路上的点(76, 63)
2025-11-23 14:28:14,824 - back_corridor_end - INFO - [back_corridor_end.py:57] - 现在是(77,63)
2025-11-23 14:28:14,824 - back_corridor_end - INFO - [back_corridor_end.py:80] - isDotAlive:发现死路上的点(77, 63)
2025-11-23 14:28:14,824 - back_corridor_end - INFO - [back_corridor_end.py:57] - 现在是(77,62)
2025-11-23 14:28:14,824 - back_corridor_end - INFO - [back_corridor_end.py:80] - isDotAlive:发现死路上的点(77, 62)
2025-11-23 14:28:14,824 - back_corridor_end - INFO - [back_corridor_end.py:57] - 现在是(77,61)
2025-11-23 14:28:14,824 - back_corridor_end - INFO - [back_corridor_end.py:57] - 现在是(76,61)
2025-11-23 14:28:14,824 - back_corridor_end - INFO - [back_corridor_end.py:57] - 现在是(75,61)
2025-11-23 14:28:14,824 - back_corridor_end - INFO - [back_corridor_end.py:74] - isDotAlive:点(75, 61)是活的
2025-11-23 14:28:14,824 - back_corridor_end - INFO - [back_corridor_end.py:57] - 现在是(76,61)
2025-11-23 14:28:14,824 - back_corridor_end - INFO - [back_corridor_end.py:74] - isDotAlive:点(76, 61)是活的
2025-11-23 14:28:14,824 - back_corridor_end - INFO - [back_corridor_end.py:57] - 现在是(77,61)
2025-11-23 14:28:14,824 - back_corridor_end - INFO - [back_corridor_end.py:74] - isDotAlive:点(77, 61)是活的
2025-11-23 14:28:14,824 - back_corridor_end - INFO - [back_corridor_end.py:57] - 现在是(77,60)
2025-11-23 14:28:14,824 - back_corridor_end - INFO - [back_corridor_end.py:74] - isDotAlive:点(77, 60)是活的
2025-11-23 14:28:14,824 - back_corridor_end - INFO - [back_corridor_end.py:57] - 现在是(77,59)
2025-11-23 14:28:14,824 - back_corridor_end - INFO - [back_corridor_end.py:74] - isDotAlive:点(77, 59)是活的
2025-11-23 14:28:14,824 - back_corridor_end - INFO - [back_corridor_end.py:57] - 现在是(78,59)
2025-11-23 14:28:14,824 - back_corridor_end - INFO - [back_corridor_end.py:74] - isDotAlive:点(78, 59)是活的
2025-11-23 14:28:14,824 - back_corridor_end - INFO - [back_corridor_end.py:57] - 现在是(79,59)
2025-11-23 14:28:14,824 - back_corridor_end - INFO - [back_corridor_end.py:74] - isDotAlive:点(79, 59)是活的
2025-11-23 14:28:14,824 - back_corridor_end - INFO - [back_corridor_end.py:57] - 现在是(79,58)
2025-11-23 14:28:14,824 - back_corridor_end - INFO - [back_corridor_end.py:74] - isDotAlive:点(79, 58)是活的
2025-11-23 14:28:14,824 - back_corridor_end - INFO - [back_corridor_end.py:57] - 现在是(79,57)
2025-11-23 14:28:14,824 - back_corridor_end - INFO - [back_corridor_end.py:74] - isDotAlive:点(79, 57)是活的
2025-11-23 14:28:14,824 - back_corridor_end - INFO - [back_corridor_end.py:57] - 现在是(79,56)
2025-11-23 14:28:14,825 - back_corridor_end - INFO - [back_corridor_end.py:74] - isDotAlive:点(79, 56)是活的
2025-11-23 14:28:14,825 - back_corridor_end - INFO - [back_corridor_end.py:57] - 现在是(79,55)
2025-11-23 14:28:14,825 - back_corridor_end - INFO - [back_corridor_end.py:57] - 现在是(79,54)
2025-11-23 14:28:14,825 - back_corridor_end - INFO - [back_corridor_end.py:57] - 现在是(79,53)
2025-11-23 14:28:14,825 - back_corridor_end - INFO - [back_corridor_end.py:57] - 现在是(80,53)
2025-11-23 14:28:14,825 - back_corridor_end - INFO - [back_corridor_end.py:57] - 现在是(81,53)
2025-11-23 14:28:14,825 - back_corridor_end - INFO - [back_corridor_end.py:57] - 现在是(81,52)
2025-11-23 14:28:14,825 - back_corridor_end - INFO - [back_corridor_end.py:57] - 现在是(81,51)
2025-11-23 14:28:14,825 - back_corridor_end - INFO - [back_corridor_end.py:74] - isDotAlive:点(81, 51)是活的
2025-11-23 14:28:14,825 - back_corridor_end - INFO - [back_corridor_end.py:57] - 现在是(81,52)
2025-11-23 14:28:14,825 - back_corridor_end - INFO - [back_corridor_end.py:74] - isDotAlive:点(81, 52)是活的
2025-11-23 14:28:14,825 - back_corridor_end - INFO - [back_corridor_end.py:57] - 现在是(81,53)
2025-11-23 14:28:14,825 - back_corridor_end - INFO - [back_corridor_end.py:74] - isDotAlive:点(81, 53)是活的
2025-11-23 14:28:14,825 - back_corridor_end - INFO - [back_corridor_end.py:57] - 现在是(80,53)
2025-11-23 14:28:14,825 - back_corridor_end - INFO - [back_corridor_end.py:74] - isDotAlive:点(80, 53)是活的
2025-11-23 14:28:14,825 - back_corridor_end - INFO - [back_corridor_end.py:57] - 现在是(79,53)
2025-11-23 14:28:14,825 - back_corridor_end - INFO - [back_corridor_end.py:74] - isDotAlive:点(79, 53)是活的
2025-11-23 14:28:14,825 - back_corridor_end - INFO - [back_corridor_end.py:57] - 现在是(79,54)
2025-11-23 14:28:14,825 - back_corridor_end - INFO - [back_corridor_end.py:74] - isDotAlive:点(79, 54)是活的
2025-11-23 14:28:14,825 - back_corridor_end - INFO - [back_corridor_end.py:57] - 现在是(79,55)
2025-11-23 14:28:14,825 - back_corridor_end - INFO - [back_corridor_end.py:74] - isDotAlive:点(79, 55)是活的
2025-11-23 14:28:14,825 - back_corridor_end - INFO - [back_corridor_end.py:57] - 现在是(78,55)
2025-11-23 14:28:14,825 - back_corridor_end - INFO - [back_corridor_end.py:74] - isDotAlive:点(78, 55)是活的
2025-11-23 14:28:14,825 - back_corridor_end - INFO - [back_corridor_end.py:57] - 现在是(77,55)
2025-11-23 14:28:14,825 - back_corridor_end - INFO - [back_corridor_end.py:57] - 现在是(76,55)
2025-11-23 14:28:14,826 - back_corridor_end - INFO - [back_corridor_end.py:57] - 现在是(75,55)
2025-11-23 14:28:14,826 - back_corridor_end - INFO - [back_corridor_end.py:57] - 现在是(74,55)
2025-11-23 14:28:14,826 - back_corridor_end - INFO - [back_corridor_end.py:57] - 现在是(73,55)
2025-11-23 14:28:14,826 - back_corridor_end - INFO - [back_corridor_end.py:80] - isDotAlive:发现死路上的点(73, 55)
2025-11-23 14:28:14,826 - back_corridor_end - INFO - [back_corridor_end.py:57] - 现在是(74,55)
2025-11-23 14:28:14,826 - back_corridor_end - INFO - [back_corridor_end.py:80] - isDotAlive:发现死路上的点(74, 55)
2025-11-23 14:28:14,826 - back_corridor_end - INFO - [back_corridor_end.py:57] - 现在是(75,55)
2025-11-23 14:28:14,826 - back_corridor_end - INFO - [back_corridor_end.py:80] - isDotAlive:发现死路上的点(75, 55)
2025-11-23 14:28:14,826 - back_corridor_end - INFO - [back_corridor_end.py:57] - 现在是(76,55)
2025-11-23 14:28:14,826 - back_corridor_end - INFO - [back_corridor_end.py:80] - isDotAlive:发现死路上的点(76, 55)
2025-11-23 14:28:14,826 - back_corridor_end - INFO - [back_corridor_end.py:57] - 现在是(77,55)
2025-11-23 14:28:14,826 - back_corridor_end - INFO - [back_corridor_end.py:74] - isDotAlive:点(77, 55)是活的
2025-11-23 14:28:14,826 - back_corridor_end - INFO - [back_corridor_end.py:57] - 现在是(77,56)
2025-11-23 14:28:14,826 - back_corridor_end - INFO - [back_corridor_end.py:74] - isDotAlive:点(77, 56)是活的
2025-11-23 14:28:14,826 - back_corridor_end - INFO - [back_corridor_end.py:57] - 现在是(77,57)
2025-11-23 14:28:14,826 - back_corridor_end - INFO - [back_corridor_end.py:74] - isDotAlive:点(77, 57)是活的
2025-11-23 14:28:14,826 - back_corridor_end - INFO - [back_corridor_end.py:57] - 现在是(76,57)
2025-11-23 14:28:14,826 - back_corridor_end - INFO - [back_corridor_end.py:74] - isDotAlive:点(76, 57)是活的
2025-11-23 14:28:14,826 - back_corridor_end - INFO - [back_corridor_end.py:57] - 现在是(75,57)
2025-11-23 14:28:14,826 - back_corridor_end - INFO - [back_corridor_end.py:57] - 现在是(74,57)
2025-11-23 14:28:14,826 - back_corridor_end - INFO - [back_corridor_end.py:57] - 现在是(73,57)
2025-11-23 14:28:14,826 - back_corridor_end - INFO - [back_corridor_end.py:80] - isDotAlive:发现死路上的点(73, 57)
2025-11-23 14:28:14,826 - back_corridor_end - INFO - [back_corridor_end.py:57] - 现在是(74,57)
2025-11-23 14:28:14,826 - back_corridor_end - INFO - [back_corridor_end.py:80] - isDotAlive:发现死路上的点(74, 57)
2025-11-23 14:28:14,826 - back_corridor_end - INFO - [back_corridor_end.py:57] - 现在是(75,57)
2025-11-23 14:28:14,826 - back_corridor_end - INFO - [back_corridor_end.py:74] - isDotAlive:点(75, 57)是活的
2025-11-23 14:28:14,827 - back_corridor_end - INFO - [back_corridor_end.py:57] - 现在是(75,58)
2025-11-23 14:28:14,827 - back_corridor_end - INFO - [back_corridor_end.py:74] - isDotAlive:点(75, 58)是活的
2025-11-23 14:28:14,827 - back_corridor_end - INFO - [back_corridor_end.py:57] - 现在是(75,59)
2025-11-23 14:28:14,827 - back_corridor_end - INFO - [back_corridor_end.py:74] - isDotAlive:点(75, 59)是活的
2025-11-23 14:28:14,827 - back_corridor_end - INFO - [back_corridor_end.py:57] - 现在是(74,59)
2025-11-23 14:28:14,827 - back_corridor_end - INFO - [back_corridor_end.py:74] - isDotAlive:点(74, 59)是活的
2025-11-23 14:28:14,827 - back_corridor_end - INFO - [back_corridor_end.py:57] - 现在是(73,59)
2025-11-23 14:28:14,827 - back_corridor_end - INFO - [back_corridor_end.py:74] - isDotAlive:点(73, 59)是活的
2025-11-23 14:28:14,827 - back_corridor_end - INFO - [back_corridor_end.py:57] - 现在是(72,59)
2025-11-23 14:28:14,827 - back_corridor_end - INFO - [back_corridor_end.py:74] - isDotAlive:点(72, 59)是活的
2025-11-23 14:28:14,827 - back_corridor_end - INFO - [back_corridor_end.py:57] - 现在是(71,59)
2025-11-23 14:28:14,827 - back_corridor_end - INFO - [back_corridor_end.py:57] - 现在是(70,59)
2025-11-23 14:28:14,827 - back_corridor_end - INFO - [back_corridor_end.py:57] - 现在是(69,59)
2025-11-23 14:28:14,827 - back_corridor_end - INFO - [back_corridor_end.py:80] - isDotAlive:发现死路上的点(69, 59)
2025-11-23 14:28:14,827 - back_corridor_end - INFO - [back_corridor_end.py:57] - 现在是(70,59)
2025-11-23 14:28:14,827 - back_corridor_end - INFO - [back_corridor_end.py:80] - isDotAlive:发现死路上的点(70, 59)
2025-11-23 14:28:14,827 - back_corridor_end - INFO - [back_corridor_end.py:57] - 现在是(71,59)
2025-11-23 14:28:14,827 - back_corridor_end - INFO - [back_corridor_end.py:74] - isDotAlive:点(71, 59)是活的
2025-11-23 14:28:14,827 - back_corridor_end - INFO - [back_corridor_end.py:57] - 现在是(71,58)
2025-11-23 14:28:14,827 - back_corridor_end - INFO - [back_corridor_end.py:74] - isDotAlive:点(71, 58)是活的
2025-11-23 14:28:14,827 - back_corridor_end - INFO - [back_corridor_end.py:57] - 现在是(71,57)
2025-11-23 14:28:14,827 - back_corridor_end - INFO - [back_corridor_end.py:74] - isDotAlive:点(71, 57)是活的
2025-11-23 14:28:14,827 - back_corridor_end - INFO - [back_corridor_end.py:57] - 现在是(70,57)
2025-11-23 14:28:14,827 - back_corridor_end - INFO - [back_corridor_end.py:74] - isDotAlive:点(70, 57)是活的
2025-11-23 14:28:14,828 - back_corridor_end - INFO - [back_corridor_end.py:57] - 现在是(69,57)
2025-11-23 14:28:14,828 - back_corridor_end - INFO - [back_corridor_end.py:74] - isDotAlive:点(69, 57)是活的
2025-11-23 14:28:14,828 - back_corridor_end - INFO - [back_corridor_end.py:57] - 现在是(69,56)
2025-11-23 14:28:14,828 - back_corridor_end - INFO - [back_corridor_end.py:74] - isDotAlive:点(69, 56)是活的
2025-11-23 14:28:14,828 - back_corridor_end - INFO - [back_corridor_end.py:57] - 现在是(69,55)
2025-11-23 14:28:14,828 - back_corridor_end - INFO - [back_corridor_end.py:57] - 现在是(69,54)
2025-11-23 14:28:14,828 - back_corridor_end - INFO - [back_corridor_end.py:57] - 现在是(69,53)
2025-11-23 14:28:14,828 - back_corridor_end - INFO - [back_corridor_end.py:57] - 现在是(68,53)
2025-11-23 14:28:14,828 - back_corridor_end - INFO - [back_corridor_end.py:57] - 现在是(67,53)
2025-11-23 14:28:14,828 - back_corridor_end - INFO - [back_corridor_end.py:57] - 现在是(67,52)
2025-11-23 14:28:14,828 - back_corridor_end - INFO - [back_corridor_end.py:57] - 现在是(67,51)
2025-11-23 14:28:14,828 - back_corridor_end - INFO - [back_corridor_end.py:57] - 现在是(67,50)
2025-11-23 14:28:14,828 - back_corridor_end - INFO - [back_corridor_end.py:57] - 现在是(67,49)
2025-11-23 14:28:14,828 - back_corridor_end - INFO - [back_corridor_end.py:57] - 现在是(68,49)
2025-11-23 14:28:14,828 - back_corridor_end - INFO - [back_corridor_end.py:57] - 现在是(69,49)
2025-11-23 14:28:14,828 - back_corridor_end - INFO - [back_corridor_end.py:57] - 现在是(69,50)
2025-11-23 14:28:14,828 - back_corridor_end - INFO - [back_corridor_end.py:57] - 现在是(69,51)
2025-11-23 14:28:14,828 - back_corridor_end - INFO - [back_corridor_end.py:80] - isDotAlive:发现死路上的点(69, 51)
2025-11-23 14:28:14,828 - back_corridor_end - INFO - [back_corridor_end.py:57] - 现在是(69,50)
2025-11-23 14:28:14,828 - back_corridor_end - INFO - [back_corridor_end.py:80] - isDotAlive:发现死路上的点(69, 50)
2025-11-23 14:28:14,828 - back_corridor_end - INFO - [back_corridor_end.py:57] - 现在是(69,49)
2025-11-23 14:28:14,828 - back_corridor_end - INFO - [back_corridor_end.py:80] - isDotAlive:发现死路上的点(69, 49)
2025-11-23 14:28:14,828 - back_corridor_end - INFO - [back_corridor_end.py:57] - 现在是(68,49)
2025-11-23 14:28:14,828 - back_corridor_end - INFO - [back_corridor_end.py:80] - isDotAlive:发现死路上的点(68, 49)
2025-11-23 14:28:14,828 - back_corridor_end - INFO - [back_corridor_end.py:57] - 现在是(67,49)
2025-11-23 14:28:14,829 - back_corridor_end - INFO - [back_corridor_end.py:57] - 现在是(67,48)
2025-11-23 14:28:14,829 - back_corridor_end - INFO - [back_corridor_end.py:57] - 现在是(67,47)
2025-11-23 14:28:14,829 - back_corridor_end - INFO - [back_corridor_end.py:57] - 现在是(67,46)
2025-11-23 14:28:14,829 - back_corridor_end - INFO - [back_corridor_end.py:57] - 现在是(67,45)
2025-11-23 14:28:14,829 - back_corridor_end - INFO - [back_corridor_end.py:57] - 现在是(66,45)
2025-11-23 14:28:14,829 - back_corridor_end - INFO - [back_corridor_end.py:57] - 现在是(65,45)
2025-11-23 14:28:14,829 - back_corridor_end - INFO - [back_corridor_end.py:57] - 现在是(65,46)
2025-11-23 14:28:14,829 - back_corridor_end - INFO - [back_corridor_end.py:57] - 现在是(65,47)
2025-11-23 14:28:14,829 - back_corridor_end - INFO - [back_corridor_end.py:57] - 现在是(65,48)
2025-11-23 14:28:14,829 - back_corridor_end - INFO - [back_corridor_end.py:57] - 现在是(65,49)
2025-11-23 14:28:14,829 - back_corridor_end - INFO - [back_corridor_end.py:80] - isDotAlive:发现死路上的点(65, 49)
2025-11-23 14:28:14,829 - back_corridor_end - INFO - [back_corridor_end.py:57] - 现在是(65,48)
2025-11-23 14:28:14,829 - back_corridor_end - INFO - [back_corridor_end.py:80] - isDotAlive:发现死路上的点(65, 48)
2025-11-23 14:28:14,829 - back_corridor_end - INFO - [back_corridor_end.py:57] - 现在是(65,47)
2025-11-23 14:28:14,829 - back_corridor_end - INFO - [back_corridor_end.py:80] - isDotAlive:发现死路上的点(65, 47)
2025-11-23 14:28:14,829 - back_corridor_end - INFO - [back_corridor_end.py:57] - 现在是(65,46)
2025-11-23 14:28:14,829 - back_corridor_end - INFO - [back_corridor_end.py:80] - isDotAlive:发现死路上的点(65, 46)
2025-11-23 14:28:14,829 - back_corridor_end - INFO - [back_corridor_end.py:57] - 现在是(65,45)
2025-11-23 14:28:14,829 - back_corridor_end - INFO - [back_corridor_end.py:57] - 现在是(65,44)
2025-11-23 14:28:14,829 - back_corridor_end - INFO - [back_corridor_end.py:57] - 现在是(65,43)
2025-11-23 14:28:14,829 - back_corridor_end - INFO - [back_corridor_end.py:57] - 现在是(66,43)
2025-11-23 14:28:14,829 - back_corridor_end - INFO - [back_corridor_end.py:57] - 现在是(67,43)
2025-11-23 14:28:14,829 - back_corridor_end - INFO - [back_corridor_end.py:57] - 现在是(67,42)
2025-11-23 14:28:14,829 - back_corridor_end - INFO - [back_corridor_end.py:57] - 现在是(67,41)
2025-11-23 14:28:14,829 - back_corridor_end - INFO - [back_corridor_end.py:57] - 现在是(66,41)
2025-11-23 14:28:14,829 - back_corridor_end - INFO - [back_corridor_end.py:57] - 现在是(65,41)
2025-11-23 14:28:14,830 - back_corridor_end - INFO - [back_corridor_end.py:57] - 现在是(64,41)
2025-11-23 14:28:14,830 - back_corridor_end - INFO - [back_corridor_end.py:57] - 现在是(63,41)
2025-11-23 14:28:14,830 - back_corridor_end - INFO - [back_corridor_end.py:57] - 现在是(62,41)
2025-11-23 14:28:14,830 - back_corridor_end - INFO - [back_corridor_end.py:57] - 现在是(61,41)
2025-11-23 14:28:14,830 - back_corridor_end - INFO - [back_corridor_end.py:57] - 现在是(61,40)
2025-11-23 14:28:14,830 - back_corridor_end - INFO - [back_corridor_end.py:57] - 现在是(61,39)
2025-11-23 14:28:14,830 - back_corridor_end - INFO - [back_corridor_end.py:57] - 现在是(62,39)
2025-11-23 14:28:14,830 - back_corridor_end - INFO - [back_corridor_end.py:57] - 现在是(63,39)
2025-11-23 14:28:14,830 - back_corridor_end - INFO - [back_corridor_end.py:57] - 现在是(64,39)
2025-11-23 14:28:14,830 - back_corridor_end - INFO - [back_corridor_end.py:57] - 现在是(65,39)
2025-11-23 14:28:14,830 - back_corridor_end - INFO - [back_corridor_end.py:57] - 现在是(66,39)
2025-11-23 14:28:14,830 - back_corridor_end - INFO - [back_corridor_end.py:57] - 现在是(67,39)
2025-11-23 14:28:14,830 - back_corridor_end - INFO - [back_corridor_end.py:57] - 现在是(68,39)
2025-11-23 14:28:14,830 - back_corridor_end - INFO - [back_corridor_end.py:57] - 现在是(69,39)
2025-11-23 14:28:14,830 - back_corridor_end - INFO - [back_corridor_end.py:57] - 现在是(70,39)
2025-11-23 14:28:14,830 - back_corridor_end - INFO - [back_corridor_end.py:57] - 现在是(71,39)
2025-11-23 14:28:14,830 - back_corridor_end - INFO - [back_corridor_end.py:57] - 现在是(71,38)
2025-11-23 14:28:14,830 - back_corridor_end - INFO - [back_corridor_end.py:57] - 现在是(71,37)
2025-11-23 14:28:14,830 - back_corridor_end - INFO - [back_corridor_end.py:57] - 现在是(70,37)
2025-11-23 14:28:14,830 - back_corridor_end - INFO - [back_corridor_end.py:57] - 现在是(69,37)
2025-11-23 14:28:14,830 - back_corridor_end - INFO - [back_corridor_end.py:57] - 现在是(69,36)
2025-11-23 14:28:14,830 - back_corridor_end - INFO - [back_corridor_end.py:57] - 现在是(69,35)
2025-11-23 14:28:14,830 - back_corridor_end - INFO - [back_corridor_end.py:57] - 现在是(70,35)
2025-11-23 14:28:14,830 - back_corridor_end - INFO - [back_corridor_end.py:57] - 现在是(71,35)
2025-11-23 14:28:14,830 - back_corridor_end - INFO - [back_corridor_end.py:57] - 现在是(72,35)
2025-11-23 14:28:14,830 - back_corridor_end - INFO - [back_corridor_end.py:57] - 现在是(73,35)
2025-11-23 14:28:14,831 - back_corridor_end - INFO - [back_corridor_end.py:80] - isDotAlive:发现死路上的点(73, 35)
2025-11-23 14:28:14,831 - back_corridor_end - INFO - [back_corridor_end.py:57] - 现在是(72,35)
2025-11-23 14:28:14,831 - back_corridor_end - INFO - [back_corridor_end.py:80] - isDotAlive:发现死路上的点(72, 35)
2025-11-23 14:28:14,831 - back_corridor_end - INFO - [back_corridor_end.py:57] - 现在是(71,35)
2025-11-23 14:28:14,831 - back_corridor_end - INFO - [back_corridor_end.py:80] - isDotAlive:发现死路上的点(71, 35)
2025-11-23 14:28:14,831 - back_corridor_end - INFO - [back_corridor_end.py:57] - 现在是(70,35)
2025-11-23 14:28:14,831 - back_corridor_end - INFO - [back_corridor_end.py:80] - isDotAlive:发现死路上的点(70, 35)
2025-11-23 14:28:14,831 - back_corridor_end - INFO - [back_corridor_end.py:57] - 现在是(69,35)
2025-11-23 14:28:14,831 - back_corridor_end - INFO - [back_corridor_end.py:57] - 现在是(69,34)
2025-11-23 14:28:14,831 - back_corridor_end - INFO - [back_corridor_end.py:57] - 现在是(69,33)
2025-11-23 14:28:14,831 - back_corridor_end - INFO - [back_corridor_end.py:57] - 现在是(68,33)
2025-11-23 14:28:14,831 - back_corridor_end - INFO - [back_corridor_end.py:57] - 现在是(67,33)
2025-11-23 14:28:14,831 - back_corridor_end - INFO - [back_corridor_end.py:57] - 现在是(67,32)
2025-11-23 14:28:14,831 - back_corridor_end - INFO - [back_corridor_end.py:57] - 现在是(67,31)
2025-11-23 14:28:14,831 - back_corridor_end - INFO - [back_corridor_end.py:57] - 现在是(68,31)
2025-11-23 14:28:14,831 - back_corridor_end - INFO - [back_corridor_end.py:57] - 现在是(69,31)
2025-11-23 14:28:14,831 - back_corridor_end - INFO - [back_corridor_end.py:80] - isDotAlive:发现死路上的点(69, 31)
2025-11-23 14:28:14,831 - back_corridor_end - INFO - [back_corridor_end.py:57] - 现在是(68,31)
2025-11-23 14:28:14,831 - back_corridor_end - INFO - [back_corridor_end.py:80] - isDotAlive:发现死路上的点(68, 31)
2025-11-23 14:28:14,831 - back_corridor_end - INFO - [back_corridor_end.py:57] - 现在是(67,31)
2025-11-23 14:28:14,831 - back_corridor_end - INFO - [back_corridor_end.py:57] - 现在是(66,31)
2025-11-23 14:28:14,831 - back_corridor_end - INFO - [back_corridor_end.py:57] - 现在是(65,31)
2025-11-23 14:28:14,831 - back_corridor_end - INFO - [back_corridor_end.py:57] - 现在是(64,31)
2025-11-23 14:28:14,831 - back_corridor_end - INFO - [back_corridor_end.py:57] - 现在是(63,31)
2025-11-23 14:28:14,831 - back_corridor_end - INFO - [back_corridor_end.py:57] - 现在是(62,31)
2025-11-23 14:28:14,832 - back_corridor_end - INFO - [back_corridor_end.py:57] - 现在是(61,31)
2025-11-23 14:28:14,832 - back_corridor_end - INFO - [back_corridor_end.py:57] - 现在是(61,32)
2025-11-23 14:28:14,832 - back_corridor_end - INFO - [back_corridor_end.py:57] - 现在是(61,33)
2025-11-23 14:28:14,832 - back_corridor_end - INFO - [back_corridor_end.py:57] - 现在是(61,34)
2025-11-23 14:28:14,832 - back_corridor_end - INFO - [back_corridor_end.py:57] - 现在是(61,35)
2025-11-23 14:28:14,832 - back_corridor_end - INFO - [back_corridor_end.py:57] - 现在是(61,36)
2025-11-23 14:28:14,832 - back_corridor_end - INFO - [back_corridor_end.py:57] - 现在是(61,37)
2025-11-23 14:28:14,832 - back_corridor_end - INFO - [back_corridor_end.py:57] - 现在是(62,37)
2025-11-23 14:28:14,832 - back_corridor_end - INFO - [back_corridor_end.py:57] - 现在是(63,37)
2025-11-23 14:28:14,832 - back_corridor_end - INFO - [back_corridor_end.py:57] - 现在是(64,37)
2025-11-23 14:28:14,832 - back_corridor_end - INFO - [back_corridor_end.py:57] - 现在是(65,37)
2025-11-23 14:28:14,832 - back_corridor_end - INFO - [back_corridor_end.py:57] - 现在是(66,37)
2025-11-23 14:28:14,832 - back_corridor_end - INFO - [back_corridor_end.py:57] - 现在是(67,37)
2025-11-23 14:28:14,832 - back_corridor_end - INFO - [back_corridor_end.py:57] - 现在是(67,36)
2025-11-23 14:28:14,832 - back_corridor_end - INFO - [back_corridor_end.py:57] - 现在是(67,35)
2025-11-23 14:28:14,832 - back_corridor_end - INFO - [back_corridor_end.py:57] - 现在是(66,35)
2025-11-23 14:28:14,832 - back_corridor_end - INFO - [back_corridor_end.py:57] - 现在是(65,35)
2025-11-23 14:28:14,832 - back_corridor_end - INFO - [back_corridor_end.py:57] - 现在是(65,34)
2025-11-23 14:28:14,832 - back_corridor_end - INFO - [back_corridor_end.py:57] - 现在是(65,33)
2025-11-23 14:28:14,832 - back_corridor_end - INFO - [back_corridor_end.py:57] - 现在是(64,33)
2025-11-23 14:28:14,832 - back_corridor_end - INFO - [back_corridor_end.py:57] - 现在是(63,33)
2025-11-23 14:28:14,832 - back_corridor_end - INFO - [back_corridor_end.py:57] - 现在是(63,34)
2025-11-23 14:28:14,832 - back_corridor_end - INFO - [back_corridor_end.py:57] - 现在是(63,35)
2025-11-23 14:28:14,832 - back_corridor_end - INFO - [back_corridor_end.py:80] - isDotAlive:发现死路上的点(63, 35)
2025-11-23 14:28:14,832 - back_corridor_end - INFO - [back_corridor_end.py:57] - 现在是(63,34)
2025-11-23 14:28:14,832 - back_corridor_end - INFO - [back_corridor_end.py:80] - isDotAlive:发现死路上的点(63, 34)
2025-11-23 14:28:14,833 - back_corridor_end - INFO - [back_corridor_end.py:57] - 现在是(63,33)
2025-11-23 14:28:14,833 - back_corridor_end - INFO - [back_corridor_end.py:80] - isDotAlive:发现死路上的点(63, 33)
2025-11-23 14:28:14,833 - back_corridor_end - INFO - [back_corridor_end.py:57] - 现在是(64,33)
2025-11-23 14:28:14,833 - back_corridor_end - INFO - [back_corridor_end.py:80] - isDotAlive:发现死路上的点(64, 33)
2025-11-23 14:28:14,833 - back_corridor_end - INFO - [back_corridor_end.py:57] - 现在是(65,33)
2025-11-23 14:28:14,833 - back_corridor_end - INFO - [back_corridor_end.py:80] - isDotAlive:发现死路上的点(65, 33)
2025-11-23 14:28:14,833 - back_corridor_end - INFO - [back_corridor_end.py:57] - 现在是(65,34)
2025-11-23 14:28:14,833 - back_corridor_end - INFO - [back_corridor_end.py:80] - isDotAlive:发现死路上的点(65, 34)
2025-11-23 14:28:14,833 - back_corridor_end - INFO - [back_corridor_end.py:57] - 现在是(65,35)
2025-11-23 14:28:14,833 - back_corridor_end - INFO - [back_corridor_end.py:80] - isDotAlive:发现死路上的点(65, 35)
2025-11-23 14:28:14,833 - back_corridor_end - INFO - [back_corridor_end.py:57] - 现在是(66,35)
2025-11-23 14:28:14,833 - back_corridor_end - INFO - [back_corridor_end.py:80] - isDotAlive:发现死路上的点(66, 35)
2025-11-23 14:28:14,833 - back_corridor_end - INFO - [back_corridor_end.py:57] - 现在是(67,35)
2025-11-23 14:28:14,833 - back_corridor_end - INFO - [back_corridor_end.py:80] - isDotAlive:发现死路上的点(67, 35)
2025-11-23 14:28:14,833 - back_corridor_end - INFO - [back_corridor_end.py:57] - 现在是(67,36)
2025-11-23 14:28:14,833 - back_corridor_end - INFO - [back_corridor_end.py:80] - isDotAlive:发现死路上的点(67, 36)
2025-11-23 14:28:14,833 - back_corridor_end - INFO - [back_corridor_end.py:57] - 现在是(67,37)
2025-11-23 14:28:14,833 - back_corridor_end - INFO - [back_corridor_end.py:80] - isDotAlive:发现死路上的点(67, 37)
2025-11-23 14:28:14,833 - back_corridor_end - INFO - [back_corridor_end.py:57] - 现在是(66,37)
2025-11-23 14:28:14,833 - back_corridor_end - INFO - [back_corridor_end.py:80] - isDotAlive:发现死路上的点(66, 37)
2025-11-23 14:28:14,833 - back_corridor_end - INFO - [back_corridor_end.py:57] - 现在是(65,37)
2025-11-23 14:28:14,833 - back_corridor_end - INFO - [back_corridor_end.py:80] - isDotAlive:发现死路上的点(65, 37)
2025-11-23 14:28:14,833 - back_corridor_end - INFO - [back_corridor_end.py:57] - 现在是(64,37)
2025-11-23 14:28:14,833 - back_corridor_end - INFO - [back_corridor_end.py:80] - isDotAlive:发现死路上的点(64, 37)
2025-11-23 14:28:14,833 - back_corridor_end - INFO - [back_corridor_end.py:57] - 现在是(63,37)
2025-11-23 14:28:14,834 - back_corridor_end - INFO - [back_corridor_end.py:80] - isDotAlive:发现死路上的点(63, 37)
2025-11-23 14:28:14,834 - back_corridor_end - INFO - [back_corridor_end.py:57] - 现在是(62,37)
2025-11-23 14:28:14,834 - back_corridor_end - INFO - [back_corridor_end.py:80] - isDotAlive:发现死路上的点(62, 37)
2025-11-23 14:28:14,834 - back_corridor_end - INFO - [back_corridor_end.py:57] - 现在是(61,37)
2025-11-23 14:28:14,834 - back_corridor_end - INFO - [back_corridor_end.py:57] - 现在是(60,37)
2025-11-23 14:28:14,834 - back_corridor_end - INFO - [back_corridor_end.py:57] - 现在是(59,37)
2025-11-23 14:28:14,834 - back_corridor_end - INFO - [back_corridor_end.py:57] - 现在是(59,36)
2025-11-23 14:28:14,834 - back_corridor_end - INFO - [back_corridor_end.py:57] - 现在是(59,35)
2025-11-23 14:28:14,834 - back_corridor_end - INFO - [back_corridor_end.py:57] - 现在是(59,34)
2025-11-23 14:28:14,834 - back_corridor_end - INFO - [back_corridor_end.py:57] - 现在是(59,33)
2025-11-23 14:28:14,834 - back_corridor_end - INFO - [back_corridor_end.py:57] - 现在是(58,33)
2025-11-23 14:28:14,834 - back_corridor_end - INFO - [back_corridor_end.py:57] - 现在是(57,33)
2025-11-23 14:28:14,834 - back_corridor_end - INFO - [back_corridor_end.py:57] - 现在是(57,34)
2025-11-23 14:28:14,834 - back_corridor_end - INFO - [back_corridor_end.py:57] - 现在是(57,35)
2025-11-23 14:28:14,834 - back_corridor_end - INFO - [back_corridor_end.py:57] - 现在是(57,36)
2025-11-23 14:28:14,834 - back_corridor_end - INFO - [back_corridor_end.py:57] - 现在是(57,37)
2025-11-23 14:28:14,834 - back_corridor_end - INFO - [back_corridor_end.py:57] - 现在是(56,37)
2025-11-23 14:28:14,834 - back_corridor_end - INFO - [back_corridor_end.py:57] - 现在是(55,37)
2025-11-23 14:28:14,834 - back_corridor_end - INFO - [back_corridor_end.py:57] - 现在是(55,38)
2025-11-23 14:28:14,834 - back_corridor_end - INFO - [back_corridor_end.py:57] - 现在是(55,39)
2025-11-23 14:28:14,834 - back_corridor_end - INFO - [back_corridor_end.py:57] - 现在是(56,39)
2025-11-23 14:28:14,834 - back_corridor_end - INFO - [back_corridor_end.py:57] - 现在是(57,39)
2025-11-23 14:28:14,834 - back_corridor_end - INFO - [back_corridor_end.py:57] - 现在是(57,40)
2025-11-23 14:28:14,834 - back_corridor_end - INFO - [back_corridor_end.py:57] - 现在是(57,41)
2025-11-23 14:28:14,834 - back_corridor_end - INFO - [back_corridor_end.py:57] - 现在是(58,41)
2025-11-23 14:28:14,834 - back_corridor_end - INFO - [back_corridor_end.py:57] - 现在是(59,41)
2025-11-23 14:28:14,835 - back_corridor_end - INFO - [back_corridor_end.py:57] - 现在是(59,40)
2025-11-23 14:28:14,835 - back_corridor_end - INFO - [back_corridor_end.py:57] - 现在是(59,39)
2025-11-23 14:28:14,835 - back_corridor_end - INFO - [back_corridor_end.py:80] - isDotAlive:发现死路上的点(59, 39)
2025-11-23 14:28:14,835 - back_corridor_end - INFO - [back_corridor_end.py:57] - 现在是(59,40)
2025-11-23 14:28:14,835 - back_corridor_end - INFO - [back_corridor_end.py:80] - isDotAlive:发现死路上的点(59, 40)
2025-11-23 14:28:14,835 - back_corridor_end - INFO - [back_corridor_end.py:57] - 现在是(59,41)
2025-11-23 14:28:14,835 - back_corridor_end - INFO - [back_corridor_end.py:80] - isDotAlive:发现死路上的点(59, 41)
2025-11-23 14:28:14,835 - back_corridor_end - INFO - [back_corridor_end.py:57] - 现在是(58,41)
2025-11-23 14:28:14,835 - back_corridor_end - INFO - [back_corridor_end.py:80] - isDotAlive:发现死路上的点(58, 41)
2025-11-23 14:28:14,835 - back_corridor_end - INFO - [back_corridor_end.py:57] - 现在是(57,41)
2025-11-23 14:28:14,835 - back_corridor_end - INFO - [back_corridor_end.py:57] - 现在是(56,41)
2025-11-23 14:28:14,835 - back_corridor_end - INFO - [back_corridor_end.py:57] - 现在是(55,41)
2025-11-23 14:28:14,835 - back_corridor_end - INFO - [back_corridor_end.py:57] - 现在是(54,41)
2025-11-23 14:28:14,835 - back_corridor_end - INFO - [back_corridor_end.py:57] - 现在是(53,41)
2025-11-23 14:28:14,835 - back_corridor_end - INFO - [back_corridor_end.py:57] - 现在是(53,42)
2025-11-23 14:28:14,835 - back_corridor_end - INFO - [back_corridor_end.py:57] - 现在是(53,43)
2025-11-23 14:28:14,835 - back_corridor_end - INFO - [back_corridor_end.py:57] - 现在是(53,44)
2025-11-23 14:28:14,835 - back_corridor_end - INFO - [back_corridor_end.py:57] - 现在是(53,45)
2025-11-23 14:28:14,835 - back_corridor_end - INFO - [back_corridor_end.py:74] - isDotAlive:点(53, 45)是活的
2025-11-23 14:28:14,835 - back_corridor_end - INFO - [back_corridor_end.py:57] - 现在是(53,44)
2025-11-23 14:28:14,835 - back_corridor_end - INFO - [back_corridor_end.py:74] - isDotAlive:点(53, 44)是活的
2025-11-23 14:28:14,835 - back_corridor_end - INFO - [back_corridor_end.py:57] - 现在是(53,43)
2025-11-23 14:28:14,835 - back_corridor_end - INFO - [back_corridor_end.py:74] - isDotAlive:点(53, 43)是活的
2025-11-23 14:28:14,835 - back_corridor_end - INFO - [back_corridor_end.py:57] - 现在是(53,42)
2025-11-23 14:28:14,835 - back_corridor_end - INFO - [back_corridor_end.py:74] - isDotAlive:点(53, 42)是活的
2025-11-23 14:28:14,836 - back_corridor_end - INFO - [back_corridor_end.py:57] - 现在是(53,41)
2025-11-23 14:28:14,836 - back_corridor_end - INFO - [back_corridor_end.py:57] - 现在是(53,40)
2025-11-23 14:28:14,836 - back_corridor_end - INFO - [back_corridor_end.py:57] - 现在是(53,39)
2025-11-23 14:28:14,836 - back_corridor_end - INFO - [back_corridor_end.py:57] - 现在是(52,39)
2025-11-23 14:28:14,836 - back_corridor_end - INFO - [back_corridor_end.py:57] - 现在是(51,39)
2025-11-23 14:28:14,836 - back_corridor_end - INFO - [back_corridor_end.py:80] - isDotAlive:发现死路上的点(51, 39)
2025-11-23 14:28:14,836 - back_corridor_end - INFO - [back_corridor_end.py:57] - 现在是(52,39)
2025-11-23 14:28:14,836 - back_corridor_end - INFO - [back_corridor_end.py:80] - isDotAlive:发现死路上的点(52, 39)
2025-11-23 14:28:14,836 - back_corridor_end - INFO - [back_corridor_end.py:57] - 现在是(53,39)
2025-11-23 14:28:14,836 - back_corridor_end - INFO - [back_corridor_end.py:57] - 现在是(53,38)
2025-11-23 14:28:14,836 - back_corridor_end - INFO - [back_corridor_end.py:57] - 现在是(53,37)
2025-11-23 14:28:14,836 - back_corridor_end - INFO - [back_corridor_end.py:57] - 现在是(52,37)
2025-11-23 14:28:14,836 - back_corridor_end - INFO - [back_corridor_end.py:57] - 现在是(51,37)
2025-11-23 14:28:14,836 - back_corridor_end - INFO - [back_corridor_end.py:80] - isDotAlive:发现死路上的点(51, 37)
2025-11-23 14:28:14,836 - back_corridor_end - INFO - [back_corridor_end.py:57] - 现在是(52,37)
2025-11-23 14:28:14,836 - back_corridor_end - INFO - [back_corridor_end.py:80] - isDotAlive:发现死路上的点(52, 37)
2025-11-23 14:28:14,836 - back_corridor_end - INFO - [back_corridor_end.py:57] - 现在是(53,37)
2025-11-23 14:28:14,836 - back_corridor_end - INFO - [back_corridor_end.py:80] - isDotAlive:发现死路上的点(53, 37)
2025-11-23 14:28:14,836 - back_corridor_end - INFO - [back_corridor_end.py:57] - 现在是(53,38)
2025-11-23 14:28:14,836 - back_corridor_end - INFO - [back_corridor_end.py:80] - isDotAlive:发现死路上的点(53, 38)
2025-11-23 14:28:14,836 - back_corridor_end - INFO - [back_corridor_end.py:57] - 现在是(53,39)
2025-11-23 14:28:14,836 - back_corridor_end - INFO - [back_corridor_end.py:80] - isDotAlive:发现死路上的点(53, 39)
2025-11-23 14:28:14,836 - back_corridor_end - INFO - [back_corridor_end.py:57] - 现在是(53,40)
2025-11-23 14:28:14,836 - back_corridor_end - INFO - [back_corridor_end.py:80] - isDotAlive:发现死路上的点(53, 40)
2025-11-23 14:28:14,836 - back_corridor_end - INFO - [back_corridor_end.py:57] - 现在是(53,41)
2025-11-23 14:28:14,837 - back_corridor_end - INFO - [back_corridor_end.py:74] - isDotAlive:点(53, 41)是活的
2025-11-23 14:28:14,837 - back_corridor_end - INFO - [back_corridor_end.py:57] - 现在是(54,41)
2025-11-23 14:28:14,837 - back_corridor_end - INFO - [back_corridor_end.py:74] - isDotAlive:点(54, 41)是活的
2025-11-23 14:28:14,837 - back_corridor_end - INFO - [back_corridor_end.py:57] - 现在是(55,41)
2025-11-23 14:28:14,837 - back_corridor_end - INFO - [back_corridor_end.py:74] - isDotAlive:点(55, 41)是活的
2025-11-23 14:28:14,837 - back_corridor_end - INFO - [back_corridor_end.py:57] - 现在是(56,41)
2025-11-23 14:28:14,837 - back_corridor_end - INFO - [back_corridor_end.py:74] - isDotAlive:点(56, 41)是活的
2025-11-23 14:28:14,837 - back_corridor_end - INFO - [back_corridor_end.py:57] - 现在是(57,41)
2025-11-23 14:28:14,837 - back_corridor_end - INFO - [back_corridor_end.py:74] - isDotAlive:点(57, 41)是活的
2025-11-23 14:28:14,837 - back_corridor_end - INFO - [back_corridor_end.py:57] - 现在是(57,40)
2025-11-23 14:28:14,837 - back_corridor_end - INFO - [back_corridor_end.py:74] - isDotAlive:点(57, 40)是活的
2025-11-23 14:28:14,837 - back_corridor_end - INFO - [back_corridor_end.py:57] - 现在是(57,39)
2025-11-23 14:28:14,837 - back_corridor_end - INFO - [back_corridor_end.py:74] - isDotAlive:点(57, 39)是活的
2025-11-23 14:28:14,837 - back_corridor_end - INFO - [back_corridor_end.py:57] - 现在是(56,39)
2025-11-23 14:28:14,837 - back_corridor_end - INFO - [back_corridor_end.py:74] - isDotAlive:点(56, 39)是活的
2025-11-23 14:28:14,837 - back_corridor_end - INFO - [back_corridor_end.py:57] - 现在是(55,39)
2025-11-23 14:28:14,837 - back_corridor_end - INFO - [back_corridor_end.py:74] - isDotAlive:点(55, 39)是活的
2025-11-23 14:28:14,837 - back_corridor_end - INFO - [back_corridor_end.py:57] - 现在是(55,38)
2025-11-23 14:28:14,837 - back_corridor_end - INFO - [back_corridor_end.py:74] - isDotAlive:点(55, 38)是活的
2025-11-23 14:28:14,837 - back_corridor_end - INFO - [back_corridor_end.py:57] - 现在是(55,37)
2025-11-23 14:28:14,837 - back_corridor_end - INFO - [back_corridor_end.py:57] - 现在是(55,36)
2025-11-23 14:28:14,837 - back_corridor_end - INFO - [back_corridor_end.py:57] - 现在是(55,35)
2025-11-23 14:28:14,837 - back_corridor_end - INFO - [back_corridor_end.py:57] - 现在是(55,34)
2025-11-23 14:28:14,837 - back_corridor_end - INFO - [back_corridor_end.py:57] - 现在是(55,33)
2025-11-23 14:28:14,837 - back_corridor_end - INFO - [back_corridor_end.py:57] - 现在是(55,32)
2025-11-23 14:28:14,838 - back_corridor_end - INFO - [back_corridor_end.py:57] - 现在是(55,31)
2025-11-23 14:28:14,838 - back_corridor_end - INFO - [back_corridor_end.py:57] - 现在是(56,31)
2025-11-23 14:28:14,838 - back_corridor_end - INFO - [back_corridor_end.py:57] - 现在是(57,31)
2025-11-23 14:28:14,838 - back_corridor_end - INFO - [back_corridor_end.py:57] - 现在是(58,31)
2025-11-23 14:28:14,838 - back_corridor_end - INFO - [back_corridor_end.py:57] - 现在是(59,31)
2025-11-23 14:28:14,838 - back_corridor_end - INFO - [back_corridor_end.py:57] - 现在是(59,30)
2025-11-23 14:28:14,838 - back_corridor_end - INFO - [back_corridor_end.py:57] - 现在是(59,29)
2025-11-23 14:28:14,838 - back_corridor_end - INFO - [back_corridor_end.py:80] - isDotAlive:发现死路上的点(59, 29)
2025-11-23 14:28:14,838 - back_corridor_end - INFO - [back_corridor_end.py:57] - 现在是(59,30)
2025-11-23 14:28:14,838 - back_corridor_end - INFO - [back_corridor_end.py:80] - isDotAlive:发现死路上的点(59, 30)
2025-11-23 14:28:14,838 - back_corridor_end - INFO - [back_corridor_end.py:57] - 现在是(59,31)
2025-11-23 14:28:14,838 - back_corridor_end - INFO - [back_corridor_end.py:80] - isDotAlive:发现死路上的点(59, 31)
2025-11-23 14:28:14,838 - back_corridor_end - INFO - [back_corridor_end.py:57] - 现在是(58,31)
2025-11-23 14:28:14,838 - back_corridor_end - INFO - [back_corridor_end.py:80] - isDotAlive:发现死路上的点(58, 31)
2025-11-23 14:28:14,838 - back_corridor_end - INFO - [back_corridor_end.py:57] - 现在是(57,31)
2025-11-23 14:28:14,838 - back_corridor_end - INFO - [back_corridor_end.py:57] - 现在是(57,30)
2025-11-23 14:28:14,838 - back_corridor_end - INFO - [back_corridor_end.py:57] - 现在是(57,29)
2025-11-23 14:28:14,838 - back_corridor_end - INFO - [back_corridor_end.py:57] - 现在是(56,29)
2025-11-23 14:28:14,838 - back_corridor_end - INFO - [back_corridor_end.py:57] - 现在是(55,29)
2025-11-23 14:28:14,838 - back_corridor_end - INFO - [back_corridor_end.py:74] - isDotAlive:点(55, 29)是活的
2025-11-23 14:28:14,838 - back_corridor_end - INFO - [back_corridor_end.py:57] - 现在是(56,29)
2025-11-23 14:28:14,838 - back_corridor_end - INFO - [back_corridor_end.py:74] - isDotAlive:点(56, 29)是活的
2025-11-23 14:28:14,838 - back_corridor_end - INFO - [back_corridor_end.py:57] - 现在是(57,29)
2025-11-23 14:28:14,838 - back_corridor_end - INFO - [back_corridor_end.py:74] - isDotAlive:点(57, 29)是活的
2025-11-23 14:28:14,838 - back_corridor_end - INFO - [back_corridor_end.py:57] - 现在是(57,30)
2025-11-23 14:28:14,839 - back_corridor_end - INFO - [back_corridor_end.py:74] - isDotAlive:点(57, 30)是活的
2025-11-23 14:28:14,839 - back_corridor_end - INFO - [back_corridor_end.py:57] - 现在是(57,31)
2025-11-23 14:28:14,839 - back_corridor_end - INFO - [back_corridor_end.py:74] - isDotAlive:点(57, 31)是活的
2025-11-23 14:28:14,839 - back_corridor_end - INFO - [back_corridor_end.py:57] - 现在是(56,31)
2025-11-23 14:28:14,839 - back_corridor_end - INFO - [back_corridor_end.py:74] - isDotAlive:点(56, 31)是活的
2025-11-23 14:28:14,839 - back_corridor_end - INFO - [back_corridor_end.py:57] - 现在是(55,31)
2025-11-23 14:28:14,839 - back_corridor_end - INFO - [back_corridor_end.py:74] - isDotAlive:点(55, 31)是活的
2025-11-23 14:28:14,839 - back_corridor_end - INFO - [back_corridor_end.py:57] - 现在是(55,32)
2025-11-23 14:28:14,839 - back_corridor_end - INFO - [back_corridor_end.py:74] - isDotAlive:点(55, 32)是活的
2025-11-23 14:28:14,839 - back_corridor_end - INFO - [back_corridor_end.py:57] - 现在是(55,33)
2025-11-23 14:28:14,839 - back_corridor_end - INFO - [back_corridor_end.py:74] - isDotAlive:点(55, 33)是活的
2025-11-23 14:28:14,839 - back_corridor_end - INFO - [back_corridor_end.py:57] - 现在是(55,34)
2025-11-23 14:28:14,839 - back_corridor_end - INFO - [back_corridor_end.py:74] - isDotAlive:点(55, 34)是活的
2025-11-23 14:28:14,839 - back_corridor_end - INFO - [back_corridor_end.py:57] - 现在是(55,35)
2025-11-23 14:28:14,839 - back_corridor_end - INFO - [back_corridor_end.py:74] - isDotAlive:点(55, 35)是活的
2025-11-23 14:28:14,839 - back_corridor_end - INFO - [back_corridor_end.py:57] - 现在是(55,36)
2025-11-23 14:28:14,839 - back_corridor_end - INFO - [back_corridor_end.py:74] - isDotAlive:点(55, 36)是活的
2025-11-23 14:28:14,839 - back_corridor_end - INFO - [back_corridor_end.py:57] - 现在是(55,37)
2025-11-23 14:28:14,839 - back_corridor_end - INFO - [back_corridor_end.py:74] - isDotAlive:点(55, 37)是活的
2025-11-23 14:28:14,839 - back_corridor_end - INFO - [back_corridor_end.py:57] - 现在是(56,37)
2025-11-23 14:28:14,839 - back_corridor_end - INFO - [back_corridor_end.py:74] - isDotAlive:点(56, 37)是活的
2025-11-23 14:28:14,839 - back_corridor_end - INFO - [back_corridor_end.py:57] - 现在是(57,37)
2025-11-23 14:28:14,839 - back_corridor_end - INFO - [back_corridor_end.py:74] - isDotAlive:点(57, 37)是活的
2025-11-23 14:28:14,839 - back_corridor_end - INFO - [back_corridor_end.py:57] - 现在是(57,36)
2025-11-23 14:28:14,839 - back_corridor_end - INFO - [back_corridor_end.py:74] - isDotAlive:点(57, 36)是活的
2025-11-23 14:28:14,840 - back_corridor_end - INFO - [back_corridor_end.py:57] - 现在是(57,35)
2025-11-23 14:28:14,840 - back_corridor_end - INFO - [back_corridor_end.py:74] - isDotAlive:点(57, 35)是活的
2025-11-23 14:28:14,840 - back_corridor_end - INFO - [back_corridor_end.py:57] - 现在是(57,34)
2025-11-23 14:28:14,840 - back_corridor_end - INFO - [back_corridor_end.py:74] - isDotAlive:点(57, 34)是活的
2025-11-23 14:28:14,840 - back_corridor_end - INFO - [back_corridor_end.py:57] - 现在是(57,33)
2025-11-23 14:28:14,840 - back_corridor_end - INFO - [back_corridor_end.py:74] - isDotAlive:点(57, 33)是活的
2025-11-23 14:28:14,840 - back_corridor_end - INFO - [back_corridor_end.py:57] - 现在是(58,33)
2025-11-23 14:28:14,840 - back_corridor_end - INFO - [back_corridor_end.py:74] - isDotAlive:点(58, 33)是活的
2025-11-23 14:28:14,840 - back_corridor_end - INFO - [back_corridor_end.py:57] - 现在是(59,33)
2025-11-23 14:28:14,840 - back_corridor_end - INFO - [back_corridor_end.py:74] - isDotAlive:点(59, 33)是活的
2025-11-23 14:28:14,840 - back_corridor_end - INFO - [back_corridor_end.py:57] - 现在是(59,34)
2025-11-23 14:28:14,840 - back_corridor_end - INFO - [back_corridor_end.py:74] - isDotAlive:点(59, 34)是活的
2025-11-23 14:28:14,840 - back_corridor_end - INFO - [back_corridor_end.py:57] - 现在是(59,35)
2025-11-23 14:28:14,840 - back_corridor_end - INFO - [back_corridor_end.py:74] - isDotAlive:点(59, 35)是活的
2025-11-23 14:28:14,840 - back_corridor_end - INFO - [back_corridor_end.py:57] - 现在是(59,36)
2025-11-23 14:28:14,840 - back_corridor_end - INFO - [back_corridor_end.py:74] - isDotAlive:点(59, 36)是活的
2025-11-23 14:28:14,840 - back_corridor_end - INFO - [back_corridor_end.py:57] - 现在是(59,37)
2025-11-23 14:28:14,840 - back_corridor_end - INFO - [back_corridor_end.py:74] - isDotAlive:点(59, 37)是活的
2025-11-23 14:28:14,840 - back_corridor_end - INFO - [back_corridor_end.py:57] - 现在是(60,37)
2025-11-23 14:28:14,840 - back_corridor_end - INFO - [back_corridor_end.py:74] - isDotAlive:点(60, 37)是活的
2025-11-23 14:28:14,840 - back_corridor_end - INFO - [back_corridor_end.py:57] - 现在是(61,37)
2025-11-23 14:28:14,840 - back_corridor_end - INFO - [back_corridor_end.py:74] - isDotAlive:点(61, 37)是活的
2025-11-23 14:28:14,840 - back_corridor_end - INFO - [back_corridor_end.py:57] - 现在是(61,36)
2025-11-23 14:28:14,840 - back_corridor_end - INFO - [back_corridor_end.py:74] - isDotAlive:点(61, 36)是活的
2025-11-23 14:28:14,840 - back_corridor_end - INFO - [back_corridor_end.py:57] - 现在是(61,35)
2025-11-23 14:28:14,841 - back_corridor_end - INFO - [back_corridor_end.py:74] - isDotAlive:点(61, 35)是活的
2025-11-23 14:28:14,841 - back_corridor_end - INFO - [back_corridor_end.py:57] - 现在是(61,34)
2025-11-23 14:28:14,841 - back_corridor_end - INFO - [back_corridor_end.py:74] - isDotAlive:点(61, 34)是活的
2025-11-23 14:28:14,841 - back_corridor_end - INFO - [back_corridor_end.py:57] - 现在是(61,33)
2025-11-23 14:28:14,841 - back_corridor_end - INFO - [back_corridor_end.py:74] - isDotAlive:点(61, 33)是活的
2025-11-23 14:28:14,841 - back_corridor_end - INFO - [back_corridor_end.py:57] - 现在是(61,32)
2025-11-23 14:28:14,841 - back_corridor_end - INFO - [back_corridor_end.py:74] - isDotAlive:点(61, 32)是活的
2025-11-23 14:28:14,841 - back_corridor_end - INFO - [back_corridor_end.py:57] - 现在是(61,31)
2025-11-23 14:28:14,841 - back_corridor_end - INFO - [back_corridor_end.py:57] - 现在是(61,30)
2025-11-23 14:28:14,841 - back_corridor_end - INFO - [back_corridor_end.py:57] - 现在是(61,29)
2025-11-23 14:28:14,841 - back_corridor_end - INFO - [back_corridor_end.py:80] - isDotAlive:发现死路上的点(61, 29)
2025-11-23 14:28:14,841 - back_corridor_end - INFO - [back_corridor_end.py:57] - 现在是(61,30)
2025-11-23 14:28:14,841 - back_corridor_end - INFO - [back_corridor_end.py:80] - isDotAlive:发现死路上的点(61, 30)
2025-11-23 14:28:14,841 - back_corridor_end - INFO - [back_corridor_end.py:57] - 现在是(61,31)
2025-11-23 14:28:14,841 - back_corridor_end - INFO - [back_corridor_end.py:74] - isDotAlive:点(61, 31)是活的
2025-11-23 14:28:14,841 - back_corridor_end - INFO - [back_corridor_end.py:57] - 现在是(62,31)
2025-11-23 14:28:14,841 - back_corridor_end - INFO - [back_corridor_end.py:74] - isDotAlive:点(62, 31)是活的
2025-11-23 14:28:14,841 - back_corridor_end - INFO - [back_corridor_end.py:57] - 现在是(63,31)
2025-11-23 14:28:14,841 - back_corridor_end - INFO - [back_corridor_end.py:57] - 现在是(63,30)
2025-11-23 14:28:14,841 - back_corridor_end - INFO - [back_corridor_end.py:57] - 现在是(63,29)
2025-11-23 14:28:14,841 - back_corridor_end - INFO - [back_corridor_end.py:80] - isDotAlive:发现死路上的点(63, 29)
2025-11-23 14:28:14,841 - back_corridor_end - INFO - [back_corridor_end.py:57] - 现在是(63,30)
2025-11-23 14:28:14,841 - back_corridor_end - INFO - [back_corridor_end.py:80] - isDotAlive:发现死路上的点(63, 30)
2025-11-23 14:28:14,841 - back_corridor_end - INFO - [back_corridor_end.py:57] - 现在是(63,31)
2025-11-23 14:28:14,842 - back_corridor_end - INFO - [back_corridor_end.py:74] - isDotAlive:点(63, 31)是活的
2025-11-23 14:28:14,842 - back_corridor_end - INFO - [back_corridor_end.py:57] - 现在是(64,31)
2025-11-23 14:28:14,842 - back_corridor_end - INFO - [back_corridor_end.py:74] - isDotAlive:点(64, 31)是活的
2025-11-23 14:28:14,842 - back_corridor_end - INFO - [back_corridor_end.py:57] - 现在是(65,31)
2025-11-23 14:28:14,842 - back_corridor_end - INFO - [back_corridor_end.py:74] - isDotAlive:点(65, 31)是活的
2025-11-23 14:28:14,842 - back_corridor_end - INFO - [back_corridor_end.py:57] - 现在是(66,31)
2025-11-23 14:28:14,842 - back_corridor_end - INFO - [back_corridor_end.py:74] - isDotAlive:点(66, 31)是活的
2025-11-23 14:28:14,842 - back_corridor_end - INFO - [back_corridor_end.py:57] - 现在是(67,31)
2025-11-23 14:28:14,842 - back_corridor_end - INFO - [back_corridor_end.py:57] - 现在是(67,30)
2025-11-23 14:28:14,842 - back_corridor_end - INFO - [back_corridor_end.py:57] - 现在是(67,29)
2025-11-23 14:28:14,842 - back_corridor_end - INFO - [back_corridor_end.py:57] - 现在是(66,29)
2025-11-23 14:28:14,842 - back_corridor_end - INFO - [back_corridor_end.py:57] - 现在是(65,29)
2025-11-23 14:28:14,842 - back_corridor_end - INFO - [back_corridor_end.py:80] - isDotAlive:发现死路上的点(65, 29)
2025-11-23 14:28:14,842 - back_corridor_end - INFO - [back_corridor_end.py:57] - 现在是(66,29)
2025-11-23 14:28:14,842 - back_corridor_end - INFO - [back_corridor_end.py:80] - isDotAlive:发现死路上的点(66, 29)
2025-11-23 14:28:14,842 - back_corridor_end - INFO - [back_corridor_end.py:57] - 现在是(67,29)
2025-11-23 14:28:14,842 - back_corridor_end - INFO - [back_corridor_end.py:80] - isDotAlive:发现死路上的点(67, 29)
2025-11-23 14:28:14,842 - back_corridor_end - INFO - [back_corridor_end.py:57] - 现在是(67,30)
2025-11-23 14:28:14,842 - back_corridor_end - INFO - [back_corridor_end.py:80] - isDotAlive:发现死路上的点(67, 30)
2025-11-23 14:28:14,842 - back_corridor_end - INFO - [back_corridor_end.py:57] - 现在是(67,31)
2025-11-23 14:28:14,842 - back_corridor_end - INFO - [back_corridor_end.py:74] - isDotAlive:点(67, 31)是活的
2025-11-23 14:28:14,842 - back_corridor_end - INFO - [back_corridor_end.py:57] - 现在是(67,32)
2025-11-23 14:28:14,842 - back_corridor_end - INFO - [back_corridor_end.py:74] - isDotAlive:点(67, 32)是活的
2025-11-23 14:28:14,842 - back_corridor_end - INFO - [back_corridor_end.py:57] - 现在是(67,33)
2025-11-23 14:28:14,843 - back_corridor_end - INFO - [back_corridor_end.py:74] - isDotAlive:点(67, 33)是活的
2025-11-23 14:28:14,843 - back_corridor_end - INFO - [back_corridor_end.py:57] - 现在是(68,33)
2025-11-23 14:28:14,843 - back_corridor_end - INFO - [back_corridor_end.py:74] - isDotAlive:点(68, 33)是活的
2025-11-23 14:28:14,843 - back_corridor_end - INFO - [back_corridor_end.py:57] - 现在是(69,33)
2025-11-23 14:28:14,843 - back_corridor_end - INFO - [back_corridor_end.py:74] - isDotAlive:点(69, 33)是活的
2025-11-23 14:28:14,843 - back_corridor_end - INFO - [back_corridor_end.py:57] - 现在是(69,34)
2025-11-23 14:28:14,843 - back_corridor_end - INFO - [back_corridor_end.py:74] - isDotAlive:点(69, 34)是活的
2025-11-23 14:28:14,843 - back_corridor_end - INFO - [back_corridor_end.py:57] - 现在是(69,35)
2025-11-23 14:28:14,843 - back_corridor_end - INFO - [back_corridor_end.py:74] - isDotAlive:点(69, 35)是活的
2025-11-23 14:28:14,843 - back_corridor_end - INFO - [back_corridor_end.py:57] - 现在是(69,36)
2025-11-23 14:28:14,843 - back_corridor_end - INFO - [back_corridor_end.py:74] - isDotAlive:点(69, 36)是活的
2025-11-23 14:28:14,843 - back_corridor_end - INFO - [back_corridor_end.py:57] - 现在是(69,37)
2025-11-23 14:28:14,843 - back_corridor_end - INFO - [back_corridor_end.py:74] - isDotAlive:点(69, 37)是活的
2025-11-23 14:28:14,843 - back_corridor_end - INFO - [back_corridor_end.py:57] - 现在是(70,37)
2025-11-23 14:28:14,843 - back_corridor_end - INFO - [back_corridor_end.py:74] - isDotAlive:点(70, 37)是活的
2025-11-23 14:28:14,843 - back_corridor_end - INFO - [back_corridor_end.py:57] - 现在是(71,37)
2025-11-23 14:28:14,843 - back_corridor_end - INFO - [back_corridor_end.py:74] - isDotAlive:点(71, 37)是活的
2025-11-23 14:28:14,843 - back_corridor_end - INFO - [back_corridor_end.py:57] - 现在是(71,38)
2025-11-23 14:28:14,843 - back_corridor_end - INFO - [back_corridor_end.py:74] - isDotAlive:点(71, 38)是活的
2025-11-23 14:28:14,843 - back_corridor_end - INFO - [back_corridor_end.py:57] - 现在是(71,39)
2025-11-23 14:28:14,843 - back_corridor_end - INFO - [back_corridor_end.py:74] - isDotAlive:点(71, 39)是活的
2025-11-23 14:28:14,843 - back_corridor_end - INFO - [back_corridor_end.py:57] - 现在是(70,39)
2025-11-23 14:28:14,843 - back_corridor_end - INFO - [back_corridor_end.py:74] - isDotAlive:点(70, 39)是活的
2025-11-23 14:28:14,843 - back_corridor_end - INFO - [back_corridor_end.py:57] - 现在是(69,39)
2025-11-23 14:28:14,844 - back_corridor_end - INFO - [back_corridor_end.py:74] - isDotAlive:点(69, 39)是活的
2025-11-23 14:28:14,844 - back_corridor_end - INFO - [back_corridor_end.py:57] - 现在是(68,39)
2025-11-23 14:28:14,844 - back_corridor_end - INFO - [back_corridor_end.py:74] - isDotAlive:点(68, 39)是活的
2025-11-23 14:28:14,844 - back_corridor_end - INFO - [back_corridor_end.py:57] - 现在是(67,39)
2025-11-23 14:28:14,844 - back_corridor_end - INFO - [back_corridor_end.py:74] - isDotAlive:点(67, 39)是活的
2025-11-23 14:28:14,844 - back_corridor_end - INFO - [back_corridor_end.py:57] - 现在是(66,39)
2025-11-23 14:28:14,844 - back_corridor_end - INFO - [back_corridor_end.py:74] - isDotAlive:点(66, 39)是活的
2025-11-23 14:28:14,844 - back_corridor_end - INFO - [back_corridor_end.py:57] - 现在是(65,39)
2025-11-23 14:28:14,844 - back_corridor_end - INFO - [back_corridor_end.py:74] - isDotAlive:点(65, 39)是活的
2025-11-23 14:28:14,844 - back_corridor_end - INFO - [back_corridor_end.py:57] - 现在是(64,39)
2025-11-23 14:28:14,844 - back_corridor_end - INFO - [back_corridor_end.py:74] - isDotAlive:点(64, 39)是活的
2025-11-23 14:28:14,844 - back_corridor_end - INFO - [back_corridor_end.py:57] - 现在是(63,39)
2025-11-23 14:28:14,844 - back_corridor_end - INFO - [back_corridor_end.py:74] - isDotAlive:点(63, 39)是活的
2025-11-23 14:28:14,844 - back_corridor_end - INFO - [back_corridor_end.py:57] - 现在是(62,39)
2025-11-23 14:28:14,844 - back_corridor_end - INFO - [back_corridor_end.py:74] - isDotAlive:点(62, 39)是活的
2025-11-23 14:28:14,844 - back_corridor_end - INFO - [back_corridor_end.py:57] - 现在是(61,39)
2025-11-23 14:28:14,844 - back_corridor_end - INFO - [back_corridor_end.py:74] - isDotAlive:点(61, 39)是活的
2025-11-23 14:28:14,844 - back_corridor_end - INFO - [back_corridor_end.py:57] - 现在是(61,40)
2025-11-23 14:28:14,844 - back_corridor_end - INFO - [back_corridor_end.py:74] - isDotAlive:点(61, 40)是活的
2025-11-23 14:28:14,844 - back_corridor_end - INFO - [back_corridor_end.py:57] - 现在是(61,41)
2025-11-23 14:28:14,844 - back_corridor_end - INFO - [back_corridor_end.py:74] - isDotAlive:点(61, 41)是活的
2025-11-23 14:28:14,844 - back_corridor_end - INFO - [back_corridor_end.py:57] - 现在是(62,41)
2025-11-23 14:28:14,844 - back_corridor_end - INFO - [back_corridor_end.py:74] - isDotAlive:点(62, 41)是活的
2025-11-23 14:28:14,844 - back_corridor_end - INFO - [back_corridor_end.py:57] - 现在是(63,41)
2025-11-23 14:28:14,844 - back_corridor_end - INFO - [back_corridor_end.py:74] - isDotAlive:点(63, 41)是活的
2025-11-23 14:28:14,845 - back_corridor_end - INFO - [back_corridor_end.py:57] - 现在是(64,41)
2025-11-23 14:28:14,845 - back_corridor_end - INFO - [back_corridor_end.py:74] - isDotAlive:点(64, 41)是活的
2025-11-23 14:28:14,845 - back_corridor_end - INFO - [back_corridor_end.py:57] - 现在是(65,41)
2025-11-23 14:28:14,845 - back_corridor_end - INFO - [back_corridor_end.py:74] - isDotAlive:点(65, 41)是活的
2025-11-23 14:28:14,845 - back_corridor_end - INFO - [back_corridor_end.py:57] - 现在是(66,41)
2025-11-23 14:28:14,845 - back_corridor_end - INFO - [back_corridor_end.py:74] - isDotAlive:点(66, 41)是活的
2025-11-23 14:28:14,845 - back_corridor_end - INFO - [back_corridor_end.py:57] - 现在是(67,41)
2025-11-23 14:28:14,845 - back_corridor_end - INFO - [back_corridor_end.py:74] - isDotAlive:点(67, 41)是活的
2025-11-23 14:28:14,845 - back_corridor_end - INFO - [back_corridor_end.py:57] - 现在是(67,42)
2025-11-23 14:28:14,845 - back_corridor_end - INFO - [back_corridor_end.py:74] - isDotAlive:点(67, 42)是活的
2025-11-23 14:28:14,845 - back_corridor_end - INFO - [back_corridor_end.py:57] - 现在是(67,43)
2025-11-23 14:28:14,845 - back_corridor_end - INFO - [back_corridor_end.py:74] - isDotAlive:点(67, 43)是活的
2025-11-23 14:28:14,845 - back_corridor_end - INFO - [back_corridor_end.py:57] - 现在是(66,43)
2025-11-23 14:28:14,845 - back_corridor_end - INFO - [back_corridor_end.py:74] - isDotAlive:点(66, 43)是活的
2025-11-23 14:28:14,845 - back_corridor_end - INFO - [back_corridor_end.py:57] - 现在是(65,43)
2025-11-23 14:28:14,845 - back_corridor_end - INFO - [back_corridor_end.py:74] - isDotAlive:点(65, 43)是活的
2025-11-23 14:28:14,845 - back_corridor_end - INFO - [back_corridor_end.py:57] - 现在是(65,44)
2025-11-23 14:28:14,845 - back_corridor_end - INFO - [back_corridor_end.py:74] - isDotAlive:点(65, 44)是活的
2025-11-23 14:28:14,845 - back_corridor_end - INFO - [back_corridor_end.py:57] - 现在是(65,45)
2025-11-23 14:28:14,845 - back_corridor_end - INFO - [back_corridor_end.py:74] - isDotAlive:点(65, 45)是活的
2025-11-23 14:28:14,845 - back_corridor_end - INFO - [back_corridor_end.py:57] - 现在是(66,45)
2025-11-23 14:28:14,845 - back_corridor_end - INFO - [back_corridor_end.py:74] - isDotAlive:点(66, 45)是活的
2025-11-23 14:28:14,845 - back_corridor_end - INFO - [back_corridor_end.py:57] - 现在是(67,45)
2025-11-23 14:28:14,845 - back_corridor_end - INFO - [back_corridor_end.py:74] - isDotAlive:点(67, 45)是活的
2025-11-23 14:28:14,846 - back_corridor_end - INFO - [back_corridor_end.py:57] - 现在是(67,46)
2025-11-23 14:28:14,846 - back_corridor_end - INFO - [back_corridor_end.py:74] - isDotAlive:点(67, 46)是活的
2025-11-23 14:28:14,846 - back_corridor_end - INFO - [back_corridor_end.py:57] - 现在是(67,47)
2025-11-23 14:28:14,846 - back_corridor_end - INFO - [back_corridor_end.py:74] - isDotAlive:点(67, 47)是活的
2025-11-23 14:28:14,846 - back_corridor_end - INFO - [back_corridor_end.py:57] - 现在是(67,48)
2025-11-23 14:28:14,846 - back_corridor_end - INFO - [back_corridor_end.py:74] - isDotAlive:点(67, 48)是活的
2025-11-23 14:28:14,846 - back_corridor_end - INFO - [back_corridor_end.py:57] - 现在是(67,49)
2025-11-23 14:28:14,846 - back_corridor_end - INFO - [back_corridor_end.py:74] - isDotAlive:点(67, 49)是活的
2025-11-23 14:28:14,846 - back_corridor_end - INFO - [back_corridor_end.py:57] - 现在是(67,50)
2025-11-23 14:28:14,846 - back_corridor_end - INFO - [back_corridor_end.py:74] - isDotAlive:点(67, 50)是活的
2025-11-23 14:28:14,846 - back_corridor_end - INFO - [back_corridor_end.py:57] - 现在是(67,51)
2025-11-23 14:28:14,846 - back_corridor_end - INFO - [back_corridor_end.py:74] - isDotAlive:点(67, 51)是活的
2025-11-23 14:28:14,846 - back_corridor_end - INFO - [back_corridor_end.py:57] - 现在是(67,52)
2025-11-23 14:28:14,846 - back_corridor_end - INFO - [back_corridor_end.py:74] - isDotAlive:点(67, 52)是活的
2025-11-23 14:28:14,846 - back_corridor_end - INFO - [back_corridor_end.py:57] - 现在是(67,53)
2025-11-23 14:28:14,846 - back_corridor_end - INFO - [back_corridor_end.py:74] - isDotAlive:点(67, 53)是活的
2025-11-23 14:28:14,846 - back_corridor_end - INFO - [back_corridor_end.py:57] - 现在是(68,53)
2025-11-23 14:28:14,846 - back_corridor_end - INFO - [back_corridor_end.py:74] - isDotAlive:点(68, 53)是活的
2025-11-23 14:28:14,846 - back_corridor_end - INFO - [back_corridor_end.py:57] - 现在是(69,53)
2025-11-23 14:28:14,846 - back_corridor_end - INFO - [back_corridor_end.py:74] - isDotAlive:点(69, 53)是活的
2025-11-23 14:28:14,846 - back_corridor_end - INFO - [back_corridor_end.py:57] - 现在是(69,54)
2025-11-23 14:28:14,846 - back_corridor_end - INFO - [back_corridor_end.py:74] - isDotAlive:点(69, 54)是活的
2025-11-23 14:28:14,846 - back_corridor_end - INFO - [back_corridor_end.py:57] - 现在是(69,55)
2025-11-23 14:28:14,847 - back_corridor_end - INFO - [back_corridor_end.py:74] - isDotAlive:点(69, 55)是活的
2025-11-23 14:28:14,847 - back_corridor_end - INFO - [back_corridor_end.py:57] - 现在是(70,55)
2025-11-23 14:28:14,847 - back_corridor_end - INFO - [back_corridor_end.py:74] - isDotAlive:点(70, 55)是活的
2025-11-23 14:28:14,847 - back_corridor_end - INFO - [back_corridor_end.py:57] - 现在是(71,55)
2025-11-23 14:28:14,847 - back_corridor_end - INFO - [back_corridor_end.py:74] - isDotAlive:点(71, 55)是活的
2025-11-23 14:28:14,847 - back_corridor_end - INFO - [back_corridor_end.py:57] - 现在是(71,54)
2025-11-23 14:28:14,847 - back_corridor_end - INFO - [back_corridor_end.py:74] - isDotAlive:点(71, 54)是活的
2025-11-23 14:28:14,847 - back_corridor_end - INFO - [back_corridor_end.py:57] - 现在是(71,53)
2025-11-23 14:28:14,847 - back_corridor_end - INFO - [back_corridor_end.py:74] - isDotAlive:点(71, 53)是活的
2025-11-23 14:28:14,847 - back_corridor_end - INFO - [back_corridor_end.py:57] - 现在是(71,52)
2025-11-23 14:28:14,847 - back_corridor_end - INFO - [back_corridor_end.py:74] - isDotAlive:点(71, 52)是活的
2025-11-23 14:28:14,847 - back_corridor_end - INFO - [back_corridor_end.py:57] - 现在是(71,51)
2025-11-23 14:28:14,847 - back_corridor_end - INFO - [back_corridor_end.py:74] - isDotAlive:点(71, 51)是活的
2025-11-23 14:28:14,847 - back_corridor_end - INFO - [back_corridor_end.py:57] - 现在是(71,50)
2025-11-23 14:28:14,847 - back_corridor_end - INFO - [back_corridor_end.py:74] - isDotAlive:点(71, 50)是活的
2025-11-23 14:28:14,847 - back_corridor_end - INFO - [back_corridor_end.py:57] - 现在是(71,49)
2025-11-23 14:28:14,847 - back_corridor_end - INFO - [back_corridor_end.py:74] - isDotAlive:点(71, 49)是活的
2025-11-23 14:28:14,847 - back_corridor_end - INFO - [back_corridor_end.py:57] - 现在是(72,49)
2025-11-23 14:28:14,847 - back_corridor_end - INFO - [back_corridor_end.py:74] - isDotAlive:点(72, 49)是活的
2025-11-23 14:28:14,847 - back_corridor_end - INFO - [back_corridor_end.py:57] - 现在是(73,49)
2025-11-23 14:28:14,847 - back_corridor_end - INFO - [back_corridor_end.py:74] - isDotAlive:点(73, 49)是活的
2025-11-23 14:28:14,847 - back_corridor_end - INFO - [back_corridor_end.py:57] - 现在是(73,50)
2025-11-23 14:28:14,847 - back_corridor_end - INFO - [back_corridor_end.py:74] - isDotAlive:点(73, 50)是活的
2025-11-23 14:28:14,847 - back_corridor_end - INFO - [back_corridor_end.py:57] - 现在是(73,51)
2025-11-23 14:28:14,848 - back_corridor_end - INFO - [back_corridor_end.py:74] - isDotAlive:点(73, 51)是活的
2025-11-23 14:28:14,848 - back_corridor_end - INFO - [back_corridor_end.py:57] - 现在是(73,52)
2025-11-23 14:28:14,848 - back_corridor_end - INFO - [back_corridor_end.py:74] - isDotAlive:点(73, 52)是活的
2025-11-23 14:28:14,848 - back_corridor_end - INFO - [back_corridor_end.py:57] - 现在是(73,53)
2025-11-23 14:28:14,848 - back_corridor_end - INFO - [back_corridor_end.py:74] - isDotAlive:点(73, 53)是活的
2025-11-23 14:28:14,848 - back_corridor_end - INFO - [back_corridor_end.py:57] - 现在是(74,53)
2025-11-23 14:28:14,848 - back_corridor_end - INFO - [back_corridor_end.py:74] - isDotAlive:点(74, 53)是活的
2025-11-23 14:28:14,848 - back_corridor_end - INFO - [back_corridor_end.py:57] - 现在是(75,53)
2025-11-23 14:28:14,848 - back_corridor_end - INFO - [back_corridor_end.py:57] - 现在是(75,52)
2025-11-23 14:28:14,848 - back_corridor_end - INFO - [back_corridor_end.py:57] - 现在是(75,51)
2025-11-23 14:28:14,848 - back_corridor_end - INFO - [back_corridor_end.py:80] - isDotAlive:发现死路上的点(75, 51)
2025-11-23 14:28:14,848 - back_corridor_end - INFO - [back_corridor_end.py:57] - 现在是(75,52)
2025-11-23 14:28:14,848 - back_corridor_end - INFO - [back_corridor_end.py:80] - isDotAlive:发现死路上的点(75, 52)
2025-11-23 14:28:14,848 - back_corridor_end - INFO - [back_corridor_end.py:57] - 现在是(75,53)
2025-11-23 14:28:14,848 - back_corridor_end - INFO - [back_corridor_end.py:74] - isDotAlive:点(75, 53)是活的
2025-11-23 14:28:14,848 - back_corridor_end - INFO - [back_corridor_end.py:57] - 现在是(76,53)
2025-11-23 14:28:14,848 - back_corridor_end - INFO - [back_corridor_end.py:74] - isDotAlive:点(76, 53)是活的
2025-11-23 14:28:14,848 - back_corridor_end - INFO - [back_corridor_end.py:57] - 现在是(77,53)
2025-11-23 14:28:14,848 - back_corridor_end - INFO - [back_corridor_end.py:74] - isDotAlive:点(77, 53)是活的
2025-11-23 14:28:14,848 - back_corridor_end - INFO - [back_corridor_end.py:57] - 现在是(77,52)
2025-11-23 14:28:14,848 - back_corridor_end - INFO - [back_corridor_end.py:74] - isDotAlive:点(77, 52)是活的
2025-11-23 14:28:14,848 - back_corridor_end - INFO - [back_corridor_end.py:57] - 现在是(77,51)
2025-11-23 14:28:14,848 - back_corridor_end - INFO - [back_corridor_end.py:74] - isDotAlive:点(77, 51)是活的
2025-11-23 14:28:14,849 - back_corridor_end - INFO - [back_corridor_end.py:57] - 现在是(78,51)
2025-11-23 14:28:14,849 - back_corridor_end - INFO - [back_corridor_end.py:74] - isDotAlive:点(78, 51)是活的
2025-11-23 14:28:14,849 - back_corridor_end - INFO - [back_corridor_end.py:57] - 现在是(79,51)
2025-11-23 14:28:14,849 - back_corridor_end - INFO - [back_corridor_end.py:74] - isDotAlive:点(79, 51)是活的
2025-11-23 14:28:14,849 - back_corridor_end - INFO - [back_corridor_end.py:57] - 现在是(79,50)
2025-11-23 14:28:14,849 - back_corridor_end - INFO - [back_corridor_end.py:74] - isDotAlive:点(79, 50)是活的
2025-11-23 14:28:14,849 - back_corridor_end - INFO - [back_corridor_end.py:57] - 现在是(79,49)
2025-11-23 14:28:14,849 - back_corridor_end - INFO - [back_corridor_end.py:57] - 现在是(79,48)
2025-11-23 14:28:14,849 - back_corridor_end - INFO - [back_corridor_end.py:57] - 现在是(79,47)
2025-11-23 14:28:14,849 - back_corridor_end - INFO - [back_corridor_end.py:57] - 现在是(79,46)
2025-11-23 14:28:14,849 - back_corridor_end - INFO - [back_corridor_end.py:57] - 现在是(79,45)
2025-11-23 14:28:14,849 - back_corridor_end - INFO - [back_corridor_end.py:57] - 现在是(79,44)
2025-11-23 14:28:14,849 - back_corridor_end - INFO - [back_corridor_end.py:57] - 现在是(79,43)
2025-11-23 14:28:14,849 - back_corridor_end - INFO - [back_corridor_end.py:80] - isDotAlive:发现死路上的点(79, 43)
2025-11-23 14:28:14,849 - back_corridor_end - INFO - [back_corridor_end.py:57] - 现在是(79,44)
2025-11-23 14:28:14,849 - back_corridor_end - INFO - [back_corridor_end.py:80] - isDotAlive:发现死路上的点(79, 44)
2025-11-23 14:28:14,849 - back_corridor_end - INFO - [back_corridor_end.py:57] - 现在是(79,45)
2025-11-23 14:28:14,849 - back_corridor_end - INFO - [back_corridor_end.py:74] - isDotAlive:点(79, 45)是活的
2025-11-23 14:28:14,849 - back_corridor_end - INFO - [back_corridor_end.py:57] - 现在是(79,46)
2025-11-23 14:28:14,849 - back_corridor_end - INFO - [back_corridor_end.py:74] - isDotAlive:点(79, 46)是活的
2025-11-23 14:28:14,849 - back_corridor_end - INFO - [back_corridor_end.py:57] - 现在是(79,47)
2025-11-23 14:28:14,849 - back_corridor_end - INFO - [back_corridor_end.py:74] - isDotAlive:点(79, 47)是活的
2025-11-23 14:28:14,849 - back_corridor_end - INFO - [back_corridor_end.py:57] - 现在是(79,48)
2025-11-23 14:28:14,850 - back_corridor_end - INFO - [back_corridor_end.py:74] - isDotAlive:点(79, 48)是活的
2025-11-23 14:28:14,850 - back_corridor_end - INFO - [back_corridor_end.py:57] - 现在是(79,49)
2025-11-23 14:28:14,850 - back_corridor_end - INFO - [back_corridor_end.py:74] - isDotAlive:点(79, 49)是活的
2025-11-23 14:28:14,850 - back_corridor_end - INFO - [back_corridor_end.py:57] - 现在是(78,49)
2025-11-23 14:28:14,850 - back_corridor_end - INFO - [back_corridor_end.py:74] - isDotAlive:点(78, 49)是活的
2025-11-23 14:28:14,850 - back_corridor_end - INFO - [back_corridor_end.py:57] - 现在是(77,49)
2025-11-23 14:28:14,850 - back_corridor_end - INFO - [back_corridor_end.py:74] - isDotAlive:点(77, 49)是活的
2025-11-23 14:28:14,850 - back_corridor_end - INFO - [back_corridor_end.py:57] - 现在是(77,48)
2025-11-23 14:28:14,850 - back_corridor_end - INFO - [back_corridor_end.py:74] - isDotAlive:点(77, 48)是活的
2025-11-23 14:28:14,850 - back_corridor_end - INFO - [back_corridor_end.py:57] - 现在是(77,47)
2025-11-23 14:28:14,850 - back_corridor_end - INFO - [back_corridor_end.py:74] - isDotAlive:点(77, 47)是活的
2025-11-23 14:28:14,850 - back_corridor_end - INFO - [back_corridor_end.py:57] - 现在是(77,46)
2025-11-23 14:28:14,850 - back_corridor_end - INFO - [back_corridor_end.py:74] - isDotAlive:点(77, 46)是活的
2025-11-23 14:28:14,850 - back_corridor_end - INFO - [back_corridor_end.py:57] - 现在是(77,45)
2025-11-23 14:28:14,850 - back_corridor_end - INFO - [back_corridor_end.py:74] - isDotAlive:点(77, 45)是活的
2025-11-23 14:28:14,850 - back_corridor_end - INFO - [back_corridor_end.py:57] - 现在是(77,44)
2025-11-23 14:28:14,850 - back_corridor_end - INFO - [back_corridor_end.py:74] - isDotAlive:点(77, 44)是活的
2025-11-23 14:28:14,850 - back_corridor_end - INFO - [back_corridor_end.py:57] - 现在是(77,43)
2025-11-23 14:28:14,850 - back_corridor_end - INFO - [back_corridor_end.py:74] - isDotAlive:点(77, 43)是活的
2025-11-23 14:28:14,850 - back_corridor_end - INFO - [back_corridor_end.py:57] - 现在是(77,42)
2025-11-23 14:28:14,850 - back_corridor_end - INFO - [back_corridor_end.py:74] - isDotAlive:点(77, 42)是活的
2025-11-23 14:28:14,850 - back_corridor_end - INFO - [back_corridor_end.py:57] - 现在是(77,41)
2025-11-23 14:28:14,850 - back_corridor_end - INFO - [back_corridor_end.py:74] - isDotAlive:点(77, 41)是活的
2025-11-23 14:28:14,851 - back_corridor_end - INFO - [back_corridor_end.py:57] - 现在是(78,41)
2025-11-23 14:28:14,851 - back_corridor_end - INFO - [back_corridor_end.py:74] - isDotAlive:点(78, 41)是活的
2025-11-23 14:28:14,851 - back_corridor_end - INFO - [back_corridor_end.py:57] - 现在是(79,41)
2025-11-23 14:28:14,851 - back_corridor_end - INFO - [back_corridor_end.py:74] - isDotAlive:点(79, 41)是活的
2025-11-23 14:28:14,851 - back_corridor_end - INFO - [back_corridor_end.py:57] - 现在是(80,41)
2025-11-23 14:28:14,851 - back_corridor_end - INFO - [back_corridor_end.py:74] - isDotAlive:点(80, 41)是活的
2025-11-23 14:28:14,851 - back_corridor_end - INFO - [back_corridor_end.py:57] - 现在是(81,41)
2025-11-23 14:28:14,851 - back_corridor_end - INFO - [back_corridor_end.py:74] - isDotAlive:点(81, 41)是活的
2025-11-23 14:28:14,851 - back_corridor_end - INFO - [back_corridor_end.py:57] - 现在是(81,40)
2025-11-23 14:28:14,851 - back_corridor_end - INFO - [back_corridor_end.py:74] - isDotAlive:点(81, 40)是活的
2025-11-23 14:28:14,851 - back_corridor_end - INFO - [back_corridor_end.py:57] - 现在是(81,39)
2025-11-23 14:28:14,851 - back_corridor_end - INFO - [back_corridor_end.py:74] - isDotAlive:点(81, 39)是活的
2025-11-23 14:28:14,851 - back_corridor_end - INFO - [back_corridor_end.py:57] - 现在是(81,38)
2025-11-23 14:28:14,851 - back_corridor_end - INFO - [back_corridor_end.py:74] - isDotAlive:点(81, 38)是活的
2025-11-23 14:28:14,851 - back_corridor_end - INFO - [back_corridor_end.py:57] - 现在是(81,37)
2025-11-23 14:28:14,851 - back_corridor_end - INFO - [back_corridor_end.py:74] - isDotAlive:点(81, 37)是活的
2025-11-23 14:28:14,851 - back_corridor_end - INFO - [back_corridor_end.py:57] - 现在是(81,36)
2025-11-23 14:28:14,851 - back_corridor_end - INFO - [back_corridor_end.py:74] - isDotAlive:点(81, 36)是活的
2025-11-23 14:28:14,851 - back_corridor_end - INFO - [back_corridor_end.py:57] - 现在是(81,35)
2025-11-23 14:28:14,851 - back_corridor_end - INFO - [back_corridor_end.py:57] - 现在是(80,35)
2025-11-23 14:28:14,851 - back_corridor_end - INFO - [back_corridor_end.py:57] - 现在是(79,35)
2025-11-23 14:28:14,851 - back_corridor_end - INFO - [back_corridor_end.py:57] - 现在是(78,35)
2025-11-23 14:28:14,851 - back_corridor_end - INFO - [back_corridor_end.py:57] - 现在是(77,35)
2025-11-23 14:28:14,851 - back_corridor_end - INFO - [back_corridor_end.py:57] - 现在是(76,35)
2025-11-23 14:28:14,852 - back_corridor_end - INFO - [back_corridor_end.py:57] - 现在是(75,35)
2025-11-23 14:28:14,852 - back_corridor_end - INFO - [back_corridor_end.py:80] - isDotAlive:发现死路上的点(75, 35)
2025-11-23 14:28:14,852 - back_corridor_end - INFO - [back_corridor_end.py:57] - 现在是(76,35)
2025-11-23 14:28:14,852 - back_corridor_end - INFO - [back_corridor_end.py:80] - isDotAlive:发现死路上的点(76, 35)
2025-11-23 14:28:14,852 - back_corridor_end - INFO - [back_corridor_end.py:57] - 现在是(77,35)
2025-11-23 14:28:14,852 - back_corridor_end - INFO - [back_corridor_end.py:80] - isDotAlive:发现死路上的点(77, 35)
2025-11-23 14:28:14,852 - back_corridor_end - INFO - [back_corridor_end.py:57] - 现在是(78,35)
2025-11-23 14:28:14,852 - back_corridor_end - INFO - [back_corridor_end.py:80] - isDotAlive:发现死路上的点(78, 35)
2025-11-23 14:28:14,852 - back_corridor_end - INFO - [back_corridor_end.py:57] - 现在是(79,35)
2025-11-23 14:28:14,852 - back_corridor_end - INFO - [back_corridor_end.py:74] - isDotAlive:点(79, 35)是活的
2025-11-23 14:28:14,852 - back_corridor_end - INFO - [back_corridor_end.py:57] - 现在是(80,35)
2025-11-23 14:28:14,852 - back_corridor_end - INFO - [back_corridor_end.py:74] - isDotAlive:点(80, 35)是活的
2025-11-23 14:28:14,852 - back_corridor_end - INFO - [back_corridor_end.py:57] - 现在是(81,35)
2025-11-23 14:28:14,852 - back_corridor_end - INFO - [back_corridor_end.py:74] - isDotAlive:点(81, 35)是活的
2025-11-23 14:28:14,852 - back_corridor_end - INFO - [back_corridor_end.py:57] - 现在是(82,35)
2025-11-23 14:28:14,852 - back_corridor_end - INFO - [back_corridor_end.py:74] - isDotAlive:点(82, 35)是活的
2025-11-23 14:28:14,852 - back_corridor_end - INFO - [back_corridor_end.py:57] - 现在是(83,35)
2025-11-23 14:28:14,852 - back_corridor_end - INFO - [back_corridor_end.py:57] - 现在是(83,34)
2025-11-23 14:28:14,852 - back_corridor_end - INFO - [back_corridor_end.py:57] - 现在是(83,33)
2025-11-23 14:28:14,852 - back_corridor_end - INFO - [back_corridor_end.py:57] - 现在是(83,32)
2025-11-23 14:28:14,852 - back_corridor_end - INFO - [back_corridor_end.py:57] - 现在是(83,31)
2025-11-23 14:28:14,852 - back_corridor_end - INFO - [back_corridor_end.py:57] - 现在是(84,31)
2025-11-23 14:28:14,853 - back_corridor_end - INFO - [back_corridor_end.py:57] - 现在是(85,31)
2025-11-23 14:28:14,853 - back_corridor_end - INFO - [back_corridor_end.py:80] - isDotAlive:发现死路上的点(85, 31)
2025-11-23 14:28:14,853 - back_corridor_end - INFO - [back_corridor_end.py:57] - 现在是(84,31)
2025-11-23 14:28:14,853 - back_corridor_end - INFO - [back_corridor_end.py:80] - isDotAlive:发现死路上的点(84, 31)
2025-11-23 14:28:14,853 - back_corridor_end - INFO - [back_corridor_end.py:57] - 现在是(83,31)
2025-11-23 14:28:14,853 - back_corridor_end - INFO - [back_corridor_end.py:57] - 现在是(82,31)
2025-11-23 14:28:14,853 - back_corridor_end - INFO - [back_corridor_end.py:57] - 现在是(81,31)
2025-11-23 14:28:14,853 - back_corridor_end - INFO - [back_corridor_end.py:57] - 现在是(81,32)
2025-11-23 14:28:14,853 - back_corridor_end - INFO - [back_corridor_end.py:57] - 现在是(81,33)
2025-11-23 14:28:14,853 - back_corridor_end - INFO - [back_corridor_end.py:57] - 现在是(80,33)
2025-11-23 14:28:14,853 - back_corridor_end - INFO - [back_corridor_end.py:57] - 现在是(79,33)
2025-11-23 14:28:14,853 - back_corridor_end - INFO - [back_corridor_end.py:57] - 现在是(78,33)
2025-11-23 14:28:14,853 - back_corridor_end - INFO - [back_corridor_end.py:57] - 现在是(77,33)
2025-11-23 14:28:14,853 - back_corridor_end - INFO - [back_corridor_end.py:57] - 现在是(76,33)
2025-11-23 14:28:14,853 - back_corridor_end - INFO - [back_corridor_end.py:57] - 现在是(75,33)
2025-11-23 14:28:14,853 - back_corridor_end - INFO - [back_corridor_end.py:57] - 现在是(75,32)
2025-11-23 14:28:14,853 - back_corridor_end - INFO - [back_corridor_end.py:57] - 现在是(75,31)
2025-11-23 14:28:14,853 - back_corridor_end - INFO - [back_corridor_end.py:57] - 现在是(74,31)
2025-11-23 14:28:14,853 - back_corridor_end - INFO - [back_corridor_end.py:57] - 现在是(73,31)
2025-11-23 14:28:14,853 - back_corridor_end - INFO - [back_corridor_end.py:57] - 现在是(73,32)
2025-11-23 14:28:14,853 - back_corridor_end - INFO - [back_corridor_end.py:57] - 现在是(73,33)
2025-11-23 14:28:14,853 - back_corridor_end - INFO - [back_corridor_end.py:57] - 现在是(72,33)
2025-11-23 14:28:14,853 - back_corridor_end - INFO - [back_corridor_end.py:57] - 现在是(71,33)
2025-11-23 14:28:14,853 - back_corridor_end - INFO - [back_corridor_end.py:57] - 现在是(71,32)
2025-11-23 14:28:14,854 - back_corridor_end - INFO - [back_corridor_end.py:57] - 现在是(71,31)
2025-11-23 14:28:14,854 - back_corridor_end - INFO - [back_corridor_end.py:57] - 现在是(71,30)
2025-11-23 14:28:14,854 - back_corridor_end - INFO - [back_corridor_end.py:57] - 现在是(71,29)
2025-11-23 14:28:14,854 - back_corridor_end - INFO - [back_corridor_end.py:57] - 现在是(70,29)
2025-11-23 14:28:14,854 - back_corridor_end - INFO - [back_corridor_end.py:57] - 现在是(69,29)
2025-11-23 14:28:14,854 - back_corridor_end - INFO - [back_corridor_end.py:57] - 现在是(69,28)
2025-11-23 14:28:14,854 - back_corridor_end - INFO - [back_corridor_end.py:57] - 现在是(69,27)
2025-11-23 14:28:14,854 - back_corridor_end - INFO - [back_corridor_end.py:57] - 现在是(68,27)
2025-11-23 14:28:14,854 - back_corridor_end - INFO - [back_corridor_end.py:57] - 现在是(67,27)
2025-11-23 14:28:14,854 - back_corridor_end - INFO - [back_corridor_end.py:57] - 现在是(66,27)
2025-11-23 14:28:14,854 - back_corridor_end - INFO - [back_corridor_end.py:57] - 现在是(65,27)
2025-11-23 14:28:14,854 - back_corridor_end - INFO - [back_corridor_end.py:57] - 现在是(64,27)
2025-11-23 14:28:14,854 - back_corridor_end - INFO - [back_corridor_end.py:57] - 现在是(63,27)
2025-11-23 14:28:14,854 - back_corridor_end - INFO - [back_corridor_end.py:57] - 现在是(62,27)
2025-11-23 14:28:14,854 - back_corridor_end - INFO - [back_corridor_end.py:57] - 现在是(61,27)
2025-11-23 14:28:14,854 - back_corridor_end - INFO - [back_corridor_end.py:57] - 现在是(60,27)
2025-11-23 14:28:14,854 - back_corridor_end - INFO - [back_corridor_end.py:57] - 现在是(59,27)
2025-11-23 14:28:14,854 - back_corridor_end - INFO - [back_corridor_end.py:57] - 现在是(59,26)
2025-11-23 14:28:14,854 - back_corridor_end - INFO - [back_corridor_end.py:57] - 现在是(59,25)
2025-11-23 14:28:14,854 - back_corridor_end - INFO - [back_corridor_end.py:57] - 现在是(60,25)
2025-11-23 14:28:14,854 - back_corridor_end - INFO - [back_corridor_end.py:57] - 现在是(61,25)
2025-11-23 14:28:14,854 - back_corridor_end - INFO - [back_corridor_end.py:57] - 现在是(62,25)
2025-11-23 14:28:14,854 - back_corridor_end - INFO - [back_corridor_end.py:57] - 现在是(63,25)
2025-11-23 14:28:14,854 - back_corridor_end - INFO - [back_corridor_end.py:57] - 现在是(63,24)
2025-11-23 14:28:14,854 - back_corridor_end - INFO - [back_corridor_end.py:57] - 现在是(63,23)
2025-11-23 14:28:14,855 - back_corridor_end - INFO - [back_corridor_end.py:80] - isDotAlive:发现死路上的点(63, 23)
2025-11-23 14:28:14,855 - back_corridor_end - INFO - [back_corridor_end.py:57] - 现在是(63,24)
2025-11-23 14:28:14,855 - back_corridor_end - INFO - [back_corridor_end.py:80] - isDotAlive:发现死路上的点(63, 24)
2025-11-23 14:28:14,855 - back_corridor_end - INFO - [back_corridor_end.py:57] - 现在是(63,25)
2025-11-23 14:28:14,855 - back_corridor_end - INFO - [back_corridor_end.py:80] - isDotAlive:发现死路上的点(63, 25)
2025-11-23 14:28:14,855 - back_corridor_end - INFO - [back_corridor_end.py:57] - 现在是(62,25)
2025-11-23 14:28:14,855 - back_corridor_end - INFO - [back_corridor_end.py:80] - isDotAlive:发现死路上的点(62, 25)
2025-11-23 14:28:14,855 - back_corridor_end - INFO - [back_corridor_end.py:57] - 现在是(61,25)
2025-11-23 14:28:14,855 - back_corridor_end - INFO - [back_corridor_end.py:57] - 现在是(61,24)
2025-11-23 14:28:14,855 - back_corridor_end - INFO - [back_corridor_end.py:57] - 现在是(61,23)
2025-11-23 14:28:14,855 - back_corridor_end - INFO - [back_corridor_end.py:57] - 现在是(60,23)
2025-11-23 14:28:14,855 - back_corridor_end - INFO - [back_corridor_end.py:57] - 现在是(59,23)
2025-11-23 14:28:14,855 - back_corridor_end - INFO - [back_corridor_end.py:57] - 现在是(58,23)
2025-11-23 14:28:14,855 - back_corridor_end - INFO - [back_corridor_end.py:57] - 现在是(57,23)
2025-11-23 14:28:14,855 - back_corridor_end - INFO - [back_corridor_end.py:57] - 现在是(56,23)
2025-11-23 14:28:14,855 - back_corridor_end - INFO - [back_corridor_end.py:57] - 现在是(55,23)
2025-11-23 14:28:14,855 - back_corridor_end - INFO - [back_corridor_end.py:57] - 现在是(54,23)
2025-11-23 14:28:14,855 - back_corridor_end - INFO - [back_corridor_end.py:57] - 现在是(53,23)
2025-11-23 14:28:14,855 - back_corridor_end - INFO - [back_corridor_end.py:57] - 现在是(53,24)
2025-11-23 14:28:14,855 - back_corridor_end - INFO - [back_corridor_end.py:57] - 现在是(53,25)
2025-11-23 14:28:14,855 - back_corridor_end - INFO - [back_corridor_end.py:57] - 现在是(53,26)
2025-11-23 14:28:14,855 - back_corridor_end - INFO - [back_corridor_end.py:57] - 现在是(53,27)
2025-11-23 14:28:14,855 - back_corridor_end - INFO - [back_corridor_end.py:57] - 现在是(53,28)
2025-11-23 14:28:14,856 - back_corridor_end - INFO - [back_corridor_end.py:57] - 现在是(53,29)
2025-11-23 14:28:14,856 - back_corridor_end - INFO - [back_corridor_end.py:80] - isDotAlive:发现死路上的点(53, 29)
2025-11-23 14:28:14,856 - back_corridor_end - INFO - [back_corridor_end.py:57] - 现在是(53,28)
2025-11-23 14:28:14,856 - back_corridor_end - INFO - [back_corridor_end.py:80] - isDotAlive:发现死路上的点(53, 28)
2025-11-23 14:28:14,856 - back_corridor_end - INFO - [back_corridor_end.py:57] - 现在是(53,27)
2025-11-23 14:28:14,856 - back_corridor_end - INFO - [back_corridor_end.py:80] - isDotAlive:发现死路上的点(53, 27)
2025-11-23 14:28:14,856 - back_corridor_end - INFO - [back_corridor_end.py:57] - 现在是(53,26)
2025-11-23 14:28:14,856 - back_corridor_end - INFO - [back_corridor_end.py:80] - isDotAlive:发现死路上的点(53, 26)
2025-11-23 14:28:14,856 - back_corridor_end - INFO - [back_corridor_end.py:57] - 现在是(53,25)
2025-11-23 14:28:14,856 - back_corridor_end - INFO - [back_corridor_end.py:80] - isDotAlive:发现死路上的点(53, 25)
2025-11-23 14:28:14,856 - back_corridor_end - INFO - [back_corridor_end.py:57] - 现在是(53,24)
2025-11-23 14:28:14,856 - back_corridor_end - INFO - [back_corridor_end.py:80] - isDotAlive:发现死路上的点(53, 24)
2025-11-23 14:28:14,856 - back_corridor_end - INFO - [back_corridor_end.py:57] - 现在是(53,23)
2025-11-23 14:28:14,856 - back_corridor_end - INFO - [back_corridor_end.py:57] - 现在是(52,23)
2025-11-23 14:28:14,856 - back_corridor_end - INFO - [back_corridor_end.py:57] - 现在是(51,23)
2025-11-23 14:28:14,856 - back_corridor_end - INFO - [back_corridor_end.py:57] - 现在是(51,24)
2025-11-23 14:28:14,856 - back_corridor_end - INFO - [back_corridor_end.py:57] - 现在是(51,25)
2025-11-23 14:28:14,856 - back_corridor_end - INFO - [back_corridor_end.py:57] - 现在是(51,26)
2025-11-23 14:28:14,856 - back_corridor_end - INFO - [back_corridor_end.py:57] - 现在是(51,27)
2025-11-23 14:28:14,856 - back_corridor_end - INFO - [back_corridor_end.py:57] - 现在是(51,28)
2025-11-23 14:28:14,856 - back_corridor_end - INFO - [back_corridor_end.py:57] - 现在是(51,29)
2025-11-23 14:28:14,856 - back_corridor_end - INFO - [back_corridor_end.py:57] - 现在是(51,30)
2025-11-23 14:28:14,856 - back_corridor_end - INFO - [back_corridor_end.py:57] - 现在是(51,31)
2025-11-23 14:28:14,856 - back_corridor_end - INFO - [back_corridor_end.py:57] - 现在是(52,31)
2025-11-23 14:28:14,857 - back_corridor_end - INFO - [back_corridor_end.py:57] - 现在是(53,31)
2025-11-23 14:28:14,857 - back_corridor_end - INFO - [back_corridor_end.py:80] - isDotAlive:发现死路上的点(53, 31)
2025-11-23 14:28:14,857 - back_corridor_end - INFO - [back_corridor_end.py:57] - 现在是(52,31)
2025-11-23 14:28:14,857 - back_corridor_end - INFO - [back_corridor_end.py:80] - isDotAlive:发现死路上的点(52, 31)
2025-11-23 14:28:14,857 - back_corridor_end - INFO - [back_corridor_end.py:57] - 现在是(51,31)
2025-11-23 14:28:14,857 - back_corridor_end - INFO - [back_corridor_end.py:57] - 现在是(50,31)
2025-11-23 14:28:14,857 - back_corridor_end - INFO - [back_corridor_end.py:57] - 现在是(49,31)
2025-11-23 14:28:14,857 - back_corridor_end - INFO - [back_corridor_end.py:57] - 现在是(49,32)
2025-11-23 14:28:14,857 - back_corridor_end - INFO - [back_corridor_end.py:57] - 现在是(49,33)
2025-11-23 14:28:14,857 - back_corridor_end - INFO - [back_corridor_end.py:57] - 现在是(49,34)
2025-11-23 14:28:14,857 - back_corridor_end - INFO - [back_corridor_end.py:57] - 现在是(49,35)
2025-11-23 14:28:14,857 - back_corridor_end - INFO - [back_corridor_end.py:57] - 现在是(48,35)
2025-11-23 14:28:14,857 - back_corridor_end - INFO - [back_corridor_end.py:57] - 现在是(47,35)
2025-11-23 14:28:14,857 - back_corridor_end - INFO - [back_corridor_end.py:74] - isDotAlive:点(47, 35)是活的
2025-11-23 14:28:14,857 - back_corridor_end - INFO - [back_corridor_end.py:57] - 现在是(48,35)
2025-11-23 14:28:14,857 - back_corridor_end - INFO - [back_corridor_end.py:74] - isDotAlive:点(48, 35)是活的
2025-11-23 14:28:14,857 - back_corridor_end - INFO - [back_corridor_end.py:57] - 现在是(49,35)
2025-11-23 14:28:14,857 - back_corridor_end - INFO - [back_corridor_end.py:74] - isDotAlive:点(49, 35)是活的
2025-11-23 14:28:14,857 - back_corridor_end - INFO - [back_corridor_end.py:57] - 现在是(49,34)
2025-11-23 14:28:14,857 - back_corridor_end - INFO - [back_corridor_end.py:74] - isDotAlive:点(49, 34)是活的
2025-11-23 14:28:14,857 - back_corridor_end - INFO - [back_corridor_end.py:57] - 现在是(49,33)
2025-11-23 14:28:14,858 - back_corridor_end - INFO - [back_corridor_end.py:74] - isDotAlive:点(49, 33)是活的
2025-11-23 14:28:14,858 - back_corridor_end - INFO - [back_corridor_end.py:57] - 现在是(49,32)
2025-11-23 14:28:14,858 - back_corridor_end - INFO - [back_corridor_end.py:74] - isDotAlive:点(49, 32)是活的
2025-11-23 14:28:14,858 - back_corridor_end - INFO - [back_corridor_end.py:57] - 现在是(49,31)
2025-11-23 14:28:14,858 - back_corridor_end - INFO - [back_corridor_end.py:74] - isDotAlive:点(49, 31)是活的
2025-11-23 14:28:14,858 - back_corridor_end - INFO - [back_corridor_end.py:57] - 现在是(50,31)
2025-11-23 14:28:14,858 - back_corridor_end - INFO - [back_corridor_end.py:74] - isDotAlive:点(50, 31)是活的
2025-11-23 14:28:14,858 - back_corridor_end - INFO - [back_corridor_end.py:57] - 现在是(51,31)
2025-11-23 14:28:14,858 - back_corridor_end - INFO - [back_corridor_end.py:74] - isDotAlive:点(51, 31)是活的
2025-11-23 14:28:14,858 - back_corridor_end - INFO - [back_corridor_end.py:57] - 现在是(51,30)
2025-11-23 14:28:14,858 - back_corridor_end - INFO - [back_corridor_end.py:74] - isDotAlive:点(51, 30)是活的
2025-11-23 14:28:14,858 - back_corridor_end - INFO - [back_corridor_end.py:57] - 现在是(51,29)
2025-11-23 14:28:14,858 - back_corridor_end - INFO - [back_corridor_end.py:74] - isDotAlive:点(51, 29)是活的
2025-11-23 14:28:14,858 - back_corridor_end - INFO - [back_corridor_end.py:57] - 现在是(51,28)
2025-11-23 14:28:14,858 - back_corridor_end - INFO - [back_corridor_end.py:74] - isDotAlive:点(51, 28)是活的
2025-11-23 14:28:14,858 - back_corridor_end - INFO - [back_corridor_end.py:57] - 现在是(51,27)
2025-11-23 14:28:14,858 - back_corridor_end - INFO - [back_corridor_end.py:74] - isDotAlive:点(51, 27)是活的
2025-11-23 14:28:14,858 - back_corridor_end - INFO - [back_corridor_end.py:57] - 现在是(51,26)
2025-11-23 14:28:14,858 - back_corridor_end - INFO - [back_corridor_end.py:74] - isDotAlive:点(51, 26)是活的
2025-11-23 14:28:14,858 - back_corridor_end - INFO - [back_corridor_end.py:57] - 现在是(51,25)
2025-11-23 14:28:14,858 - back_corridor_end - INFO - [back_corridor_end.py:74] - isDotAlive:点(51, 25)是活的
2025-11-23 14:28:14,858 - back_corridor_end - INFO - [back_corridor_end.py:57] - 现在是(51,24)
2025-11-23 14:28:14,858 - back_corridor_end - INFO - [back_corridor_end.py:74] - isDotAlive:点(51, 24)是活的
2025-11-23 14:28:14,858 - back_corridor_end - INFO - [back_corridor_end.py:57] - 现在是(51,23)
2025-11-23 14:28:14,859 - back_corridor_end - INFO - [back_corridor_end.py:74] - isDotAlive:点(51, 23)是活的
2025-11-23 14:28:14,859 - back_corridor_end - INFO - [back_corridor_end.py:57] - 现在是(52,23)
2025-11-23 14:28:14,859 - back_corridor_end - INFO - [back_corridor_end.py:74] - isDotAlive:点(52, 23)是活的
2025-11-23 14:28:14,859 - back_corridor_end - INFO - [back_corridor_end.py:57] - 现在是(53,23)
2025-11-23 14:28:14,859 - back_corridor_end - INFO - [back_corridor_end.py:74] - isDotAlive:点(53, 23)是活的
2025-11-23 14:28:14,859 - back_corridor_end - INFO - [back_corridor_end.py:57] - 现在是(54,23)
2025-11-23 14:28:14,859 - back_corridor_end - INFO - [back_corridor_end.py:74] - isDotAlive:点(54, 23)是活的
2025-11-23 14:28:14,859 - back_corridor_end - INFO - [back_corridor_end.py:57] - 现在是(55,23)
2025-11-23 14:28:14,859 - back_corridor_end - INFO - [back_corridor_end.py:74] - isDotAlive:点(55, 23)是活的
2025-11-23 14:28:14,859 - back_corridor_end - INFO - [back_corridor_end.py:57] - 现在是(56,23)
2025-11-23 14:28:14,859 - back_corridor_end - INFO - [back_corridor_end.py:74] - isDotAlive:点(56, 23)是活的
2025-11-23 14:28:14,859 - back_corridor_end - INFO - [back_corridor_end.py:57] - 现在是(57,23)
2025-11-23 14:28:14,859 - back_corridor_end - INFO - [back_corridor_end.py:74] - isDotAlive:点(57, 23)是活的
2025-11-23 14:28:14,859 - back_corridor_end - INFO - [back_corridor_end.py:57] - 现在是(58,23)
2025-11-23 14:28:14,859 - back_corridor_end - INFO - [back_corridor_end.py:74] - isDotAlive:点(58, 23)是活的
2025-11-23 14:28:14,859 - back_corridor_end - INFO - [back_corridor_end.py:57] - 现在是(59,23)
2025-11-23 14:28:14,859 - back_corridor_end - INFO - [back_corridor_end.py:74] - isDotAlive:点(59, 23)是活的
2025-11-23 14:28:14,859 - back_corridor_end - INFO - [back_corridor_end.py:57] - 现在是(60,23)
2025-11-23 14:28:14,859 - back_corridor_end - INFO - [back_corridor_end.py:74] - isDotAlive:点(60, 23)是活的
2025-11-23 14:28:14,860 - back_corridor_end - INFO - [back_corridor_end.py:57] - 现在是(61,23)
2025-11-23 14:28:14,860 - back_corridor_end - INFO - [back_corridor_end.py:74] - isDotAlive:点(61, 23)是活的
2025-11-23 14:28:14,860 - back_corridor_end - INFO - [back_corridor_end.py:57] - 现在是(61,24)
2025-11-23 14:28:14,860 - back_corridor_end - INFO - [back_corridor_end.py:74] - isDotAlive:点(61, 24)是活的
2025-11-23 14:28:14,860 - back_corridor_end - INFO - [back_corridor_end.py:57] - 现在是(61,25)
2025-11-23 14:28:14,860 - back_corridor_end - INFO - [back_corridor_end.py:74] - isDotAlive:点(61, 25)是活的
2025-11-23 14:28:14,860 - back_corridor_end - INFO - [back_corridor_end.py:57] - 现在是(60,25)
2025-11-23 14:28:14,860 - back_corridor_end - INFO - [back_corridor_end.py:74] - isDotAlive:点(60, 25)是活的
2025-11-23 14:28:14,860 - back_corridor_end - INFO - [back_corridor_end.py:57] - 现在是(59,25)
2025-11-23 14:28:14,860 - back_corridor_end - INFO - [back_corridor_end.py:74] - isDotAlive:点(59, 25)是活的
2025-11-23 14:28:14,860 - back_corridor_end - INFO - [back_corridor_end.py:57] - 现在是(59,26)
2025-11-23 14:28:14,860 - back_corridor_end - INFO - [back_corridor_end.py:74] - isDotAlive:点(59, 26)是活的
2025-11-23 14:28:14,860 - back_corridor_end - INFO - [back_corridor_end.py:57] - 现在是(59,27)
2025-11-23 14:28:14,860 - back_corridor_end - INFO - [back_corridor_end.py:74] - isDotAlive:点(59, 27)是活的
2025-11-23 14:28:14,860 - back_corridor_end - INFO - [back_corridor_end.py:57] - 现在是(60,27)
2025-11-23 14:28:14,860 - back_corridor_end - INFO - [back_corridor_end.py:74] - isDotAlive:点(60, 27)是活的
2025-11-23 14:28:14,860 - back_corridor_end - INFO - [back_corridor_end.py:57] - 现在是(61,27)
2025-11-23 14:28:14,860 - back_corridor_end - INFO - [back_corridor_end.py:74] - isDotAlive:点(61, 27)是活的
2025-11-23 14:28:14,860 - back_corridor_end - INFO - [back_corridor_end.py:57] - 现在是(62,27)
2025-11-23 14:28:14,860 - back_corridor_end - INFO - [back_corridor_end.py:74] - isDotAlive:点(62, 27)是活的
2025-11-23 14:28:14,860 - back_corridor_end - INFO - [back_corridor_end.py:57] - 现在是(63,27)
2025-11-23 14:28:14,860 - back_corridor_end - INFO - [back_corridor_end.py:74] - isDotAlive:点(63, 27)是活的
2025-11-23 14:28:14,860 - back_corridor_end - INFO - [back_corridor_end.py:57] - 现在是(64,27)
2025-11-23 14:28:14,861 - back_corridor_end - INFO - [back_corridor_end.py:74] - isDotAlive:点(64, 27)是活的
2025-11-23 14:28:14,861 - back_corridor_end - INFO - [back_corridor_end.py:57] - 现在是(65,27)
2025-11-23 14:28:14,861 - back_corridor_end - INFO - [back_corridor_end.py:74] - isDotAlive:点(65, 27)是活的
2025-11-23 14:28:14,861 - back_corridor_end - INFO - [back_corridor_end.py:57] - 现在是(66,27)
2025-11-23 14:28:14,861 - back_corridor_end - INFO - [back_corridor_end.py:74] - isDotAlive:点(66, 27)是活的
2025-11-23 14:28:14,861 - back_corridor_end - INFO - [back_corridor_end.py:57] - 现在是(67,27)
2025-11-23 14:28:14,861 - back_corridor_end - INFO - [back_corridor_end.py:74] - isDotAlive:点(67, 27)是活的
2025-11-23 14:28:14,861 - back_corridor_end - INFO - [back_corridor_end.py:57] - 现在是(68,27)
2025-11-23 14:28:14,861 - back_corridor_end - INFO - [back_corridor_end.py:74] - isDotAlive:点(68, 27)是活的
2025-11-23 14:28:14,861 - back_corridor_end - INFO - [back_corridor_end.py:57] - 现在是(69,27)
2025-11-23 14:28:14,861 - back_corridor_end - INFO - [back_corridor_end.py:57] - 现在是(69,26)
2025-11-23 14:28:14,861 - back_corridor_end - INFO - [back_corridor_end.py:57] - 现在是(69,25)
2025-11-23 14:28:14,861 - back_corridor_end - INFO - [back_corridor_end.py:57] - 现在是(70,25)
2025-11-23 14:28:14,861 - back_corridor_end - INFO - [back_corridor_end.py:57] - 现在是(71,25)
2025-11-23 14:28:14,861 - back_corridor_end - INFO - [back_corridor_end.py:57] - 现在是(71,24)
2025-11-23 14:28:14,861 - back_corridor_end - INFO - [back_corridor_end.py:57] - 现在是(71,23)
2025-11-23 14:28:14,861 - back_corridor_end - INFO - [back_corridor_end.py:80] - isDotAlive:发现死路上的点(71, 23)
2025-11-23 14:28:14,861 - back_corridor_end - INFO - [back_corridor_end.py:57] - 现在是(71,24)
2025-11-23 14:28:14,861 - back_corridor_end - INFO - [back_corridor_end.py:80] - isDotAlive:发现死路上的点(71, 24)
2025-11-23 14:28:14,861 - back_corridor_end - INFO - [back_corridor_end.py:57] - 现在是(71,25)
2025-11-23 14:28:14,861 - back_corridor_end - INFO - [back_corridor_end.py:80] - isDotAlive:发现死路上的点(71, 25)
2025-11-23 14:28:14,862 - back_corridor_end - INFO - [back_corridor_end.py:57] - 现在是(70,25)
2025-11-23 14:28:14,862 - back_corridor_end - INFO - [back_corridor_end.py:80] - isDotAlive:发现死路上的点(70, 25)
2025-11-23 14:28:14,862 - back_corridor_end - INFO - [back_corridor_end.py:57] - 现在是(69,25)
2025-11-23 14:28:14,862 - back_corridor_end - INFO - [back_corridor_end.py:57] - 现在是(68,25)
2025-11-23 14:28:14,862 - back_corridor_end - INFO - [back_corridor_end.py:57] - 现在是(67,25)
2025-11-23 14:28:14,862 - back_corridor_end - INFO - [back_corridor_end.py:57] - 现在是(66,25)
2025-11-23 14:28:14,862 - back_corridor_end - INFO - [back_corridor_end.py:57] - 现在是(65,25)
2025-11-23 14:28:14,862 - back_corridor_end - INFO - [back_corridor_end.py:57] - 现在是(65,24)
2025-11-23 14:28:14,862 - back_corridor_end - INFO - [back_corridor_end.py:57] - 现在是(65,23)
2025-11-23 14:28:14,862 - back_corridor_end - INFO - [back_corridor_end.py:80] - isDotAlive:发现死路上的点(65, 23)
2025-11-23 14:28:14,862 - back_corridor_end - INFO - [back_corridor_end.py:57] - 现在是(65,24)
2025-11-23 14:28:14,862 - back_corridor_end - INFO - [back_corridor_end.py:80] - isDotAlive:发现死路上的点(65, 24)
2025-11-23 14:28:14,862 - back_corridor_end - INFO - [back_corridor_end.py:57] - 现在是(65,25)
2025-11-23 14:28:14,862 - back_corridor_end - INFO - [back_corridor_end.py:80] - isDotAlive:发现死路上的点(65, 25)
2025-11-23 14:28:14,862 - back_corridor_end - INFO - [back_corridor_end.py:57] - 现在是(66,25)
2025-11-23 14:28:14,862 - back_corridor_end - INFO - [back_corridor_end.py:80] - isDotAlive:发现死路上的点(66, 25)
2025-11-23 14:28:14,862 - back_corridor_end - INFO - [back_corridor_end.py:57] - 现在是(67,25)
2025-11-23 14:28:14,862 - back_corridor_end - INFO - [back_corridor_end.py:57] - 现在是(67,24)
2025-11-23 14:28:14,862 - back_corridor_end - INFO - [back_corridor_end.py:57] - 现在是(67,23)
2025-11-23 14:28:14,862 - back_corridor_end - INFO - [back_corridor_end.py:80] - isDotAlive:发现死路上的点(67, 23)
2025-11-23 14:28:14,862 - back_corridor_end - INFO - [back_corridor_end.py:57] - 现在是(67,24)
2025-11-23 14:28:14,863 - back_corridor_end - INFO - [back_corridor_end.py:80] - isDotAlive:发现死路上的点(67, 24)
2025-11-23 14:28:14,863 - back_corridor_end - INFO - [back_corridor_end.py:57] - 现在是(67,25)
2025-11-23 14:28:14,863 - back_corridor_end - INFO - [back_corridor_end.py:80] - isDotAlive:发现死路上的点(67, 25)
2025-11-23 14:28:14,863 - back_corridor_end - INFO - [back_corridor_end.py:57] - 现在是(68,25)
2025-11-23 14:28:14,863 - back_corridor_end - INFO - [back_corridor_end.py:80] - isDotAlive:发现死路上的点(68, 25)
2025-11-23 14:28:14,863 - back_corridor_end - INFO - [back_corridor_end.py:57] - 现在是(69,25)
2025-11-23 14:28:14,863 - back_corridor_end - INFO - [back_corridor_end.py:57] - 现在是(69,24)
2025-11-23 14:28:14,863 - back_corridor_end - INFO - [back_corridor_end.py:57] - 现在是(69,23)
2025-11-23 14:28:14,863 - back_corridor_end - INFO - [back_corridor_end.py:80] - isDotAlive:发现死路上的点(69, 23)
2025-11-23 14:28:14,863 - back_corridor_end - INFO - [back_corridor_end.py:57] - 现在是(69,24)
2025-11-23 14:28:14,863 - back_corridor_end - INFO - [back_corridor_end.py:80] - isDotAlive:发现死路上的点(69, 24)
2025-11-23 14:28:14,863 - back_corridor_end - INFO - [back_corridor_end.py:57] - 现在是(69,25)
2025-11-23 14:28:14,863 - back_corridor_end - INFO - [back_corridor_end.py:80] - isDotAlive:发现死路上的点(69, 25)
2025-11-23 14:28:14,863 - back_corridor_end - INFO - [back_corridor_end.py:57] - 现在是(69,26)
2025-11-23 14:28:14,863 - back_corridor_end - INFO - [back_corridor_end.py:80] - isDotAlive:发现死路上的点(69, 26)
2025-11-23 14:28:14,863 - back_corridor_end - INFO - [back_corridor_end.py:57] - 现在是(69,27)
2025-11-23 14:28:14,863 - back_corridor_end - INFO - [back_corridor_end.py:74] - isDotAlive:点(69, 27)是活的
2025-11-23 14:28:14,863 - back_corridor_end - INFO - [back_corridor_end.py:57] - 现在是(69,28)
2025-11-23 14:28:14,863 - back_corridor_end - INFO - [back_corridor_end.py:74] - isDotAlive:点(69, 28)是活的
2025-11-23 14:28:14,863 - back_corridor_end - INFO - [back_corridor_end.py:57] - 现在是(69,29)
2025-11-23 14:28:14,863 - back_corridor_end - INFO - [back_corridor_end.py:74] - isDotAlive:点(69, 29)是活的
2025-11-23 14:28:14,863 - back_corridor_end - INFO - [back_corridor_end.py:57] - 现在是(70,29)
2025-11-23 14:28:14,864 - back_corridor_end - INFO - [back_corridor_end.py:74] - isDotAlive:点(70, 29)是活的
2025-11-23 14:28:14,864 - back_corridor_end - INFO - [back_corridor_end.py:57] - 现在是(71,29)
2025-11-23 14:28:14,864 - back_corridor_end - INFO - [back_corridor_end.py:57] - 现在是(71,28)
2025-11-23 14:28:14,864 - back_corridor_end - INFO - [back_corridor_end.py:57] - 现在是(71,27)
2025-11-23 14:28:14,864 - back_corridor_end - INFO - [back_corridor_end.py:80] - isDotAlive:发现死路上的点(71, 27)
2025-11-23 14:28:14,864 - back_corridor_end - INFO - [back_corridor_end.py:57] - 现在是(71,28)
2025-11-23 14:28:14,864 - back_corridor_end - INFO - [back_corridor_end.py:80] - isDotAlive:发现死路上的点(71, 28)
2025-11-23 14:28:14,864 - back_corridor_end - INFO - [back_corridor_end.py:57] - 现在是(71,29)
2025-11-23 14:28:14,864 - back_corridor_end - INFO - [back_corridor_end.py:74] - isDotAlive:点(71, 29)是活的
2025-11-23 14:28:14,864 - back_corridor_end - INFO - [back_corridor_end.py:57] - 现在是(71,30)
2025-11-23 14:28:14,864 - back_corridor_end - INFO - [back_corridor_end.py:74] - isDotAlive:点(71, 30)是活的
2025-11-23 14:28:14,864 - back_corridor_end - INFO - [back_corridor_end.py:57] - 现在是(71,31)
2025-11-23 14:28:14,864 - back_corridor_end - INFO - [back_corridor_end.py:74] - isDotAlive:点(71, 31)是活的
2025-11-23 14:28:14,864 - back_corridor_end - INFO - [back_corridor_end.py:57] - 现在是(71,32)
2025-11-23 14:28:14,864 - back_corridor_end - INFO - [back_corridor_end.py:74] - isDotAlive:点(71, 32)是活的
2025-11-23 14:28:14,864 - back_corridor_end - INFO - [back_corridor_end.py:57] - 现在是(71,33)
2025-11-23 14:28:14,864 - back_corridor_end - INFO - [back_corridor_end.py:74] - isDotAlive:点(71, 33)是活的
2025-11-23 14:28:14,864 - back_corridor_end - INFO - [back_corridor_end.py:57] - 现在是(72,33)
2025-11-23 14:28:14,864 - back_corridor_end - INFO - [back_corridor_end.py:74] - isDotAlive:点(72, 33)是活的
2025-11-23 14:28:14,864 - back_corridor_end - INFO - [back_corridor_end.py:57] - 现在是(73,33)
2025-11-23 14:28:14,864 - back_corridor_end - INFO - [back_corridor_end.py:74] - isDotAlive:点(73, 33)是活的
2025-11-23 14:28:14,864 - back_corridor_end - INFO - [back_corridor_end.py:57] - 现在是(73,32)
2025-11-23 14:28:14,865 - back_corridor_end - INFO - [back_corridor_end.py:74] - isDotAlive:点(73, 32)是活的
2025-11-23 14:28:14,865 - back_corridor_end - INFO - [back_corridor_end.py:57] - 现在是(73,31)
2025-11-23 14:28:14,865 - back_corridor_end - INFO - [back_corridor_end.py:74] - isDotAlive:点(73, 31)是活的
2025-11-23 14:28:14,865 - back_corridor_end - INFO - [back_corridor_end.py:57] - 现在是(74,31)
2025-11-23 14:28:14,865 - back_corridor_end - INFO - [back_corridor_end.py:74] - isDotAlive:点(74, 31)是活的
2025-11-23 14:28:14,865 - back_corridor_end - INFO - [back_corridor_end.py:57] - 现在是(75,31)
2025-11-23 14:28:14,865 - back_corridor_end - INFO - [back_corridor_end.py:57] - 现在是(75,30)
2025-11-23 14:28:14,865 - back_corridor_end - INFO - [back_corridor_end.py:57] - 现在是(75,29)
2025-11-23 14:28:14,865 - back_corridor_end - INFO - [back_corridor_end.py:57] - 现在是(76,29)
2025-11-23 14:28:14,865 - back_corridor_end - INFO - [back_corridor_end.py:57] - 现在是(77,29)
2025-11-23 14:28:14,865 - back_corridor_end - INFO - [back_corridor_end.py:57] - 现在是(77,30)
2025-11-23 14:28:14,865 - back_corridor_end - INFO - [back_corridor_end.py:57] - 现在是(77,31)
2025-11-23 14:28:14,865 - back_corridor_end - INFO - [back_corridor_end.py:80] - isDotAlive:发现死路上的点(77, 31)
2025-11-23 14:28:14,865 - back_corridor_end - INFO - [back_corridor_end.py:57] - 现在是(77,30)
2025-11-23 14:28:14,865 - back_corridor_end - INFO - [back_corridor_end.py:80] - isDotAlive:发现死路上的点(77, 30)
2025-11-23 14:28:14,865 - back_corridor_end - INFO - [back_corridor_end.py:57] - 现在是(77,29)
2025-11-23 14:28:14,865 - back_corridor_end - INFO - [back_corridor_end.py:57] - 现在是(77,28)
2025-11-23 14:28:14,865 - back_corridor_end - INFO - [back_corridor_end.py:57] - 现在是(77,27)
2025-11-23 14:28:14,865 - back_corridor_end - INFO - [back_corridor_end.py:57] - 现在是(77,26)
2025-11-23 14:28:14,865 - back_corridor_end - INFO - [back_corridor_end.py:57] - 现在是(77,25)
2025-11-23 14:28:14,865 - back_corridor_end - INFO - [back_corridor_end.py:80] - isDotAlive:发现死路上的点(77, 25)
2025-11-23 14:28:14,865 - back_corridor_end - INFO - [back_corridor_end.py:57] - 现在是(77,26)
2025-11-23 14:28:14,865 - back_corridor_end - INFO - [back_corridor_end.py:80] - isDotAlive:发现死路上的点(77, 26)
2025-11-23 14:28:14,865 - back_corridor_end - INFO - [back_corridor_end.py:57] - 现在是(77,27)
2025-11-23 14:28:14,866 - back_corridor_end - INFO - [back_corridor_end.py:80] - isDotAlive:发现死路上的点(77, 27)
2025-11-23 14:28:14,866 - back_corridor_end - INFO - [back_corridor_end.py:57] - 现在是(77,28)
2025-11-23 14:28:14,866 - back_corridor_end - INFO - [back_corridor_end.py:80] - isDotAlive:发现死路上的点(77, 28)
2025-11-23 14:28:14,866 - back_corridor_end - INFO - [back_corridor_end.py:57] - 现在是(77,29)
2025-11-23 14:28:14,866 - back_corridor_end - INFO - [back_corridor_end.py:80] - isDotAlive:发现死路上的点(77, 29)
2025-11-23 14:28:14,866 - back_corridor_end - INFO - [back_corridor_end.py:57] - 现在是(76,29)
2025-11-23 14:28:14,866 - back_corridor_end - INFO - [back_corridor_end.py:80] - isDotAlive:发现死路上的点(76, 29)
2025-11-23 14:28:14,866 - back_corridor_end - INFO - [back_corridor_end.py:57] - 现在是(75,29)
2025-11-23 14:28:14,866 - back_corridor_end - INFO - [back_corridor_end.py:57] - 现在是(74,29)
2025-11-23 14:28:14,866 - back_corridor_end - INFO - [back_corridor_end.py:57] - 现在是(73,29)
2025-11-23 14:28:14,866 - back_corridor_end - INFO - [back_corridor_end.py:80] - isDotAlive:发现死路上的点(73, 29)
2025-11-23 14:28:14,866 - back_corridor_end - INFO - [back_corridor_end.py:57] - 现在是(74,29)
2025-11-23 14:28:14,866 - back_corridor_end - INFO - [back_corridor_end.py:74] - isDotAlive:点(74, 29)是活的
2025-11-23 14:28:14,866 - back_corridor_end - INFO - [back_corridor_end.py:57] - 现在是(75,29)
2025-11-23 14:28:14,866 - back_corridor_end - INFO - [back_corridor_end.py:74] - isDotAlive:点(75, 29)是活的
2025-11-23 14:28:14,866 - back_corridor_end - INFO - [back_corridor_end.py:57] - 现在是(75,30)
2025-11-23 14:28:14,866 - back_corridor_end - INFO - [back_corridor_end.py:74] - isDotAlive:点(75, 30)是活的
2025-11-23 14:28:14,866 - back_corridor_end - INFO - [back_corridor_end.py:57] - 现在是(75,31)
2025-11-23 14:28:14,866 - back_corridor_end - INFO - [back_corridor_end.py:74] - isDotAlive:点(75, 31)是活的
2025-11-23 14:28:14,866 - back_corridor_end - INFO - [back_corridor_end.py:57] - 现在是(75,32)
2025-11-23 14:28:14,866 - back_corridor_end - INFO - [back_corridor_end.py:74] - isDotAlive:点(75, 32)是活的
2025-11-23 14:28:14,866 - back_corridor_end - INFO - [back_corridor_end.py:57] - 现在是(75,33)
2025-11-23 14:28:14,867 - back_corridor_end - INFO - [back_corridor_end.py:74] - isDotAlive:点(75, 33)是活的
2025-11-23 14:28:14,867 - back_corridor_end - INFO - [back_corridor_end.py:57] - 现在是(76,33)
2025-11-23 14:28:14,867 - back_corridor_end - INFO - [back_corridor_end.py:74] - isDotAlive:点(76, 33)是活的
2025-11-23 14:28:14,867 - back_corridor_end - INFO - [back_corridor_end.py:57] - 现在是(77,33)
2025-11-23 14:28:14,867 - back_corridor_end - INFO - [back_corridor_end.py:74] - isDotAlive:点(77, 33)是活的
2025-11-23 14:28:14,867 - back_corridor_end - INFO - [back_corridor_end.py:57] - 现在是(78,33)
2025-11-23 14:28:14,867 - back_corridor_end - INFO - [back_corridor_end.py:74] - isDotAlive:点(78, 33)是活的
2025-11-23 14:28:14,867 - back_corridor_end - INFO - [back_corridor_end.py:57] - 现在是(79,33)
2025-11-23 14:28:14,867 - back_corridor_end - INFO - [back_corridor_end.py:74] - isDotAlive:点(79, 33)是活的
2025-11-23 14:28:14,867 - back_corridor_end - INFO - [back_corridor_end.py:57] - 现在是(80,33)
2025-11-23 14:28:14,867 - back_corridor_end - INFO - [back_corridor_end.py:74] - isDotAlive:点(80, 33)是活的
2025-11-23 14:28:14,867 - back_corridor_end - INFO - [back_corridor_end.py:57] - 现在是(81,33)
2025-11-23 14:28:14,867 - back_corridor_end - INFO - [back_corridor_end.py:74] - isDotAlive:点(81, 33)是活的
2025-11-23 14:28:14,867 - back_corridor_end - INFO - [back_corridor_end.py:57] - 现在是(81,32)
2025-11-23 14:28:14,867 - back_corridor_end - INFO - [back_corridor_end.py:74] - isDotAlive:点(81, 32)是活的
2025-11-23 14:28:14,867 - back_corridor_end - INFO - [back_corridor_end.py:57] - 现在是(81,31)
2025-11-23 14:28:14,867 - back_corridor_end - INFO - [back_corridor_end.py:57] - 现在是(80,31)
2025-11-23 14:28:14,867 - back_corridor_end - INFO - [back_corridor_end.py:57] - 现在是(79,31)
2025-11-23 14:28:14,867 - back_corridor_end - INFO - [back_corridor_end.py:80] - isDotAlive:发现死路上的点(79, 31)
2025-11-23 14:28:14,867 - back_corridor_end - INFO - [back_corridor_end.py:57] - 现在是(80,31)
2025-11-23 14:28:14,867 - back_corridor_end - INFO - [back_corridor_end.py:80] - isDotAlive:发现死路上的点(80, 31)
2025-11-23 14:28:14,867 - back_corridor_end - INFO - [back_corridor_end.py:57] - 现在是(81,31)
2025-11-23 14:28:14,868 - back_corridor_end - INFO - [back_corridor_end.py:74] - isDotAlive:点(81, 31)是活的
2025-11-23 14:28:14,868 - back_corridor_end - INFO - [back_corridor_end.py:57] - 现在是(82,31)
2025-11-23 14:28:14,868 - back_corridor_end - INFO - [back_corridor_end.py:74] - isDotAlive:点(82, 31)是活的
2025-11-23 14:28:14,868 - back_corridor_end - INFO - [back_corridor_end.py:57] - 现在是(83,31)
2025-11-23 14:28:14,868 - back_corridor_end - INFO - [back_corridor_end.py:74] - isDotAlive:点(83, 31)是活的
2025-11-23 14:28:14,868 - back_corridor_end - INFO - [back_corridor_end.py:57] - 现在是(83,32)
2025-11-23 14:28:14,868 - back_corridor_end - INFO - [back_corridor_end.py:74] - isDotAlive:点(83, 32)是活的
2025-11-23 14:28:14,868 - back_corridor_end - INFO - [back_corridor_end.py:57] - 现在是(83,33)
2025-11-23 14:28:14,868 - back_corridor_end - INFO - [back_corridor_end.py:74] - isDotAlive:点(83, 33)是活的
2025-11-23 14:28:14,868 - back_corridor_end - INFO - [back_corridor_end.py:57] - 现在是(83,34)
2025-11-23 14:28:14,868 - back_corridor_end - INFO - [back_corridor_end.py:74] - isDotAlive:点(83, 34)是活的
2025-11-23 14:28:14,868 - back_corridor_end - INFO - [back_corridor_end.py:57] - 现在是(83,35)
2025-11-23 14:28:14,868 - back_corridor_end - INFO - [back_corridor_end.py:74] - isDotAlive:点(83, 35)是活的
2025-11-23 14:28:14,868 - back_corridor_end - INFO - [back_corridor_end.py:57] - 现在是(84,35)
2025-11-23 14:28:14,868 - back_corridor_end - INFO - [back_corridor_end.py:74] - isDotAlive:点(84, 35)是活的
2025-11-23 14:28:14,868 - back_corridor_end - INFO - [back_corridor_end.py:57] - 现在是(85,35)
2025-11-23 14:28:14,868 - back_corridor_end - INFO - [back_corridor_end.py:74] - isDotAlive:点(85, 35)是活的
2025-11-23 14:28:14,868 - back_corridor_end - INFO - [back_corridor_end.py:57] - 现在是(85,34)
2025-11-23 14:28:14,868 - back_corridor_end - INFO - [back_corridor_end.py:74] - isDotAlive:点(85, 34)是活的
2025-11-23 14:28:14,868 - back_corridor_end - INFO - [back_corridor_end.py:57] - 现在是(85,33)
2025-11-23 14:28:14,868 - back_corridor_end - INFO - [back_corridor_end.py:74] - isDotAlive:点(85, 33)是活的
2025-11-23 14:28:14,869 - back_corridor_end - INFO - [back_corridor_end.py:57] - 现在是(86,33)
2025-11-23 14:28:14,869 - back_corridor_end - INFO - [back_corridor_end.py:74] - isDotAlive:点(86, 33)是活的
2025-11-23 14:28:14,869 - back_corridor_end - INFO - [back_corridor_end.py:57] - 现在是(87,33)
2025-11-23 14:28:14,869 - back_corridor_end - INFO - [back_corridor_end.py:74] - isDotAlive:点(87, 33)是活的
2025-11-23 14:28:14,869 - back_corridor_end - INFO - [back_corridor_end.py:57] - 现在是(87,32)
2025-11-23 14:28:14,869 - back_corridor_end - INFO - [back_corridor_end.py:74] - isDotAlive:点(87, 32)是活的
2025-11-23 14:28:14,869 - back_corridor_end - INFO - [back_corridor_end.py:57] - 现在是(87,31)
2025-11-23 14:28:14,869 - back_corridor_end - INFO - [back_corridor_end.py:74] - isDotAlive:点(87, 31)是活的
2025-11-23 14:28:14,869 - back_corridor_end - INFO - [back_corridor_end.py:57] - 现在是(88,31)
2025-11-23 14:28:14,869 - back_corridor_end - INFO - [back_corridor_end.py:74] - isDotAlive:点(88, 31)是活的
2025-11-23 14:28:14,869 - back_corridor_end - INFO - [back_corridor_end.py:57] - 现在是(89,31)
2025-11-23 14:28:14,869 - back_corridor_end - INFO - [back_corridor_end.py:74] - isDotAlive:点(89, 31)是活的
2025-11-23 14:28:14,869 - back_corridor_end - INFO - [back_corridor_end.py:57] - 现在是(89,32)
2025-11-23 14:28:14,869 - back_corridor_end - INFO - [back_corridor_end.py:74] - isDotAlive:点(89, 32)是活的
2025-11-23 14:28:14,869 - back_corridor_end - INFO - [back_corridor_end.py:57] - 现在是(89,33)
2025-11-23 14:28:14,869 - back_corridor_end - INFO - [back_corridor_end.py:74] - isDotAlive:点(89, 33)是活的
2025-11-23 14:28:14,869 - back_corridor_end - INFO - [back_corridor_end.py:57] - 现在是(89,34)
2025-11-23 14:28:14,869 - back_corridor_end - INFO - [back_corridor_end.py:74] - isDotAlive:点(89, 34)是活的
2025-11-23 14:28:14,869 - back_corridor_end - INFO - [back_corridor_end.py:57] - 现在是(89,35)
2025-11-23 14:28:14,869 - back_corridor_end - INFO - [back_corridor_end.py:74] - isDotAlive:点(89, 35)是活的
2025-11-23 14:28:14,869 - back_corridor_end - INFO - [back_corridor_end.py:57] - 现在是(88,35)
2025-11-23 14:28:14,870 - back_corridor_end - INFO - [back_corridor_end.py:74] - isDotAlive:点(88, 35)是活的
2025-11-23 14:28:14,870 - back_corridor_end - INFO - [back_corridor_end.py:57] - 现在是(87,35)
2025-11-23 14:28:14,870 - back_corridor_end - INFO - [back_corridor_end.py:74] - isDotAlive:点(87, 35)是活的
2025-11-23 14:28:14,870 - back_corridor_end - INFO - [back_corridor_end.py:57] - 现在是(87,36)
2025-11-23 14:28:14,870 - back_corridor_end - INFO - [back_corridor_end.py:74] - isDotAlive:点(87, 36)是活的
2025-11-23 14:28:14,870 - back_corridor_end - INFO - [back_corridor_end.py:57] - 现在是(87,37)
2025-11-23 14:28:14,870 - back_corridor_end - INFO - [back_corridor_end.py:74] - isDotAlive:点(87, 37)是活的
2025-11-23 14:28:14,870 - back_corridor_end - INFO - [back_corridor_end.py:57] - 现在是(87,38)
2025-11-23 14:28:14,870 - back_corridor_end - INFO - [back_corridor_end.py:74] - isDotAlive:点(87, 38)是活的
2025-11-23 14:28:14,870 - back_corridor_end - INFO - [back_corridor_end.py:57] - 现在是(87,39)
2025-11-23 14:28:14,870 - back_corridor_end - INFO - [back_corridor_end.py:74] - isDotAlive:点(87, 39)是活的
2025-11-23 14:28:14,870 - back_corridor_end - INFO - [back_corridor_end.py:57] - 现在是(88,39)
2025-11-23 14:28:14,870 - back_corridor_end - INFO - [back_corridor_end.py:74] - isDotAlive:点(88, 39)是活的
2025-11-23 14:28:14,870 - back_corridor_end - INFO - [back_corridor_end.py:57] - 现在是(89,39)
2025-11-23 14:28:14,870 - back_corridor_end - INFO - [back_corridor_end.py:74] - isDotAlive:点(89, 39)是活的
2025-11-23 14:28:14,870 - back_corridor_end - INFO - [back_corridor_end.py:57] - 现在是(90,39)
2025-11-23 14:28:14,870 - back_corridor_end - INFO - [back_corridor_end.py:74] - isDotAlive:点(90, 39)是活的
2025-11-23 14:28:14,870 - back_corridor_end - INFO - [back_corridor_end.py:57] - 现在是(91,39)
2025-11-23 14:28:14,870 - back_corridor_end - INFO - [back_corridor_end.py:74] - isDotAlive:点(91, 39)是活的
2025-11-23 14:28:14,870 - back_corridor_end - INFO - [back_corridor_end.py:57] - 现在是(91,38)
2025-11-23 14:28:14,870 - back_corridor_end - INFO - [back_corridor_end.py:74] - isDotAlive:点(91, 38)是活的
2025-11-23 14:28:14,870 - back_corridor_end - INFO - [back_corridor_end.py:57] - 现在是(91,37)
2025-11-23 14:28:14,871 - back_corridor_end - INFO - [back_corridor_end.py:57] - 现在是(90,37)
2025-11-23 14:28:14,871 - back_corridor_end - INFO - [back_corridor_end.py:57] - 现在是(89,37)
2025-11-23 14:28:14,871 - back_corridor_end - INFO - [back_corridor_end.py:80] - isDotAlive:发现死路上的点(89, 37)
2025-11-23 14:28:14,871 - back_corridor_end - INFO - [back_corridor_end.py:57] - 现在是(90,37)
2025-11-23 14:28:14,871 - back_corridor_end - INFO - [back_corridor_end.py:80] - isDotAlive:发现死路上的点(90, 37)
2025-11-23 14:28:14,871 - back_corridor_end - INFO - [back_corridor_end.py:57] - 现在是(91,37)
2025-11-23 14:28:14,871 - back_corridor_end - INFO - [back_corridor_end.py:74] - isDotAlive:点(91, 37)是活的
2025-11-23 14:28:14,871 - back_corridor_end - INFO - [back_corridor_end.py:57] - 现在是(91,36)
2025-11-23 14:28:14,871 - back_corridor_end - INFO - [back_corridor_end.py:74] - isDotAlive:点(91, 36)是活的
2025-11-23 14:28:14,871 - back_corridor_end - INFO - [back_corridor_end.py:57] - 现在是(91,35)
2025-11-23 14:28:14,871 - back_corridor_end - INFO - [back_corridor_end.py:74] - isDotAlive:点(91, 35)是活的
2025-11-23 14:28:14,871 - back_corridor_end - INFO - [back_corridor_end.py:57] - 现在是(91,34)
2025-11-23 14:28:14,871 - back_corridor_end - INFO - [back_corridor_end.py:74] - isDotAlive:点(91, 34)是活的
2025-11-23 14:28:14,871 - back_corridor_end - INFO - [back_corridor_end.py:57] - 现在是(91,33)
2025-11-23 14:28:14,871 - back_corridor_end - INFO - [back_corridor_end.py:74] - isDotAlive:点(91, 33)是活的
2025-11-23 14:28:14,871 - back_corridor_end - INFO - [back_corridor_end.py:57] - 现在是(91,32)
2025-11-23 14:28:14,871 - back_corridor_end - INFO - [back_corridor_end.py:74] - isDotAlive:点(91, 32)是活的
2025-11-23 14:28:14,871 - back_corridor_end - INFO - [back_corridor_end.py:57] - 现在是(91,31)
2025-11-23 14:28:14,871 - back_corridor_end - INFO - [back_corridor_end.py:74] - isDotAlive:点(91, 31)是活的
2025-11-23 14:28:14,871 - back_corridor_end - INFO - [back_corridor_end.py:57] - 现在是(91,30)
2025-11-23 14:28:14,871 - back_corridor_end - INFO - [back_corridor_end.py:74] - isDotAlive:点(91, 30)是活的
2025-11-23 14:28:14,871 - back_corridor_end - INFO - [back_corridor_end.py:57] - 现在是(91,29)
2025-11-23 14:28:14,871 - back_corridor_end - INFO - [back_corridor_end.py:74] - isDotAlive:点(91, 29)是活的
2025-11-23 14:28:14,872 - back_corridor_end - INFO - [back_corridor_end.py:57] - 现在是(91,28)
2025-11-23 14:28:14,872 - back_corridor_end - INFO - [back_corridor_end.py:74] - isDotAlive:点(91, 28)是活的
2025-11-23 14:28:14,872 - back_corridor_end - INFO - [back_corridor_end.py:57] - 现在是(91,27)
2025-11-23 14:28:14,872 - back_corridor_end - INFO - [back_corridor_end.py:57] - 现在是(90,27)
2025-11-23 14:28:14,872 - back_corridor_end - INFO - [back_corridor_end.py:57] - 现在是(89,27)
2025-11-23 14:28:14,872 - back_corridor_end - INFO - [back_corridor_end.py:57] - 现在是(89,28)
2025-11-23 14:28:14,872 - back_corridor_end - INFO - [back_corridor_end.py:57] - 现在是(89,29)
2025-11-23 14:28:14,872 - back_corridor_end - INFO - [back_corridor_end.py:80] - isDotAlive:发现死路上的点(89, 29)
2025-11-23 14:28:14,872 - back_corridor_end - INFO - [back_corridor_end.py:57] - 现在是(89,28)
2025-11-23 14:28:14,872 - back_corridor_end - INFO - [back_corridor_end.py:80] - isDotAlive:发现死路上的点(89, 28)
2025-11-23 14:28:14,872 - back_corridor_end - INFO - [back_corridor_end.py:57] - 现在是(89,27)
2025-11-23 14:28:14,872 - back_corridor_end - INFO - [back_corridor_end.py:80] - isDotAlive:发现死路上的点(89, 27)
2025-11-23 14:28:14,872 - back_corridor_end - INFO - [back_corridor_end.py:57] - 现在是(90,27)
2025-11-23 14:28:14,872 - back_corridor_end - INFO - [back_corridor_end.py:80] - isDotAlive:发现死路上的点(90, 27)
2025-11-23 14:28:14,872 - back_corridor_end - INFO - [back_corridor_end.py:57] - 现在是(91,27)
2025-11-23 14:28:14,872 - back_corridor_end - INFO - [back_corridor_end.py:74] - isDotAlive:点(91, 27)是活的
2025-11-23 14:28:14,872 - back_corridor_end - INFO - [back_corridor_end.py:57] - 现在是(92,27)
2025-11-23 14:28:14,872 - back_corridor_end - INFO - [back_corridor_end.py:74] - isDotAlive:点(92, 27)是活的
2025-11-23 14:28:14,872 - back_corridor_end - INFO - [back_corridor_end.py:57] - 现在是(93,27)
2025-11-23 14:28:14,872 - back_corridor_end - INFO - [back_corridor_end.py:74] - isDotAlive:点(93, 27)是活的
2025-11-23 14:28:14,872 - back_corridor_end - INFO - [back_corridor_end.py:57] - 现在是(93,26)
2025-11-23 14:28:14,872 - back_corridor_end - INFO - [back_corridor_end.py:74] - isDotAlive:点(93, 26)是活的
2025-11-23 14:28:14,873 - back_corridor_end - INFO - [back_corridor_end.py:57] - 现在是(93,25)
2025-11-23 14:28:14,873 - back_corridor_end - INFO - [back_corridor_end.py:74] - isDotAlive:点(93, 25)是活的
2025-11-23 14:28:14,873 - back_corridor_end - INFO - [back_corridor_end.py:57] - 现在是(94,25)
2025-11-23 14:28:14,873 - back_corridor_end - INFO - [back_corridor_end.py:74] - isDotAlive:点(94, 25)是活的
2025-11-23 14:28:14,873 - back_corridor_end - INFO - [back_corridor_end.py:57] - 现在是(95,25)
2025-11-23 14:28:14,873 - back_corridor_end - INFO - [back_corridor_end.py:74] - isDotAlive:点(95, 25)是活的
2025-11-23 14:28:14,873 - back_corridor_end - INFO - [back_corridor_end.py:57] - 现在是(95,26)
2025-11-23 14:28:14,873 - back_corridor_end - INFO - [back_corridor_end.py:74] - isDotAlive:点(95, 26)是活的
2025-11-23 14:28:14,873 - back_corridor_end - INFO - [back_corridor_end.py:57] - 现在是(95,27)
2025-11-23 14:28:14,873 - back_corridor_end - INFO - [back_corridor_end.py:74] - isDotAlive:点(95, 27)是活的
2025-11-23 14:28:14,873 - back_corridor_end - INFO - [back_corridor_end.py:57] - 现在是(96,27)
2025-11-23 14:28:14,873 - back_corridor_end - INFO - [back_corridor_end.py:74] - isDotAlive:点(96, 27)是活的
2025-11-23 14:28:14,873 - back_corridor_end - INFO - [back_corridor_end.py:57] - 现在是(97,27)
2025-11-23 14:28:14,873 - back_corridor_end - INFO - [back_corridor_end.py:74] - isDotAlive:点(97, 27)是活的
2025-11-23 14:28:14,873 - back_corridor_end - INFO - [back_corridor_end.py:57] - 现在是(98,27)
2025-11-23 14:28:14,873 - back_corridor_end - INFO - [back_corridor_end.py:74] - isDotAlive:点(98, 27)是活的
2025-11-23 14:28:14,873 - back_corridor_end - INFO - [back_corridor_end.py:57] - 现在是(99,27)
2025-11-23 14:28:14,873 - back_corridor_end - INFO - [back_corridor_end.py:74] - isDotAlive:点(99, 27)是活的
2025-11-23 14:28:14,873 - back_corridor_end - INFO - [back_corridor_end.py:57] - 现在是(99,26)
2025-11-23 14:28:14,873 - back_corridor_end - INFO - [back_corridor_end.py:74] - isDotAlive:点(99, 26)是活的
2025-11-23 14:28:14,873 - back_corridor_end - INFO - [back_corridor_end.py:57] - 现在是(99,25)
2025-11-23 14:28:14,874 - back_corridor_end - INFO - [back_corridor_end.py:74] - isDotAlive:点(99, 25)是活的
2025-11-23 14:28:14,874 - back_corridor_end - INFO - [back_corridor_end.py:57] - 现在是(99,24)
2025-11-23 14:28:14,874 - back_corridor_end - INFO - [back_corridor_end.py:74] - isDotAlive:点(99, 24)是活的
2025-11-23 14:28:14,874 - back_corridor_end - INFO - [back_corridor_end.py:57] - 现在是(99,23)
2025-11-23 14:28:14,874 - back_corridor_end - INFO - [back_corridor_end.py:57] - 现在是(99,22)
2025-11-23 14:28:14,874 - back_corridor_end - INFO - [back_corridor_end.py:57] - 现在是(99,21)
2025-11-23 14:28:14,874 - back_corridor_end - INFO - [back_corridor_end.py:80] - isDotAlive:发现死路上的点(99, 21)
2025-11-23 14:28:14,874 - back_corridor_end - INFO - [back_corridor_end.py:57] - 现在是(99,22)
2025-11-23 14:28:14,874 - back_corridor_end - INFO - [back_corridor_end.py:80] - isDotAlive:发现死路上的点(99, 22)
2025-11-23 14:28:14,874 - back_corridor_end - INFO - [back_corridor_end.py:57] - 现在是(99,23)
2025-11-23 14:28:14,874 - back_corridor_end - INFO - [back_corridor_end.py:74] - isDotAlive:点(99, 23)是活的
2025-11-23 14:28:14,874 - back_corridor_end - INFO - [back_corridor_end.py:57] - 现在是(98,23)
2025-11-23 14:28:14,874 - back_corridor_end - INFO - [back_corridor_end.py:74] - isDotAlive:点(98, 23)是活的
2025-11-23 14:28:14,874 - back_corridor_end - INFO - [back_corridor_end.py:57] - 现在是(97,23)
2025-11-23 14:28:14,874 - back_corridor_end - INFO - [back_corridor_end.py:57] - 现在是(97,24)
2025-11-23 14:28:14,874 - back_corridor_end - INFO - [back_corridor_end.py:57] - 现在是(97,25)
2025-11-23 14:28:14,874 - back_corridor_end - INFO - [back_corridor_end.py:80] - isDotAlive:发现死路上的点(97, 25)
2025-11-23 14:28:14,874 - back_corridor_end - INFO - [back_corridor_end.py:57] - 现在是(97,24)
2025-11-23 14:28:14,874 - back_corridor_end - INFO - [back_corridor_end.py:80] - isDotAlive:发现死路上的点(97, 24)
2025-11-23 14:28:14,874 - back_corridor_end - INFO - [back_corridor_end.py:57] - 现在是(97,23)
2025-11-23 14:28:14,874 - back_corridor_end - INFO - [back_corridor_end.py:74] - isDotAlive:点(97, 23)是活的
2025-11-23 14:28:14,874 - back_corridor_end - INFO - [back_corridor_end.py:57] - 现在是(97,22)
2025-11-23 14:28:14,875 - back_corridor_end - INFO - [back_corridor_end.py:74] - isDotAlive:点(97, 22)是活的
2025-11-23 14:28:14,875 - back_corridor_end - INFO - [back_corridor_end.py:57] - 现在是(97,21)
2025-11-23 14:28:14,875 - back_corridor_end - INFO - [back_corridor_end.py:74] - isDotAlive:点(97, 21)是活的
2025-11-23 14:28:14,875 - back_corridor_end - INFO - [back_corridor_end.py:57] - 现在是(96,21)
2025-11-23 14:28:14,875 - back_corridor_end - INFO - [back_corridor_end.py:74] - isDotAlive:点(96, 21)是活的
2025-11-23 14:28:14,875 - back_corridor_end - INFO - [back_corridor_end.py:57] - 现在是(95,21)
2025-11-23 14:28:14,875 - back_corridor_end - INFO - [back_corridor_end.py:74] - isDotAlive:点(95, 21)是活的
2025-11-23 14:28:14,875 - back_corridor_end - INFO - [back_corridor_end.py:57] - 现在是(94,21)
2025-11-23 14:28:14,875 - back_corridor_end - INFO - [back_corridor_end.py:74] - isDotAlive:点(94, 21)是活的
2025-11-23 14:28:14,875 - back_corridor_end - INFO - [back_corridor_end.py:57] - 现在是(93,21)
2025-11-23 14:28:14,875 - back_corridor_end - INFO - [back_corridor_end.py:74] - isDotAlive:点(93, 21)是活的
2025-11-23 14:28:14,875 - back_corridor_end - INFO - [back_corridor_end.py:57] - 现在是(92,21)
2025-11-23 14:28:14,875 - back_corridor_end - INFO - [back_corridor_end.py:74] - isDotAlive:点(92, 21)是活的
2025-11-23 14:28:14,875 - back_corridor_end - INFO - [back_corridor_end.py:57] - 现在是(91,21)
2025-11-23 14:28:14,875 - back_corridor_end - INFO - [back_corridor_end.py:74] - isDotAlive:点(91, 21)是活的
2025-11-23 14:28:14,875 - back_corridor_end - INFO - [back_corridor_end.py:57] - 现在是(91,22)
2025-11-23 14:28:14,875 - back_corridor_end - INFO - [back_corridor_end.py:74] - isDotAlive:点(91, 22)是活的
2025-11-23 14:28:14,875 - back_corridor_end - INFO - [back_corridor_end.py:57] - 现在是(91,23)
2025-11-23 14:28:14,875 - back_corridor_end - INFO - [back_corridor_end.py:74] - isDotAlive:点(91, 23)是活的
2025-11-23 14:28:14,875 - back_corridor_end - INFO - [back_corridor_end.py:57] - 现在是(91,24)
2025-11-23 14:28:14,875 - back_corridor_end - INFO - [back_corridor_end.py:74] - isDotAlive:点(91, 24)是活的
2025-11-23 14:28:14,875 - back_corridor_end - INFO - [back_corridor_end.py:57] - 现在是(91,25)
2025-11-23 14:28:14,876 - back_corridor_end - INFO - [back_corridor_end.py:74] - isDotAlive:点(91, 25)是活的
2025-11-23 14:28:14,876 - back_corridor_end - INFO - [back_corridor_end.py:57] - 现在是(90,25)
2025-11-23 14:28:14,876 - back_corridor_end - INFO - [back_corridor_end.py:74] - isDotAlive:点(90, 25)是活的
2025-11-23 14:28:14,876 - back_corridor_end - INFO - [back_corridor_end.py:57] - 现在是(89,25)
2025-11-23 14:28:14,876 - back_corridor_end - INFO - [back_corridor_end.py:74] - isDotAlive:点(89, 25)是活的
2025-11-23 14:28:14,876 - back_corridor_end - INFO - [back_corridor_end.py:57] - 现在是(89,24)
2025-11-23 14:28:14,876 - back_corridor_end - INFO - [back_corridor_end.py:74] - isDotAlive:点(89, 24)是活的
2025-11-23 14:28:14,876 - back_corridor_end - INFO - [back_corridor_end.py:57] - 现在是(89,23)
2025-11-23 14:28:14,876 - back_corridor_end - INFO - [back_corridor_end.py:74] - isDotAlive:点(89, 23)是活的
2025-11-23 14:28:14,876 - back_corridor_end - INFO - [back_corridor_end.py:57] - 现在是(88,23)
2025-11-23 14:28:14,876 - back_corridor_end - INFO - [back_corridor_end.py:74] - isDotAlive:点(88, 23)是活的
2025-11-23 14:28:14,876 - back_corridor_end - INFO - [back_corridor_end.py:57] - 现在是(87,23)
2025-11-23 14:28:14,876 - back_corridor_end - INFO - [back_corridor_end.py:74] - isDotAlive:点(87, 23)是活的
2025-11-23 14:28:14,876 - back_corridor_end - INFO - [back_corridor_end.py:57] - 现在是(87,22)
2025-11-23 14:28:14,876 - back_corridor_end - INFO - [back_corridor_end.py:74] - isDotAlive:点(87, 22)是活的
2025-11-23 14:28:14,876 - back_corridor_end - INFO - [back_corridor_end.py:57] - 现在是(87,21)
2025-11-23 14:28:14,876 - back_corridor_end - INFO - [back_corridor_end.py:74] - isDotAlive:点(87, 21)是活的
2025-11-23 14:28:14,876 - back_corridor_end - INFO - [back_corridor_end.py:57] - 现在是(86,21)
2025-11-23 14:28:14,876 - back_corridor_end - INFO - [back_corridor_end.py:74] - isDotAlive:点(86, 21)是活的
2025-11-23 14:28:14,876 - back_corridor_end - INFO - [back_corridor_end.py:57] - 现在是(85,21)
2025-11-23 14:28:14,876 - back_corridor_end - INFO - [back_corridor_end.py:74] - isDotAlive:点(85, 21)是活的
2025-11-23 14:28:14,876 - back_corridor_end - INFO - [back_corridor_end.py:57] - 现在是(85,22)
2025-11-23 14:28:14,876 - back_corridor_end - INFO - [back_corridor_end.py:74] - isDotAlive:点(85, 22)是活的
2025-11-23 14:28:14,877 - back_corridor_end - INFO - [back_corridor_end.py:57] - 现在是(85,23)
2025-11-23 14:28:14,877 - back_corridor_end - INFO - [back_corridor_end.py:74] - isDotAlive:点(85, 23)是活的
2025-11-23 14:28:14,877 - back_corridor_end - INFO - [back_corridor_end.py:57] - 现在是(84,23)
2025-11-23 14:28:14,877 - back_corridor_end - INFO - [back_corridor_end.py:74] - isDotAlive:点(84, 23)是活的
2025-11-23 14:28:14,877 - back_corridor_end - INFO - [back_corridor_end.py:57] - 现在是(83,23)
2025-11-23 14:28:14,877 - back_corridor_end - INFO - [back_corridor_end.py:74] - isDotAlive:点(83, 23)是活的
2025-11-23 14:28:14,877 - back_corridor_end - INFO - [back_corridor_end.py:57] - 现在是(82,23)
2025-11-23 14:28:14,877 - back_corridor_end - INFO - [back_corridor_end.py:74] - isDotAlive:点(82, 23)是活的
2025-11-23 14:28:14,877 - back_corridor_end - INFO - [back_corridor_end.py:57] - 现在是(81,23)
2025-11-23 14:28:14,877 - back_corridor_end - INFO - [back_corridor_end.py:74] - isDotAlive:点(81, 23)是活的
2025-11-23 14:28:14,877 - back_corridor_end - INFO - [back_corridor_end.py:57] - 现在是(80,23)
2025-11-23 14:28:14,877 - back_corridor_end - INFO - [back_corridor_end.py:74] - isDotAlive:点(80, 23)是活的
2025-11-23 14:28:14,877 - back_corridor_end - INFO - [back_corridor_end.py:57] - 现在是(79,23)
2025-11-23 14:28:14,877 - back_corridor_end - INFO - [back_corridor_end.py:57] - 现在是(78,23)
2025-11-23 14:28:14,877 - back_corridor_end - INFO - [back_corridor_end.py:57] - 现在是(77,23)
2025-11-23 14:28:14,877 - back_corridor_end - INFO - [back_corridor_end.py:80] - isDotAlive:发现死路上的点(77, 23)
2025-11-23 14:28:14,877 - back_corridor_end - INFO - [back_corridor_end.py:57] - 现在是(78,23)
2025-11-23 14:28:14,877 - back_corridor_end - INFO - [back_corridor_end.py:80] - isDotAlive:发现死路上的点(78, 23)
2025-11-23 14:28:14,877 - back_corridor_end - INFO - [back_corridor_end.py:57] - 现在是(79,23)
2025-11-23 14:28:14,877 - back_corridor_end - INFO - [back_corridor_end.py:74] - isDotAlive:点(79, 23)是活的
2025-11-23 14:28:14,877 - back_corridor_end - INFO - [back_corridor_end.py:57] - 现在是(79,22)
2025-11-23 14:28:14,877 - back_corridor_end - INFO - [back_corridor_end.py:74] - isDotAlive:点(79, 22)是活的
2025-11-23 14:28:14,877 - back_corridor_end - INFO - [back_corridor_end.py:57] - 现在是(79,21)
2025-11-23 14:28:14,878 - back_corridor_end - INFO - [back_corridor_end.py:74] - isDotAlive:点(79, 21)是活的
2025-11-23 14:28:14,878 - back_corridor_end - INFO - [back_corridor_end.py:57] - 现在是(79,20)
2025-11-23 14:28:14,878 - back_corridor_end - INFO - [back_corridor_end.py:74] - isDotAlive:点(79, 20)是活的
2025-11-23 14:28:14,878 - back_corridor_end - INFO - [back_corridor_end.py:57] - 现在是(79,19)
2025-11-23 14:28:14,878 - back_corridor_end - INFO - [back_corridor_end.py:74] - isDotAlive:点(79, 19)是活的
2025-11-23 14:28:14,878 - back_corridor_end - INFO - [back_corridor_end.py:57] - 现在是(78,19)
2025-11-23 14:28:14,878 - back_corridor_end - INFO - [back_corridor_end.py:74] - isDotAlive:点(78, 19)是活的
2025-11-23 14:28:14,878 - back_corridor_end - INFO - [back_corridor_end.py:57] - 现在是(77,19)
2025-11-23 14:28:14,878 - back_corridor_end - INFO - [back_corridor_end.py:57] - 现在是(77,20)
2025-11-23 14:28:14,878 - back_corridor_end - INFO - [back_corridor_end.py:57] - 现在是(77,21)
2025-11-23 14:28:14,878 - back_corridor_end - INFO - [back_corridor_end.py:80] - isDotAlive:发现死路上的点(77, 21)
2025-11-23 14:28:14,878 - back_corridor_end - INFO - [back_corridor_end.py:57] - 现在是(77,20)
2025-11-23 14:28:14,878 - back_corridor_end - INFO - [back_corridor_end.py:80] - isDotAlive:发现死路上的点(77, 20)
2025-11-23 14:28:14,878 - back_corridor_end - INFO - [back_corridor_end.py:57] - 现在是(77,19)
2025-11-23 14:28:14,878 - back_corridor_end - INFO - [back_corridor_end.py:74] - isDotAlive:点(77, 19)是活的
2025-11-23 14:28:14,878 - back_corridor_end - INFO - [back_corridor_end.py:57] - 现在是(77,18)
2025-11-23 14:28:14,878 - back_corridor_end - INFO - [back_corridor_end.py:74] - isDotAlive:点(77, 18)是活的
2025-11-23 14:28:14,878 - back_corridor_end - INFO - [back_corridor_end.py:57] - 现在是(77,17)
2025-11-23 14:28:14,878 - back_corridor_end - INFO - [back_corridor_end.py:57] - 现在是(76,17)
2025-11-23 14:28:14,878 - back_corridor_end - INFO - [back_corridor_end.py:57] - 现在是(75,17)
2025-11-23 14:28:14,878 - back_corridor_end - INFO - [back_corridor_end.py:57] - 现在是(75,18)
2025-11-23 14:28:14,878 - back_corridor_end - INFO - [back_corridor_end.py:57] - 现在是(75,19)
2025-11-23 14:28:14,878 - back_corridor_end - INFO - [back_corridor_end.py:57] - 现在是(74,19)
2025-11-23 14:28:14,879 - back_corridor_end - INFO - [back_corridor_end.py:57] - 现在是(73,19)
2025-11-23 14:28:14,879 - back_corridor_end - INFO - [back_corridor_end.py:57] - 现在是(73,18)
2025-11-23 14:28:14,879 - back_corridor_end - INFO - [back_corridor_end.py:57] - 现在是(73,17)
2025-11-23 14:28:14,879 - back_corridor_end - INFO - [back_corridor_end.py:57] - 现在是(73,16)
2025-11-23 14:28:14,879 - back_corridor_end - INFO - [back_corridor_end.py:57] - 现在是(73,15)
2025-11-23 14:28:14,879 - back_corridor_end - INFO - [back_corridor_end.py:57] - 现在是(73,14)
2025-11-23 14:28:14,879 - back_corridor_end - INFO - [back_corridor_end.py:57] - 现在是(73,13)
2025-11-23 14:28:14,879 - back_corridor_end - INFO - [back_corridor_end.py:57] - 现在是(74,13)
2025-11-23 14:28:14,879 - back_corridor_end - INFO - [back_corridor_end.py:57] - 现在是(75,13)
2025-11-23 14:28:14,879 - back_corridor_end - INFO - [back_corridor_end.py:57] - 现在是(75,14)
2025-11-23 14:28:14,879 - back_corridor_end - INFO - [back_corridor_end.py:57] - 现在是(75,15)
2025-11-23 14:28:14,879 - back_corridor_end - INFO - [back_corridor_end.py:57] - 现在是(76,15)
2025-11-23 14:28:14,879 - back_corridor_end - INFO - [back_corridor_end.py:57] - 现在是(77,15)
2025-11-23 14:28:14,879 - back_corridor_end - INFO - [back_corridor_end.py:57] - 现在是(77,14)
2025-11-23 14:28:14,879 - back_corridor_end - INFO - [back_corridor_end.py:57] - 现在是(77,13)
2025-11-23 14:28:14,879 - back_corridor_end - INFO - [back_corridor_end.py:80] - isDotAlive:发现死路上的点(77, 13)
2025-11-23 14:28:14,879 - back_corridor_end - INFO - [back_corridor_end.py:57] - 现在是(77,14)
2025-11-23 14:28:14,879 - back_corridor_end - INFO - [back_corridor_end.py:80] - isDotAlive:发现死路上的点(77, 14)
2025-11-23 14:28:14,879 - back_corridor_end - INFO - [back_corridor_end.py:57] - 现在是(77,15)
2025-11-23 14:28:14,879 - back_corridor_end - INFO - [back_corridor_end.py:80] - isDotAlive:发现死路上的点(77, 15)
2025-11-23 14:28:14,879 - back_corridor_end - INFO - [back_corridor_end.py:57] - 现在是(76,15)
2025-11-23 14:28:14,879 - back_corridor_end - INFO - [back_corridor_end.py:80] - isDotAlive:发现死路上的点(76, 15)
2025-11-23 14:28:14,879 - back_corridor_end - INFO - [back_corridor_end.py:57] - 现在是(75,15)
2025-11-23 14:28:14,880 - back_corridor_end - INFO - [back_corridor_end.py:80] - isDotAlive:发现死路上的点(75, 15)
2025-11-23 14:28:14,880 - back_corridor_end - INFO - [back_corridor_end.py:57] - 现在是(75,14)
2025-11-23 14:28:14,880 - back_corridor_end - INFO - [back_corridor_end.py:80] - isDotAlive:发现死路上的点(75, 14)
2025-11-23 14:28:14,880 - back_corridor_end - INFO - [back_corridor_end.py:57] - 现在是(75,13)
2025-11-23 14:28:14,880 - back_corridor_end - INFO - [back_corridor_end.py:57] - 现在是(75,12)
2025-11-23 14:28:14,880 - back_corridor_end - INFO - [back_corridor_end.py:57] - 现在是(75,11)
2025-11-23 14:28:14,880 - back_corridor_end - INFO - [back_corridor_end.py:74] - isDotAlive:点(75, 11)是活的
2025-11-23 14:28:14,880 - back_corridor_end - INFO - [back_corridor_end.py:57] - 现在是(75,12)
2025-11-23 14:28:14,880 - back_corridor_end - INFO - [back_corridor_end.py:74] - isDotAlive:点(75, 12)是活的
2025-11-23 14:28:14,880 - back_corridor_end - INFO - [back_corridor_end.py:57] - 现在是(75,13)
2025-11-23 14:28:14,880 - back_corridor_end - INFO - [back_corridor_end.py:74] - isDotAlive:点(75, 13)是活的
2025-11-23 14:28:14,880 - back_corridor_end - INFO - [back_corridor_end.py:57] - 现在是(74,13)
2025-11-23 14:28:14,880 - back_corridor_end - INFO - [back_corridor_end.py:74] - isDotAlive:点(74, 13)是活的
2025-11-23 14:28:14,880 - back_corridor_end - INFO - [back_corridor_end.py:57] - 现在是(73,13)
2025-11-23 14:28:14,880 - back_corridor_end - INFO - [back_corridor_end.py:74] - isDotAlive:点(73, 13)是活的
2025-11-23 14:28:14,880 - back_corridor_end - INFO - [back_corridor_end.py:57] - 现在是(73,14)
2025-11-23 14:28:14,880 - back_corridor_end - INFO - [back_corridor_end.py:74] - isDotAlive:点(73, 14)是活的
2025-11-23 14:28:14,880 - back_corridor_end - INFO - [back_corridor_end.py:57] - 现在是(73,15)
2025-11-23 14:28:14,880 - back_corridor_end - INFO - [back_corridor_end.py:74] - isDotAlive:点(73, 15)是活的
2025-11-23 14:28:14,880 - back_corridor_end - INFO - [back_corridor_end.py:57] - 现在是(73,16)
2025-11-23 14:28:14,880 - back_corridor_end - INFO - [back_corridor_end.py:74] - isDotAlive:点(73, 16)是活的
2025-11-23 14:28:14,880 - back_corridor_end - INFO - [back_corridor_end.py:57] - 现在是(73,17)
2025-11-23 14:28:14,881 - back_corridor_end - INFO - [back_corridor_end.py:74] - isDotAlive:点(73, 17)是活的
2025-11-23 14:28:14,881 - back_corridor_end - INFO - [back_corridor_end.py:57] - 现在是(73,18)
2025-11-23 14:28:14,881 - back_corridor_end - INFO - [back_corridor_end.py:74] - isDotAlive:点(73, 18)是活的
2025-11-23 14:28:14,881 - back_corridor_end - INFO - [back_corridor_end.py:57] - 现在是(73,19)
2025-11-23 14:28:14,881 - back_corridor_end - INFO - [back_corridor_end.py:74] - isDotAlive:点(73, 19)是活的
2025-11-23 14:28:14,881 - back_corridor_end - INFO - [back_corridor_end.py:57] - 现在是(74,19)
2025-11-23 14:28:14,881 - back_corridor_end - INFO - [back_corridor_end.py:74] - isDotAlive:点(74, 19)是活的
2025-11-23 14:28:14,881 - back_corridor_end - INFO - [back_corridor_end.py:57] - 现在是(75,19)
2025-11-23 14:28:14,881 - back_corridor_end - INFO - [back_corridor_end.py:74] - isDotAlive:点(75, 19)是活的
2025-11-23 14:28:14,881 - back_corridor_end - INFO - [back_corridor_end.py:57] - 现在是(75,18)
2025-11-23 14:28:14,881 - back_corridor_end - INFO - [back_corridor_end.py:74] - isDotAlive:点(75, 18)是活的
2025-11-23 14:28:14,881 - back_corridor_end - INFO - [back_corridor_end.py:57] - 现在是(75,17)
2025-11-23 14:28:14,881 - back_corridor_end - INFO - [back_corridor_end.py:74] - isDotAlive:点(75, 17)是活的
2025-11-23 14:28:14,881 - back_corridor_end - INFO - [back_corridor_end.py:57] - 现在是(76,17)
2025-11-23 14:28:14,881 - back_corridor_end - INFO - [back_corridor_end.py:74] - isDotAlive:点(76, 17)是活的
2025-11-23 14:28:14,881 - back_corridor_end - INFO - [back_corridor_end.py:57] - 现在是(77,17)
2025-11-23 14:28:14,881 - back_corridor_end - INFO - [back_corridor_end.py:74] - isDotAlive:点(77, 17)是活的
2025-11-23 14:28:14,881 - back_corridor_end - INFO - [back_corridor_end.py:57] - 现在是(78,17)
2025-11-23 14:28:14,881 - back_corridor_end - INFO - [back_corridor_end.py:74] - isDotAlive:点(78, 17)是活的
2025-11-23 14:28:14,881 - back_corridor_end - INFO - [back_corridor_end.py:57] - 现在是(79,17)
2025-11-23 14:28:14,881 - back_corridor_end - INFO - [back_corridor_end.py:74] - isDotAlive:点(79, 17)是活的
2025-11-23 14:28:14,881 - back_corridor_end - INFO - [back_corridor_end.py:57] - 现在是(79,16)
2025-11-23 14:28:14,882 - back_corridor_end - INFO - [back_corridor_end.py:74] - isDotAlive:点(79, 16)是活的
2025-11-23 14:28:14,882 - back_corridor_end - INFO - [back_corridor_end.py:57] - 现在是(79,15)
2025-11-23 14:28:14,882 - back_corridor_end - INFO - [back_corridor_end.py:74] - isDotAlive:点(79, 15)是活的
2025-11-23 14:28:14,882 - back_corridor_end - INFO - [back_corridor_end.py:57] - 现在是(80,15)
2025-11-23 14:28:14,882 - back_corridor_end - INFO - [back_corridor_end.py:74] - isDotAlive:点(80, 15)是活的
2025-11-23 14:28:14,882 - back_corridor_end - INFO - [back_corridor_end.py:57] - 现在是(81,15)
2025-11-23 14:28:14,882 - back_corridor_end - INFO - [back_corridor_end.py:74] - isDotAlive:点(81, 15)是活的
2025-11-23 14:28:14,882 - back_corridor_end - INFO - [back_corridor_end.py:57] - 现在是(82,15)
2025-11-23 14:28:14,882 - back_corridor_end - INFO - [back_corridor_end.py:74] - isDotAlive:点(82, 15)是活的
2025-11-23 14:28:14,882 - back_corridor_end - INFO - [back_corridor_end.py:57] - 现在是(83,15)
2025-11-23 14:28:14,882 - back_corridor_end - INFO - [back_corridor_end.py:74] - isDotAlive:点(83, 15)是活的
2025-11-23 14:28:14,882 - back_corridor_end - INFO - [back_corridor_end.py:57] - 现在是(83,14)
2025-11-23 14:28:14,882 - back_corridor_end - INFO - [back_corridor_end.py:74] - isDotAlive:点(83, 14)是活的
2025-11-23 14:28:14,882 - back_corridor_end - INFO - [back_corridor_end.py:57] - 现在是(83,13)
2025-11-23 14:28:14,882 - back_corridor_end - INFO - [back_corridor_end.py:57] - 现在是(82,13)
2025-11-23 14:28:14,882 - back_corridor_end - INFO - [back_corridor_end.py:57] - 现在是(81,13)
2025-11-23 14:28:14,882 - back_corridor_end - INFO - [back_corridor_end.py:57] - 现在是(80,13)
2025-11-23 14:28:14,882 - back_corridor_end - INFO - [back_corridor_end.py:57] - 现在是(79,13)
2025-11-23 14:28:14,882 - back_corridor_end - INFO - [back_corridor_end.py:80] - isDotAlive:发现死路上的点(79, 13)
2025-11-23 14:28:14,882 - back_corridor_end - INFO - [back_corridor_end.py:57] - 现在是(80,13)
2025-11-23 14:28:14,882 - back_corridor_end - INFO - [back_corridor_end.py:80] - isDotAlive:发现死路上的点(80, 13)
2025-11-23 14:28:14,882 - back_corridor_end - INFO - [back_corridor_end.py:57] - 现在是(81,13)
2025-11-23 14:28:14,883 - back_corridor_end - INFO - [back_corridor_end.py:80] - isDotAlive:发现死路上的点(81, 13)
2025-11-23 14:28:14,883 - back_corridor_end - INFO - [back_corridor_end.py:57] - 现在是(82,13)
2025-11-23 14:28:14,883 - back_corridor_end - INFO - [back_corridor_end.py:80] - isDotAlive:发现死路上的点(82, 13)
2025-11-23 14:28:14,883 - back_corridor_end - INFO - [back_corridor_end.py:57] - 现在是(83,13)
2025-11-23 14:28:14,883 - back_corridor_end - INFO - [back_corridor_end.py:74] - isDotAlive:点(83, 13)是活的
2025-11-23 14:28:14,883 - back_corridor_end - INFO - [back_corridor_end.py:57] - 现在是(84,13)
2025-11-23 14:28:14,883 - back_corridor_end - INFO - [back_corridor_end.py:74] - isDotAlive:点(84, 13)是活的
2025-11-23 14:28:14,883 - back_corridor_end - INFO - [back_corridor_end.py:57] - 现在是(84,12)
2025-11-23 14:28:14,883 - back_corridor_end - INFO - [back_corridor_end.py:74] - isDotAlive:点(84, 12)是活的
2025-11-23 14:28:14,883 - back_corridor_end - INFO - [back_corridor_end.py:46] - dfs从(85,8)开始
2025-11-23 14:28:14,883 - back_corridor_end - INFO - [back_corridor_end.py:57] - 现在是(85,8)
2025-11-23 14:28:14,883 - back_corridor_end - INFO - [back_corridor_end.py:57] - 现在是(85,7)
2025-11-23 14:28:14,883 - back_corridor_end - INFO - [back_corridor_end.py:57] - 现在是(84,7)
2025-11-23 14:28:14,883 - back_corridor_end - INFO - [back_corridor_end.py:57] - 现在是(83,7)
2025-11-23 14:28:14,883 - back_corridor_end - INFO - [back_corridor_end.py:57] - 现在是(82,7)
2025-11-23 14:28:14,883 - back_corridor_end - INFO - [back_corridor_end.py:57] - 现在是(81,7)
2025-11-23 14:28:14,883 - back_corridor_end - INFO - [back_corridor_end.py:80] - isDotAlive:发现死路上的点(81, 7)
2025-11-23 14:28:14,883 - back_corridor_end - INFO - [back_corridor_end.py:57] - 现在是(82,7)
2025-11-23 14:28:14,883 - back_corridor_end - INFO - [back_corridor_end.py:80] - isDotAlive:发现死路上的点(82, 7)
2025-11-23 14:28:14,883 - back_corridor_end - INFO - [back_corridor_end.py:57] - 现在是(83,7)
2025-11-23 14:28:14,883 - back_corridor_end - INFO - [back_corridor_end.py:80] - isDotAlive:发现死路上的点(83, 7)
2025-11-23 14:28:14,883 - back_corridor_end - INFO - [back_corridor_end.py:57] - 现在是(84,7)
2025-11-23 14:28:14,884 - back_corridor_end - INFO - [back_corridor_end.py:80] - isDotAlive:发现死路上的点(84, 7)
2025-11-23 14:28:14,884 - back_corridor_end - INFO - [back_corridor_end.py:57] - 现在是(85,7)
2025-11-23 14:28:14,884 - back_corridor_end - INFO - [back_corridor_end.py:57] - 现在是(85,6)
2025-11-23 14:28:14,884 - back_corridor_end - INFO - [back_corridor_end.py:57] - 现在是(85,5)
2025-11-23 14:28:14,884 - back_corridor_end - INFO - [back_corridor_end.py:57] - 现在是(86,5)
2025-11-23 14:28:14,884 - back_corridor_end - INFO - [back_corridor_end.py:57] - 现在是(87,5)
2025-11-23 14:28:14,884 - back_corridor_end - INFO - [back_corridor_end.py:57] - 现在是(87,6)
2025-11-23 14:28:14,884 - back_corridor_end - INFO - [back_corridor_end.py:57] - 现在是(87,7)
2025-11-23 14:28:14,884 - back_corridor_end - INFO - [back_corridor_end.py:57] - 现在是(87,8)
2025-11-23 14:28:14,884 - back_corridor_end - INFO - [back_corridor_end.py:57] - 现在是(87,9)
2025-11-23 14:28:14,884 - back_corridor_end - INFO - [back_corridor_end.py:80] - isDotAlive:发现死路上的点(87, 9)
2025-11-23 14:28:14,884 - back_corridor_end - INFO - [back_corridor_end.py:57] - 现在是(87,8)
2025-11-23 14:28:14,884 - back_corridor_end - INFO - [back_corridor_end.py:80] - isDotAlive:发现死路上的点(87, 8)
2025-11-23 14:28:14,884 - back_corridor_end - INFO - [back_corridor_end.py:57] - 现在是(87,7)
2025-11-23 14:28:14,884 - back_corridor_end - INFO - [back_corridor_end.py:80] - isDotAlive:发现死路上的点(87, 7)
2025-11-23 14:28:14,884 - back_corridor_end - INFO - [back_corridor_end.py:57] - 现在是(87,6)
2025-11-23 14:28:14,884 - back_corridor_end - INFO - [back_corridor_end.py:80] - isDotAlive:发现死路上的点(87, 6)
2025-11-23 14:28:14,884 - back_corridor_end - INFO - [back_corridor_end.py:57] - 现在是(87,5)
2025-11-23 14:28:14,884 - back_corridor_end - INFO - [back_corridor_end.py:57] - 现在是(87,4)
2025-11-23 14:28:14,884 - back_corridor_end - INFO - [back_corridor_end.py:57] - 现在是(87,3)
2025-11-23 14:28:14,884 - back_corridor_end - INFO - [back_corridor_end.py:57] - 现在是(86,3)
2025-11-23 14:28:14,884 - back_corridor_end - INFO - [back_corridor_end.py:57] - 现在是(85,3)
2025-11-23 14:28:14,884 - back_corridor_end - INFO - [back_corridor_end.py:57] - 现在是(85,2)
2025-11-23 14:28:14,884 - back_corridor_end - INFO - [back_corridor_end.py:57] - 现在是(85,1)
2025-11-23 14:28:14,884 - back_corridor_end - INFO - [back_corridor_end.py:57] - 现在是(86,1)
2025-11-23 14:28:14,885 - back_corridor_end - INFO - [back_corridor_end.py:57] - 现在是(87,1)
2025-11-23 14:28:14,885 - back_corridor_end - INFO - [back_corridor_end.py:80] - isDotAlive:发现死路上的点(87, 1)
2025-11-23 14:28:14,885 - back_corridor_end - INFO - [back_corridor_end.py:57] - 现在是(86,1)
2025-11-23 14:28:14,885 - back_corridor_end - INFO - [back_corridor_end.py:80] - isDotAlive:发现死路上的点(86, 1)
2025-11-23 14:28:14,885 - back_corridor_end - INFO - [back_corridor_end.py:57] - 现在是(85,1)
2025-11-23 14:28:14,885 - back_corridor_end - INFO - [back_corridor_end.py:80] - isDotAlive:发现死路上的点(85, 1)
2025-11-23 14:28:14,885 - back_corridor_end - INFO - [back_corridor_end.py:57] - 现在是(85,2)
2025-11-23 14:28:14,885 - back_corridor_end - INFO - [back_corridor_end.py:74] - isDotAlive:点(85, 2)是活的
2025-11-23 14:28:14,885 - back_corridor_end - INFO - [back_corridor_end.py:57] - 现在是(85,3)
2025-11-23 14:28:14,885 - back_corridor_end - INFO - [back_corridor_end.py:74] - isDotAlive:点(85, 3)是活的
2025-11-23 14:28:14,885 - back_corridor_end - INFO - [back_corridor_end.py:57] - 现在是(86,3)
2025-11-23 14:28:14,885 - back_corridor_end - INFO - [back_corridor_end.py:74] - isDotAlive:点(86, 3)是活的
2025-11-23 14:28:14,885 - back_corridor_end - INFO - [back_corridor_end.py:57] - 现在是(87,3)
2025-11-23 14:28:14,885 - back_corridor_end - INFO - [back_corridor_end.py:74] - isDotAlive:点(87, 3)是活的
2025-11-23 14:28:14,885 - back_corridor_end - INFO - [back_corridor_end.py:57] - 现在是(87,4)
2025-11-23 14:28:14,885 - back_corridor_end - INFO - [back_corridor_end.py:74] - isDotAlive:点(87, 4)是活的
2025-11-23 14:28:14,885 - back_corridor_end - INFO - [back_corridor_end.py:57] - 现在是(87,5)
2025-11-23 14:28:14,885 - back_corridor_end - INFO - [back_corridor_end.py:74] - isDotAlive:点(87, 5)是活的
2025-11-23 14:28:14,885 - back_corridor_end - INFO - [back_corridor_end.py:57] - 现在是(86,5)
2025-11-23 14:28:14,885 - back_corridor_end - INFO - [back_corridor_end.py:74] - isDotAlive:点(86, 5)是活的
2025-11-23 14:28:14,885 - back_corridor_end - INFO - [back_corridor_end.py:57] - 现在是(85,5)
2025-11-23 14:28:14,885 - back_corridor_end - INFO - [back_corridor_end.py:74] - isDotAlive:点(85, 5)是活的
2025-11-23 14:28:14,885 - back_corridor_end - INFO - [back_corridor_end.py:57] - 现在是(85,6)
2025-11-23 14:28:14,885 - back_corridor_end - INFO - [back_corridor_end.py:74] - isDotAlive:点(85, 6)是活的
2025-11-23 14:28:14,885 - back_corridor_end - INFO - [back_corridor_end.py:57] - 现在是(85,7)
2025-11-23 14:28:14,886 - back_corridor_end - INFO - [back_corridor_end.py:74] - isDotAlive:点(85, 7)是活的
2025-11-23 14:28:14,886 - back_corridor_end - INFO - [back_corridor_end.py:57] - 现在是(85,8)
2025-11-23 14:28:14,886 - back_corridor_end - INFO - [back_corridor_end.py:74] - isDotAlive:点(85, 8)是活的
2025-11-23 14:28:14,886 - back_corridor_end - INFO - [back_corridor_end.py:46] - dfs从(76,9)开始
2025-11-23 14:28:14,886 - back_corridor_end - INFO - [back_corridor_end.py:57] - 现在是(76,9)
2025-11-23 14:28:14,886 - back_corridor_end - INFO - [back_corridor_end.py:57] - 现在是(75,9)
2025-11-23 14:28:14,886 - back_corridor_end - INFO - [back_corridor_end.py:57] - 现在是(75,8)
2025-11-23 14:28:14,886 - back_corridor_end - INFO - [back_corridor_end.py:57] - 现在是(75,7)
2025-11-23 14:28:14,886 - back_corridor_end - INFO - [back_corridor_end.py:57] - 现在是(76,7)
2025-11-23 14:28:14,886 - back_corridor_end - INFO - [back_corridor_end.py:57] - 现在是(77,7)
2025-11-23 14:28:14,886 - back_corridor_end - INFO - [back_corridor_end.py:57] - 现在是(78,7)
2025-11-23 14:28:14,886 - back_corridor_end - INFO - [back_corridor_end.py:57] - 现在是(79,7)
2025-11-23 14:28:14,886 - back_corridor_end - INFO - [back_corridor_end.py:80] - isDotAlive:发现死路上的点(79, 7)
2025-11-23 14:28:14,886 - back_corridor_end - INFO - [back_corridor_end.py:57] - 现在是(78,7)
2025-11-23 14:28:14,886 - back_corridor_end - INFO - [back_corridor_end.py:74] - isDotAlive:点(78, 7)是活的
2025-11-23 14:28:14,886 - back_corridor_end - INFO - [back_corridor_end.py:57] - 现在是(77,7)
2025-11-23 14:28:14,886 - back_corridor_end - INFO - [back_corridor_end.py:74] - isDotAlive:点(77, 7)是活的
2025-11-23 14:28:14,886 - back_corridor_end - INFO - [back_corridor_end.py:57] - 现在是(76,7)
2025-11-23 14:28:14,886 - back_corridor_end - INFO - [back_corridor_end.py:74] - isDotAlive:点(76, 7)是活的
2025-11-23 14:28:14,886 - back_corridor_end - INFO - [back_corridor_end.py:57] - 现在是(75,7)
2025-11-23 14:28:14,886 - back_corridor_end - INFO - [back_corridor_end.py:57] - 现在是(74,7)
2025-11-23 14:28:14,886 - back_corridor_end - INFO - [back_corridor_end.py:57] - 现在是(73,7)
2025-11-23 14:28:14,886 - back_corridor_end - INFO - [back_corridor_end.py:57] - 现在是(73,6)
2025-11-23 14:28:14,886 - back_corridor_end - INFO - [back_corridor_end.py:57] - 现在是(73,5)
2025-11-23 14:28:14,886 - back_corridor_end - INFO - [back_corridor_end.py:57] - 现在是(72,5)
2025-11-23 14:28:14,886 - back_corridor_end - INFO - [back_corridor_end.py:57] - 现在是(71,5)
2025-11-23 14:28:14,887 - back_corridor_end - INFO - [back_corridor_end.py:57] - 现在是(71,6)
2025-11-23 14:28:14,887 - back_corridor_end - INFO - [back_corridor_end.py:57] - 现在是(71,7)
2025-11-23 14:28:14,887 - back_corridor_end - INFO - [back_corridor_end.py:57] - 现在是(70,7)
2025-11-23 14:28:14,887 - back_corridor_end - INFO - [back_corridor_end.py:57] - 现在是(69,7)
2025-11-23 14:28:14,887 - back_corridor_end - INFO - [back_corridor_end.py:57] - 现在是(68,7)
2025-11-23 14:28:14,887 - back_corridor_end - INFO - [back_corridor_end.py:57] - 现在是(67,7)
2025-11-23 14:28:14,887 - back_corridor_end - INFO - [back_corridor_end.py:57] - 现在是(67,8)
2025-11-23 14:28:14,887 - back_corridor_end - INFO - [back_corridor_end.py:57] - 现在是(67,9)
2025-11-23 14:28:14,887 - back_corridor_end - INFO - [back_corridor_end.py:57] - 现在是(67,10)
2025-11-23 14:28:14,887 - back_corridor_end - INFO - [back_corridor_end.py:57] - 现在是(67,11)
2025-11-23 14:28:14,887 - back_corridor_end - INFO - [back_corridor_end.py:80] - isDotAlive:发现死路上的点(67, 11)
2025-11-23 14:28:14,887 - back_corridor_end - INFO - [back_corridor_end.py:57] - 现在是(67,10)
2025-11-23 14:28:14,887 - back_corridor_end - INFO - [back_corridor_end.py:80] - isDotAlive:发现死路上的点(67, 10)
2025-11-23 14:28:14,887 - back_corridor_end - INFO - [back_corridor_end.py:57] - 现在是(67,9)
2025-11-23 14:28:14,887 - back_corridor_end - INFO - [back_corridor_end.py:57] - 现在是(66,9)
2025-11-23 14:28:14,887 - back_corridor_end - INFO - [back_corridor_end.py:57] - 现在是(65,9)
2025-11-23 14:28:14,887 - back_corridor_end - INFO - [back_corridor_end.py:57] - 现在是(65,10)
2025-11-23 14:28:14,887 - back_corridor_end - INFO - [back_corridor_end.py:57] - 现在是(65,11)
2025-11-23 14:28:14,887 - back_corridor_end - INFO - [back_corridor_end.py:57] - 现在是(64,11)
2025-11-23 14:28:14,887 - back_corridor_end - INFO - [back_corridor_end.py:57] - 现在是(63,11)
2025-11-23 14:28:14,887 - back_corridor_end - INFO - [back_corridor_end.py:57] - 现在是(63,12)
2025-11-23 14:28:14,887 - back_corridor_end - INFO - [back_corridor_end.py:57] - 现在是(63,13)
2025-11-23 14:28:14,887 - back_corridor_end - INFO - [back_corridor_end.py:57] - 现在是(62,13)
2025-11-23 14:28:14,887 - back_corridor_end - INFO - [back_corridor_end.py:57] - 现在是(61,13)
2025-11-23 14:28:14,887 - back_corridor_end - INFO - [back_corridor_end.py:80] - isDotAlive:发现死路上的点(61, 13)
2025-11-23 14:28:14,888 - back_corridor_end - INFO - [back_corridor_end.py:57] - 现在是(62,13)
2025-11-23 14:28:14,888 - back_corridor_end - INFO - [back_corridor_end.py:74] - isDotAlive:点(62, 13)是活的
2025-11-23 14:28:14,888 - back_corridor_end - INFO - [back_corridor_end.py:57] - 现在是(63,13)
2025-11-23 14:28:14,888 - back_corridor_end - INFO - [back_corridor_end.py:74] - isDotAlive:点(63, 13)是活的
2025-11-23 14:28:14,888 - back_corridor_end - INFO - [back_corridor_end.py:57] - 现在是(63,12)
2025-11-23 14:28:14,888 - back_corridor_end - INFO - [back_corridor_end.py:74] - isDotAlive:点(63, 12)是活的
2025-11-23 14:28:14,888 - back_corridor_end - INFO - [back_corridor_end.py:57] - 现在是(63,11)
2025-11-23 14:28:14,888 - back_corridor_end - INFO - [back_corridor_end.py:57] - 现在是(62,11)
2025-11-23 14:28:14,888 - back_corridor_end - INFO - [back_corridor_end.py:57] - 现在是(61,11)
2025-11-23 14:28:14,888 - back_corridor_end - INFO - [back_corridor_end.py:57] - 现在是(60,11)
2025-11-23 14:28:14,888 - back_corridor_end - INFO - [back_corridor_end.py:57] - 现在是(59,11)
2025-11-23 14:28:14,888 - back_corridor_end - INFO - [back_corridor_end.py:57] - 现在是(59,12)
2025-11-23 14:28:14,888 - back_corridor_end - INFO - [back_corridor_end.py:57] - 现在是(59,13)
2025-11-23 14:28:14,888 - back_corridor_end - INFO - [back_corridor_end.py:57] - 现在是(58,13)
2025-11-23 14:28:14,888 - back_corridor_end - INFO - [back_corridor_end.py:57] - 现在是(57,13)
2025-11-23 14:28:14,888 - back_corridor_end - INFO - [back_corridor_end.py:57] - 现在是(56,13)
2025-11-23 14:28:14,888 - back_corridor_end - INFO - [back_corridor_end.py:57] - 现在是(55,13)
2025-11-23 14:28:14,888 - back_corridor_end - INFO - [back_corridor_end.py:57] - 现在是(55,14)
2025-11-23 14:28:14,888 - back_corridor_end - INFO - [back_corridor_end.py:57] - 现在是(55,15)
2025-11-23 14:28:14,888 - back_corridor_end - INFO - [back_corridor_end.py:57] - 现在是(54,15)
2025-11-23 14:28:14,888 - back_corridor_end - INFO - [back_corridor_end.py:57] - 现在是(53,15)
2025-11-23 14:28:14,888 - back_corridor_end - INFO - [back_corridor_end.py:57] - 现在是(52,15)
2025-11-23 14:28:14,888 - back_corridor_end - INFO - [back_corridor_end.py:57] - 现在是(51,15)
2025-11-23 14:28:14,888 - back_corridor_end - INFO - [back_corridor_end.py:57] - 现在是(51,16)
2025-11-23 14:28:14,888 - back_corridor_end - INFO - [back_corridor_end.py:57] - 现在是(51,17)
2025-11-23 14:28:14,888 - back_corridor_end - INFO - [back_corridor_end.py:74] - isDotAlive:点(51, 17)是活的
2025-11-23 14:28:14,889 - back_corridor_end - INFO - [back_corridor_end.py:57] - 现在是(51,16)
2025-11-23 14:28:14,889 - back_corridor_end - INFO - [back_corridor_end.py:74] - isDotAlive:点(51, 16)是活的
2025-11-23 14:28:14,889 - back_corridor_end - INFO - [back_corridor_end.py:57] - 现在是(51,15)
2025-11-23 14:28:14,889 - back_corridor_end - INFO - [back_corridor_end.py:57] - 现在是(50,15)
2025-11-23 14:28:14,889 - back_corridor_end - INFO - [back_corridor_end.py:57] - 现在是(49,15)
2025-11-23 14:28:14,889 - back_corridor_end - INFO - [back_corridor_end.py:57] - 现在是(49,16)
2025-11-23 14:28:14,889 - back_corridor_end - INFO - [back_corridor_end.py:57] - 现在是(49,17)
2025-11-23 14:28:14,889 - back_corridor_end - INFO - [back_corridor_end.py:57] - 现在是(48,17)
2025-11-23 14:28:14,889 - back_corridor_end - INFO - [back_corridor_end.py:57] - 现在是(47,17)
2025-11-23 14:28:14,889 - back_corridor_end - INFO - [back_corridor_end.py:57] - 现在是(47,18)
2025-11-23 14:28:14,889 - back_corridor_end - INFO - [back_corridor_end.py:57] - 现在是(47,19)
2025-11-23 14:28:14,889 - back_corridor_end - INFO - [back_corridor_end.py:57] - 现在是(48,19)
2025-11-23 14:28:14,889 - back_corridor_end - INFO - [back_corridor_end.py:57] - 现在是(49,19)
2025-11-23 14:28:14,889 - back_corridor_end - INFO - [back_corridor_end.py:57] - 现在是(50,19)
2025-11-23 14:28:14,889 - back_corridor_end - INFO - [back_corridor_end.py:57] - 现在是(51,19)
2025-11-23 14:28:14,889 - back_corridor_end - INFO - [back_corridor_end.py:80] - isDotAlive:发现死路上的点(51, 19)
2025-11-23 14:28:14,889 - back_corridor_end - INFO - [back_corridor_end.py:57] - 现在是(50,19)
2025-11-23 14:28:14,889 - back_corridor_end - INFO - [back_corridor_end.py:80] - isDotAlive:发现死路上的点(50, 19)
2025-11-23 14:28:14,889 - back_corridor_end - INFO - [back_corridor_end.py:57] - 现在是(49,19)
2025-11-23 14:28:14,889 - back_corridor_end - INFO - [back_corridor_end.py:57] - 现在是(49,20)
2025-11-23 14:28:14,889 - back_corridor_end - INFO - [back_corridor_end.py:57] - 现在是(49,21)
2025-11-23 14:28:14,889 - back_corridor_end - INFO - [back_corridor_end.py:57] - 现在是(48,21)
2025-11-23 14:28:14,889 - back_corridor_end - INFO - [back_corridor_end.py:57] - 现在是(47,21)
2025-11-23 14:28:14,889 - back_corridor_end - INFO - [back_corridor_end.py:57] - 现在是(47,22)
2025-11-23 14:28:14,889 - back_corridor_end - INFO - [back_corridor_end.py:57] - 现在是(47,23)
2025-11-23 14:28:14,889 - back_corridor_end - INFO - [back_corridor_end.py:57] - 现在是(48,23)
2025-11-23 14:28:14,890 - back_corridor_end - INFO - [back_corridor_end.py:57] - 现在是(49,23)
2025-11-23 14:28:14,890 - back_corridor_end - INFO - [back_corridor_end.py:80] - isDotAlive:发现死路上的点(49, 23)
2025-11-23 14:28:14,890 - back_corridor_end - INFO - [back_corridor_end.py:57] - 现在是(48,23)
2025-11-23 14:28:14,890 - back_corridor_end - INFO - [back_corridor_end.py:80] - isDotAlive:发现死路上的点(48, 23)
2025-11-23 14:28:14,890 - back_corridor_end - INFO - [back_corridor_end.py:57] - 现在是(47,23)
2025-11-23 14:28:14,890 - back_corridor_end - INFO - [back_corridor_end.py:74] - isDotAlive:点(47, 23)是活的
2025-11-23 14:28:14,890 - back_corridor_end - INFO - [back_corridor_end.py:57] - 现在是(47,22)
2025-11-23 14:28:14,890 - back_corridor_end - INFO - [back_corridor_end.py:74] - isDotAlive:点(47, 22)是活的
2025-11-23 14:28:14,890 - back_corridor_end - INFO - [back_corridor_end.py:57] - 现在是(47,21)
2025-11-23 14:28:14,890 - back_corridor_end - INFO - [back_corridor_end.py:74] - isDotAlive:点(47, 21)是活的
2025-11-23 14:28:14,890 - back_corridor_end - INFO - [back_corridor_end.py:57] - 现在是(48,21)
2025-11-23 14:28:14,890 - back_corridor_end - INFO - [back_corridor_end.py:74] - isDotAlive:点(48, 21)是活的
2025-11-23 14:28:14,890 - back_corridor_end - INFO - [back_corridor_end.py:57] - 现在是(49,21)
2025-11-23 14:28:14,890 - back_corridor_end - INFO - [back_corridor_end.py:74] - isDotAlive:点(49, 21)是活的
2025-11-23 14:28:14,890 - back_corridor_end - INFO - [back_corridor_end.py:57] - 现在是(49,20)
2025-11-23 14:28:14,890 - back_corridor_end - INFO - [back_corridor_end.py:74] - isDotAlive:点(49, 20)是活的
2025-11-23 14:28:14,890 - back_corridor_end - INFO - [back_corridor_end.py:57] - 现在是(49,19)
2025-11-23 14:28:14,890 - back_corridor_end - INFO - [back_corridor_end.py:74] - isDotAlive:点(49, 19)是活的
2025-11-23 14:28:14,890 - back_corridor_end - INFO - [back_corridor_end.py:57] - 现在是(48,19)
2025-11-23 14:28:14,890 - back_corridor_end - INFO - [back_corridor_end.py:74] - isDotAlive:点(48, 19)是活的
2025-11-23 14:28:14,890 - back_corridor_end - INFO - [back_corridor_end.py:57] - 现在是(47,19)
2025-11-23 14:28:14,890 - back_corridor_end - INFO - [back_corridor_end.py:57] - 现在是(46,19)
2025-11-23 14:28:14,890 - back_corridor_end - INFO - [back_corridor_end.py:57] - 现在是(45,19)
2025-11-23 14:28:14,890 - back_corridor_end - INFO - [back_corridor_end.py:57] - 现在是(45,20)
2025-11-23 14:28:14,890 - back_corridor_end - INFO - [back_corridor_end.py:57] - 现在是(45,21)
2025-11-23 14:28:14,890 - back_corridor_end - INFO - [back_corridor_end.py:80] - isDotAlive:发现死路上的点(45, 21)
2025-11-23 14:28:14,891 - back_corridor_end - INFO - [back_corridor_end.py:57] - 现在是(45,20)
2025-11-23 14:28:14,891 - back_corridor_end - INFO - [back_corridor_end.py:80] - isDotAlive:发现死路上的点(45, 20)
2025-11-23 14:28:14,891 - back_corridor_end - INFO - [back_corridor_end.py:57] - 现在是(45,19)
2025-11-23 14:28:14,891 - back_corridor_end - INFO - [back_corridor_end.py:80] - isDotAlive:发现死路上的点(45, 19)
2025-11-23 14:28:14,891 - back_corridor_end - INFO - [back_corridor_end.py:57] - 现在是(46,19)
2025-11-23 14:28:14,891 - back_corridor_end - INFO - [back_corridor_end.py:80] - isDotAlive:发现死路上的点(46, 19)
2025-11-23 14:28:14,891 - back_corridor_end - INFO - [back_corridor_end.py:57] - 现在是(47,19)
2025-11-23 14:28:14,891 - back_corridor_end - INFO - [back_corridor_end.py:74] - isDotAlive:点(47, 19)是活的
2025-11-23 14:28:14,891 - back_corridor_end - INFO - [back_corridor_end.py:57] - 现在是(47,18)
2025-11-23 14:28:14,891 - back_corridor_end - INFO - [back_corridor_end.py:74] - isDotAlive:点(47, 18)是活的
2025-11-23 14:28:14,891 - back_corridor_end - INFO - [back_corridor_end.py:57] - 现在是(47,17)
2025-11-23 14:28:14,891 - back_corridor_end - INFO - [back_corridor_end.py:57] - 现在是(46,17)
2025-11-23 14:28:14,891 - back_corridor_end - INFO - [back_corridor_end.py:57] - 现在是(45,17)
2025-11-23 14:28:14,891 - back_corridor_end - INFO - [back_corridor_end.py:74] - isDotAlive:点(45, 17)是活的
2025-11-23 14:28:14,891 - back_corridor_end - INFO - [back_corridor_end.py:57] - 现在是(46,17)
2025-11-23 14:28:14,891 - back_corridor_end - INFO - [back_corridor_end.py:74] - isDotAlive:点(46, 17)是活的
2025-11-23 14:28:14,891 - back_corridor_end - INFO - [back_corridor_end.py:57] - 现在是(47,17)
2025-11-23 14:28:14,891 - back_corridor_end - INFO - [back_corridor_end.py:57] - 现在是(47,16)
2025-11-23 14:28:14,891 - back_corridor_end - INFO - [back_corridor_end.py:57] - 现在是(47,15)
2025-11-23 14:28:14,891 - back_corridor_end - INFO - [back_corridor_end.py:57] - 现在是(46,15)
2025-11-23 14:28:14,891 - back_corridor_end - INFO - [back_corridor_end.py:57] - 现在是(45,15)
2025-11-23 14:28:14,891 - back_corridor_end - INFO - [back_corridor_end.py:57] - 现在是(45,14)
2025-11-23 14:28:14,891 - back_corridor_end - INFO - [back_corridor_end.py:57] - 现在是(45,13)
2025-11-23 14:28:14,891 - back_corridor_end - INFO - [back_corridor_end.py:57] - 现在是(44,13)
2025-11-23 14:28:14,891 - back_corridor_end - INFO - [back_corridor_end.py:57] - 现在是(43,13)
2025-11-23 14:28:14,892 - back_corridor_end - INFO - [back_corridor_end.py:57] - 现在是(42,13)
2025-11-23 14:28:14,892 - back_corridor_end - INFO - [back_corridor_end.py:57] - 现在是(41,13)
2025-11-23 14:28:14,892 - back_corridor_end - INFO - [back_corridor_end.py:57] - 现在是(40,13)
2025-11-23 14:28:14,892 - back_corridor_end - INFO - [back_corridor_end.py:57] - 现在是(39,13)
2025-11-23 14:28:14,892 - back_corridor_end - INFO - [back_corridor_end.py:57] - 现在是(39,14)
2025-11-23 14:28:14,892 - back_corridor_end - INFO - [back_corridor_end.py:57] - 现在是(39,15)
2025-11-23 14:28:14,892 - back_corridor_end - INFO - [back_corridor_end.py:80] - isDotAlive:发现死路上的点(39, 15)
2025-11-23 14:28:14,892 - back_corridor_end - INFO - [back_corridor_end.py:57] - 现在是(39,14)
2025-11-23 14:28:14,892 - back_corridor_end - INFO - [back_corridor_end.py:80] - isDotAlive:发现死路上的点(39, 14)
2025-11-23 14:28:14,892 - back_corridor_end - INFO - [back_corridor_end.py:57] - 现在是(39,13)
2025-11-23 14:28:14,892 - back_corridor_end - INFO - [back_corridor_end.py:57] - 现在是(38,13)
2025-11-23 14:28:14,892 - back_corridor_end - INFO - [back_corridor_end.py:57] - 现在是(37,13)
2025-11-23 14:28:14,892 - back_corridor_end - INFO - [back_corridor_end.py:57] - 现在是(37,14)
2025-11-23 14:28:14,892 - back_corridor_end - INFO - [back_corridor_end.py:57] - 现在是(37,15)
2025-11-23 14:28:14,892 - back_corridor_end - INFO - [back_corridor_end.py:57] - 现在是(36,15)
2025-11-23 14:28:14,892 - back_corridor_end - INFO - [back_corridor_end.py:57] - 现在是(35,15)
2025-11-23 14:28:14,892 - back_corridor_end - INFO - [back_corridor_end.py:57] - 现在是(34,15)
2025-11-23 14:28:14,892 - back_corridor_end - INFO - [back_corridor_end.py:57] - 现在是(33,15)
2025-11-23 14:28:14,892 - back_corridor_end - INFO - [back_corridor_end.py:57] - 现在是(32,15)
2025-11-23 14:28:14,892 - back_corridor_end - INFO - [back_corridor_end.py:57] - 现在是(31,15)
2025-11-23 14:28:14,892 - back_corridor_end - INFO - [back_corridor_end.py:74] - isDotAlive:点(31, 15)是活的
2025-11-23 14:28:14,892 - back_corridor_end - INFO - [back_corridor_end.py:57] - 现在是(32,15)
2025-11-23 14:28:14,892 - back_corridor_end - INFO - [back_corridor_end.py:74] - isDotAlive:点(32, 15)是活的
2025-11-23 14:28:14,892 - back_corridor_end - INFO - [back_corridor_end.py:57] - 现在是(33,15)
2025-11-23 14:28:14,892 - back_corridor_end - INFO - [back_corridor_end.py:74] - isDotAlive:点(33, 15)是活的
2025-11-23 14:28:14,892 - back_corridor_end - INFO - [back_corridor_end.py:57] - 现在是(34,15)
2025-11-23 14:28:14,893 - back_corridor_end - INFO - [back_corridor_end.py:74] - isDotAlive:点(34, 15)是活的
2025-11-23 14:28:14,893 - back_corridor_end - INFO - [back_corridor_end.py:57] - 现在是(35,15)
2025-11-23 14:28:14,893 - back_corridor_end - INFO - [back_corridor_end.py:74] - isDotAlive:点(35, 15)是活的
2025-11-23 14:28:14,893 - back_corridor_end - INFO - [back_corridor_end.py:57] - 现在是(36,15)
2025-11-23 14:28:14,893 - back_corridor_end - INFO - [back_corridor_end.py:74] - isDotAlive:点(36, 15)是活的
2025-11-23 14:28:14,893 - back_corridor_end - INFO - [back_corridor_end.py:57] - 现在是(37,15)
2025-11-23 14:28:14,893 - back_corridor_end - INFO - [back_corridor_end.py:74] - isDotAlive:点(37, 15)是活的
2025-11-23 14:28:14,893 - back_corridor_end - INFO - [back_corridor_end.py:57] - 现在是(37,14)
2025-11-23 14:28:14,893 - back_corridor_end - INFO - [back_corridor_end.py:74] - isDotAlive:点(37, 14)是活的
2025-11-23 14:28:14,893 - back_corridor_end - INFO - [back_corridor_end.py:57] - 现在是(37,13)
2025-11-23 14:28:14,893 - back_corridor_end - INFO - [back_corridor_end.py:57] - 现在是(37,12)
2025-11-23 14:28:14,893 - back_corridor_end - INFO - [back_corridor_end.py:57] - 现在是(37,11)
2025-11-23 14:28:14,893 - back_corridor_end - INFO - [back_corridor_end.py:57] - 现在是(38,11)
2025-11-23 14:28:14,893 - back_corridor_end - INFO - [back_corridor_end.py:57] - 现在是(39,11)
2025-11-23 14:28:14,893 - back_corridor_end - INFO - [back_corridor_end.py:57] - 现在是(39,10)
2025-11-23 14:28:14,893 - back_corridor_end - INFO - [back_corridor_end.py:57] - 现在是(39,9)
2025-11-23 14:28:14,893 - back_corridor_end - INFO - [back_corridor_end.py:57] - 现在是(40,9)
2025-11-23 14:28:14,893 - back_corridor_end - INFO - [back_corridor_end.py:57] - 现在是(41,9)
2025-11-23 14:28:14,893 - back_corridor_end - INFO - [back_corridor_end.py:57] - 现在是(41,8)
2025-11-23 14:28:14,893 - back_corridor_end - INFO - [back_corridor_end.py:57] - 现在是(41,7)
2025-11-23 14:28:14,893 - back_corridor_end - INFO - [back_corridor_end.py:57] - 现在是(42,7)
2025-11-23 14:28:14,893 - back_corridor_end - INFO - [back_corridor_end.py:57] - 现在是(43,7)
2025-11-23 14:28:14,893 - back_corridor_end - INFO - [back_corridor_end.py:57] - 现在是(43,6)
2025-11-23 14:28:14,893 - back_corridor_end - INFO - [back_corridor_end.py:57] - 现在是(43,5)
2025-11-23 14:28:14,893 - back_corridor_end - INFO - [back_corridor_end.py:74] - isDotAlive:点(43, 5)是活的
2025-11-23 14:28:14,893 - back_corridor_end - INFO - [back_corridor_end.py:57] - 现在是(43,6)
2025-11-23 14:28:14,894 - back_corridor_end - INFO - [back_corridor_end.py:74] - isDotAlive:点(43, 6)是活的
2025-11-23 14:28:14,894 - back_corridor_end - INFO - [back_corridor_end.py:57] - 现在是(43,7)
2025-11-23 14:28:14,894 - back_corridor_end - INFO - [back_corridor_end.py:74] - isDotAlive:点(43, 7)是活的
2025-11-23 14:28:14,894 - back_corridor_end - INFO - [back_corridor_end.py:57] - 现在是(42,7)
2025-11-23 14:28:14,894 - back_corridor_end - INFO - [back_corridor_end.py:74] - isDotAlive:点(42, 7)是活的
2025-11-23 14:28:14,894 - back_corridor_end - INFO - [back_corridor_end.py:57] - 现在是(41,7)
2025-11-23 14:28:14,894 - back_corridor_end - INFO - [back_corridor_end.py:57] - 现在是(40,7)
2025-11-23 14:28:14,894 - back_corridor_end - INFO - [back_corridor_end.py:57] - 现在是(39,7)
2025-11-23 14:28:14,894 - back_corridor_end - INFO - [back_corridor_end.py:74] - isDotAlive:点(39, 7)是活的
2025-11-23 14:28:14,894 - back_corridor_end - INFO - [back_corridor_end.py:57] - 现在是(40,7)
2025-11-23 14:28:14,894 - back_corridor_end - INFO - [back_corridor_end.py:74] - isDotAlive:点(40, 7)是活的
2025-11-23 14:28:14,894 - back_corridor_end - INFO - [back_corridor_end.py:57] - 现在是(41,7)
2025-11-23 14:28:14,894 - back_corridor_end - INFO - [back_corridor_end.py:74] - isDotAlive:点(41, 7)是活的
2025-11-23 14:28:14,894 - back_corridor_end - INFO - [back_corridor_end.py:57] - 现在是(41,8)
2025-11-23 14:28:14,894 - back_corridor_end - INFO - [back_corridor_end.py:74] - isDotAlive:点(41, 8)是活的
2025-11-23 14:28:14,894 - back_corridor_end - INFO - [back_corridor_end.py:57] - 现在是(41,9)
2025-11-23 14:28:14,894 - back_corridor_end - INFO - [back_corridor_end.py:74] - isDotAlive:点(41, 9)是活的
2025-11-23 14:28:14,894 - back_corridor_end - INFO - [back_corridor_end.py:57] - 现在是(40,9)
2025-11-23 14:28:14,894 - back_corridor_end - INFO - [back_corridor_end.py:74] - isDotAlive:点(40, 9)是活的
2025-11-23 14:28:14,894 - back_corridor_end - INFO - [back_corridor_end.py:57] - 现在是(39,9)
2025-11-23 14:28:14,894 - back_corridor_end - INFO - [back_corridor_end.py:57] - 现在是(38,9)
2025-11-23 14:28:14,894 - back_corridor_end - INFO - [back_corridor_end.py:57] - 现在是(37,9)
2025-11-23 14:28:14,894 - back_corridor_end - INFO - [back_corridor_end.py:57] - 现在是(37,8)
2025-11-23 14:28:14,894 - back_corridor_end - INFO - [back_corridor_end.py:57] - 现在是(37,7)
2025-11-23 14:28:14,894 - back_corridor_end - INFO - [back_corridor_end.py:57] - 现在是(37,6)
2025-11-23 14:28:14,894 - back_corridor_end - INFO - [back_corridor_end.py:57] - 现在是(37,5)
2025-11-23 14:28:14,895 - back_corridor_end - INFO - [back_corridor_end.py:57] - 现在是(37,4)
2025-11-23 14:28:14,895 - back_corridor_end - INFO - [back_corridor_end.py:57] - 现在是(37,3)
2025-11-23 14:28:14,895 - back_corridor_end - INFO - [back_corridor_end.py:57] - 现在是(36,3)
2025-11-23 14:28:14,895 - back_corridor_end - INFO - [back_corridor_end.py:57] - 现在是(35,3)
2025-11-23 14:28:14,895 - back_corridor_end - INFO - [back_corridor_end.py:57] - 现在是(35,2)
2025-11-23 14:28:14,895 - back_corridor_end - INFO - [back_corridor_end.py:57] - 现在是(35,1)
2025-11-23 14:28:14,895 - back_corridor_end - INFO - [back_corridor_end.py:57] - 现在是(34,1)
2025-11-23 14:28:14,895 - back_corridor_end - INFO - [back_corridor_end.py:57] - 现在是(33,1)
2025-11-23 14:28:14,895 - back_corridor_end - INFO - [back_corridor_end.py:57] - 现在是(33,2)
2025-11-23 14:28:14,895 - back_corridor_end - INFO - [back_corridor_end.py:57] - 现在是(33,3)
2025-11-23 14:28:14,895 - back_corridor_end - INFO - [back_corridor_end.py:57] - 现在是(33,4)
2025-11-23 14:28:14,895 - back_corridor_end - INFO - [back_corridor_end.py:57] - 现在是(33,5)
2025-11-23 14:28:14,895 - back_corridor_end - INFO - [back_corridor_end.py:57] - 现在是(34,5)
2025-11-23 14:28:14,895 - back_corridor_end - INFO - [back_corridor_end.py:57] - 现在是(35,5)
2025-11-23 14:28:14,895 - back_corridor_end - INFO - [back_corridor_end.py:57] - 现在是(35,6)
2025-11-23 14:28:14,895 - back_corridor_end - INFO - [back_corridor_end.py:57] - 现在是(35,7)
2025-11-23 14:28:14,895 - back_corridor_end - INFO - [back_corridor_end.py:57] - 现在是(34,7)
2025-11-23 14:28:14,895 - back_corridor_end - INFO - [back_corridor_end.py:57] - 现在是(33,7)
2025-11-23 14:28:14,895 - back_corridor_end - INFO - [back_corridor_end.py:57] - 现在是(32,7)
2025-11-23 14:28:14,895 - back_corridor_end - INFO - [back_corridor_end.py:57] - 现在是(31,7)
2025-11-23 14:28:14,895 - back_corridor_end - INFO - [back_corridor_end.py:57] - 现在是(30,7)
2025-11-23 14:28:14,895 - back_corridor_end - INFO - [back_corridor_end.py:57] - 现在是(29,7)
2025-11-23 14:28:14,895 - back_corridor_end - INFO - [back_corridor_end.py:74] - isDotAlive:点(29, 7)是活的
2025-11-23 14:28:14,895 - back_corridor_end - INFO - [back_corridor_end.py:57] - 现在是(30,7)
2025-11-23 14:28:14,895 - back_corridor_end - INFO - [back_corridor_end.py:74] - isDotAlive:点(30, 7)是活的
2025-11-23 14:28:14,895 - back_corridor_end - INFO - [back_corridor_end.py:57] - 现在是(31,7)
2025-11-23 14:28:14,896 - back_corridor_end - INFO - [back_corridor_end.py:74] - isDotAlive:点(31, 7)是活的
2025-11-23 14:28:14,896 - back_corridor_end - INFO - [back_corridor_end.py:57] - 现在是(32,7)
2025-11-23 14:28:14,896 - back_corridor_end - INFO - [back_corridor_end.py:74] - isDotAlive:点(32, 7)是活的
2025-11-23 14:28:14,896 - back_corridor_end - INFO - [back_corridor_end.py:57] - 现在是(33,7)
2025-11-23 14:28:14,896 - back_corridor_end - INFO - [back_corridor_end.py:74] - isDotAlive:点(33, 7)是活的
2025-11-23 14:28:14,896 - back_corridor_end - INFO - [back_corridor_end.py:57] - 现在是(34,7)
2025-11-23 14:28:14,896 - back_corridor_end - INFO - [back_corridor_end.py:74] - isDotAlive:点(34, 7)是活的
2025-11-23 14:28:14,896 - back_corridor_end - INFO - [back_corridor_end.py:57] - 现在是(35,7)
2025-11-23 14:28:14,896 - back_corridor_end - INFO - [back_corridor_end.py:74] - isDotAlive:点(35, 7)是活的
2025-11-23 14:28:14,896 - back_corridor_end - INFO - [back_corridor_end.py:57] - 现在是(35,6)
2025-11-23 14:28:14,896 - back_corridor_end - INFO - [back_corridor_end.py:74] - isDotAlive:点(35, 6)是活的
2025-11-23 14:28:14,896 - back_corridor_end - INFO - [back_corridor_end.py:57] - 现在是(35,5)
2025-11-23 14:28:14,896 - back_corridor_end - INFO - [back_corridor_end.py:74] - isDotAlive:点(35, 5)是活的
2025-11-23 14:28:14,896 - back_corridor_end - INFO - [back_corridor_end.py:57] - 现在是(34,5)
2025-11-23 14:28:14,896 - back_corridor_end - INFO - [back_corridor_end.py:74] - isDotAlive:点(34, 5)是活的
2025-11-23 14:28:14,896 - back_corridor_end - INFO - [back_corridor_end.py:57] - 现在是(33,5)
2025-11-23 14:28:14,896 - back_corridor_end - INFO - [back_corridor_end.py:74] - isDotAlive:点(33, 5)是活的
2025-11-23 14:28:14,896 - back_corridor_end - INFO - [back_corridor_end.py:57] - 现在是(33,4)
2025-11-23 14:28:14,896 - back_corridor_end - INFO - [back_corridor_end.py:74] - isDotAlive:点(33, 4)是活的
2025-11-23 14:28:14,896 - back_corridor_end - INFO - [back_corridor_end.py:57] - 现在是(33,3)
2025-11-23 14:28:14,896 - back_corridor_end - INFO - [back_corridor_end.py:74] - isDotAlive:点(33, 3)是活的
2025-11-23 14:28:14,896 - back_corridor_end - INFO - [back_corridor_end.py:57] - 现在是(33,2)
2025-11-23 14:28:14,896 - back_corridor_end - INFO - [back_corridor_end.py:74] - isDotAlive:点(33, 2)是活的
2025-11-23 14:28:14,896 - back_corridor_end - INFO - [back_corridor_end.py:57] - 现在是(33,1)
2025-11-23 14:28:14,896 - back_corridor_end - INFO - [back_corridor_end.py:74] - isDotAlive:点(33, 1)是活的
2025-11-23 14:28:14,897 - back_corridor_end - INFO - [back_corridor_end.py:57] - 现在是(34,1)
2025-11-23 14:28:14,897 - back_corridor_end - INFO - [back_corridor_end.py:74] - isDotAlive:点(34, 1)是活的
2025-11-23 14:28:14,897 - back_corridor_end - INFO - [back_corridor_end.py:57] - 现在是(35,1)
2025-11-23 14:28:14,897 - back_corridor_end - INFO - [back_corridor_end.py:74] - isDotAlive:点(35, 1)是活的
2025-11-23 14:28:14,897 - back_corridor_end - INFO - [back_corridor_end.py:57] - 现在是(35,2)
2025-11-23 14:28:14,897 - back_corridor_end - INFO - [back_corridor_end.py:74] - isDotAlive:点(35, 2)是活的
2025-11-23 14:28:14,897 - back_corridor_end - INFO - [back_corridor_end.py:57] - 现在是(35,3)
2025-11-23 14:28:14,897 - back_corridor_end - INFO - [back_corridor_end.py:74] - isDotAlive:点(35, 3)是活的
2025-11-23 14:28:14,897 - back_corridor_end - INFO - [back_corridor_end.py:57] - 现在是(36,3)
2025-11-23 14:28:14,897 - back_corridor_end - INFO - [back_corridor_end.py:74] - isDotAlive:点(36, 3)是活的
2025-11-23 14:28:14,897 - back_corridor_end - INFO - [back_corridor_end.py:57] - 现在是(37,3)
2025-11-23 14:28:14,897 - back_corridor_end - INFO - [back_corridor_end.py:57] - 现在是(37,2)
2025-11-23 14:28:14,897 - back_corridor_end - INFO - [back_corridor_end.py:57] - 现在是(37,1)
2025-11-23 14:28:14,897 - back_corridor_end - INFO - [back_corridor_end.py:80] - isDotAlive:发现死路上的点(37, 1)
2025-11-23 14:28:14,897 - back_corridor_end - INFO - [back_corridor_end.py:57] - 现在是(37,2)
2025-11-23 14:28:14,897 - back_corridor_end - INFO - [back_corridor_end.py:80] - isDotAlive:发现死路上的点(37, 2)
2025-11-23 14:28:14,897 - back_corridor_end - INFO - [back_corridor_end.py:57] - 现在是(37,3)
2025-11-23 14:28:14,897 - back_corridor_end - INFO - [back_corridor_end.py:74] - isDotAlive:点(37, 3)是活的
2025-11-23 14:28:14,897 - back_corridor_end - INFO - [back_corridor_end.py:57] - 现在是(37,4)
2025-11-23 14:28:14,897 - back_corridor_end - INFO - [back_corridor_end.py:74] - isDotAlive:点(37, 4)是活的
2025-11-23 14:28:14,897 - back_corridor_end - INFO - [back_corridor_end.py:57] - 现在是(37,5)
2025-11-23 14:28:14,897 - back_corridor_end - INFO - [back_corridor_end.py:74] - isDotAlive:点(37, 5)是活的
2025-11-23 14:28:14,897 - back_corridor_end - INFO - [back_corridor_end.py:57] - 现在是(37,6)
2025-11-23 14:28:14,897 - back_corridor_end - INFO - [back_corridor_end.py:74] - isDotAlive:点(37, 6)是活的
2025-11-23 14:28:14,898 - back_corridor_end - INFO - [back_corridor_end.py:57] - 现在是(37,7)
2025-11-23 14:28:14,898 - back_corridor_end - INFO - [back_corridor_end.py:74] - isDotAlive:点(37, 7)是活的
2025-11-23 14:28:14,898 - back_corridor_end - INFO - [back_corridor_end.py:57] - 现在是(37,8)
2025-11-23 14:28:14,898 - back_corridor_end - INFO - [back_corridor_end.py:74] - isDotAlive:点(37, 8)是活的
2025-11-23 14:28:14,898 - back_corridor_end - INFO - [back_corridor_end.py:57] - 现在是(37,9)
2025-11-23 14:28:14,898 - back_corridor_end - INFO - [back_corridor_end.py:74] - isDotAlive:点(37, 9)是活的
2025-11-23 14:28:14,898 - back_corridor_end - INFO - [back_corridor_end.py:57] - 现在是(38,9)
2025-11-23 14:28:14,898 - back_corridor_end - INFO - [back_corridor_end.py:74] - isDotAlive:点(38, 9)是活的
2025-11-23 14:28:14,898 - back_corridor_end - INFO - [back_corridor_end.py:57] - 现在是(39,9)
2025-11-23 14:28:14,898 - back_corridor_end - INFO - [back_corridor_end.py:74] - isDotAlive:点(39, 9)是活的
2025-11-23 14:28:14,898 - back_corridor_end - INFO - [back_corridor_end.py:57] - 现在是(39,10)
2025-11-23 14:28:14,898 - back_corridor_end - INFO - [back_corridor_end.py:74] - isDotAlive:点(39, 10)是活的
2025-11-23 14:28:14,898 - back_corridor_end - INFO - [back_corridor_end.py:57] - 现在是(39,11)
2025-11-23 14:28:14,898 - back_corridor_end - INFO - [back_corridor_end.py:74] - isDotAlive:点(39, 11)是活的
2025-11-23 14:28:14,898 - back_corridor_end - INFO - [back_corridor_end.py:57] - 现在是(38,11)
2025-11-23 14:28:14,898 - back_corridor_end - INFO - [back_corridor_end.py:74] - isDotAlive:点(38, 11)是活的
2025-11-23 14:28:14,898 - back_corridor_end - INFO - [back_corridor_end.py:57] - 现在是(37,11)
2025-11-23 14:28:14,898 - back_corridor_end - INFO - [back_corridor_end.py:74] - isDotAlive:点(37, 11)是活的
2025-11-23 14:28:14,898 - back_corridor_end - INFO - [back_corridor_end.py:57] - 现在是(37,12)
2025-11-23 14:28:14,898 - back_corridor_end - INFO - [back_corridor_end.py:74] - isDotAlive:点(37, 12)是活的
2025-11-23 14:28:14,898 - back_corridor_end - INFO - [back_corridor_end.py:57] - 现在是(37,13)
2025-11-23 14:28:14,898 - back_corridor_end - INFO - [back_corridor_end.py:74] - isDotAlive:点(37, 13)是活的
2025-11-23 14:28:14,898 - back_corridor_end - INFO - [back_corridor_end.py:57] - 现在是(38,13)
2025-11-23 14:28:14,898 - back_corridor_end - INFO - [back_corridor_end.py:74] - isDotAlive:点(38, 13)是活的
2025-11-23 14:28:14,898 - back_corridor_end - INFO - [back_corridor_end.py:57] - 现在是(39,13)
2025-11-23 14:28:14,899 - back_corridor_end - INFO - [back_corridor_end.py:74] - isDotAlive:点(39, 13)是活的
2025-11-23 14:28:14,899 - back_corridor_end - INFO - [back_corridor_end.py:57] - 现在是(40,13)
2025-11-23 14:28:14,899 - back_corridor_end - INFO - [back_corridor_end.py:74] - isDotAlive:点(40, 13)是活的
2025-11-23 14:28:14,899 - back_corridor_end - INFO - [back_corridor_end.py:57] - 现在是(41,13)
2025-11-23 14:28:14,899 - back_corridor_end - INFO - [back_corridor_end.py:57] - 现在是(41,12)
2025-11-23 14:28:14,899 - back_corridor_end - INFO - [back_corridor_end.py:57] - 现在是(41,11)
2025-11-23 14:28:14,899 - back_corridor_end - INFO - [back_corridor_end.py:80] - isDotAlive:发现死路上的点(41, 11)
2025-11-23 14:28:14,899 - back_corridor_end - INFO - [back_corridor_end.py:57] - 现在是(41,12)
2025-11-23 14:28:14,899 - back_corridor_end - INFO - [back_corridor_end.py:80] - isDotAlive:发现死路上的点(41, 12)
2025-11-23 14:28:14,899 - back_corridor_end - INFO - [back_corridor_end.py:57] - 现在是(41,13)
2025-11-23 14:28:14,899 - back_corridor_end - INFO - [back_corridor_end.py:74] - isDotAlive:点(41, 13)是活的
2025-11-23 14:28:14,899 - back_corridor_end - INFO - [back_corridor_end.py:57] - 现在是(42,13)
2025-11-23 14:28:14,899 - back_corridor_end - INFO - [back_corridor_end.py:74] - isDotAlive:点(42, 13)是活的
2025-11-23 14:28:14,899 - back_corridor_end - INFO - [back_corridor_end.py:57] - 现在是(43,13)
2025-11-23 14:28:14,899 - back_corridor_end - INFO - [back_corridor_end.py:74] - isDotAlive:点(43, 13)是活的
2025-11-23 14:28:14,899 - back_corridor_end - INFO - [back_corridor_end.py:57] - 现在是(44,13)
2025-11-23 14:28:14,899 - back_corridor_end - INFO - [back_corridor_end.py:74] - isDotAlive:点(44, 13)是活的
2025-11-23 14:28:14,899 - back_corridor_end - INFO - [back_corridor_end.py:57] - 现在是(45,13)
2025-11-23 14:28:14,899 - back_corridor_end - INFO - [back_corridor_end.py:74] - isDotAlive:点(45, 13)是活的
2025-11-23 14:28:14,899 - back_corridor_end - INFO - [back_corridor_end.py:57] - 现在是(45,14)
2025-11-23 14:28:14,899 - back_corridor_end - INFO - [back_corridor_end.py:74] - isDotAlive:点(45, 14)是活的
2025-11-23 14:28:14,899 - back_corridor_end - INFO - [back_corridor_end.py:57] - 现在是(45,15)
2025-11-23 14:28:14,899 - back_corridor_end - INFO - [back_corridor_end.py:74] - isDotAlive:点(45, 15)是活的
2025-11-23 14:28:14,900 - back_corridor_end - INFO - [back_corridor_end.py:57] - 现在是(46,15)
2025-11-23 14:28:14,900 - back_corridor_end - INFO - [back_corridor_end.py:74] - isDotAlive:点(46, 15)是活的
2025-11-23 14:28:14,900 - back_corridor_end - INFO - [back_corridor_end.py:57] - 现在是(47,15)
2025-11-23 14:28:14,900 - back_corridor_end - INFO - [back_corridor_end.py:74] - isDotAlive:点(47, 15)是活的
2025-11-23 14:28:14,900 - back_corridor_end - INFO - [back_corridor_end.py:57] - 现在是(47,16)
2025-11-23 14:28:14,900 - back_corridor_end - INFO - [back_corridor_end.py:74] - isDotAlive:点(47, 16)是活的
2025-11-23 14:28:14,900 - back_corridor_end - INFO - [back_corridor_end.py:57] - 现在是(47,17)
2025-11-23 14:28:14,900 - back_corridor_end - INFO - [back_corridor_end.py:74] - isDotAlive:点(47, 17)是活的
2025-11-23 14:28:14,900 - back_corridor_end - INFO - [back_corridor_end.py:57] - 现在是(48,17)
2025-11-23 14:28:14,900 - back_corridor_end - INFO - [back_corridor_end.py:74] - isDotAlive:点(48, 17)是活的
2025-11-23 14:28:14,900 - back_corridor_end - INFO - [back_corridor_end.py:57] - 现在是(49,17)
2025-11-23 14:28:14,900 - back_corridor_end - INFO - [back_corridor_end.py:74] - isDotAlive:点(49, 17)是活的
2025-11-23 14:28:14,900 - back_corridor_end - INFO - [back_corridor_end.py:57] - 现在是(49,16)
2025-11-23 14:28:14,900 - back_corridor_end - INFO - [back_corridor_end.py:74] - isDotAlive:点(49, 16)是活的
2025-11-23 14:28:14,900 - back_corridor_end - INFO - [back_corridor_end.py:57] - 现在是(49,15)
2025-11-23 14:28:14,900 - back_corridor_end - INFO - [back_corridor_end.py:74] - isDotAlive:点(49, 15)是活的
2025-11-23 14:28:14,900 - back_corridor_end - INFO - [back_corridor_end.py:57] - 现在是(50,15)
2025-11-23 14:28:14,900 - back_corridor_end - INFO - [back_corridor_end.py:74] - isDotAlive:点(50, 15)是活的
2025-11-23 14:28:14,900 - back_corridor_end - INFO - [back_corridor_end.py:57] - 现在是(51,15)
2025-11-23 14:28:14,900 - back_corridor_end - INFO - [back_corridor_end.py:74] - isDotAlive:点(51, 15)是活的
2025-11-23 14:28:14,900 - back_corridor_end - INFO - [back_corridor_end.py:57] - 现在是(52,15)
2025-11-23 14:28:14,900 - back_corridor_end - INFO - [back_corridor_end.py:74] - isDotAlive:点(52, 15)是活的
2025-11-23 14:28:14,900 - back_corridor_end - INFO - [back_corridor_end.py:57] - 现在是(53,15)
2025-11-23 14:28:14,900 - back_corridor_end - INFO - [back_corridor_end.py:57] - 现在是(53,14)
2025-11-23 14:28:14,901 - back_corridor_end - INFO - [back_corridor_end.py:57] - 现在是(53,13)
2025-11-23 14:28:14,901 - back_corridor_end - INFO - [back_corridor_end.py:57] - 现在是(52,13)
2025-11-23 14:28:14,901 - back_corridor_end - INFO - [back_corridor_end.py:57] - 现在是(51,13)
2025-11-23 14:28:14,901 - back_corridor_end - INFO - [back_corridor_end.py:57] - 现在是(50,13)
2025-11-23 14:28:14,901 - back_corridor_end - INFO - [back_corridor_end.py:57] - 现在是(49,13)
2025-11-23 14:28:14,901 - back_corridor_end - INFO - [back_corridor_end.py:57] - 现在是(49,12)
2025-11-23 14:28:14,901 - back_corridor_end - INFO - [back_corridor_end.py:57] - 现在是(49,11)
2025-11-23 14:28:14,901 - back_corridor_end - INFO - [back_corridor_end.py:57] - 现在是(48,11)
2025-11-23 14:28:14,901 - back_corridor_end - INFO - [back_corridor_end.py:57] - 现在是(47,11)
2025-11-23 14:28:14,901 - back_corridor_end - INFO - [back_corridor_end.py:57] - 现在是(47,12)
2025-11-23 14:28:14,901 - back_corridor_end - INFO - [back_corridor_end.py:57] - 现在是(47,13)
2025-11-23 14:28:14,901 - back_corridor_end - INFO - [back_corridor_end.py:80] - isDotAlive:发现死路上的点(47, 13)
2025-11-23 14:28:14,901 - back_corridor_end - INFO - [back_corridor_end.py:57] - 现在是(47,12)
2025-11-23 14:28:14,901 - back_corridor_end - INFO - [back_corridor_end.py:80] - isDotAlive:发现死路上的点(47, 12)
2025-11-23 14:28:14,901 - back_corridor_end - INFO - [back_corridor_end.py:57] - 现在是(47,11)
2025-11-23 14:28:14,901 - back_corridor_end - INFO - [back_corridor_end.py:57] - 现在是(46,11)
2025-11-23 14:28:14,901 - back_corridor_end - INFO - [back_corridor_end.py:57] - 现在是(45,11)
2025-11-23 14:28:14,901 - back_corridor_end - INFO - [back_corridor_end.py:57] - 现在是(44,11)
2025-11-23 14:28:14,901 - back_corridor_end - INFO - [back_corridor_end.py:57] - 现在是(43,11)
2025-11-23 14:28:14,901 - back_corridor_end - INFO - [back_corridor_end.py:80] - isDotAlive:发现死路上的点(43, 11)
2025-11-23 14:28:14,901 - back_corridor_end - INFO - [back_corridor_end.py:57] - 现在是(44,11)
2025-11-23 14:28:14,901 - back_corridor_end - INFO - [back_corridor_end.py:80] - isDotAlive:发现死路上的点(44, 11)
2025-11-23 14:28:14,901 - back_corridor_end - INFO - [back_corridor_end.py:57] - 现在是(45,11)
2025-11-23 14:28:14,901 - back_corridor_end - INFO - [back_corridor_end.py:80] - isDotAlive:发现死路上的点(45, 11)
2025-11-23 14:28:14,901 - back_corridor_end - INFO - [back_corridor_end.py:57] - 现在是(46,11)
2025-11-23 14:28:14,902 - back_corridor_end - INFO - [back_corridor_end.py:80] - isDotAlive:发现死路上的点(46, 11)
2025-11-23 14:28:14,902 - back_corridor_end - INFO - [back_corridor_end.py:57] - 现在是(47,11)
2025-11-23 14:28:14,902 - back_corridor_end - INFO - [back_corridor_end.py:80] - isDotAlive:发现死路上的点(47, 11)
2025-11-23 14:28:14,902 - back_corridor_end - INFO - [back_corridor_end.py:57] - 现在是(48,11)
2025-11-23 14:28:14,902 - back_corridor_end - INFO - [back_corridor_end.py:80] - isDotAlive:发现死路上的点(48, 11)
2025-11-23 14:28:14,902 - back_corridor_end - INFO - [back_corridor_end.py:57] - 现在是(49,11)
2025-11-23 14:28:14,902 - back_corridor_end - INFO - [back_corridor_end.py:80] - isDotAlive:发现死路上的点(49, 11)
2025-11-23 14:28:14,902 - back_corridor_end - INFO - [back_corridor_end.py:57] - 现在是(49,12)
2025-11-23 14:28:14,902 - back_corridor_end - INFO - [back_corridor_end.py:80] - isDotAlive:发现死路上的点(49, 12)
2025-11-23 14:28:14,902 - back_corridor_end - INFO - [back_corridor_end.py:57] - 现在是(49,13)
2025-11-23 14:28:14,902 - back_corridor_end - INFO - [back_corridor_end.py:80] - isDotAlive:发现死路上的点(49, 13)
2025-11-23 14:28:14,902 - back_corridor_end - INFO - [back_corridor_end.py:57] - 现在是(50,13)
2025-11-23 14:28:14,902 - back_corridor_end - INFO - [back_corridor_end.py:80] - isDotAlive:发现死路上的点(50, 13)
2025-11-23 14:28:14,902 - back_corridor_end - INFO - [back_corridor_end.py:57] - 现在是(51,13)
2025-11-23 14:28:14,902 - back_corridor_end - INFO - [back_corridor_end.py:57] - 现在是(51,12)
2025-11-23 14:28:14,902 - back_corridor_end - INFO - [back_corridor_end.py:57] - 现在是(51,11)
2025-11-23 14:28:14,902 - back_corridor_end - INFO - [back_corridor_end.py:80] - isDotAlive:发现死路上的点(51, 11)
2025-11-23 14:28:14,902 - back_corridor_end - INFO - [back_corridor_end.py:57] - 现在是(51,12)
2025-11-23 14:28:14,902 - back_corridor_end - INFO - [back_corridor_end.py:80] - isDotAlive:发现死路上的点(51, 12)
2025-11-23 14:28:14,902 - back_corridor_end - INFO - [back_corridor_end.py:57] - 现在是(51,13)
2025-11-23 14:28:14,902 - back_corridor_end - INFO - [back_corridor_end.py:80] - isDotAlive:发现死路上的点(51, 13)
2025-11-23 14:28:14,902 - back_corridor_end - INFO - [back_corridor_end.py:57] - 现在是(52,13)
2025-11-23 14:28:14,902 - back_corridor_end - INFO - [back_corridor_end.py:80] - isDotAlive:发现死路上的点(52, 13)
2025-11-23 14:28:14,903 - back_corridor_end - INFO - [back_corridor_end.py:57] - 现在是(53,13)
2025-11-23 14:28:14,903 - back_corridor_end - INFO - [back_corridor_end.py:57] - 现在是(53,12)
2025-11-23 14:28:14,903 - back_corridor_end - INFO - [back_corridor_end.py:57] - 现在是(53,11)
2025-11-23 14:28:14,903 - back_corridor_end - INFO - [back_corridor_end.py:80] - isDotAlive:发现死路上的点(53, 11)
2025-11-23 14:28:14,903 - back_corridor_end - INFO - [back_corridor_end.py:57] - 现在是(53,12)
2025-11-23 14:28:14,903 - back_corridor_end - INFO - [back_corridor_end.py:80] - isDotAlive:发现死路上的点(53, 12)
2025-11-23 14:28:14,903 - back_corridor_end - INFO - [back_corridor_end.py:57] - 现在是(53,13)
2025-11-23 14:28:14,903 - back_corridor_end - INFO - [back_corridor_end.py:80] - isDotAlive:发现死路上的点(53, 13)
2025-11-23 14:28:14,903 - back_corridor_end - INFO - [back_corridor_end.py:57] - 现在是(53,14)
2025-11-23 14:28:14,903 - back_corridor_end - INFO - [back_corridor_end.py:80] - isDotAlive:发现死路上的点(53, 14)
2025-11-23 14:28:14,903 - back_corridor_end - INFO - [back_corridor_end.py:57] - 现在是(53,15)
2025-11-23 14:28:14,903 - back_corridor_end - INFO - [back_corridor_end.py:74] - isDotAlive:点(53, 15)是活的
2025-11-23 14:28:14,903 - back_corridor_end - INFO - [back_corridor_end.py:57] - 现在是(54,15)
2025-11-23 14:28:14,903 - back_corridor_end - INFO - [back_corridor_end.py:74] - isDotAlive:点(54, 15)是活的
2025-11-23 14:28:14,903 - back_corridor_end - INFO - [back_corridor_end.py:57] - 现在是(55,15)
2025-11-23 14:28:14,903 - back_corridor_end - INFO - [back_corridor_end.py:74] - isDotAlive:点(55, 15)是活的
2025-11-23 14:28:14,903 - back_corridor_end - INFO - [back_corridor_end.py:57] - 现在是(55,14)
2025-11-23 14:28:14,903 - back_corridor_end - INFO - [back_corridor_end.py:74] - isDotAlive:点(55, 14)是活的
2025-11-23 14:28:14,903 - back_corridor_end - INFO - [back_corridor_end.py:57] - 现在是(55,13)
2025-11-23 14:28:14,903 - back_corridor_end - INFO - [back_corridor_end.py:74] - isDotAlive:点(55, 13)是活的
2025-11-23 14:28:14,903 - back_corridor_end - INFO - [back_corridor_end.py:57] - 现在是(56,13)
2025-11-23 14:28:14,903 - back_corridor_end - INFO - [back_corridor_end.py:74] - isDotAlive:点(56, 13)是活的
2025-11-23 14:28:14,903 - back_corridor_end - INFO - [back_corridor_end.py:57] - 现在是(57,13)
2025-11-23 14:28:14,903 - back_corridor_end - INFO - [back_corridor_end.py:74] - isDotAlive:点(57, 13)是活的
2025-11-23 14:28:14,904 - back_corridor_end - INFO - [back_corridor_end.py:57] - 现在是(58,13)
2025-11-23 14:28:14,904 - back_corridor_end - INFO - [back_corridor_end.py:74] - isDotAlive:点(58, 13)是活的
2025-11-23 14:28:14,904 - back_corridor_end - INFO - [back_corridor_end.py:57] - 现在是(59,13)
2025-11-23 14:28:14,904 - back_corridor_end - INFO - [back_corridor_end.py:74] - isDotAlive:点(59, 13)是活的
2025-11-23 14:28:14,904 - back_corridor_end - INFO - [back_corridor_end.py:57] - 现在是(59,12)
2025-11-23 14:28:14,904 - back_corridor_end - INFO - [back_corridor_end.py:74] - isDotAlive:点(59, 12)是活的
2025-11-23 14:28:14,904 - back_corridor_end - INFO - [back_corridor_end.py:57] - 现在是(59,11)
2025-11-23 14:28:14,904 - back_corridor_end - INFO - [back_corridor_end.py:57] - 现在是(58,11)
2025-11-23 14:28:14,904 - back_corridor_end - INFO - [back_corridor_end.py:57] - 现在是(57,11)
2025-11-23 14:28:14,904 - back_corridor_end - INFO - [back_corridor_end.py:57] - 现在是(57,10)
2025-11-23 14:28:14,904 - back_corridor_end - INFO - [back_corridor_end.py:57] - 现在是(57,9)
2025-11-23 14:28:14,904 - back_corridor_end - INFO - [back_corridor_end.py:57] - 现在是(56,9)
2025-11-23 14:28:14,904 - back_corridor_end - INFO - [back_corridor_end.py:57] - 现在是(55,9)
2025-11-23 14:28:14,904 - back_corridor_end - INFO - [back_corridor_end.py:57] - 现在是(55,10)
2025-11-23 14:28:14,904 - back_corridor_end - INFO - [back_corridor_end.py:57] - 现在是(55,11)
2025-11-23 14:28:14,904 - back_corridor_end - INFO - [back_corridor_end.py:80] - isDotAlive:发现死路上的点(55, 11)
2025-11-23 14:28:14,904 - back_corridor_end - INFO - [back_corridor_end.py:57] - 现在是(55,10)
2025-11-23 14:28:14,904 - back_corridor_end - INFO - [back_corridor_end.py:80] - isDotAlive:发现死路上的点(55, 10)
2025-11-23 14:28:14,904 - back_corridor_end - INFO - [back_corridor_end.py:57] - 现在是(55,9)
2025-11-23 14:28:14,904 - back_corridor_end - INFO - [back_corridor_end.py:57] - 现在是(55,8)
2025-11-23 14:28:14,904 - back_corridor_end - INFO - [back_corridor_end.py:57] - 现在是(55,7)
2025-11-23 14:28:14,904 - back_corridor_end - INFO - [back_corridor_end.py:57] - 现在是(56,7)
2025-11-23 14:28:14,904 - back_corridor_end - INFO - [back_corridor_end.py:57] - 现在是(57,7)
2025-11-23 14:28:14,904 - back_corridor_end - INFO - [back_corridor_end.py:57] - 现在是(58,7)
2025-11-23 14:28:14,904 - back_corridor_end - INFO - [back_corridor_end.py:57] - 现在是(59,7)
2025-11-23 14:28:14,905 - back_corridor_end - INFO - [back_corridor_end.py:57] - 现在是(59,8)
2025-11-23 14:28:14,905 - back_corridor_end - INFO - [back_corridor_end.py:57] - 现在是(59,9)
2025-11-23 14:28:14,905 - back_corridor_end - INFO - [back_corridor_end.py:80] - isDotAlive:发现死路上的点(59, 9)
2025-11-23 14:28:14,905 - back_corridor_end - INFO - [back_corridor_end.py:57] - 现在是(59,8)
2025-11-23 14:28:14,905 - back_corridor_end - INFO - [back_corridor_end.py:80] - isDotAlive:发现死路上的点(59, 8)
2025-11-23 14:28:14,905 - back_corridor_end - INFO - [back_corridor_end.py:57] - 现在是(59,7)
2025-11-23 14:28:14,905 - back_corridor_end - INFO - [back_corridor_end.py:80] - isDotAlive:发现死路上的点(59, 7)
2025-11-23 14:28:14,905 - back_corridor_end - INFO - [back_corridor_end.py:57] - 现在是(58,7)
2025-11-23 14:28:14,905 - back_corridor_end - INFO - [back_corridor_end.py:80] - isDotAlive:发现死路上的点(58, 7)
2025-11-23 14:28:14,905 - back_corridor_end - INFO - [back_corridor_end.py:57] - 现在是(57,7)
2025-11-23 14:28:14,905 - back_corridor_end - INFO - [back_corridor_end.py:57] - 现在是(57,6)
2025-11-23 14:28:14,905 - back_corridor_end - INFO - [back_corridor_end.py:57] - 现在是(57,5)
2025-11-23 14:28:14,905 - back_corridor_end - INFO - [back_corridor_end.py:57] - 现在是(56,5)
2025-11-23 14:28:14,905 - back_corridor_end - INFO - [back_corridor_end.py:57] - 现在是(55,5)
2025-11-23 14:28:14,905 - back_corridor_end - INFO - [back_corridor_end.py:57] - 现在是(55,4)
2025-11-23 14:28:14,905 - back_corridor_end - INFO - [back_corridor_end.py:57] - 现在是(55,3)
2025-11-23 14:28:14,905 - back_corridor_end - INFO - [back_corridor_end.py:57] - 现在是(54,3)
2025-11-23 14:28:14,905 - back_corridor_end - INFO - [back_corridor_end.py:57] - 现在是(53,3)
2025-11-23 14:28:14,905 - back_corridor_end - INFO - [back_corridor_end.py:57] - 现在是(52,3)
2025-11-23 14:28:14,905 - back_corridor_end - INFO - [back_corridor_end.py:57] - 现在是(51,3)
2025-11-23 14:28:14,905 - back_corridor_end - INFO - [back_corridor_end.py:80] - isDotAlive:发现死路上的点(51, 3)
2025-11-23 14:28:14,905 - back_corridor_end - INFO - [back_corridor_end.py:57] - 现在是(52,3)
2025-11-23 14:28:14,905 - back_corridor_end - INFO - [back_corridor_end.py:80] - isDotAlive:发现死路上的点(52, 3)
2025-11-23 14:28:14,905 - back_corridor_end - INFO - [back_corridor_end.py:57] - 现在是(53,3)
2025-11-23 14:28:14,905 - back_corridor_end - INFO - [back_corridor_end.py:57] - 现在是(53,2)
2025-11-23 14:28:14,905 - back_corridor_end - INFO - [back_corridor_end.py:57] - 现在是(53,1)
2025-11-23 14:28:14,906 - back_corridor_end - INFO - [back_corridor_end.py:57] - 现在是(54,1)
2025-11-23 14:28:14,906 - back_corridor_end - INFO - [back_corridor_end.py:57] - 现在是(55,1)
2025-11-23 14:28:14,906 - back_corridor_end - INFO - [back_corridor_end.py:57] - 现在是(56,1)
2025-11-23 14:28:14,906 - back_corridor_end - INFO - [back_corridor_end.py:57] - 现在是(57,1)
2025-11-23 14:28:14,906 - back_corridor_end - INFO - [back_corridor_end.py:57] - 现在是(58,1)
2025-11-23 14:28:14,906 - back_corridor_end - INFO - [back_corridor_end.py:57] - 现在是(59,1)
2025-11-23 14:28:14,906 - back_corridor_end - INFO - [back_corridor_end.py:57] - 现在是(59,2)
2025-11-23 14:28:14,906 - back_corridor_end - INFO - [back_corridor_end.py:57] - 现在是(59,3)
2025-11-23 14:28:14,906 - back_corridor_end - INFO - [back_corridor_end.py:57] - 现在是(60,3)
2025-11-23 14:28:14,906 - back_corridor_end - INFO - [back_corridor_end.py:57] - 现在是(61,3)
2025-11-23 14:28:14,906 - back_corridor_end - INFO - [back_corridor_end.py:57] - 现在是(62,3)
2025-11-23 14:28:14,906 - back_corridor_end - INFO - [back_corridor_end.py:57] - 现在是(63,3)
2025-11-23 14:28:14,906 - back_corridor_end - INFO - [back_corridor_end.py:57] - 现在是(63,2)
2025-11-23 14:28:14,906 - back_corridor_end - INFO - [back_corridor_end.py:57] - 现在是(63,1)
2025-11-23 14:28:14,906 - back_corridor_end - INFO - [back_corridor_end.py:57] - 现在是(64,1)
2025-11-23 14:28:14,906 - back_corridor_end - INFO - [back_corridor_end.py:57] - 现在是(65,1)
2025-11-23 14:28:14,906 - back_corridor_end - INFO - [back_corridor_end.py:80] - isDotAlive:发现死路上的点(65, 1)
2025-11-23 14:28:14,906 - back_corridor_end - INFO - [back_corridor_end.py:57] - 现在是(64,1)
2025-11-23 14:28:14,906 - back_corridor_end - INFO - [back_corridor_end.py:80] - isDotAlive:发现死路上的点(64, 1)
2025-11-23 14:28:14,906 - back_corridor_end - INFO - [back_corridor_end.py:57] - 现在是(63,1)
2025-11-23 14:28:14,906 - back_corridor_end - INFO - [back_corridor_end.py:57] - 现在是(62,1)
2025-11-23 14:28:14,906 - back_corridor_end - INFO - [back_corridor_end.py:57] - 现在是(61,1)
2025-11-23 14:28:14,906 - back_corridor_end - INFO - [back_corridor_end.py:80] - isDotAlive:发现死路上的点(61, 1)
2025-11-23 14:28:14,906 - back_corridor_end - INFO - [back_corridor_end.py:57] - 现在是(62,1)
2025-11-23 14:28:14,907 - back_corridor_end - INFO - [back_corridor_end.py:80] - isDotAlive:发现死路上的点(62, 1)
2025-11-23 14:28:14,907 - back_corridor_end - INFO - [back_corridor_end.py:57] - 现在是(63,1)
2025-11-23 14:28:14,907 - back_corridor_end - INFO - [back_corridor_end.py:80] - isDotAlive:发现死路上的点(63, 1)
2025-11-23 14:28:14,907 - back_corridor_end - INFO - [back_corridor_end.py:57] - 现在是(63,2)
2025-11-23 14:28:14,907 - back_corridor_end - INFO - [back_corridor_end.py:80] - isDotAlive:发现死路上的点(63, 2)
2025-11-23 14:28:14,907 - back_corridor_end - INFO - [back_corridor_end.py:57] - 现在是(63,3)
2025-11-23 14:28:14,907 - back_corridor_end - INFO - [back_corridor_end.py:80] - isDotAlive:发现死路上的点(63, 3)
2025-11-23 14:28:14,907 - back_corridor_end - INFO - [back_corridor_end.py:57] - 现在是(62,3)
2025-11-23 14:28:14,907 - back_corridor_end - INFO - [back_corridor_end.py:80] - isDotAlive:发现死路上的点(62, 3)
2025-11-23 14:28:14,907 - back_corridor_end - INFO - [back_corridor_end.py:57] - 现在是(61,3)
2025-11-23 14:28:14,907 - back_corridor_end - INFO - [back_corridor_end.py:80] - isDotAlive:发现死路上的点(61, 3)
2025-11-23 14:28:14,907 - back_corridor_end - INFO - [back_corridor_end.py:57] - 现在是(60,3)
2025-11-23 14:28:14,907 - back_corridor_end - INFO - [back_corridor_end.py:80] - isDotAlive:发现死路上的点(60, 3)
2025-11-23 14:28:14,907 - back_corridor_end - INFO - [back_corridor_end.py:57] - 现在是(59,3)
2025-11-23 14:28:14,907 - back_corridor_end - INFO - [back_corridor_end.py:57] - 现在是(59,4)
2025-11-23 14:28:14,907 - back_corridor_end - INFO - [back_corridor_end.py:57] - 现在是(59,5)
2025-11-23 14:28:14,907 - back_corridor_end - INFO - [back_corridor_end.py:80] - isDotAlive:发现死路上的点(59, 5)
2025-11-23 14:28:14,907 - back_corridor_end - INFO - [back_corridor_end.py:57] - 现在是(59,4)
2025-11-23 14:28:14,907 - back_corridor_end - INFO - [back_corridor_end.py:80] - isDotAlive:发现死路上的点(59, 4)
2025-11-23 14:28:14,907 - back_corridor_end - INFO - [back_corridor_end.py:57] - 现在是(59,3)
2025-11-23 14:28:14,907 - back_corridor_end - INFO - [back_corridor_end.py:57] - 现在是(58,3)
2025-11-23 14:28:14,907 - back_corridor_end - INFO - [back_corridor_end.py:57] - 现在是(57,3)
2025-11-23 14:28:14,907 - back_corridor_end - INFO - [back_corridor_end.py:80] - isDotAlive:发现死路上的点(57, 3)
2025-11-23 14:28:14,907 - back_corridor_end - INFO - [back_corridor_end.py:57] - 现在是(58,3)
2025-11-23 14:28:14,908 - back_corridor_end - INFO - [back_corridor_end.py:80] - isDotAlive:发现死路上的点(58, 3)
2025-11-23 14:28:14,908 - back_corridor_end - INFO - [back_corridor_end.py:57] - 现在是(59,3)
2025-11-23 14:28:14,908 - back_corridor_end - INFO - [back_corridor_end.py:80] - isDotAlive:发现死路上的点(59, 3)
2025-11-23 14:28:14,908 - back_corridor_end - INFO - [back_corridor_end.py:57] - 现在是(59,2)
2025-11-23 14:28:14,908 - back_corridor_end - INFO - [back_corridor_end.py:80] - isDotAlive:发现死路上的点(59, 2)
2025-11-23 14:28:14,908 - back_corridor_end - INFO - [back_corridor_end.py:57] - 现在是(59,1)
2025-11-23 14:28:14,908 - back_corridor_end - INFO - [back_corridor_end.py:80] - isDotAlive:发现死路上的点(59, 1)
2025-11-23 14:28:14,908 - back_corridor_end - INFO - [back_corridor_end.py:57] - 现在是(58,1)
2025-11-23 14:28:14,908 - back_corridor_end - INFO - [back_corridor_end.py:80] - isDotAlive:发现死路上的点(58, 1)
2025-11-23 14:28:14,908 - back_corridor_end - INFO - [back_corridor_end.py:57] - 现在是(57,1)
2025-11-23 14:28:14,908 - back_corridor_end - INFO - [back_corridor_end.py:80] - isDotAlive:发现死路上的点(57, 1)
2025-11-23 14:28:14,908 - back_corridor_end - INFO - [back_corridor_end.py:57] - 现在是(56,1)
2025-11-23 14:28:14,908 - back_corridor_end - INFO - [back_corridor_end.py:80] - isDotAlive:发现死路上的点(56, 1)
2025-11-23 14:28:14,908 - back_corridor_end - INFO - [back_corridor_end.py:57] - 现在是(55,1)
2025-11-23 14:28:14,908 - back_corridor_end - INFO - [back_corridor_end.py:80] - isDotAlive:发现死路上的点(55, 1)
2025-11-23 14:28:14,908 - back_corridor_end - INFO - [back_corridor_end.py:57] - 现在是(54,1)
2025-11-23 14:28:14,908 - back_corridor_end - INFO - [back_corridor_end.py:80] - isDotAlive:发现死路上的点(54, 1)
2025-11-23 14:28:14,908 - back_corridor_end - INFO - [back_corridor_end.py:57] - 现在是(53,1)
2025-11-23 14:28:14,908 - back_corridor_end - INFO - [back_corridor_end.py:57] - 现在是(52,1)
2025-11-23 14:28:14,908 - back_corridor_end - INFO - [back_corridor_end.py:57] - 现在是(51,1)
2025-11-23 14:28:14,908 - back_corridor_end - INFO - [back_corridor_end.py:57] - 现在是(50,1)
2025-11-23 14:28:14,908 - back_corridor_end - INFO - [back_corridor_end.py:57] - 现在是(49,1)
2025-11-23 14:28:14,908 - back_corridor_end - INFO - [back_corridor_end.py:80] - isDotAlive:发现死路上的点(49, 1)
2025-11-23 14:28:14,908 - back_corridor_end - INFO - [back_corridor_end.py:57] - 现在是(50,1)
2025-11-23 14:28:14,909 - back_corridor_end - INFO - [back_corridor_end.py:80] - isDotAlive:发现死路上的点(50, 1)
2025-11-23 14:28:14,909 - back_corridor_end - INFO - [back_corridor_end.py:57] - 现在是(51,1)
2025-11-23 14:28:14,909 - back_corridor_end - INFO - [back_corridor_end.py:80] - isDotAlive:发现死路上的点(51, 1)
2025-11-23 14:28:14,909 - back_corridor_end - INFO - [back_corridor_end.py:57] - 现在是(52,1)
2025-11-23 14:28:14,909 - back_corridor_end - INFO - [back_corridor_end.py:80] - isDotAlive:发现死路上的点(52, 1)
2025-11-23 14:28:14,909 - back_corridor_end - INFO - [back_corridor_end.py:57] - 现在是(53,1)
2025-11-23 14:28:14,909 - back_corridor_end - INFO - [back_corridor_end.py:80] - isDotAlive:发现死路上的点(53, 1)
2025-11-23 14:28:14,909 - back_corridor_end - INFO - [back_corridor_end.py:57] - 现在是(53,2)
2025-11-23 14:28:14,909 - back_corridor_end - INFO - [back_corridor_end.py:80] - isDotAlive:发现死路上的点(53, 2)
2025-11-23 14:28:14,909 - back_corridor_end - INFO - [back_corridor_end.py:57] - 现在是(53,3)
2025-11-23 14:28:14,909 - back_corridor_end - INFO - [back_corridor_end.py:80] - isDotAlive:发现死路上的点(53, 3)
2025-11-23 14:28:14,909 - back_corridor_end - INFO - [back_corridor_end.py:57] - 现在是(54,3)
2025-11-23 14:28:14,909 - back_corridor_end - INFO - [back_corridor_end.py:80] - isDotAlive:发现死路上的点(54, 3)
2025-11-23 14:28:14,909 - back_corridor_end - INFO - [back_corridor_end.py:57] - 现在是(55,3)
2025-11-23 14:28:14,909 - back_corridor_end - INFO - [back_corridor_end.py:80] - isDotAlive:发现死路上的点(55, 3)
2025-11-23 14:28:14,909 - back_corridor_end - INFO - [back_corridor_end.py:57] - 现在是(55,4)
2025-11-23 14:28:14,909 - back_corridor_end - INFO - [back_corridor_end.py:80] - isDotAlive:发现死路上的点(55, 4)
2025-11-23 14:28:14,909 - back_corridor_end - INFO - [back_corridor_end.py:57] - 现在是(55,5)
2025-11-23 14:28:14,909 - back_corridor_end - INFO - [back_corridor_end.py:80] - isDotAlive:发现死路上的点(55, 5)
2025-11-23 14:28:14,909 - back_corridor_end - INFO - [back_corridor_end.py:57] - 现在是(56,5)
2025-11-23 14:28:14,909 - back_corridor_end - INFO - [back_corridor_end.py:80] - isDotAlive:发现死路上的点(56, 5)
2025-11-23 14:28:14,909 - back_corridor_end - INFO - [back_corridor_end.py:57] - 现在是(57,5)
2025-11-23 14:28:14,909 - back_corridor_end - INFO - [back_corridor_end.py:80] - isDotAlive:发现死路上的点(57, 5)
2025-11-23 14:28:14,909 - back_corridor_end - INFO - [back_corridor_end.py:57] - 现在是(57,6)
2025-11-23 14:28:14,910 - back_corridor_end - INFO - [back_corridor_end.py:80] - isDotAlive:发现死路上的点(57, 6)
2025-11-23 14:28:14,910 - back_corridor_end - INFO - [back_corridor_end.py:57] - 现在是(57,7)
2025-11-23 14:28:14,910 - back_corridor_end - INFO - [back_corridor_end.py:80] - isDotAlive:发现死路上的点(57, 7)
2025-11-23 14:28:14,910 - back_corridor_end - INFO - [back_corridor_end.py:57] - 现在是(56,7)
2025-11-23 14:28:14,910 - back_corridor_end - INFO - [back_corridor_end.py:80] - isDotAlive:发现死路上的点(56, 7)
2025-11-23 14:28:14,910 - back_corridor_end - INFO - [back_corridor_end.py:57] - 现在是(55,7)
2025-11-23 14:28:14,910 - back_corridor_end - INFO - [back_corridor_end.py:80] - isDotAlive:发现死路上的点(55, 7)
2025-11-23 14:28:14,910 - back_corridor_end - INFO - [back_corridor_end.py:57] - 现在是(55,8)
2025-11-23 14:28:14,910 - back_corridor_end - INFO - [back_corridor_end.py:80] - isDotAlive:发现死路上的点(55, 8)
2025-11-23 14:28:14,910 - back_corridor_end - INFO - [back_corridor_end.py:57] - 现在是(55,9)
2025-11-23 14:28:14,910 - back_corridor_end - INFO - [back_corridor_end.py:80] - isDotAlive:发现死路上的点(55, 9)
2025-11-23 14:28:14,910 - back_corridor_end - INFO - [back_corridor_end.py:57] - 现在是(56,9)
2025-11-23 14:28:14,910 - back_corridor_end - INFO - [back_corridor_end.py:80] - isDotAlive:发现死路上的点(56, 9)
2025-11-23 14:28:14,910 - back_corridor_end - INFO - [back_corridor_end.py:57] - 现在是(57,9)
2025-11-23 14:28:14,910 - back_corridor_end - INFO - [back_corridor_end.py:80] - isDotAlive:发现死路上的点(57, 9)
2025-11-23 14:28:14,910 - back_corridor_end - INFO - [back_corridor_end.py:57] - 现在是(57,10)
2025-11-23 14:28:14,910 - back_corridor_end - INFO - [back_corridor_end.py:80] - isDotAlive:发现死路上的点(57, 10)
2025-11-23 14:28:14,910 - back_corridor_end - INFO - [back_corridor_end.py:57] - 现在是(57,11)
2025-11-23 14:28:14,910 - back_corridor_end - INFO - [back_corridor_end.py:80] - isDotAlive:发现死路上的点(57, 11)
2025-11-23 14:28:14,910 - back_corridor_end - INFO - [back_corridor_end.py:57] - 现在是(58,11)
2025-11-23 14:28:14,911 - back_corridor_end - INFO - [back_corridor_end.py:80] - isDotAlive:发现死路上的点(58, 11)
2025-11-23 14:28:14,911 - back_corridor_end - INFO - [back_corridor_end.py:57] - 现在是(59,11)
2025-11-23 14:28:14,911 - back_corridor_end - INFO - [back_corridor_end.py:74] - isDotAlive:点(59, 11)是活的
2025-11-23 14:28:14,911 - back_corridor_end - INFO - [back_corridor_end.py:57] - 现在是(60,11)
2025-11-23 14:28:14,911 - back_corridor_end - INFO - [back_corridor_end.py:74] - isDotAlive:点(60, 11)是活的
2025-11-23 14:28:14,911 - back_corridor_end - INFO - [back_corridor_end.py:57] - 现在是(61,11)
2025-11-23 14:28:14,911 - back_corridor_end - INFO - [back_corridor_end.py:57] - 现在是(61,10)
2025-11-23 14:28:14,911 - back_corridor_end - INFO - [back_corridor_end.py:57] - 现在是(61,9)
2025-11-23 14:28:14,911 - back_corridor_end - INFO - [back_corridor_end.py:74] - isDotAlive:点(61, 9)是活的
2025-11-23 14:28:14,911 - back_corridor_end - INFO - [back_corridor_end.py:57] - 现在是(61,10)
2025-11-23 14:28:14,911 - back_corridor_end - INFO - [back_corridor_end.py:74] - isDotAlive:点(61, 10)是活的
2025-11-23 14:28:14,911 - back_corridor_end - INFO - [back_corridor_end.py:57] - 现在是(61,11)
2025-11-23 14:28:14,911 - back_corridor_end - INFO - [back_corridor_end.py:74] - isDotAlive:点(61, 11)是活的
2025-11-23 14:28:14,911 - back_corridor_end - INFO - [back_corridor_end.py:57] - 现在是(62,11)
2025-11-23 14:28:14,911 - back_corridor_end - INFO - [back_corridor_end.py:74] - isDotAlive:点(62, 11)是活的
2025-11-23 14:28:14,911 - back_corridor_end - INFO - [back_corridor_end.py:57] - 现在是(63,11)
2025-11-23 14:28:14,911 - back_corridor_end - INFO - [back_corridor_end.py:74] - isDotAlive:点(63, 11)是活的
2025-11-23 14:28:14,911 - back_corridor_end - INFO - [back_corridor_end.py:57] - 现在是(64,11)
2025-11-23 14:28:14,911 - back_corridor_end - INFO - [back_corridor_end.py:74] - isDotAlive:点(64, 11)是活的
2025-11-23 14:28:14,911 - back_corridor_end - INFO - [back_corridor_end.py:57] - 现在是(65,11)
2025-11-23 14:28:14,911 - back_corridor_end - INFO - [back_corridor_end.py:74] - isDotAlive:点(65, 11)是活的
2025-11-23 14:28:14,911 - back_corridor_end - INFO - [back_corridor_end.py:57] - 现在是(65,10)
2025-11-23 14:28:14,911 - back_corridor_end - INFO - [back_corridor_end.py:74] - isDotAlive:点(65, 10)是活的
2025-11-23 14:28:14,911 - back_corridor_end - INFO - [back_corridor_end.py:57] - 现在是(65,9)
2025-11-23 14:28:14,911 - back_corridor_end - INFO - [back_corridor_end.py:57] - 现在是(64,9)
2025-11-23 14:28:14,912 - back_corridor_end - INFO - [back_corridor_end.py:57] - 现在是(63,9)
2025-11-23 14:28:14,912 - back_corridor_end - INFO - [back_corridor_end.py:80] - isDotAlive:发现死路上的点(63, 9)
2025-11-23 14:28:14,912 - back_corridor_end - INFO - [back_corridor_end.py:57] - 现在是(64,9)
2025-11-23 14:28:14,912 - back_corridor_end - INFO - [back_corridor_end.py:80] - isDotAlive:发现死路上的点(64, 9)
2025-11-23 14:28:14,912 - back_corridor_end - INFO - [back_corridor_end.py:57] - 现在是(65,9)
2025-11-23 14:28:14,912 - back_corridor_end - INFO - [back_corridor_end.py:57] - 现在是(65,8)
2025-11-23 14:28:14,912 - back_corridor_end - INFO - [back_corridor_end.py:57] - 现在是(65,7)
2025-11-23 14:28:14,912 - back_corridor_end - INFO - [back_corridor_end.py:80] - isDotAlive:发现死路上的点(65, 7)
2025-11-23 14:28:14,912 - back_corridor_end - INFO - [back_corridor_end.py:57] - 现在是(65,8)
2025-11-23 14:28:14,912 - back_corridor_end - INFO - [back_corridor_end.py:80] - isDotAlive:发现死路上的点(65, 8)
2025-11-23 14:28:14,912 - back_corridor_end - INFO - [back_corridor_end.py:57] - 现在是(65,9)
2025-11-23 14:28:14,912 - back_corridor_end - INFO - [back_corridor_end.py:74] - isDotAlive:点(65, 9)是活的
2025-11-23 14:28:14,912 - back_corridor_end - INFO - [back_corridor_end.py:57] - 现在是(66,9)
2025-11-23 14:28:14,912 - back_corridor_end - INFO - [back_corridor_end.py:74] - isDotAlive:点(66, 9)是活的
2025-11-23 14:28:14,912 - back_corridor_end - INFO - [back_corridor_end.py:57] - 现在是(67,9)
2025-11-23 14:28:14,912 - back_corridor_end - INFO - [back_corridor_end.py:74] - isDotAlive:点(67, 9)是活的
2025-11-23 14:28:14,912 - back_corridor_end - INFO - [back_corridor_end.py:57] - 现在是(67,8)
2025-11-23 14:28:14,912 - back_corridor_end - INFO - [back_corridor_end.py:74] - isDotAlive:点(67, 8)是活的
2025-11-23 14:28:14,912 - back_corridor_end - INFO - [back_corridor_end.py:57] - 现在是(67,7)
2025-11-23 14:28:14,912 - back_corridor_end - INFO - [back_corridor_end.py:74] - isDotAlive:点(67, 7)是活的
2025-11-23 14:28:14,912 - back_corridor_end - INFO - [back_corridor_end.py:57] - 现在是(68,7)
2025-11-23 14:28:14,912 - back_corridor_end - INFO - [back_corridor_end.py:74] - isDotAlive:点(68, 7)是活的
2025-11-23 14:28:14,912 - back_corridor_end - INFO - [back_corridor_end.py:57] - 现在是(69,7)
2025-11-23 14:28:14,913 - back_corridor_end - INFO - [back_corridor_end.py:74] - isDotAlive:点(69, 7)是活的
2025-11-23 14:28:14,913 - back_corridor_end - INFO - [back_corridor_end.py:57] - 现在是(70,7)
2025-11-23 14:28:14,913 - back_corridor_end - INFO - [back_corridor_end.py:74] - isDotAlive:点(70, 7)是活的
2025-11-23 14:28:14,913 - back_corridor_end - INFO - [back_corridor_end.py:57] - 现在是(71,7)
2025-11-23 14:28:14,913 - back_corridor_end - INFO - [back_corridor_end.py:74] - isDotAlive:点(71, 7)是活的
2025-11-23 14:28:14,913 - back_corridor_end - INFO - [back_corridor_end.py:57] - 现在是(71,6)
2025-11-23 14:28:14,913 - back_corridor_end - INFO - [back_corridor_end.py:74] - isDotAlive:点(71, 6)是活的
2025-11-23 14:28:14,913 - back_corridor_end - INFO - [back_corridor_end.py:57] - 现在是(71,5)
2025-11-23 14:28:14,913 - back_corridor_end - INFO - [back_corridor_end.py:57] - 现在是(70,5)
2025-11-23 14:28:14,913 - back_corridor_end - INFO - [back_corridor_end.py:57] - 现在是(69,5)
2025-11-23 14:28:14,913 - back_corridor_end - INFO - [back_corridor_end.py:80] - isDotAlive:发现死路上的点(69, 5)
2025-11-23 14:28:14,913 - back_corridor_end - INFO - [back_corridor_end.py:57] - 现在是(70,5)
2025-11-23 14:28:14,913 - back_corridor_end - INFO - [back_corridor_end.py:80] - isDotAlive:发现死路上的点(70, 5)
2025-11-23 14:28:14,913 - back_corridor_end - INFO - [back_corridor_end.py:57] - 现在是(71,5)
2025-11-23 14:28:14,913 - back_corridor_end - INFO - [back_corridor_end.py:57] - 现在是(71,4)
2025-11-23 14:28:14,913 - back_corridor_end - INFO - [back_corridor_end.py:57] - 现在是(71,3)
2025-11-23 14:28:14,913 - back_corridor_end - INFO - [back_corridor_end.py:57] - 现在是(70,3)
2025-11-23 14:28:14,913 - back_corridor_end - INFO - [back_corridor_end.py:57] - 现在是(69,3)
2025-11-23 14:28:14,913 - back_corridor_end - INFO - [back_corridor_end.py:57] - 现在是(68,3)
2025-11-23 14:28:14,913 - back_corridor_end - INFO - [back_corridor_end.py:57] - 现在是(67,3)
2025-11-23 14:28:14,913 - back_corridor_end - INFO - [back_corridor_end.py:57] - 现在是(67,4)
2025-11-23 14:28:14,913 - back_corridor_end - INFO - [back_corridor_end.py:57] - 现在是(67,5)
2025-11-23 14:28:14,913 - back_corridor_end - INFO - [back_corridor_end.py:80] - isDotAlive:发现死路上的点(67, 5)
2025-11-23 14:28:14,913 - back_corridor_end - INFO - [back_corridor_end.py:57] - 现在是(67,4)
2025-11-23 14:28:14,914 - back_corridor_end - INFO - [back_corridor_end.py:80] - isDotAlive:发现死路上的点(67, 4)
2025-11-23 14:28:14,914 - back_corridor_end - INFO - [back_corridor_end.py:57] - 现在是(67,3)
2025-11-23 14:28:14,914 - back_corridor_end - INFO - [back_corridor_end.py:80] - isDotAlive:发现死路上的点(67, 3)
2025-11-23 14:28:14,914 - back_corridor_end - INFO - [back_corridor_end.py:57] - 现在是(68,3)
2025-11-23 14:28:14,914 - back_corridor_end - INFO - [back_corridor_end.py:80] - isDotAlive:发现死路上的点(68, 3)
2025-11-23 14:28:14,914 - back_corridor_end - INFO - [back_corridor_end.py:57] - 现在是(69,3)
2025-11-23 14:28:14,914 - back_corridor_end - INFO - [back_corridor_end.py:80] - isDotAlive:发现死路上的点(69, 3)
2025-11-23 14:28:14,914 - back_corridor_end - INFO - [back_corridor_end.py:57] - 现在是(70,3)
2025-11-23 14:28:14,914 - back_corridor_end - INFO - [back_corridor_end.py:80] - isDotAlive:发现死路上的点(70, 3)
2025-11-23 14:28:14,914 - back_corridor_end - INFO - [back_corridor_end.py:57] - 现在是(71,3)
2025-11-23 14:28:14,914 - back_corridor_end - INFO - [back_corridor_end.py:57] - 现在是(71,2)
2025-11-23 14:28:14,914 - back_corridor_end - INFO - [back_corridor_end.py:57] - 现在是(71,1)
2025-11-23 14:28:14,914 - back_corridor_end - INFO - [back_corridor_end.py:57] - 现在是(72,1)
2025-11-23 14:28:14,914 - back_corridor_end - INFO - [back_corridor_end.py:57] - 现在是(73,1)
2025-11-23 14:28:14,914 - back_corridor_end - INFO - [back_corridor_end.py:57] - 现在是(73,2)
2025-11-23 14:28:14,914 - back_corridor_end - INFO - [back_corridor_end.py:57] - 现在是(73,3)
2025-11-23 14:28:14,914 - back_corridor_end - INFO - [back_corridor_end.py:80] - isDotAlive:发现死路上的点(73, 3)
2025-11-23 14:28:14,914 - back_corridor_end - INFO - [back_corridor_end.py:57] - 现在是(73,2)
2025-11-23 14:28:14,914 - back_corridor_end - INFO - [back_corridor_end.py:80] - isDotAlive:发现死路上的点(73, 2)
2025-11-23 14:28:14,914 - back_corridor_end - INFO - [back_corridor_end.py:57] - 现在是(73,1)
2025-11-23 14:28:14,914 - back_corridor_end - INFO - [back_corridor_end.py:80] - isDotAlive:发现死路上的点(73, 1)
2025-11-23 14:28:14,914 - back_corridor_end - INFO - [back_corridor_end.py:57] - 现在是(72,1)
2025-11-23 14:28:14,914 - back_corridor_end - INFO - [back_corridor_end.py:80] - isDotAlive:发现死路上的点(72, 1)
2025-11-23 14:28:14,914 - back_corridor_end - INFO - [back_corridor_end.py:57] - 现在是(71,1)
2025-11-23 14:28:14,915 - back_corridor_end - INFO - [back_corridor_end.py:57] - 现在是(70,1)
2025-11-23 14:28:14,915 - back_corridor_end - INFO - [back_corridor_end.py:57] - 现在是(69,1)
2025-11-23 14:28:14,915 - back_corridor_end - INFO - [back_corridor_end.py:57] - 现在是(68,1)
2025-11-23 14:28:14,915 - back_corridor_end - INFO - [back_corridor_end.py:57] - 现在是(67,1)
2025-11-23 14:28:14,915 - back_corridor_end - INFO - [back_corridor_end.py:80] - isDotAlive:发现死路上的点(67, 1)
2025-11-23 14:28:14,915 - back_corridor_end - INFO - [back_corridor_end.py:57] - 现在是(68,1)
2025-11-23 14:28:14,915 - back_corridor_end - INFO - [back_corridor_end.py:80] - isDotAlive:发现死路上的点(68, 1)
2025-11-23 14:28:14,915 - back_corridor_end - INFO - [back_corridor_end.py:57] - 现在是(69,1)
2025-11-23 14:28:14,915 - back_corridor_end - INFO - [back_corridor_end.py:80] - isDotAlive:发现死路上的点(69, 1)
2025-11-23 14:28:14,915 - back_corridor_end - INFO - [back_corridor_end.py:57] - 现在是(70,1)
2025-11-23 14:28:14,915 - back_corridor_end - INFO - [back_corridor_end.py:80] - isDotAlive:发现死路上的点(70, 1)
2025-11-23 14:28:14,915 - back_corridor_end - INFO - [back_corridor_end.py:57] - 现在是(71,1)
2025-11-23 14:28:14,915 - back_corridor_end - INFO - [back_corridor_end.py:80] - isDotAlive:发现死路上的点(71, 1)
2025-11-23 14:28:14,915 - back_corridor_end - INFO - [back_corridor_end.py:57] - 现在是(71,2)
2025-11-23 14:28:14,915 - back_corridor_end - INFO - [back_corridor_end.py:80] - isDotAlive:发现死路上的点(71, 2)
2025-11-23 14:28:14,915 - back_corridor_end - INFO - [back_corridor_end.py:57] - 现在是(71,3)
2025-11-23 14:28:14,915 - back_corridor_end - INFO - [back_corridor_end.py:80] - isDotAlive:发现死路上的点(71, 3)
2025-11-23 14:28:14,915 - back_corridor_end - INFO - [back_corridor_end.py:57] - 现在是(71,4)
2025-11-23 14:28:14,915 - back_corridor_end - INFO - [back_corridor_end.py:80] - isDotAlive:发现死路上的点(71, 4)
2025-11-23 14:28:14,915 - back_corridor_end - INFO - [back_corridor_end.py:57] - 现在是(71,5)
2025-11-23 14:28:14,915 - back_corridor_end - INFO - [back_corridor_end.py:74] - isDotAlive:点(71, 5)是活的
2025-11-23 14:28:14,915 - back_corridor_end - INFO - [back_corridor_end.py:57] - 现在是(72,5)
2025-11-23 14:28:14,915 - back_corridor_end - INFO - [back_corridor_end.py:74] - isDotAlive:点(72, 5)是活的
2025-11-23 14:28:14,915 - back_corridor_end - INFO - [back_corridor_end.py:57] - 现在是(73,5)
2025-11-23 14:28:14,916 - back_corridor_end - INFO - [back_corridor_end.py:74] - isDotAlive:点(73, 5)是活的
2025-11-23 14:28:14,916 - back_corridor_end - INFO - [back_corridor_end.py:57] - 现在是(73,6)
2025-11-23 14:28:14,916 - back_corridor_end - INFO - [back_corridor_end.py:74] - isDotAlive:点(73, 6)是活的
2025-11-23 14:28:14,916 - back_corridor_end - INFO - [back_corridor_end.py:57] - 现在是(73,7)
2025-11-23 14:28:14,916 - back_corridor_end - INFO - [back_corridor_end.py:74] - isDotAlive:点(73, 7)是活的
2025-11-23 14:28:14,916 - back_corridor_end - INFO - [back_corridor_end.py:57] - 现在是(74,7)
2025-11-23 14:28:14,916 - back_corridor_end - INFO - [back_corridor_end.py:74] - isDotAlive:点(74, 7)是活的
2025-11-23 14:28:14,916 - back_corridor_end - INFO - [back_corridor_end.py:57] - 现在是(75,7)
2025-11-23 14:28:14,916 - back_corridor_end - INFO - [back_corridor_end.py:74] - isDotAlive:点(75, 7)是活的
2025-11-23 14:28:14,916 - back_corridor_end - INFO - [back_corridor_end.py:57] - 现在是(75,8)
2025-11-23 14:28:14,916 - back_corridor_end - INFO - [back_corridor_end.py:74] - isDotAlive:点(75, 8)是活的
2025-11-23 14:28:14,916 - back_corridor_end - INFO - [back_corridor_end.py:57] - 现在是(75,9)
2025-11-23 14:28:14,916 - back_corridor_end - INFO - [back_corridor_end.py:74] - isDotAlive:点(75, 9)是活的
2025-11-23 14:28:14,916 - back_corridor_end - INFO - [back_corridor_end.py:57] - 现在是(76,9)
2025-11-23 14:28:14,916 - back_corridor_end - INFO - [back_corridor_end.py:74] - isDotAlive:点(76, 9)是活的
2025-11-23 14:28:14,916 - back_corridor_end - INFO - [back_corridor_end.py:46] - dfs从(16,29)开始
2025-11-23 14:28:14,916 - back_corridor_end - INFO - [back_corridor_end.py:57] - 现在是(16,29)
2025-11-23 14:28:14,916 - back_corridor_end - INFO - [back_corridor_end.py:80] - isDotAlive:发现死路上的点(16, 29)
2025-11-23 14:28:14,916 - back_corridor_end - INFO - [back_corridor_end.py:46] - dfs从(22,24)开始
2025-11-23 14:28:14,916 - back_corridor_end - INFO - [back_corridor_end.py:57] - 现在是(22,24)
2025-11-23 14:28:14,916 - back_corridor_end - INFO - [back_corridor_end.py:57] - 现在是(23,24)
2025-11-23 14:28:14,916 - back_corridor_end - INFO - [back_corridor_end.py:57] - 现在是(23,25)
2025-11-23 14:28:14,916 - back_corridor_end - INFO - [back_corridor_end.py:57] - 现在是(23,26)
2025-11-23 14:28:14,916 - back_corridor_end - INFO - [back_corridor_end.py:57] - 现在是(23,27)
2025-11-23 14:28:14,917 - back_corridor_end - INFO - [back_corridor_end.py:57] - 现在是(24,27)
2025-11-23 14:28:14,917 - back_corridor_end - INFO - [back_corridor_end.py:57] - 现在是(25,27)
2025-11-23 14:28:14,917 - back_corridor_end - INFO - [back_corridor_end.py:57] - 现在是(25,28)
2025-11-23 14:28:14,917 - back_corridor_end - INFO - [back_corridor_end.py:57] - 现在是(25,29)
2025-11-23 14:28:14,917 - back_corridor_end - INFO - [back_corridor_end.py:57] - 现在是(26,29)
2025-11-23 14:28:14,917 - back_corridor_end - INFO - [back_corridor_end.py:57] - 现在是(27,29)
2025-11-23 14:28:14,917 - back_corridor_end - INFO - [back_corridor_end.py:57] - 现在是(28,29)
2025-11-23 14:28:14,917 - back_corridor_end - INFO - [back_corridor_end.py:57] - 现在是(29,29)
2025-11-23 14:28:14,917 - back_corridor_end - INFO - [back_corridor_end.py:57] - 现在是(30,29)
2025-11-23 14:28:14,917 - back_corridor_end - INFO - [back_corridor_end.py:57] - 现在是(31,29)
2025-11-23 14:28:14,917 - back_corridor_end - INFO - [back_corridor_end.py:57] - 现在是(32,29)
2025-11-23 14:28:14,917 - back_corridor_end - INFO - [back_corridor_end.py:57] - 现在是(33,29)
2025-11-23 14:28:14,917 - back_corridor_end - INFO - [back_corridor_end.py:57] - 现在是(33,28)
2025-11-23 14:28:14,917 - back_corridor_end - INFO - [back_corridor_end.py:57] - 现在是(33,27)
2025-11-23 14:28:14,917 - back_corridor_end - INFO - [back_corridor_end.py:57] - 现在是(34,27)
2025-11-23 14:28:14,917 - back_corridor_end - INFO - [back_corridor_end.py:57] - 现在是(35,27)
2025-11-23 14:28:14,917 - back_corridor_end - INFO - [back_corridor_end.py:57] - 现在是(36,27)
2025-11-23 14:28:14,917 - back_corridor_end - INFO - [back_corridor_end.py:57] - 现在是(37,27)
2025-11-23 14:28:14,917 - back_corridor_end - INFO - [back_corridor_end.py:80] - isDotAlive:发现死路上的点(37, 27)
2025-11-23 14:28:14,917 - back_corridor_end - INFO - [back_corridor_end.py:57] - 现在是(36,27)
2025-11-23 14:28:14,917 - back_corridor_end - INFO - [back_corridor_end.py:74] - isDotAlive:点(36, 27)是活的
2025-11-23 14:28:14,917 - back_corridor_end - INFO - [back_corridor_end.py:57] - 现在是(35,27)
2025-11-23 14:28:14,917 - back_corridor_end - INFO - [back_corridor_end.py:57] - 现在是(35,28)
2025-11-23 14:28:14,917 - back_corridor_end - INFO - [back_corridor_end.py:57] - 现在是(35,29)
2025-11-23 14:28:14,917 - back_corridor_end - INFO - [back_corridor_end.py:57] - 现在是(36,29)
2025-11-23 14:28:14,917 - back_corridor_end - INFO - [back_corridor_end.py:57] - 现在是(37,29)
2025-11-23 14:28:14,918 - back_corridor_end - INFO - [back_corridor_end.py:57] - 现在是(37,30)
2025-11-23 14:28:14,918 - back_corridor_end - INFO - [back_corridor_end.py:57] - 现在是(37,31)
2025-11-23 14:28:14,918 - back_corridor_end - INFO - [back_corridor_end.py:57] - 现在是(37,32)
2025-11-23 14:28:14,918 - back_corridor_end - INFO - [back_corridor_end.py:57] - 现在是(37,33)
2025-11-23 14:28:14,918 - back_corridor_end - INFO - [back_corridor_end.py:57] - 现在是(36,33)
2025-11-23 14:28:14,918 - back_corridor_end - INFO - [back_corridor_end.py:57] - 现在是(35,33)
2025-11-23 14:28:14,918 - back_corridor_end - INFO - [back_corridor_end.py:80] - isDotAlive:发现死路上的点(35, 33)
2025-11-23 14:28:14,918 - back_corridor_end - INFO - [back_corridor_end.py:57] - 现在是(36,33)
2025-11-23 14:28:14,918 - back_corridor_end - INFO - [back_corridor_end.py:80] - isDotAlive:发现死路上的点(36, 33)
2025-11-23 14:28:14,918 - back_corridor_end - INFO - [back_corridor_end.py:57] - 现在是(37,33)
2025-11-23 14:28:14,918 - back_corridor_end - INFO - [back_corridor_end.py:80] - isDotAlive:发现死路上的点(37, 33)
2025-11-23 14:28:14,918 - back_corridor_end - INFO - [back_corridor_end.py:57] - 现在是(37,32)
2025-11-23 14:28:14,918 - back_corridor_end - INFO - [back_corridor_end.py:80] - isDotAlive:发现死路上的点(37, 32)
2025-11-23 14:28:14,918 - back_corridor_end - INFO - [back_corridor_end.py:57] - 现在是(37,31)
2025-11-23 14:28:14,918 - back_corridor_end - INFO - [back_corridor_end.py:57] - 现在是(36,31)
2025-11-23 14:28:14,918 - back_corridor_end - INFO - [back_corridor_end.py:57] - 现在是(35,31)
2025-11-23 14:28:14,918 - back_corridor_end - INFO - [back_corridor_end.py:57] - 现在是(34,31)
2025-11-23 14:28:14,918 - back_corridor_end - INFO - [back_corridor_end.py:57] - 现在是(33,31)
2025-11-23 14:28:14,918 - back_corridor_end - INFO - [back_corridor_end.py:57] - 现在是(33,32)
2025-11-23 14:28:14,918 - back_corridor_end - INFO - [back_corridor_end.py:57] - 现在是(33,33)
2025-11-23 14:28:14,918 - back_corridor_end - INFO - [back_corridor_end.py:57] - 现在是(33,34)
2025-11-23 14:28:14,918 - back_corridor_end - INFO - [back_corridor_end.py:57] - 现在是(33,35)
2025-11-23 14:28:14,918 - back_corridor_end - INFO - [back_corridor_end.py:57] - 现在是(34,35)
2025-11-23 14:28:14,918 - back_corridor_end - INFO - [back_corridor_end.py:57] - 现在是(35,35)
2025-11-23 14:28:14,918 - back_corridor_end - INFO - [back_corridor_end.py:57] - 现在是(36,35)
2025-11-23 14:28:14,918 - back_corridor_end - INFO - [back_corridor_end.py:57] - 现在是(37,35)
2025-11-23 14:28:14,919 - back_corridor_end - INFO - [back_corridor_end.py:57] - 现在是(38,35)
2025-11-23 14:28:14,919 - back_corridor_end - INFO - [back_corridor_end.py:57] - 现在是(39,35)
2025-11-23 14:28:14,919 - back_corridor_end - INFO - [back_corridor_end.py:57] - 现在是(40,35)
2025-11-23 14:28:14,919 - back_corridor_end - INFO - [back_corridor_end.py:57] - 现在是(41,35)
2025-11-23 14:28:14,919 - back_corridor_end - INFO - [back_corridor_end.py:80] - isDotAlive:发现死路上的点(41, 35)
2025-11-23 14:28:14,919 - back_corridor_end - INFO - [back_corridor_end.py:57] - 现在是(40,35)
2025-11-23 14:28:14,919 - back_corridor_end - INFO - [back_corridor_end.py:74] - isDotAlive:点(40, 35)是活的
2025-11-23 14:28:14,919 - back_corridor_end - INFO - [back_corridor_end.py:57] - 现在是(39,35)
2025-11-23 14:28:14,919 - back_corridor_end - INFO - [back_corridor_end.py:74] - isDotAlive:点(39, 35)是活的
2025-11-23 14:28:14,919 - back_corridor_end - INFO - [back_corridor_end.py:57] - 现在是(38,35)
2025-11-23 14:28:14,919 - back_corridor_end - INFO - [back_corridor_end.py:74] - isDotAlive:点(38, 35)是活的
2025-11-23 14:28:14,919 - back_corridor_end - INFO - [back_corridor_end.py:57] - 现在是(37,35)
2025-11-23 14:28:14,919 - back_corridor_end - INFO - [back_corridor_end.py:57] - 现在是(37,36)
2025-11-23 14:28:14,919 - back_corridor_end - INFO - [back_corridor_end.py:57] - 现在是(37,37)
2025-11-23 14:28:14,919 - back_corridor_end - INFO - [back_corridor_end.py:57] - 现在是(37,38)
2025-11-23 14:28:14,919 - back_corridor_end - INFO - [back_corridor_end.py:57] - 现在是(37,39)
2025-11-23 14:28:14,919 - back_corridor_end - INFO - [back_corridor_end.py:57] - 现在是(38,39)
2025-11-23 14:28:14,919 - back_corridor_end - INFO - [back_corridor_end.py:57] - 现在是(39,39)
2025-11-23 14:28:14,919 - back_corridor_end - INFO - [back_corridor_end.py:57] - 现在是(39,40)
2025-11-23 14:28:14,919 - back_corridor_end - INFO - [back_corridor_end.py:57] - 现在是(39,41)
2025-11-23 14:28:14,919 - back_corridor_end - INFO - [back_corridor_end.py:57] - 现在是(39,42)
2025-11-23 14:28:14,919 - back_corridor_end - INFO - [back_corridor_end.py:57] - 现在是(39,43)
2025-11-23 14:28:14,919 - back_corridor_end - INFO - [back_corridor_end.py:80] - isDotAlive:发现死路上的点(39, 43)
2025-11-23 14:28:14,919 - back_corridor_end - INFO - [back_corridor_end.py:57] - 现在是(39,42)
2025-11-23 14:28:14,919 - back_corridor_end - INFO - [back_corridor_end.py:80] - isDotAlive:发现死路上的点(39, 42)
2025-11-23 14:28:14,920 - back_corridor_end - INFO - [back_corridor_end.py:57] - 现在是(39,41)
2025-11-23 14:28:14,920 - back_corridor_end - INFO - [back_corridor_end.py:80] - isDotAlive:发现死路上的点(39, 41)
2025-11-23 14:28:14,920 - back_corridor_end - INFO - [back_corridor_end.py:57] - 现在是(39,40)
2025-11-23 14:28:14,920 - back_corridor_end - INFO - [back_corridor_end.py:80] - isDotAlive:发现死路上的点(39, 40)
2025-11-23 14:28:14,920 - back_corridor_end - INFO - [back_corridor_end.py:57] - 现在是(39,39)
2025-11-23 14:28:14,920 - back_corridor_end - INFO - [back_corridor_end.py:74] - isDotAlive:点(39, 39)是活的
2025-11-23 14:28:14,920 - back_corridor_end - INFO - [back_corridor_end.py:57] - 现在是(38,39)
2025-11-23 14:28:14,920 - back_corridor_end - INFO - [back_corridor_end.py:74] - isDotAlive:点(38, 39)是活的
2025-11-23 14:28:14,920 - back_corridor_end - INFO - [back_corridor_end.py:57] - 现在是(37,39)
2025-11-23 14:28:14,920 - back_corridor_end - INFO - [back_corridor_end.py:57] - 现在是(36,39)
2025-11-23 14:28:14,920 - back_corridor_end - INFO - [back_corridor_end.py:57] - 现在是(35,39)
2025-11-23 14:28:14,920 - back_corridor_end - INFO - [back_corridor_end.py:80] - isDotAlive:发现死路上的点(35, 39)
2025-11-23 14:28:14,920 - back_corridor_end - INFO - [back_corridor_end.py:57] - 现在是(36,39)
2025-11-23 14:28:14,920 - back_corridor_end - INFO - [back_corridor_end.py:80] - isDotAlive:发现死路上的点(36, 39)
2025-11-23 14:28:14,920 - back_corridor_end - INFO - [back_corridor_end.py:57] - 现在是(37,39)
2025-11-23 14:28:14,920 - back_corridor_end - INFO - [back_corridor_end.py:74] - isDotAlive:点(37, 39)是活的
2025-11-23 14:28:14,920 - back_corridor_end - INFO - [back_corridor_end.py:57] - 现在是(37,38)
2025-11-23 14:28:14,920 - back_corridor_end - INFO - [back_corridor_end.py:74] - isDotAlive:点(37, 38)是活的
2025-11-23 14:28:14,920 - back_corridor_end - INFO - [back_corridor_end.py:57] - 现在是(37,37)
2025-11-23 14:28:14,920 - back_corridor_end - INFO - [back_corridor_end.py:74] - isDotAlive:点(37, 37)是活的
2025-11-23 14:28:14,920 - back_corridor_end - INFO - [back_corridor_end.py:57] - 现在是(37,36)
2025-11-23 14:28:14,920 - back_corridor_end - INFO - [back_corridor_end.py:74] - isDotAlive:点(37, 36)是活的
2025-11-23 14:28:14,920 - back_corridor_end - INFO - [back_corridor_end.py:57] - 现在是(37,35)
2025-11-23 14:28:14,920 - back_corridor_end - INFO - [back_corridor_end.py:74] - isDotAlive:点(37, 35)是活的
2025-11-23 14:28:14,920 - back_corridor_end - INFO - [back_corridor_end.py:57] - 现在是(36,35)
2025-11-23 14:28:14,920 - back_corridor_end - INFO - [back_corridor_end.py:74] - isDotAlive:点(36, 35)是活的
2025-11-23 14:28:14,921 - back_corridor_end - INFO - [back_corridor_end.py:57] - 现在是(35,35)
2025-11-23 14:28:14,921 - back_corridor_end - INFO - [back_corridor_end.py:57] - 现在是(35,36)
2025-11-23 14:28:14,921 - back_corridor_end - INFO - [back_corridor_end.py:57] - 现在是(35,37)
2025-11-23 14:28:14,921 - back_corridor_end - INFO - [back_corridor_end.py:57] - 现在是(34,37)
2025-11-23 14:28:14,921 - back_corridor_end - INFO - [back_corridor_end.py:57] - 现在是(33,37)
2025-11-23 14:28:14,921 - back_corridor_end - INFO - [back_corridor_end.py:57] - 现在是(33,38)
2025-11-23 14:28:14,921 - back_corridor_end - INFO - [back_corridor_end.py:57] - 现在是(33,39)
2025-11-23 14:28:14,921 - back_corridor_end - INFO - [back_corridor_end.py:57] - 现在是(33,40)
2025-11-23 14:28:14,921 - back_corridor_end - INFO - [back_corridor_end.py:57] - 现在是(33,41)
2025-11-23 14:28:14,921 - back_corridor_end - INFO - [back_corridor_end.py:57] - 现在是(34,41)
2025-11-23 14:28:14,921 - back_corridor_end - INFO - [back_corridor_end.py:57] - 现在是(35,41)
2025-11-23 14:28:14,921 - back_corridor_end - INFO - [back_corridor_end.py:57] - 现在是(36,41)
2025-11-23 14:28:14,921 - back_corridor_end - INFO - [back_corridor_end.py:57] - 现在是(37,41)
2025-11-23 14:28:14,921 - back_corridor_end - INFO - [back_corridor_end.py:57] - 现在是(37,42)
2025-11-23 14:28:14,921 - back_corridor_end - INFO - [back_corridor_end.py:57] - 现在是(37,43)
2025-11-23 14:28:14,921 - back_corridor_end - INFO - [back_corridor_end.py:57] - 现在是(37,44)
2025-11-23 14:28:14,921 - back_corridor_end - INFO - [back_corridor_end.py:57] - 现在是(37,45)
2025-11-23 14:28:14,921 - back_corridor_end - INFO - [back_corridor_end.py:57] - 现在是(37,46)
2025-11-23 14:28:14,921 - back_corridor_end - INFO - [back_corridor_end.py:57] - 现在是(37,47)
2025-11-23 14:28:14,921 - back_corridor_end - INFO - [back_corridor_end.py:57] - 现在是(38,47)
2025-11-23 14:28:14,921 - back_corridor_end - INFO - [back_corridor_end.py:57] - 现在是(39,47)
2025-11-23 14:28:14,921 - back_corridor_end - INFO - [back_corridor_end.py:57] - 现在是(39,48)
2025-11-23 14:28:14,921 - back_corridor_end - INFO - [back_corridor_end.py:57] - 现在是(39,49)
2025-11-23 14:28:14,921 - back_corridor_end - INFO - [back_corridor_end.py:57] - 现在是(40,49)
2025-11-23 14:28:14,921 - back_corridor_end - INFO - [back_corridor_end.py:57] - 现在是(41,49)
2025-11-23 14:28:14,921 - back_corridor_end - INFO - [back_corridor_end.py:57] - 现在是(42,49)
2025-11-23 14:28:14,922 - back_corridor_end - INFO - [back_corridor_end.py:57] - 现在是(43,49)
2025-11-23 14:28:14,922 - back_corridor_end - INFO - [back_corridor_end.py:74] - isDotAlive:点(43, 49)是活的
2025-11-23 14:28:14,922 - back_corridor_end - INFO - [back_corridor_end.py:57] - 现在是(42,49)
2025-11-23 14:28:14,922 - back_corridor_end - INFO - [back_corridor_end.py:74] - isDotAlive:点(42, 49)是活的
2025-11-23 14:28:14,922 - back_corridor_end - INFO - [back_corridor_end.py:57] - 现在是(41,49)
2025-11-23 14:28:14,922 - back_corridor_end - INFO - [back_corridor_end.py:74] - isDotAlive:点(41, 49)是活的
2025-11-23 14:28:14,922 - back_corridor_end - INFO - [back_corridor_end.py:57] - 现在是(40,49)
2025-11-23 14:28:14,922 - back_corridor_end - INFO - [back_corridor_end.py:74] - isDotAlive:点(40, 49)是活的
2025-11-23 14:28:14,922 - back_corridor_end - INFO - [back_corridor_end.py:57] - 现在是(39,49)
2025-11-23 14:28:14,922 - back_corridor_end - INFO - [back_corridor_end.py:57] - 现在是(38,49)
2025-11-23 14:28:14,922 - back_corridor_end - INFO - [back_corridor_end.py:57] - 现在是(37,49)
2025-11-23 14:28:14,922 - back_corridor_end - INFO - [back_corridor_end.py:57] - 现在是(36,49)
2025-11-23 14:28:14,922 - back_corridor_end - INFO - [back_corridor_end.py:57] - 现在是(35,49)
2025-11-23 14:28:14,922 - back_corridor_end - INFO - [back_corridor_end.py:80] - isDotAlive:发现死路上的点(35, 49)
2025-11-23 14:28:14,922 - back_corridor_end - INFO - [back_corridor_end.py:57] - 现在是(36,49)
2025-11-23 14:28:14,922 - back_corridor_end - INFO - [back_corridor_end.py:80] - isDotAlive:发现死路上的点(36, 49)
2025-11-23 14:28:14,922 - back_corridor_end - INFO - [back_corridor_end.py:57] - 现在是(37,49)
2025-11-23 14:28:14,922 - back_corridor_end - INFO - [back_corridor_end.py:80] - isDotAlive:发现死路上的点(37, 49)
2025-11-23 14:28:14,922 - back_corridor_end - INFO - [back_corridor_end.py:57] - 现在是(38,49)
2025-11-23 14:28:14,922 - back_corridor_end - INFO - [back_corridor_end.py:80] - isDotAlive:发现死路上的点(38, 49)
2025-11-23 14:28:14,922 - back_corridor_end - INFO - [back_corridor_end.py:57] - 现在是(39,49)
2025-11-23 14:28:14,922 - back_corridor_end - INFO - [back_corridor_end.py:74] - isDotAlive:点(39, 49)是活的
2025-11-23 14:28:14,922 - back_corridor_end - INFO - [back_corridor_end.py:57] - 现在是(39,48)
2025-11-23 14:28:14,922 - back_corridor_end - INFO - [back_corridor_end.py:74] - isDotAlive:点(39, 48)是活的
2025-11-23 14:28:14,922 - back_corridor_end - INFO - [back_corridor_end.py:57] - 现在是(39,47)
2025-11-23 14:28:14,922 - back_corridor_end - INFO - [back_corridor_end.py:74] - isDotAlive:点(39, 47)是活的
2025-11-23 14:28:14,923 - back_corridor_end - INFO - [back_corridor_end.py:57] - 现在是(38,47)
2025-11-23 14:28:14,923 - back_corridor_end - INFO - [back_corridor_end.py:74] - isDotAlive:点(38, 47)是活的
2025-11-23 14:28:14,923 - back_corridor_end - INFO - [back_corridor_end.py:57] - 现在是(37,47)
2025-11-23 14:28:14,923 - back_corridor_end - INFO - [back_corridor_end.py:74] - isDotAlive:点(37, 47)是活的
2025-11-23 14:28:14,923 - back_corridor_end - INFO - [back_corridor_end.py:57] - 现在是(37,46)
2025-11-23 14:28:14,923 - back_corridor_end - INFO - [back_corridor_end.py:74] - isDotAlive:点(37, 46)是活的
2025-11-23 14:28:14,923 - back_corridor_end - INFO - [back_corridor_end.py:57] - 现在是(37,45)
2025-11-23 14:28:14,923 - back_corridor_end - INFO - [back_corridor_end.py:57] - 现在是(36,45)
2025-11-23 14:28:14,923 - back_corridor_end - INFO - [back_corridor_end.py:57] - 现在是(35,45)
2025-11-23 14:28:14,923 - back_corridor_end - INFO - [back_corridor_end.py:57] - 现在是(35,46)
2025-11-23 14:28:14,923 - back_corridor_end - INFO - [back_corridor_end.py:57] - 现在是(35,47)
2025-11-23 14:28:14,923 - back_corridor_end - INFO - [back_corridor_end.py:57] - 现在是(34,47)
2025-11-23 14:28:14,923 - back_corridor_end - INFO - [back_corridor_end.py:57] - 现在是(33,47)
2025-11-23 14:28:14,923 - back_corridor_end - INFO - [back_corridor_end.py:57] - 现在是(33,48)
2025-11-23 14:28:14,923 - back_corridor_end - INFO - [back_corridor_end.py:57] - 现在是(33,49)
2025-11-23 14:28:14,923 - back_corridor_end - INFO - [back_corridor_end.py:57] - 现在是(32,49)
2025-11-23 14:28:14,923 - back_corridor_end - INFO - [back_corridor_end.py:57] - 现在是(31,49)
2025-11-23 14:28:14,923 - back_corridor_end - INFO - [back_corridor_end.py:57] - 现在是(30,49)
2025-11-23 14:28:14,923 - back_corridor_end - INFO - [back_corridor_end.py:57] - 现在是(29,49)
2025-11-23 14:28:14,923 - back_corridor_end - INFO - [back_corridor_end.py:57] - 现在是(29,50)
2025-11-23 14:28:14,923 - back_corridor_end - INFO - [back_corridor_end.py:57] - 现在是(29,51)
2025-11-23 14:28:14,923 - back_corridor_end - INFO - [back_corridor_end.py:57] - 现在是(28,51)
2025-11-23 14:28:14,923 - back_corridor_end - INFO - [back_corridor_end.py:57] - 现在是(27,51)
2025-11-23 14:28:14,923 - back_corridor_end - INFO - [back_corridor_end.py:57] - 现在是(27,52)
2025-11-23 14:28:14,923 - back_corridor_end - INFO - [back_corridor_end.py:57] - 现在是(27,53)
2025-11-23 14:28:14,923 - back_corridor_end - INFO - [back_corridor_end.py:57] - 现在是(28,53)
2025-11-23 14:28:14,924 - back_corridor_end - INFO - [back_corridor_end.py:57] - 现在是(29,53)
2025-11-23 14:28:14,924 - back_corridor_end - INFO - [back_corridor_end.py:57] - 现在是(29,54)
2025-11-23 14:28:14,924 - back_corridor_end - INFO - [back_corridor_end.py:57] - 现在是(29,55)
2025-11-23 14:28:14,924 - back_corridor_end - INFO - [back_corridor_end.py:57] - 现在是(29,56)
2025-11-23 14:28:14,924 - back_corridor_end - INFO - [back_corridor_end.py:57] - 现在是(29,57)
2025-11-23 14:28:14,924 - back_corridor_end - INFO - [back_corridor_end.py:57] - 现在是(29,58)
2025-11-23 14:28:14,924 - back_corridor_end - INFO - [back_corridor_end.py:57] - 现在是(29,59)
2025-11-23 14:28:14,924 - back_corridor_end - INFO - [back_corridor_end.py:57] - 现在是(28,59)
2025-11-23 14:28:14,924 - back_corridor_end - INFO - [back_corridor_end.py:57] - 现在是(27,59)
2025-11-23 14:28:14,924 - back_corridor_end - INFO - [back_corridor_end.py:57] - 现在是(26,59)
2025-11-23 14:28:14,924 - back_corridor_end - INFO - [back_corridor_end.py:57] - 现在是(25,59)
2025-11-23 14:28:14,924 - back_corridor_end - INFO - [back_corridor_end.py:57] - 现在是(25,60)
2025-11-23 14:28:14,924 - back_corridor_end - INFO - [back_corridor_end.py:57] - 现在是(25,61)
2025-11-23 14:28:14,924 - back_corridor_end - INFO - [back_corridor_end.py:57] - 现在是(25,62)
2025-11-23 14:28:14,924 - back_corridor_end - INFO - [back_corridor_end.py:57] - 现在是(25,63)
2025-11-23 14:28:14,924 - back_corridor_end - INFO - [back_corridor_end.py:57] - 现在是(26,63)
2025-11-23 14:28:14,924 - back_corridor_end - INFO - [back_corridor_end.py:57] - 现在是(27,63)
2025-11-23 14:28:14,924 - back_corridor_end - INFO - [back_corridor_end.py:57] - 现在是(28,63)
2025-11-23 14:28:14,924 - back_corridor_end - INFO - [back_corridor_end.py:57] - 现在是(29,63)
2025-11-23 14:28:14,924 - back_corridor_end - INFO - [back_corridor_end.py:80] - isDotAlive:发现死路上的点(29, 63)
2025-11-23 14:28:14,924 - back_corridor_end - INFO - [back_corridor_end.py:57] - 现在是(28,63)
2025-11-23 14:28:14,924 - back_corridor_end - INFO - [back_corridor_end.py:80] - isDotAlive:发现死路上的点(28, 63)
2025-11-23 14:28:14,924 - back_corridor_end - INFO - [back_corridor_end.py:57] - 现在是(27,63)
2025-11-23 14:28:14,924 - back_corridor_end - INFO - [back_corridor_end.py:57] - 现在是(27,62)
2025-11-23 14:28:14,924 - back_corridor_end - INFO - [back_corridor_end.py:57] - 现在是(27,61)
2025-11-23 14:28:14,924 - back_corridor_end - INFO - [back_corridor_end.py:57] - 现在是(28,61)
2025-11-23 14:28:14,925 - back_corridor_end - INFO - [back_corridor_end.py:57] - 现在是(29,61)
2025-11-23 14:28:14,925 - back_corridor_end - INFO - [back_corridor_end.py:57] - 现在是(30,61)
2025-11-23 14:28:14,925 - back_corridor_end - INFO - [back_corridor_end.py:57] - 现在是(31,61)
2025-11-23 14:28:14,925 - back_corridor_end - INFO - [back_corridor_end.py:57] - 现在是(31,62)
2025-11-23 14:28:14,925 - back_corridor_end - INFO - [back_corridor_end.py:57] - 现在是(31,63)
2025-11-23 14:28:14,925 - back_corridor_end - INFO - [back_corridor_end.py:57] - 现在是(32,63)
2025-11-23 14:28:14,925 - back_corridor_end - INFO - [back_corridor_end.py:57] - 现在是(33,63)
2025-11-23 14:28:14,925 - back_corridor_end - INFO - [back_corridor_end.py:57] - 现在是(34,63)
2025-11-23 14:28:14,925 - back_corridor_end - INFO - [back_corridor_end.py:57] - 现在是(35,63)
2025-11-23 14:28:14,925 - back_corridor_end - INFO - [back_corridor_end.py:57] - 现在是(35,62)
2025-11-23 14:28:14,925 - back_corridor_end - INFO - [back_corridor_end.py:57] - 现在是(35,61)
2025-11-23 14:28:14,925 - back_corridor_end - INFO - [back_corridor_end.py:57] - 现在是(36,61)
2025-11-23 14:28:14,925 - back_corridor_end - INFO - [back_corridor_end.py:57] - 现在是(37,61)
2025-11-23 14:28:14,925 - back_corridor_end - INFO - [back_corridor_end.py:80] - isDotAlive:发现死路上的点(37, 61)
2025-11-23 14:28:14,925 - back_corridor_end - INFO - [back_corridor_end.py:57] - 现在是(36,61)
2025-11-23 14:28:14,925 - back_corridor_end - INFO - [back_corridor_end.py:80] - isDotAlive:发现死路上的点(36, 61)
2025-11-23 14:28:14,925 - back_corridor_end - INFO - [back_corridor_end.py:57] - 现在是(35,61)
2025-11-23 14:28:14,925 - back_corridor_end - INFO - [back_corridor_end.py:57] - 现在是(34,61)
2025-11-23 14:28:14,925 - back_corridor_end - INFO - [back_corridor_end.py:57] - 现在是(33,61)
2025-11-23 14:28:14,925 - back_corridor_end - INFO - [back_corridor_end.py:80] - isDotAlive:发现死路上的点(33, 61)
2025-11-23 14:28:14,925 - back_corridor_end - INFO - [back_corridor_end.py:57] - 现在是(34,61)
2025-11-23 14:28:14,925 - back_corridor_end - INFO - [back_corridor_end.py:80] - isDotAlive:发现死路上的点(34, 61)
2025-11-23 14:28:14,925 - back_corridor_end - INFO - [back_corridor_end.py:57] - 现在是(35,61)
2025-11-23 14:28:14,925 - back_corridor_end - INFO - [back_corridor_end.py:80] - isDotAlive:发现死路上的点(35, 61)
2025-11-23 14:28:14,925 - back_corridor_end - INFO - [back_corridor_end.py:57] - 现在是(35,62)
2025-11-23 14:28:14,925 - back_corridor_end - INFO - [back_corridor_end.py:80] - isDotAlive:发现死路上的点(35, 62)
2025-11-23 14:28:14,926 - back_corridor_end - INFO - [back_corridor_end.py:57] - 现在是(35,63)
2025-11-23 14:28:14,926 - back_corridor_end - INFO - [back_corridor_end.py:80] - isDotAlive:发现死路上的点(35, 63)
2025-11-23 14:28:14,926 - back_corridor_end - INFO - [back_corridor_end.py:57] - 现在是(34,63)
2025-11-23 14:28:14,926 - back_corridor_end - INFO - [back_corridor_end.py:80] - isDotAlive:发现死路上的点(34, 63)
2025-11-23 14:28:14,926 - back_corridor_end - INFO - [back_corridor_end.py:57] - 现在是(33,63)
2025-11-23 14:28:14,926 - back_corridor_end - INFO - [back_corridor_end.py:57] - 现在是(33,64)
2025-11-23 14:28:14,926 - back_corridor_end - INFO - [back_corridor_end.py:57] - 现在是(33,65)
2025-11-23 14:28:14,926 - back_corridor_end - INFO - [back_corridor_end.py:57] - 现在是(34,65)
2025-11-23 14:28:14,926 - back_corridor_end - INFO - [back_corridor_end.py:57] - 现在是(35,65)
2025-11-23 14:28:14,926 - back_corridor_end - INFO - [back_corridor_end.py:57] - 现在是(35,66)
2025-11-23 14:28:14,926 - back_corridor_end - INFO - [back_corridor_end.py:57] - 现在是(35,67)
2025-11-23 14:28:14,926 - back_corridor_end - INFO - [back_corridor_end.py:57] - 现在是(35,68)
2025-11-23 14:28:14,926 - back_corridor_end - INFO - [back_corridor_end.py:57] - 现在是(35,69)
2025-11-23 14:28:14,926 - back_corridor_end - INFO - [back_corridor_end.py:57] - 现在是(35,70)
2025-11-23 14:28:14,926 - back_corridor_end - INFO - [back_corridor_end.py:57] - 现在是(35,71)
2025-11-23 14:28:14,926 - back_corridor_end - INFO - [back_corridor_end.py:57] - 现在是(35,72)
2025-11-23 14:28:14,926 - back_corridor_end - INFO - [back_corridor_end.py:57] - 现在是(35,73)
2025-11-23 14:28:14,926 - back_corridor_end - INFO - [back_corridor_end.py:57] - 现在是(36,73)
2025-11-23 14:28:14,926 - back_corridor_end - INFO - [back_corridor_end.py:57] - 现在是(37,73)
2025-11-23 14:28:14,926 - back_corridor_end - INFO - [back_corridor_end.py:57] - 现在是(37,74)
2025-11-23 14:28:14,926 - back_corridor_end - INFO - [back_corridor_end.py:57] - 现在是(37,75)
2025-11-23 14:28:14,926 - back_corridor_end - INFO - [back_corridor_end.py:57] - 现在是(38,75)
2025-11-23 14:28:14,926 - back_corridor_end - INFO - [back_corridor_end.py:57] - 现在是(39,75)
2025-11-23 14:28:14,926 - back_corridor_end - INFO - [back_corridor_end.py:57] - 现在是(40,75)
2025-11-23 14:28:14,926 - back_corridor_end - INFO - [back_corridor_end.py:57] - 现在是(41,75)
2025-11-23 14:28:14,926 - back_corridor_end - INFO - [back_corridor_end.py:57] - 现在是(42,75)
2025-11-23 14:28:14,927 - back_corridor_end - INFO - [back_corridor_end.py:57] - 现在是(43,75)
2025-11-23 14:28:14,927 - back_corridor_end - INFO - [back_corridor_end.py:57] - 现在是(44,75)
2025-11-23 14:28:14,927 - back_corridor_end - INFO - [back_corridor_end.py:57] - 现在是(45,75)
2025-11-23 14:28:14,927 - back_corridor_end - INFO - [back_corridor_end.py:57] - 现在是(45,74)
2025-11-23 14:28:14,927 - back_corridor_end - INFO - [back_corridor_end.py:57] - 现在是(45,73)
2025-11-23 14:28:14,927 - back_corridor_end - INFO - [back_corridor_end.py:57] - 现在是(44,73)
2025-11-23 14:28:14,927 - back_corridor_end - INFO - [back_corridor_end.py:57] - 现在是(43,73)
2025-11-23 14:28:14,927 - back_corridor_end - INFO - [back_corridor_end.py:57] - 现在是(42,73)
2025-11-23 14:28:14,927 - back_corridor_end - INFO - [back_corridor_end.py:57] - 现在是(41,73)
2025-11-23 14:28:14,927 - back_corridor_end - INFO - [back_corridor_end.py:57] - 现在是(40,73)
2025-11-23 14:28:14,927 - back_corridor_end - INFO - [back_corridor_end.py:57] - 现在是(39,73)
2025-11-23 14:28:14,927 - back_corridor_end - INFO - [back_corridor_end.py:80] - isDotAlive:发现死路上的点(39, 73)
2025-11-23 14:28:14,927 - back_corridor_end - INFO - [back_corridor_end.py:57] - 现在是(40,73)
2025-11-23 14:28:14,927 - back_corridor_end - INFO - [back_corridor_end.py:80] - isDotAlive:发现死路上的点(40, 73)
2025-11-23 14:28:14,927 - back_corridor_end - INFO - [back_corridor_end.py:57] - 现在是(41,73)
2025-11-23 14:28:14,927 - back_corridor_end - INFO - [back_corridor_end.py:74] - isDotAlive:点(41, 73)是活的
2025-11-23 14:28:14,927 - back_corridor_end - INFO - [back_corridor_end.py:57] - 现在是(42,73)
2025-11-23 14:28:14,927 - back_corridor_end - INFO - [back_corridor_end.py:74] - isDotAlive:点(42, 73)是活的
2025-11-23 14:28:14,927 - back_corridor_end - INFO - [back_corridor_end.py:57] - 现在是(43,73)
2025-11-23 14:28:14,927 - back_corridor_end - INFO - [back_corridor_end.py:74] - isDotAlive:点(43, 73)是活的
2025-11-23 14:28:14,927 - back_corridor_end - INFO - [back_corridor_end.py:57] - 现在是(44,73)
2025-11-23 14:28:14,927 - back_corridor_end - INFO - [back_corridor_end.py:74] - isDotAlive:点(44, 73)是活的
2025-11-23 14:28:14,927 - back_corridor_end - INFO - [back_corridor_end.py:57] - 现在是(45,73)
2025-11-23 14:28:14,927 - back_corridor_end - INFO - [back_corridor_end.py:57] - 现在是(45,72)
2025-11-23 14:28:14,927 - back_corridor_end - INFO - [back_corridor_end.py:57] - 现在是(45,71)
2025-11-23 14:28:14,927 - back_corridor_end - INFO - [back_corridor_end.py:57] - 现在是(46,71)
2025-11-23 14:28:14,928 - back_corridor_end - INFO - [back_corridor_end.py:57] - 现在是(47,71)
2025-11-23 14:28:14,928 - back_corridor_end - INFO - [back_corridor_end.py:57] - 现在是(48,71)
2025-11-23 14:28:14,928 - back_corridor_end - INFO - [back_corridor_end.py:57] - 现在是(49,71)
2025-11-23 14:28:14,928 - back_corridor_end - INFO - [back_corridor_end.py:57] - 现在是(50,71)
2025-11-23 14:28:14,928 - back_corridor_end - INFO - [back_corridor_end.py:57] - 现在是(51,71)
2025-11-23 14:28:14,928 - back_corridor_end - INFO - [back_corridor_end.py:57] - 现在是(52,71)
2025-11-23 14:28:14,928 - back_corridor_end - INFO - [back_corridor_end.py:57] - 现在是(53,71)
2025-11-23 14:28:14,928 - back_corridor_end - INFO - [back_corridor_end.py:57] - 现在是(53,72)
2025-11-23 14:28:14,928 - back_corridor_end - INFO - [back_corridor_end.py:57] - 现在是(53,73)
2025-11-23 14:28:14,928 - back_corridor_end - INFO - [back_corridor_end.py:57] - 现在是(52,73)
2025-11-23 14:28:14,928 - back_corridor_end - INFO - [back_corridor_end.py:57] - 现在是(51,73)
2025-11-23 14:28:14,928 - back_corridor_end - INFO - [back_corridor_end.py:57] - 现在是(51,74)
2025-11-23 14:28:14,928 - back_corridor_end - INFO - [back_corridor_end.py:57] - 现在是(51,75)
2025-11-23 14:28:14,928 - back_corridor_end - INFO - [back_corridor_end.py:57] - 现在是(52,75)
2025-11-23 14:28:14,928 - back_corridor_end - INFO - [back_corridor_end.py:57] - 现在是(53,75)
2025-11-23 14:28:14,928 - back_corridor_end - INFO - [back_corridor_end.py:80] - isDotAlive:发现死路上的点(53, 75)
2025-11-23 14:28:14,928 - back_corridor_end - INFO - [back_corridor_end.py:57] - 现在是(52,75)
2025-11-23 14:28:14,928 - back_corridor_end - INFO - [back_corridor_end.py:80] - isDotAlive:发现死路上的点(52, 75)
2025-11-23 14:28:14,928 - back_corridor_end - INFO - [back_corridor_end.py:57] - 现在是(51,75)
2025-11-23 14:28:14,928 - back_corridor_end - INFO - [back_corridor_end.py:57] - 现在是(50,75)
2025-11-23 14:28:14,928 - back_corridor_end - INFO - [back_corridor_end.py:57] - 现在是(49,75)
2025-11-23 14:28:14,928 - back_corridor_end - INFO - [back_corridor_end.py:57] - 现在是(49,76)
2025-11-23 14:28:14,928 - back_corridor_end - INFO - [back_corridor_end.py:57] - 现在是(49,77)
2025-11-23 14:28:14,928 - back_corridor_end - INFO - [back_corridor_end.py:57] - 现在是(50,77)
2025-11-23 14:28:14,928 - back_corridor_end - INFO - [back_corridor_end.py:57] - 现在是(51,77)
2025-11-23 14:28:14,928 - back_corridor_end - INFO - [back_corridor_end.py:57] - 现在是(51,78)
2025-11-23 14:28:14,929 - back_corridor_end - INFO - [back_corridor_end.py:57] - 现在是(51,79)
2025-11-23 14:28:14,929 - back_corridor_end - INFO - [back_corridor_end.py:57] - 现在是(50,79)
2025-11-23 14:28:14,929 - back_corridor_end - INFO - [back_corridor_end.py:57] - 现在是(49,79)
2025-11-23 14:28:14,929 - back_corridor_end - INFO - [back_corridor_end.py:57] - 现在是(48,79)
2025-11-23 14:28:14,929 - back_corridor_end - INFO - [back_corridor_end.py:57] - 现在是(47,79)
2025-11-23 14:28:14,929 - back_corridor_end - INFO - [back_corridor_end.py:57] - 现在是(47,80)
2025-11-23 14:28:14,929 - back_corridor_end - INFO - [back_corridor_end.py:57] - 现在是(47,81)
2025-11-23 14:28:14,929 - back_corridor_end - INFO - [back_corridor_end.py:80] - isDotAlive:发现死路上的点(47, 81)
2025-11-23 14:28:14,929 - back_corridor_end - INFO - [back_corridor_end.py:57] - 现在是(47,80)
2025-11-23 14:28:14,929 - back_corridor_end - INFO - [back_corridor_end.py:80] - isDotAlive:发现死路上的点(47, 80)
2025-11-23 14:28:14,929 - back_corridor_end - INFO - [back_corridor_end.py:57] - 现在是(47,79)
2025-11-23 14:28:14,929 - back_corridor_end - INFO - [back_corridor_end.py:57] - 现在是(46,79)
2025-11-23 14:28:14,929 - back_corridor_end - INFO - [back_corridor_end.py:57] - 现在是(45,79)
2025-11-23 14:28:14,929 - back_corridor_end - INFO - [back_corridor_end.py:80] - isDotAlive:发现死路上的点(45, 79)
2025-11-23 14:28:14,929 - back_corridor_end - INFO - [back_corridor_end.py:57] - 现在是(46,79)
2025-11-23 14:28:14,929 - back_corridor_end - INFO - [back_corridor_end.py:80] - isDotAlive:发现死路上的点(46, 79)
2025-11-23 14:28:14,929 - back_corridor_end - INFO - [back_corridor_end.py:57] - 现在是(47,79)
2025-11-23 14:28:14,929 - back_corridor_end - INFO - [back_corridor_end.py:57] - 现在是(47,78)
2025-11-23 14:28:14,929 - back_corridor_end - INFO - [back_corridor_end.py:57] - 现在是(47,77)
2025-11-23 14:28:14,929 - back_corridor_end - INFO - [back_corridor_end.py:57] - 现在是(46,77)
2025-11-23 14:28:14,929 - back_corridor_end - INFO - [back_corridor_end.py:57] - 现在是(45,77)
2025-11-23 14:28:14,929 - back_corridor_end - INFO - [back_corridor_end.py:57] - 现在是(44,77)
2025-11-23 14:28:14,929 - back_corridor_end - INFO - [back_corridor_end.py:57] - 现在是(43,77)
2025-11-23 14:28:14,929 - back_corridor_end - INFO - [back_corridor_end.py:80] - isDotAlive:发现死路上的点(43, 77)
2025-11-23 14:28:14,929 - back_corridor_end - INFO - [back_corridor_end.py:57] - 现在是(44,77)
2025-11-23 14:28:14,929 - back_corridor_end - INFO - [back_corridor_end.py:80] - isDotAlive:发现死路上的点(44, 77)
2025-11-23 14:28:14,930 - back_corridor_end - INFO - [back_corridor_end.py:57] - 现在是(45,77)
2025-11-23 14:28:14,930 - back_corridor_end - INFO - [back_corridor_end.py:80] - isDotAlive:发现死路上的点(45, 77)
2025-11-23 14:28:14,930 - back_corridor_end - INFO - [back_corridor_end.py:57] - 现在是(46,77)
2025-11-23 14:28:14,930 - back_corridor_end - INFO - [back_corridor_end.py:80] - isDotAlive:发现死路上的点(46, 77)
2025-11-23 14:28:14,930 - back_corridor_end - INFO - [back_corridor_end.py:57] - 现在是(47,77)
2025-11-23 14:28:14,930 - back_corridor_end - INFO - [back_corridor_end.py:57] - 现在是(47,76)
2025-11-23 14:28:14,930 - back_corridor_end - INFO - [back_corridor_end.py:57] - 现在是(47,75)
2025-11-23 14:28:14,930 - back_corridor_end - INFO - [back_corridor_end.py:57] - 现在是(47,74)
2025-11-23 14:28:14,930 - back_corridor_end - INFO - [back_corridor_end.py:57] - 现在是(47,73)
2025-11-23 14:28:14,930 - back_corridor_end - INFO - [back_corridor_end.py:57] - 现在是(48,73)
2025-11-23 14:28:14,930 - back_corridor_end - INFO - [back_corridor_end.py:57] - 现在是(49,73)
2025-11-23 14:28:14,930 - back_corridor_end - INFO - [back_corridor_end.py:80] - isDotAlive:发现死路上的点(49, 73)
2025-11-23 14:28:14,930 - back_corridor_end - INFO - [back_corridor_end.py:57] - 现在是(48,73)
2025-11-23 14:28:14,930 - back_corridor_end - INFO - [back_corridor_end.py:80] - isDotAlive:发现死路上的点(48, 73)
2025-11-23 14:28:14,930 - back_corridor_end - INFO - [back_corridor_end.py:57] - 现在是(47,73)
2025-11-23 14:28:14,930 - back_corridor_end - INFO - [back_corridor_end.py:80] - isDotAlive:发现死路上的点(47, 73)
2025-11-23 14:28:14,930 - back_corridor_end - INFO - [back_corridor_end.py:57] - 现在是(47,74)
2025-11-23 14:28:14,930 - back_corridor_end - INFO - [back_corridor_end.py:80] - isDotAlive:发现死路上的点(47, 74)
2025-11-23 14:28:14,930 - back_corridor_end - INFO - [back_corridor_end.py:57] - 现在是(47,75)
2025-11-23 14:28:14,930 - back_corridor_end - INFO - [back_corridor_end.py:80] - isDotAlive:发现死路上的点(47, 75)
2025-11-23 14:28:14,930 - back_corridor_end - INFO - [back_corridor_end.py:57] - 现在是(47,76)
2025-11-23 14:28:14,930 - back_corridor_end - INFO - [back_corridor_end.py:80] - isDotAlive:发现死路上的点(47, 76)
2025-11-23 14:28:14,930 - back_corridor_end - INFO - [back_corridor_end.py:57] - 现在是(47,77)
2025-11-23 14:28:14,930 - back_corridor_end - INFO - [back_corridor_end.py:80] - isDotAlive:发现死路上的点(47, 77)
2025-11-23 14:28:14,930 - back_corridor_end - INFO - [back_corridor_end.py:57] - 现在是(47,78)
2025-11-23 14:28:14,931 - back_corridor_end - INFO - [back_corridor_end.py:80] - isDotAlive:发现死路上的点(47, 78)
2025-11-23 14:28:14,931 - back_corridor_end - INFO - [back_corridor_end.py:57] - 现在是(47,79)
2025-11-23 14:28:14,931 - back_corridor_end - INFO - [back_corridor_end.py:80] - isDotAlive:发现死路上的点(47, 79)
2025-11-23 14:28:14,931 - back_corridor_end - INFO - [back_corridor_end.py:57] - 现在是(48,79)
2025-11-23 14:28:14,931 - back_corridor_end - INFO - [back_corridor_end.py:80] - isDotAlive:发现死路上的点(48, 79)
2025-11-23 14:28:14,931 - back_corridor_end - INFO - [back_corridor_end.py:57] - 现在是(49,79)
2025-11-23 14:28:14,931 - back_corridor_end - INFO - [back_corridor_end.py:80] - isDotAlive:发现死路上的点(49, 79)
2025-11-23 14:28:14,931 - back_corridor_end - INFO - [back_corridor_end.py:57] - 现在是(50,79)
2025-11-23 14:28:14,931 - back_corridor_end - INFO - [back_corridor_end.py:80] - isDotAlive:发现死路上的点(50, 79)
2025-11-23 14:28:14,931 - back_corridor_end - INFO - [back_corridor_end.py:57] - 现在是(51,79)
2025-11-23 14:28:14,931 - back_corridor_end - INFO - [back_corridor_end.py:80] - isDotAlive:发现死路上的点(51, 79)
2025-11-23 14:28:14,931 - back_corridor_end - INFO - [back_corridor_end.py:57] - 现在是(51,78)
2025-11-23 14:28:14,931 - back_corridor_end - INFO - [back_corridor_end.py:80] - isDotAlive:发现死路上的点(51, 78)
2025-11-23 14:28:14,931 - back_corridor_end - INFO - [back_corridor_end.py:57] - 现在是(51,77)
2025-11-23 14:28:14,931 - back_corridor_end - INFO - [back_corridor_end.py:80] - isDotAlive:发现死路上的点(51, 77)
2025-11-23 14:28:14,931 - back_corridor_end - INFO - [back_corridor_end.py:57] - 现在是(50,77)
2025-11-23 14:28:14,931 - back_corridor_end - INFO - [back_corridor_end.py:80] - isDotAlive:发现死路上的点(50, 77)
2025-11-23 14:28:14,931 - back_corridor_end - INFO - [back_corridor_end.py:57] - 现在是(49,77)
2025-11-23 14:28:14,931 - back_corridor_end - INFO - [back_corridor_end.py:80] - isDotAlive:发现死路上的点(49, 77)
2025-11-23 14:28:14,931 - back_corridor_end - INFO - [back_corridor_end.py:57] - 现在是(49,76)
2025-11-23 14:28:14,931 - back_corridor_end - INFO - [back_corridor_end.py:80] - isDotAlive:发现死路上的点(49, 76)
2025-11-23 14:28:14,931 - back_corridor_end - INFO - [back_corridor_end.py:57] - 现在是(49,75)
2025-11-23 14:28:14,931 - back_corridor_end - INFO - [back_corridor_end.py:80] - isDotAlive:发现死路上的点(49, 75)
2025-11-23 14:28:14,931 - back_corridor_end - INFO - [back_corridor_end.py:57] - 现在是(50,75)
2025-11-23 14:28:14,931 - back_corridor_end - INFO - [back_corridor_end.py:80] - isDotAlive:发现死路上的点(50, 75)
2025-11-23 14:28:14,931 - back_corridor_end - INFO - [back_corridor_end.py:57] - 现在是(51,75)
2025-11-23 14:28:14,932 - back_corridor_end - INFO - [back_corridor_end.py:80] - isDotAlive:发现死路上的点(51, 75)
2025-11-23 14:28:14,932 - back_corridor_end - INFO - [back_corridor_end.py:57] - 现在是(51,74)
2025-11-23 14:28:14,932 - back_corridor_end - INFO - [back_corridor_end.py:80] - isDotAlive:发现死路上的点(51, 74)
2025-11-23 14:28:14,932 - back_corridor_end - INFO - [back_corridor_end.py:57] - 现在是(51,73)
2025-11-23 14:28:14,932 - back_corridor_end - INFO - [back_corridor_end.py:80] - isDotAlive:发现死路上的点(51, 73)
2025-11-23 14:28:14,932 - back_corridor_end - INFO - [back_corridor_end.py:57] - 现在是(52,73)
2025-11-23 14:28:14,932 - back_corridor_end - INFO - [back_corridor_end.py:80] - isDotAlive:发现死路上的点(52, 73)
2025-11-23 14:28:14,932 - back_corridor_end - INFO - [back_corridor_end.py:57] - 现在是(53,73)
2025-11-23 14:28:14,932 - back_corridor_end - INFO - [back_corridor_end.py:80] - isDotAlive:发现死路上的点(53, 73)
2025-11-23 14:28:14,932 - back_corridor_end - INFO - [back_corridor_end.py:57] - 现在是(53,72)
2025-11-23 14:28:14,932 - back_corridor_end - INFO - [back_corridor_end.py:74] - isDotAlive:点(53, 72)是活的
2025-11-23 14:28:14,932 - back_corridor_end - INFO - [back_corridor_end.py:57] - 现在是(53,71)
2025-11-23 14:28:14,932 - back_corridor_end - INFO - [back_corridor_end.py:57] - 现在是(53,70)
2025-11-23 14:28:14,932 - back_corridor_end - INFO - [back_corridor_end.py:57] - 现在是(53,69)
2025-11-23 14:28:14,932 - back_corridor_end - INFO - [back_corridor_end.py:57] - 现在是(53,68)
2025-11-23 14:28:14,932 - back_corridor_end - INFO - [back_corridor_end.py:57] - 现在是(53,67)
2025-11-23 14:28:14,932 - back_corridor_end - INFO - [back_corridor_end.py:57] - 现在是(52,67)
2025-11-23 14:28:14,932 - back_corridor_end - INFO - [back_corridor_end.py:57] - 现在是(51,67)
2025-11-23 14:28:14,932 - back_corridor_end - INFO - [back_corridor_end.py:57] - 现在是(50,67)
2025-11-23 14:28:14,932 - back_corridor_end - INFO - [back_corridor_end.py:57] - 现在是(49,67)
2025-11-23 14:28:14,932 - back_corridor_end - INFO - [back_corridor_end.py:57] - 现在是(49,68)
2025-11-23 14:28:14,932 - back_corridor_end - INFO - [back_corridor_end.py:57] - 现在是(49,69)
2025-11-23 14:28:14,932 - back_corridor_end - INFO - [back_corridor_end.py:57] - 现在是(50,69)
2025-11-23 14:28:14,932 - back_corridor_end - INFO - [back_corridor_end.py:57] - 现在是(51,69)
2025-11-23 14:28:14,932 - back_corridor_end - INFO - [back_corridor_end.py:80] - isDotAlive:发现死路上的点(51, 69)
2025-11-23 14:28:14,932 - back_corridor_end - INFO - [back_corridor_end.py:57] - 现在是(50,69)
2025-11-23 14:28:14,933 - back_corridor_end - INFO - [back_corridor_end.py:80] - isDotAlive:发现死路上的点(50, 69)
2025-11-23 14:28:14,933 - back_corridor_end - INFO - [back_corridor_end.py:57] - 现在是(49,69)
2025-11-23 14:28:14,933 - back_corridor_end - INFO - [back_corridor_end.py:57] - 现在是(48,69)
2025-11-23 14:28:14,933 - back_corridor_end - INFO - [back_corridor_end.py:57] - 现在是(47,69)
2025-11-23 14:28:14,933 - back_corridor_end - INFO - [back_corridor_end.py:57] - 现在是(47,68)
2025-11-23 14:28:14,933 - back_corridor_end - INFO - [back_corridor_end.py:57] - 现在是(47,67)
2025-11-23 14:28:14,933 - back_corridor_end - INFO - [back_corridor_end.py:57] - 现在是(46,67)
2025-11-23 14:28:14,933 - back_corridor_end - INFO - [back_corridor_end.py:57] - 现在是(45,67)
2025-11-23 14:28:14,933 - back_corridor_end - INFO - [back_corridor_end.py:57] - 现在是(44,67)
2025-11-23 14:28:14,933 - back_corridor_end - INFO - [back_corridor_end.py:57] - 现在是(43,67)
2025-11-23 14:28:14,933 - back_corridor_end - INFO - [back_corridor_end.py:57] - 现在是(43,68)
2025-11-23 14:28:14,933 - back_corridor_end - INFO - [back_corridor_end.py:57] - 现在是(43,69)
2025-11-23 14:28:14,933 - back_corridor_end - INFO - [back_corridor_end.py:57] - 现在是(44,69)
2025-11-23 14:28:14,933 - back_corridor_end - INFO - [back_corridor_end.py:57] - 现在是(45,69)
2025-11-23 14:28:14,933 - back_corridor_end - INFO - [back_corridor_end.py:80] - isDotAlive:发现死路上的点(45, 69)
2025-11-23 14:28:14,933 - back_corridor_end - INFO - [back_corridor_end.py:57] - 现在是(44,69)
2025-11-23 14:28:14,933 - back_corridor_end - INFO - [back_corridor_end.py:80] - isDotAlive:发现死路上的点(44, 69)
2025-11-23 14:28:14,933 - back_corridor_end - INFO - [back_corridor_end.py:57] - 现在是(43,69)
2025-11-23 14:28:14,933 - back_corridor_end - INFO - [back_corridor_end.py:57] - 现在是(43,70)
2025-11-23 14:28:14,933 - back_corridor_end - INFO - [back_corridor_end.py:57] - 现在是(43,71)
2025-11-23 14:28:14,933 - back_corridor_end - INFO - [back_corridor_end.py:80] - isDotAlive:发现死路上的点(43, 71)
2025-11-23 14:28:14,933 - back_corridor_end - INFO - [back_corridor_end.py:57] - 现在是(43,70)
2025-11-23 14:28:14,933 - back_corridor_end - INFO - [back_corridor_end.py:80] - isDotAlive:发现死路上的点(43, 70)
2025-11-23 14:28:14,933 - back_corridor_end - INFO - [back_corridor_end.py:57] - 现在是(43,69)
2025-11-23 14:28:14,933 - back_corridor_end - INFO - [back_corridor_end.py:80] - isDotAlive:发现死路上的点(43, 69)
2025-11-23 14:28:14,934 - back_corridor_end - INFO - [back_corridor_end.py:57] - 现在是(43,68)
2025-11-23 14:28:14,934 - back_corridor_end - INFO - [back_corridor_end.py:80] - isDotAlive:发现死路上的点(43, 68)
2025-11-23 14:28:14,934 - back_corridor_end - INFO - [back_corridor_end.py:57] - 现在是(43,67)
2025-11-23 14:28:14,934 - back_corridor_end - INFO - [back_corridor_end.py:80] - isDotAlive:发现死路上的点(43, 67)
2025-11-23 14:28:14,934 - back_corridor_end - INFO - [back_corridor_end.py:57] - 现在是(44,67)
2025-11-23 14:28:14,934 - back_corridor_end - INFO - [back_corridor_end.py:74] - isDotAlive:点(44, 67)是活的
2025-11-23 14:28:14,934 - back_corridor_end - INFO - [back_corridor_end.py:57] - 现在是(45,67)
2025-11-23 14:28:14,934 - back_corridor_end - INFO - [back_corridor_end.py:74] - isDotAlive:点(45, 67)是活的
2025-11-23 14:28:14,934 - back_corridor_end - INFO - [back_corridor_end.py:57] - 现在是(46,67)
2025-11-23 14:28:14,934 - back_corridor_end - INFO - [back_corridor_end.py:74] - isDotAlive:点(46, 67)是活的
2025-11-23 14:28:14,934 - back_corridor_end - INFO - [back_corridor_end.py:57] - 现在是(47,67)
2025-11-23 14:28:14,934 - back_corridor_end - INFO - [back_corridor_end.py:74] - isDotAlive:点(47, 67)是活的
2025-11-23 14:28:14,934 - back_corridor_end - INFO - [back_corridor_end.py:57] - 现在是(47,68)
2025-11-23 14:28:14,934 - back_corridor_end - INFO - [back_corridor_end.py:74] - isDotAlive:点(47, 68)是活的
2025-11-23 14:28:14,934 - back_corridor_end - INFO - [back_corridor_end.py:57] - 现在是(47,69)
2025-11-23 14:28:14,934 - back_corridor_end - INFO - [back_corridor_end.py:74] - isDotAlive:点(47, 69)是活的
2025-11-23 14:28:14,934 - back_corridor_end - INFO - [back_corridor_end.py:57] - 现在是(48,69)
2025-11-23 14:28:14,934 - back_corridor_end - INFO - [back_corridor_end.py:74] - isDotAlive:点(48, 69)是活的
2025-11-23 14:28:14,934 - back_corridor_end - INFO - [back_corridor_end.py:57] - 现在是(49,69)
2025-11-23 14:28:14,934 - back_corridor_end - INFO - [back_corridor_end.py:74] - isDotAlive:点(49, 69)是活的
2025-11-23 14:28:14,934 - back_corridor_end - INFO - [back_corridor_end.py:57] - 现在是(49,68)
2025-11-23 14:28:14,934 - back_corridor_end - INFO - [back_corridor_end.py:74] - isDotAlive:点(49, 68)是活的
2025-11-23 14:28:14,934 - back_corridor_end - INFO - [back_corridor_end.py:57] - 现在是(49,67)
2025-11-23 14:28:14,934 - back_corridor_end - INFO - [back_corridor_end.py:74] - isDotAlive:点(49, 67)是活的
2025-11-23 14:28:14,934 - back_corridor_end - INFO - [back_corridor_end.py:57] - 现在是(50,67)
2025-11-23 14:28:14,934 - back_corridor_end - INFO - [back_corridor_end.py:74] - isDotAlive:点(50, 67)是活的
2025-11-23 14:28:14,935 - back_corridor_end - INFO - [back_corridor_end.py:57] - 现在是(51,67)
2025-11-23 14:28:14,935 - back_corridor_end - INFO - [back_corridor_end.py:74] - isDotAlive:点(51, 67)是活的
2025-11-23 14:28:14,935 - back_corridor_end - INFO - [back_corridor_end.py:57] - 现在是(52,67)
2025-11-23 14:28:14,935 - back_corridor_end - INFO - [back_corridor_end.py:74] - isDotAlive:点(52, 67)是活的
2025-11-23 14:28:14,935 - back_corridor_end - INFO - [back_corridor_end.py:57] - 现在是(53,67)
2025-11-23 14:28:14,935 - back_corridor_end - INFO - [back_corridor_end.py:57] - 现在是(53,66)
2025-11-23 14:28:14,935 - back_corridor_end - INFO - [back_corridor_end.py:57] - 现在是(53,65)
2025-11-23 14:28:14,935 - back_corridor_end - INFO - [back_corridor_end.py:57] - 现在是(54,65)
2025-11-23 14:28:14,935 - back_corridor_end - INFO - [back_corridor_end.py:57] - 现在是(55,65)
2025-11-23 14:28:14,935 - back_corridor_end - INFO - [back_corridor_end.py:57] - 现在是(55,66)
2025-11-23 14:28:14,935 - back_corridor_end - INFO - [back_corridor_end.py:57] - 现在是(55,67)
2025-11-23 14:28:14,935 - back_corridor_end - INFO - [back_corridor_end.py:57] - 现在是(55,68)
2025-11-23 14:28:14,935 - back_corridor_end - INFO - [back_corridor_end.py:57] - 现在是(55,69)
2025-11-23 14:28:14,935 - back_corridor_end - INFO - [back_corridor_end.py:57] - 现在是(56,69)
2025-11-23 14:28:14,935 - back_corridor_end - INFO - [back_corridor_end.py:57] - 现在是(57,69)
2025-11-23 14:28:14,935 - back_corridor_end - INFO - [back_corridor_end.py:57] - 现在是(58,69)
2025-11-23 14:28:14,935 - back_corridor_end - INFO - [back_corridor_end.py:57] - 现在是(59,69)
2025-11-23 14:28:14,935 - back_corridor_end - INFO - [back_corridor_end.py:57] - 现在是(59,68)
2025-11-23 14:28:14,935 - back_corridor_end - INFO - [back_corridor_end.py:57] - 现在是(59,67)
2025-11-23 14:28:14,935 - back_corridor_end - INFO - [back_corridor_end.py:57] - 现在是(60,67)
2025-11-23 14:28:14,935 - back_corridor_end - INFO - [back_corridor_end.py:57] - 现在是(61,67)
2025-11-23 14:28:14,935 - back_corridor_end - INFO - [back_corridor_end.py:57] - 现在是(61,68)
2025-11-23 14:28:14,935 - back_corridor_end - INFO - [back_corridor_end.py:57] - 现在是(61,69)
2025-11-23 14:28:14,935 - back_corridor_end - INFO - [back_corridor_end.py:57] - 现在是(61,70)
2025-11-23 14:28:14,935 - back_corridor_end - INFO - [back_corridor_end.py:57] - 现在是(61,71)
2025-11-23 14:28:14,936 - back_corridor_end - INFO - [back_corridor_end.py:57] - 现在是(62,71)
2025-11-23 14:28:14,936 - back_corridor_end - INFO - [back_corridor_end.py:57] - 现在是(63,71)
2025-11-23 14:28:14,936 - back_corridor_end - INFO - [back_corridor_end.py:57] - 现在是(63,70)
2025-11-23 14:28:14,936 - back_corridor_end - INFO - [back_corridor_end.py:57] - 现在是(63,69)
2025-11-23 14:28:14,936 - back_corridor_end - INFO - [back_corridor_end.py:80] - isDotAlive:发现死路上的点(63, 69)
2025-11-23 14:28:14,936 - back_corridor_end - INFO - [back_corridor_end.py:57] - 现在是(63,70)
2025-11-23 14:28:14,936 - back_corridor_end - INFO - [back_corridor_end.py:80] - isDotAlive:发现死路上的点(63, 70)
2025-11-23 14:28:14,936 - back_corridor_end - INFO - [back_corridor_end.py:57] - 现在是(63,71)
2025-11-23 14:28:14,936 - back_corridor_end - INFO - [back_corridor_end.py:80] - isDotAlive:发现死路上的点(63, 71)
2025-11-23 14:28:14,936 - back_corridor_end - INFO - [back_corridor_end.py:57] - 现在是(62,71)
2025-11-23 14:28:14,936 - back_corridor_end - INFO - [back_corridor_end.py:80] - isDotAlive:发现死路上的点(62, 71)
2025-11-23 14:28:14,936 - back_corridor_end - INFO - [back_corridor_end.py:57] - 现在是(61,71)
2025-11-23 14:28:14,936 - back_corridor_end - INFO - [back_corridor_end.py:57] - 现在是(61,72)
2025-11-23 14:28:14,936 - back_corridor_end - INFO - [back_corridor_end.py:57] - 现在是(61,73)
2025-11-23 14:28:14,936 - back_corridor_end - INFO - [back_corridor_end.py:57] - 现在是(61,74)
2025-11-23 14:28:14,936 - back_corridor_end - INFO - [back_corridor_end.py:57] - 现在是(61,75)
2025-11-23 14:28:14,936 - back_corridor_end - INFO - [back_corridor_end.py:57] - 现在是(60,75)
2025-11-23 14:28:14,936 - back_corridor_end - INFO - [back_corridor_end.py:57] - 现在是(59,75)
2025-11-23 14:28:14,936 - back_corridor_end - INFO - [back_corridor_end.py:57] - 现在是(59,76)
2025-11-23 14:28:14,936 - back_corridor_end - INFO - [back_corridor_end.py:57] - 现在是(59,77)
2025-11-23 14:28:14,936 - back_corridor_end - INFO - [back_corridor_end.py:57] - 现在是(60,77)
2025-11-23 14:28:14,936 - back_corridor_end - INFO - [back_corridor_end.py:57] - 现在是(61,77)
2025-11-23 14:28:14,936 - back_corridor_end - INFO - [back_corridor_end.py:80] - isDotAlive:发现死路上的点(61, 77)
2025-11-23 14:28:14,936 - back_corridor_end - INFO - [back_corridor_end.py:57] - 现在是(60,77)
2025-11-23 14:28:14,936 - back_corridor_end - INFO - [back_corridor_end.py:80] - isDotAlive:发现死路上的点(60, 77)
2025-11-23 14:28:14,937 - back_corridor_end - INFO - [back_corridor_end.py:57] - 现在是(59,77)
2025-11-23 14:28:14,937 - back_corridor_end - INFO - [back_corridor_end.py:57] - 现在是(59,78)
2025-11-23 14:28:14,937 - back_corridor_end - INFO - [back_corridor_end.py:57] - 现在是(59,79)
2025-11-23 14:28:14,937 - back_corridor_end - INFO - [back_corridor_end.py:57] - 现在是(59,80)
2025-11-23 14:28:14,937 - back_corridor_end - INFO - [back_corridor_end.py:57] - 现在是(59,81)
2025-11-23 14:28:14,937 - back_corridor_end - INFO - [back_corridor_end.py:57] - 现在是(60,81)
2025-11-23 14:28:14,937 - back_corridor_end - INFO - [back_corridor_end.py:57] - 现在是(61,81)
2025-11-23 14:28:14,937 - back_corridor_end - INFO - [back_corridor_end.py:57] - 现在是(61,82)
2025-11-23 14:28:14,937 - back_corridor_end - INFO - [back_corridor_end.py:57] - 现在是(61,83)
2025-11-23 14:28:14,937 - back_corridor_end - INFO - [back_corridor_end.py:57] - 现在是(62,83)
2025-11-23 14:28:14,937 - back_corridor_end - INFO - [back_corridor_end.py:57] - 现在是(63,83)
2025-11-23 14:28:14,937 - back_corridor_end - INFO - [back_corridor_end.py:57] - 现在是(64,83)
2025-11-23 14:28:14,937 - back_corridor_end - INFO - [back_corridor_end.py:57] - 现在是(65,83)
2025-11-23 14:28:14,937 - back_corridor_end - INFO - [back_corridor_end.py:57] - 现在是(66,83)
2025-11-23 14:28:14,937 - back_corridor_end - INFO - [back_corridor_end.py:57] - 现在是(67,83)
2025-11-23 14:28:14,937 - back_corridor_end - INFO - [back_corridor_end.py:80] - isDotAlive:发现死路上的点(67, 83)
2025-11-23 14:28:14,937 - back_corridor_end - INFO - [back_corridor_end.py:57] - 现在是(66,83)
2025-11-23 14:28:14,937 - back_corridor_end - INFO - [back_corridor_end.py:80] - isDotAlive:发现死路上的点(66, 83)
2025-11-23 14:28:14,937 - back_corridor_end - INFO - [back_corridor_end.py:57] - 现在是(65,83)
2025-11-23 14:28:14,937 - back_corridor_end - INFO - [back_corridor_end.py:80] - isDotAlive:发现死路上的点(65, 83)
2025-11-23 14:28:14,937 - back_corridor_end - INFO - [back_corridor_end.py:57] - 现在是(64,83)
2025-11-23 14:28:14,937 - back_corridor_end - INFO - [back_corridor_end.py:80] - isDotAlive:发现死路上的点(64, 83)
2025-11-23 14:28:14,937 - back_corridor_end - INFO - [back_corridor_end.py:57] - 现在是(63,83)
2025-11-23 14:28:14,937 - back_corridor_end - INFO - [back_corridor_end.py:80] - isDotAlive:发现死路上的点(63, 83)
2025-11-23 14:28:14,937 - back_corridor_end - INFO - [back_corridor_end.py:57] - 现在是(62,83)
2025-11-23 14:28:14,938 - back_corridor_end - INFO - [back_corridor_end.py:80] - isDotAlive:发现死路上的点(62, 83)
2025-11-23 14:28:14,938 - back_corridor_end - INFO - [back_corridor_end.py:57] - 现在是(61,83)
2025-11-23 14:28:14,938 - back_corridor_end - INFO - [back_corridor_end.py:57] - 现在是(60,83)
2025-11-23 14:28:14,938 - back_corridor_end - INFO - [back_corridor_end.py:57] - 现在是(59,83)
2025-11-23 14:28:14,938 - back_corridor_end - INFO - [back_corridor_end.py:57] - 现在是(59,84)
2025-11-23 14:28:14,938 - back_corridor_end - INFO - [back_corridor_end.py:57] - 现在是(59,85)
2025-11-23 14:28:14,938 - back_corridor_end - INFO - [back_corridor_end.py:57] - 现在是(60,85)
2025-11-23 14:28:14,938 - back_corridor_end - INFO - [back_corridor_end.py:57] - 现在是(61,85)
2025-11-23 14:28:14,938 - back_corridor_end - INFO - [back_corridor_end.py:57] - 现在是(62,85)
2025-11-23 14:28:14,938 - back_corridor_end - INFO - [back_corridor_end.py:57] - 现在是(63,85)
2025-11-23 14:28:14,938 - back_corridor_end - INFO - [back_corridor_end.py:57] - 现在是(64,85)
2025-11-23 14:28:14,938 - back_corridor_end - INFO - [back_corridor_end.py:57] - 现在是(65,85)
2025-11-23 14:28:14,938 - back_corridor_end - INFO - [back_corridor_end.py:57] - 现在是(65,86)
2025-11-23 14:28:14,938 - back_corridor_end - INFO - [back_corridor_end.py:57] - 现在是(65,87)
2025-11-23 14:28:14,938 - back_corridor_end - INFO - [back_corridor_end.py:57] - 现在是(66,87)
2025-11-23 14:28:14,938 - back_corridor_end - INFO - [back_corridor_end.py:57] - 现在是(67,87)
2025-11-23 14:28:14,938 - back_corridor_end - INFO - [back_corridor_end.py:57] - 现在是(68,87)
2025-11-23 14:28:14,938 - back_corridor_end - INFO - [back_corridor_end.py:57] - 现在是(69,87)
2025-11-23 14:28:14,938 - back_corridor_end - INFO - [back_corridor_end.py:57] - 现在是(69,86)
2025-11-23 14:28:14,938 - back_corridor_end - INFO - [back_corridor_end.py:57] - 现在是(69,85)
2025-11-23 14:28:14,938 - back_corridor_end - INFO - [back_corridor_end.py:57] - 现在是(70,85)
2025-11-23 14:28:14,938 - back_corridor_end - INFO - [back_corridor_end.py:57] - 现在是(71,85)
2025-11-23 14:28:14,938 - back_corridor_end - INFO - [back_corridor_end.py:57] - 现在是(71,86)
2025-11-23 14:28:14,938 - back_corridor_end - INFO - [back_corridor_end.py:57] - 现在是(71,87)
2025-11-23 14:28:14,938 - back_corridor_end - INFO - [back_corridor_end.py:57] - 现在是(72,87)
2025-11-23 14:28:14,938 - back_corridor_end - INFO - [back_corridor_end.py:57] - 现在是(73,87)
2025-11-23 14:28:14,938 - back_corridor_end - INFO - [back_corridor_end.py:57] - 现在是(73,86)
2025-11-23 14:28:14,939 - back_corridor_end - INFO - [back_corridor_end.py:57] - 现在是(73,85)
2025-11-23 14:28:14,939 - back_corridor_end - INFO - [back_corridor_end.py:57] - 现在是(73,84)
2025-11-23 14:28:14,939 - back_corridor_end - INFO - [back_corridor_end.py:57] - 现在是(73,83)
2025-11-23 14:28:14,939 - back_corridor_end - INFO - [back_corridor_end.py:57] - 现在是(74,83)
2025-11-23 14:28:14,939 - back_corridor_end - INFO - [back_corridor_end.py:57] - 现在是(75,83)
2025-11-23 14:28:14,939 - back_corridor_end - INFO - [back_corridor_end.py:57] - 现在是(75,84)
2025-11-23 14:28:14,939 - back_corridor_end - INFO - [back_corridor_end.py:57] - 现在是(75,85)
2025-11-23 14:28:14,939 - back_corridor_end - INFO - [back_corridor_end.py:57] - 现在是(76,85)
2025-11-23 14:28:14,939 - back_corridor_end - INFO - [back_corridor_end.py:57] - 现在是(77,85)
2025-11-23 14:28:14,939 - back_corridor_end - INFO - [back_corridor_end.py:57] - 现在是(77,86)
2025-11-23 14:28:14,939 - back_corridor_end - INFO - [back_corridor_end.py:57] - 现在是(77,87)
2025-11-23 14:28:14,939 - back_corridor_end - INFO - [back_corridor_end.py:57] - 现在是(78,87)
2025-11-23 14:28:14,939 - back_corridor_end - INFO - [back_corridor_end.py:57] - 现在是(79,87)
2025-11-23 14:28:14,939 - back_corridor_end - INFO - [back_corridor_end.py:57] - 现在是(79,88)
2025-11-23 14:28:14,939 - back_corridor_end - INFO - [back_corridor_end.py:57] - 现在是(79,89)
2025-11-23 14:28:14,939 - back_corridor_end - INFO - [back_corridor_end.py:57] - 现在是(80,89)
2025-11-23 14:28:14,939 - back_corridor_end - INFO - [back_corridor_end.py:57] - 现在是(81,89)
2025-11-23 14:28:14,939 - back_corridor_end - INFO - [back_corridor_end.py:57] - 现在是(82,89)
2025-11-23 14:28:14,939 - back_corridor_end - INFO - [back_corridor_end.py:57] - 现在是(83,89)
2025-11-23 14:28:14,939 - back_corridor_end - INFO - [back_corridor_end.py:57] - 现在是(84,89)
2025-11-23 14:28:14,939 - back_corridor_end - INFO - [back_corridor_end.py:57] - 现在是(85,89)
2025-11-23 14:28:14,939 - back_corridor_end - INFO - [back_corridor_end.py:57] - 现在是(85,90)
2025-11-23 14:28:14,939 - back_corridor_end - INFO - [back_corridor_end.py:57] - 现在是(85,91)
2025-11-23 14:28:14,939 - back_corridor_end - INFO - [back_corridor_end.py:57] - 现在是(85,92)
2025-11-23 14:28:14,939 - back_corridor_end - INFO - [back_corridor_end.py:57] - 现在是(85,93)
2025-11-23 14:28:14,939 - back_corridor_end - INFO - [back_corridor_end.py:57] - 现在是(84,93)
2025-11-23 14:28:14,940 - back_corridor_end - INFO - [back_corridor_end.py:57] - 现在是(83,93)
2025-11-23 14:28:14,940 - back_corridor_end - INFO - [back_corridor_end.py:57] - 现在是(83,94)
2025-11-23 14:28:14,940 - back_corridor_end - INFO - [back_corridor_end.py:57] - 现在是(83,95)
2025-11-23 14:28:14,940 - back_corridor_end - INFO - [back_corridor_end.py:57] - 现在是(84,95)
2025-11-23 14:28:14,940 - back_corridor_end - INFO - [back_corridor_end.py:57] - 现在是(85,95)
2025-11-23 14:28:14,940 - back_corridor_end - INFO - [back_corridor_end.py:80] - isDotAlive:发现死路上的点(85, 95)
2025-11-23 14:28:14,940 - back_corridor_end - INFO - [back_corridor_end.py:57] - 现在是(84,95)
2025-11-23 14:28:14,940 - back_corridor_end - INFO - [back_corridor_end.py:80] - isDotAlive:发现死路上的点(84, 95)
2025-11-23 14:28:14,940 - back_corridor_end - INFO - [back_corridor_end.py:57] - 现在是(83,95)
2025-11-23 14:28:14,940 - back_corridor_end - INFO - [back_corridor_end.py:80] - isDotAlive:发现死路上的点(83, 95)
2025-11-23 14:28:14,940 - back_corridor_end - INFO - [back_corridor_end.py:57] - 现在是(83,94)
2025-11-23 14:28:14,940 - back_corridor_end - INFO - [back_corridor_end.py:80] - isDotAlive:发现死路上的点(83, 94)
2025-11-23 14:28:14,940 - back_corridor_end - INFO - [back_corridor_end.py:57] - 现在是(83,93)
2025-11-23 14:28:14,940 - back_corridor_end - INFO - [back_corridor_end.py:80] - isDotAlive:发现死路上的点(83, 93)
2025-11-23 14:28:14,940 - back_corridor_end - INFO - [back_corridor_end.py:57] - 现在是(84,93)
2025-11-23 14:28:14,940 - back_corridor_end - INFO - [back_corridor_end.py:80] - isDotAlive:发现死路上的点(84, 93)
2025-11-23 14:28:14,940 - back_corridor_end - INFO - [back_corridor_end.py:57] - 现在是(85,93)
2025-11-23 14:28:14,940 - back_corridor_end - INFO - [back_corridor_end.py:74] - isDotAlive:点(85, 93)是活的
2025-11-23 14:28:14,940 - back_corridor_end - INFO - [back_corridor_end.py:57] - 现在是(85,92)
2025-11-23 14:28:14,940 - back_corridor_end - INFO - [back_corridor_end.py:74] - isDotAlive:点(85, 92)是活的
2025-11-23 14:28:14,940 - back_corridor_end - INFO - [back_corridor_end.py:57] - 现在是(85,91)
2025-11-23 14:28:14,940 - back_corridor_end - INFO - [back_corridor_end.py:74] - isDotAlive:点(85, 91)是活的
2025-11-23 14:28:14,940 - back_corridor_end - INFO - [back_corridor_end.py:57] - 现在是(85,90)
2025-11-23 14:28:14,940 - back_corridor_end - INFO - [back_corridor_end.py:74] - isDotAlive:点(85, 90)是活的
2025-11-23 14:28:14,940 - back_corridor_end - INFO - [back_corridor_end.py:57] - 现在是(85,89)
2025-11-23 14:28:14,940 - back_corridor_end - INFO - [back_corridor_end.py:57] - 现在是(85,88)
2025-11-23 14:28:14,941 - back_corridor_end - INFO - [back_corridor_end.py:57] - 现在是(85,87)
2025-11-23 14:28:14,941 - back_corridor_end - INFO - [back_corridor_end.py:57] - 现在是(84,87)
2025-11-23 14:28:14,941 - back_corridor_end - INFO - [back_corridor_end.py:57] - 现在是(83,87)
2025-11-23 14:28:14,941 - back_corridor_end - INFO - [back_corridor_end.py:57] - 现在是(82,87)
2025-11-23 14:28:14,941 - back_corridor_end - INFO - [back_corridor_end.py:57] - 现在是(81,87)
2025-11-23 14:28:14,941 - back_corridor_end - INFO - [back_corridor_end.py:57] - 现在是(81,86)
2025-11-23 14:28:14,941 - back_corridor_end - INFO - [back_corridor_end.py:57] - 现在是(81,85)
2025-11-23 14:28:14,941 - back_corridor_end - INFO - [back_corridor_end.py:57] - 现在是(82,85)
2025-11-23 14:28:14,941 - back_corridor_end - INFO - [back_corridor_end.py:57] - 现在是(83,85)
2025-11-23 14:28:14,941 - back_corridor_end - INFO - [back_corridor_end.py:80] - isDotAlive:发现死路上的点(83, 85)
2025-11-23 14:28:14,941 - back_corridor_end - INFO - [back_corridor_end.py:57] - 现在是(82,85)
2025-11-23 14:28:14,941 - back_corridor_end - INFO - [back_corridor_end.py:80] - isDotAlive:发现死路上的点(82, 85)
2025-11-23 14:28:14,941 - back_corridor_end - INFO - [back_corridor_end.py:57] - 现在是(81,85)
2025-11-23 14:28:14,941 - back_corridor_end - INFO - [back_corridor_end.py:57] - 现在是(80,85)
2025-11-23 14:28:14,941 - back_corridor_end - INFO - [back_corridor_end.py:57] - 现在是(79,85)
2025-11-23 14:28:14,941 - back_corridor_end - INFO - [back_corridor_end.py:57] - 现在是(79,84)
2025-11-23 14:28:14,941 - back_corridor_end - INFO - [back_corridor_end.py:57] - 现在是(79,83)
2025-11-23 14:28:14,941 - back_corridor_end - INFO - [back_corridor_end.py:57] - 现在是(78,83)
2025-11-23 14:28:14,941 - back_corridor_end - INFO - [back_corridor_end.py:57] - 现在是(77,83)
2025-11-23 14:28:14,941 - back_corridor_end - INFO - [back_corridor_end.py:57] - 现在是(77,82)
2025-11-23 14:28:14,941 - back_corridor_end - INFO - [back_corridor_end.py:57] - 现在是(77,81)
2025-11-23 14:28:14,941 - back_corridor_end - INFO - [back_corridor_end.py:80] - isDotAlive:发现死路上的点(77, 81)
2025-11-23 14:28:14,941 - back_corridor_end - INFO - [back_corridor_end.py:57] - 现在是(77,82)
2025-11-23 14:28:14,941 - back_corridor_end - INFO - [back_corridor_end.py:80] - isDotAlive:发现死路上的点(77, 82)
2025-11-23 14:28:14,941 - back_corridor_end - INFO - [back_corridor_end.py:57] - 现在是(77,83)
2025-11-23 14:28:14,942 - back_corridor_end - INFO - [back_corridor_end.py:80] - isDotAlive:发现死路上的点(77, 83)
2025-11-23 14:28:14,942 - back_corridor_end - INFO - [back_corridor_end.py:57] - 现在是(78,83)
2025-11-23 14:28:14,942 - back_corridor_end - INFO - [back_corridor_end.py:80] - isDotAlive:发现死路上的点(78, 83)
2025-11-23 14:28:14,942 - back_corridor_end - INFO - [back_corridor_end.py:57] - 现在是(79,83)
2025-11-23 14:28:14,942 - back_corridor_end - INFO - [back_corridor_end.py:57] - 现在是(79,82)
2025-11-23 14:28:14,942 - back_corridor_end - INFO - [back_corridor_end.py:57] - 现在是(79,81)
2025-11-23 14:28:14,942 - back_corridor_end - INFO - [back_corridor_end.py:57] - 现在是(79,80)
2025-11-23 14:28:14,942 - back_corridor_end - INFO - [back_corridor_end.py:57] - 现在是(79,79)
2025-11-23 14:28:14,942 - back_corridor_end - INFO - [back_corridor_end.py:57] - 现在是(78,79)
2025-11-23 14:28:14,942 - back_corridor_end - INFO - [back_corridor_end.py:57] - 现在是(77,79)
2025-11-23 14:28:14,942 - back_corridor_end - INFO - [back_corridor_end.py:57] - 现在是(76,79)
2025-11-23 14:28:14,942 - back_corridor_end - INFO - [back_corridor_end.py:57] - 现在是(75,79)
2025-11-23 14:28:14,942 - back_corridor_end - INFO - [back_corridor_end.py:57] - 现在是(75,80)
2025-11-23 14:28:14,942 - back_corridor_end - INFO - [back_corridor_end.py:57] - 现在是(75,81)
2025-11-23 14:28:14,942 - back_corridor_end - INFO - [back_corridor_end.py:80] - isDotAlive:发现死路上的点(75, 81)
2025-11-23 14:28:14,942 - back_corridor_end - INFO - [back_corridor_end.py:57] - 现在是(75,80)
2025-11-23 14:28:14,942 - back_corridor_end - INFO - [back_corridor_end.py:80] - isDotAlive:发现死路上的点(75, 80)
2025-11-23 14:28:14,942 - back_corridor_end - INFO - [back_corridor_end.py:57] - 现在是(75,79)
2025-11-23 14:28:14,942 - back_corridor_end - INFO - [back_corridor_end.py:57] - 现在是(75,78)
2025-11-23 14:28:14,942 - back_corridor_end - INFO - [back_corridor_end.py:57] - 现在是(75,77)
2025-11-23 14:28:14,942 - back_corridor_end - INFO - [back_corridor_end.py:57] - 现在是(76,77)
2025-11-23 14:28:14,942 - back_corridor_end - INFO - [back_corridor_end.py:57] - 现在是(77,77)
2025-11-23 14:28:14,942 - back_corridor_end - INFO - [back_corridor_end.py:57] - 现在是(77,76)
2025-11-23 14:28:14,942 - back_corridor_end - INFO - [back_corridor_end.py:57] - 现在是(77,75)
2025-11-23 14:28:14,942 - back_corridor_end - INFO - [back_corridor_end.py:57] - 现在是(77,74)
2025-11-23 14:28:14,942 - back_corridor_end - INFO - [back_corridor_end.py:57] - 现在是(77,73)
2025-11-23 14:28:14,943 - back_corridor_end - INFO - [back_corridor_end.py:57] - 现在是(78,73)
2025-11-23 14:28:14,943 - back_corridor_end - INFO - [back_corridor_end.py:57] - 现在是(79,73)
2025-11-23 14:28:14,943 - back_corridor_end - INFO - [back_corridor_end.py:57] - 现在是(79,74)
2025-11-23 14:28:14,943 - back_corridor_end - INFO - [back_corridor_end.py:57] - 现在是(79,75)
2025-11-23 14:28:14,943 - back_corridor_end - INFO - [back_corridor_end.py:57] - 现在是(80,75)
2025-11-23 14:28:14,943 - back_corridor_end - INFO - [back_corridor_end.py:57] - 现在是(81,75)
2025-11-23 14:28:14,943 - back_corridor_end - INFO - [back_corridor_end.py:57] - 现在是(82,75)
2025-11-23 14:28:14,943 - back_corridor_end - INFO - [back_corridor_end.py:57] - 现在是(83,75)
2025-11-23 14:28:14,943 - back_corridor_end - INFO - [back_corridor_end.py:57] - 现在是(84,75)
2025-11-23 14:28:14,943 - back_corridor_end - INFO - [back_corridor_end.py:57] - 现在是(85,75)
2025-11-23 14:28:14,943 - back_corridor_end - INFO - [back_corridor_end.py:80] - isDotAlive:发现死路上的点(85, 75)
2025-11-23 14:28:14,943 - back_corridor_end - INFO - [back_corridor_end.py:57] - 现在是(84,75)
2025-11-23 14:28:14,943 - back_corridor_end - INFO - [back_corridor_end.py:80] - isDotAlive:发现死路上的点(84, 75)
2025-11-23 14:28:14,943 - back_corridor_end - INFO - [back_corridor_end.py:57] - 现在是(83,75)
2025-11-23 14:28:14,943 - back_corridor_end - INFO - [back_corridor_end.py:80] - isDotAlive:发现死路上的点(83, 75)
2025-11-23 14:28:14,943 - back_corridor_end - INFO - [back_corridor_end.py:57] - 现在是(82,75)
2025-11-23 14:28:14,943 - back_corridor_end - INFO - [back_corridor_end.py:80] - isDotAlive:发现死路上的点(82, 75)
2025-11-23 14:28:14,943 - back_corridor_end - INFO - [back_corridor_end.py:57] - 现在是(81,75)
2025-11-23 14:28:14,943 - back_corridor_end - INFO - [back_corridor_end.py:57] - 现在是(81,74)
2025-11-23 14:28:14,943 - back_corridor_end - INFO - [back_corridor_end.py:57] - 现在是(81,73)
2025-11-23 14:28:14,943 - back_corridor_end - INFO - [back_corridor_end.py:80] - isDotAlive:发现死路上的点(81, 73)
2025-11-23 14:28:14,943 - back_corridor_end - INFO - [back_corridor_end.py:57] - 现在是(81,74)
2025-11-23 14:28:14,943 - back_corridor_end - INFO - [back_corridor_end.py:80] - isDotAlive:发现死路上的点(81, 74)
2025-11-23 14:28:14,943 - back_corridor_end - INFO - [back_corridor_end.py:57] - 现在是(81,75)
2025-11-23 14:28:14,943 - back_corridor_end - INFO - [back_corridor_end.py:80] - isDotAlive:发现死路上的点(81, 75)
2025-11-23 14:28:14,943 - back_corridor_end - INFO - [back_corridor_end.py:57] - 现在是(80,75)
2025-11-23 14:28:14,944 - back_corridor_end - INFO - [back_corridor_end.py:80] - isDotAlive:发现死路上的点(80, 75)
2025-11-23 14:28:14,944 - back_corridor_end - INFO - [back_corridor_end.py:57] - 现在是(79,75)
2025-11-23 14:28:14,944 - back_corridor_end - INFO - [back_corridor_end.py:57] - 现在是(79,76)
2025-11-23 14:28:14,944 - back_corridor_end - INFO - [back_corridor_end.py:57] - 现在是(79,77)
2025-11-23 14:28:14,944 - back_corridor_end - INFO - [back_corridor_end.py:80] - isDotAlive:发现死路上的点(79, 77)
2025-11-23 14:28:14,944 - back_corridor_end - INFO - [back_corridor_end.py:57] - 现在是(79,76)
2025-11-23 14:28:14,944 - back_corridor_end - INFO - [back_corridor_end.py:80] - isDotAlive:发现死路上的点(79, 76)
2025-11-23 14:28:14,944 - back_corridor_end - INFO - [back_corridor_end.py:57] - 现在是(79,75)
2025-11-23 14:28:14,944 - back_corridor_end - INFO - [back_corridor_end.py:80] - isDotAlive:发现死路上的点(79, 75)
2025-11-23 14:28:14,944 - back_corridor_end - INFO - [back_corridor_end.py:57] - 现在是(79,74)
2025-11-23 14:28:14,944 - back_corridor_end - INFO - [back_corridor_end.py:80] - isDotAlive:发现死路上的点(79, 74)
2025-11-23 14:28:14,944 - back_corridor_end - INFO - [back_corridor_end.py:57] - 现在是(79,73)
2025-11-23 14:28:14,944 - back_corridor_end - INFO - [back_corridor_end.py:80] - isDotAlive:发现死路上的点(79, 73)
2025-11-23 14:28:14,944 - back_corridor_end - INFO - [back_corridor_end.py:57] - 现在是(78,73)
2025-11-23 14:28:14,944 - back_corridor_end - INFO - [back_corridor_end.py:80] - isDotAlive:发现死路上的点(78, 73)
2025-11-23 14:28:14,944 - back_corridor_end - INFO - [back_corridor_end.py:57] - 现在是(77,73)
2025-11-23 14:28:14,944 - back_corridor_end - INFO - [back_corridor_end.py:80] - isDotAlive:发现死路上的点(77, 73)
2025-11-23 14:28:14,944 - back_corridor_end - INFO - [back_corridor_end.py:57] - 现在是(77,74)
2025-11-23 14:28:14,944 - back_corridor_end - INFO - [back_corridor_end.py:80] - isDotAlive:发现死路上的点(77, 74)
2025-11-23 14:28:14,944 - back_corridor_end - INFO - [back_corridor_end.py:57] - 现在是(77,75)
2025-11-23 14:28:14,944 - back_corridor_end - INFO - [back_corridor_end.py:80] - isDotAlive:发现死路上的点(77, 75)
2025-11-23 14:28:14,944 - back_corridor_end - INFO - [back_corridor_end.py:57] - 现在是(77,76)
2025-11-23 14:28:14,944 - back_corridor_end - INFO - [back_corridor_end.py:80] - isDotAlive:发现死路上的点(77, 76)
2025-11-23 14:28:14,944 - back_corridor_end - INFO - [back_corridor_end.py:57] - 现在是(77,77)
2025-11-23 14:28:14,944 - back_corridor_end - INFO - [back_corridor_end.py:80] - isDotAlive:发现死路上的点(77, 77)
2025-11-23 14:28:14,945 - back_corridor_end - INFO - [back_corridor_end.py:57] - 现在是(76,77)
2025-11-23 14:28:14,945 - back_corridor_end - INFO - [back_corridor_end.py:80] - isDotAlive:发现死路上的点(76, 77)
2025-11-23 14:28:14,945 - back_corridor_end - INFO - [back_corridor_end.py:57] - 现在是(75,77)
2025-11-23 14:28:14,945 - back_corridor_end - INFO - [back_corridor_end.py:57] - 现在是(74,77)
2025-11-23 14:28:14,945 - back_corridor_end - INFO - [back_corridor_end.py:57] - 现在是(73,77)
2025-11-23 14:28:14,945 - back_corridor_end - INFO - [back_corridor_end.py:57] - 现在是(73,78)
2025-11-23 14:28:14,945 - back_corridor_end - INFO - [back_corridor_end.py:57] - 现在是(73,79)
2025-11-23 14:28:14,945 - back_corridor_end - INFO - [back_corridor_end.py:74] - isDotAlive:点(73, 79)是活的
2025-11-23 14:28:14,945 - back_corridor_end - INFO - [back_corridor_end.py:57] - 现在是(73,78)
2025-11-23 14:28:14,945 - back_corridor_end - INFO - [back_corridor_end.py:74] - isDotAlive:点(73, 78)是活的
2025-11-23 14:28:14,945 - back_corridor_end - INFO - [back_corridor_end.py:57] - 现在是(73,77)
2025-11-23 14:28:14,945 - back_corridor_end - INFO - [back_corridor_end.py:57] - 现在是(73,76)
2025-11-23 14:28:14,945 - back_corridor_end - INFO - [back_corridor_end.py:57] - 现在是(73,75)
2025-11-23 14:28:14,945 - back_corridor_end - INFO - [back_corridor_end.py:57] - 现在是(74,75)
2025-11-23 14:28:14,945 - back_corridor_end - INFO - [back_corridor_end.py:57] - 现在是(75,75)
2025-11-23 14:28:14,945 - back_corridor_end - INFO - [back_corridor_end.py:80] - isDotAlive:发现死路上的点(75, 75)
2025-11-23 14:28:14,945 - back_corridor_end - INFO - [back_corridor_end.py:57] - 现在是(74,75)
2025-11-23 14:28:14,945 - back_corridor_end - INFO - [back_corridor_end.py:80] - isDotAlive:发现死路上的点(74, 75)
2025-11-23 14:28:14,945 - back_corridor_end - INFO - [back_corridor_end.py:57] - 现在是(73,75)
2025-11-23 14:28:14,945 - back_corridor_end - INFO - [back_corridor_end.py:57] - 现在是(73,74)
2025-11-23 14:28:14,945 - back_corridor_end - INFO - [back_corridor_end.py:57] - 现在是(73,73)
2025-11-23 14:28:14,945 - back_corridor_end - INFO - [back_corridor_end.py:57] - 现在是(74,73)
2025-11-23 14:28:14,945 - back_corridor_end - INFO - [back_corridor_end.py:57] - 现在是(75,73)
2025-11-23 14:28:14,945 - back_corridor_end - INFO - [back_corridor_end.py:74] - isDotAlive:点(75, 73)是活的
2025-11-23 14:28:14,945 - back_corridor_end - INFO - [back_corridor_end.py:57] - 现在是(74,73)
2025-11-23 14:28:14,945 - back_corridor_end - INFO - [back_corridor_end.py:74] - isDotAlive:点(74, 73)是活的
2025-11-23 14:28:14,946 - back_corridor_end - INFO - [back_corridor_end.py:57] - 现在是(73,73)
2025-11-23 14:28:14,946 - back_corridor_end - INFO - [back_corridor_end.py:74] - isDotAlive:点(73, 73)是活的
2025-11-23 14:28:14,946 - back_corridor_end - INFO - [back_corridor_end.py:57] - 现在是(73,74)
2025-11-23 14:28:14,946 - back_corridor_end - INFO - [back_corridor_end.py:74] - isDotAlive:点(73, 74)是活的
2025-11-23 14:28:14,946 - back_corridor_end - INFO - [back_corridor_end.py:57] - 现在是(73,75)
2025-11-23 14:28:14,946 - back_corridor_end - INFO - [back_corridor_end.py:74] - isDotAlive:点(73, 75)是活的
2025-11-23 14:28:14,946 - back_corridor_end - INFO - [back_corridor_end.py:57] - 现在是(73,76)
2025-11-23 14:28:14,946 - back_corridor_end - INFO - [back_corridor_end.py:74] - isDotAlive:点(73, 76)是活的
2025-11-23 14:28:14,946 - back_corridor_end - INFO - [back_corridor_end.py:57] - 现在是(73,77)
2025-11-23 14:28:14,946 - back_corridor_end - INFO - [back_corridor_end.py:74] - isDotAlive:点(73, 77)是活的
2025-11-23 14:28:14,946 - back_corridor_end - INFO - [back_corridor_end.py:57] - 现在是(74,77)
2025-11-23 14:28:14,946 - back_corridor_end - INFO - [back_corridor_end.py:74] - isDotAlive:点(74, 77)是活的
2025-11-23 14:28:14,946 - back_corridor_end - INFO - [back_corridor_end.py:57] - 现在是(75,77)
2025-11-23 14:28:14,946 - back_corridor_end - INFO - [back_corridor_end.py:74] - isDotAlive:点(75, 77)是活的
2025-11-23 14:28:14,946 - back_corridor_end - INFO - [back_corridor_end.py:57] - 现在是(75,78)
2025-11-23 14:28:14,946 - back_corridor_end - INFO - [back_corridor_end.py:74] - isDotAlive:点(75, 78)是活的
2025-11-23 14:28:14,946 - back_corridor_end - INFO - [back_corridor_end.py:57] - 现在是(75,79)
2025-11-23 14:28:14,946 - back_corridor_end - INFO - [back_corridor_end.py:74] - isDotAlive:点(75, 79)是活的
2025-11-23 14:28:14,946 - back_corridor_end - INFO - [back_corridor_end.py:57] - 现在是(76,79)
2025-11-23 14:28:14,946 - back_corridor_end - INFO - [back_corridor_end.py:74] - isDotAlive:点(76, 79)是活的
2025-11-23 14:28:14,946 - back_corridor_end - INFO - [back_corridor_end.py:57] - 现在是(77,79)
2025-11-23 14:28:14,946 - back_corridor_end - INFO - [back_corridor_end.py:74] - isDotAlive:点(77, 79)是活的
2025-11-23 14:28:14,946 - back_corridor_end - INFO - [back_corridor_end.py:57] - 现在是(78,79)
2025-11-23 14:28:14,946 - back_corridor_end - INFO - [back_corridor_end.py:74] - isDotAlive:点(78, 79)是活的
2025-11-23 14:28:14,947 - back_corridor_end - INFO - [back_corridor_end.py:57] - 现在是(79,79)
2025-11-23 14:28:14,947 - back_corridor_end - INFO - [back_corridor_end.py:74] - isDotAlive:点(79, 79)是活的
2025-11-23 14:28:14,947 - back_corridor_end - INFO - [back_corridor_end.py:57] - 现在是(79,80)
2025-11-23 14:28:14,947 - back_corridor_end - INFO - [back_corridor_end.py:74] - isDotAlive:点(79, 80)是活的
2025-11-23 14:28:14,947 - back_corridor_end - INFO - [back_corridor_end.py:57] - 现在是(79,81)
2025-11-23 14:28:14,947 - back_corridor_end - INFO - [back_corridor_end.py:74] - isDotAlive:点(79, 81)是活的
2025-11-23 14:28:14,947 - back_corridor_end - INFO - [back_corridor_end.py:57] - 现在是(79,82)
2025-11-23 14:28:14,947 - back_corridor_end - INFO - [back_corridor_end.py:74] - isDotAlive:点(79, 82)是活的
2025-11-23 14:28:14,947 - back_corridor_end - INFO - [back_corridor_end.py:57] - 现在是(79,83)
2025-11-23 14:28:14,947 - back_corridor_end - INFO - [back_corridor_end.py:74] - isDotAlive:点(79, 83)是活的
2025-11-23 14:28:14,947 - back_corridor_end - INFO - [back_corridor_end.py:57] - 现在是(79,84)
2025-11-23 14:28:14,947 - back_corridor_end - INFO - [back_corridor_end.py:74] - isDotAlive:点(79, 84)是活的
2025-11-23 14:28:14,947 - back_corridor_end - INFO - [back_corridor_end.py:57] - 现在是(79,85)
2025-11-23 14:28:14,947 - back_corridor_end - INFO - [back_corridor_end.py:74] - isDotAlive:点(79, 85)是活的
2025-11-23 14:28:14,947 - back_corridor_end - INFO - [back_corridor_end.py:57] - 现在是(80,85)
2025-11-23 14:28:14,947 - back_corridor_end - INFO - [back_corridor_end.py:74] - isDotAlive:点(80, 85)是活的
2025-11-23 14:28:14,947 - back_corridor_end - INFO - [back_corridor_end.py:57] - 现在是(81,85)
2025-11-23 14:28:14,947 - back_corridor_end - INFO - [back_corridor_end.py:74] - isDotAlive:点(81, 85)是活的
2025-11-23 14:28:14,947 - back_corridor_end - INFO - [back_corridor_end.py:57] - 现在是(81,86)
2025-11-23 14:28:14,947 - back_corridor_end - INFO - [back_corridor_end.py:74] - isDotAlive:点(81, 86)是活的
2025-11-23 14:28:14,947 - back_corridor_end - INFO - [back_corridor_end.py:57] - 现在是(81,87)
2025-11-23 14:28:14,947 - back_corridor_end - INFO - [back_corridor_end.py:74] - isDotAlive:点(81, 87)是活的
2025-11-23 14:28:14,947 - back_corridor_end - INFO - [back_corridor_end.py:57] - 现在是(82,87)
2025-11-23 14:28:14,947 - back_corridor_end - INFO - [back_corridor_end.py:74] - isDotAlive:点(82, 87)是活的
2025-11-23 14:28:14,947 - back_corridor_end - INFO - [back_corridor_end.py:57] - 现在是(83,87)
2025-11-23 14:28:14,948 - back_corridor_end - INFO - [back_corridor_end.py:74] - isDotAlive:点(83, 87)是活的
2025-11-23 14:28:14,948 - back_corridor_end - INFO - [back_corridor_end.py:57] - 现在是(84,87)
2025-11-23 14:28:14,948 - back_corridor_end - INFO - [back_corridor_end.py:74] - isDotAlive:点(84, 87)是活的
2025-11-23 14:28:14,948 - back_corridor_end - INFO - [back_corridor_end.py:57] - 现在是(85,87)
2025-11-23 14:28:14,948 - back_corridor_end - INFO - [back_corridor_end.py:57] - 现在是(85,86)
2025-11-23 14:28:14,948 - back_corridor_end - INFO - [back_corridor_end.py:57] - 现在是(85,85)
2025-11-23 14:28:14,948 - back_corridor_end - INFO - [back_corridor_end.py:57] - 现在是(86,85)
2025-11-23 14:28:14,948 - back_corridor_end - INFO - [back_corridor_end.py:57] - 现在是(87,85)
2025-11-23 14:28:14,948 - back_corridor_end - INFO - [back_corridor_end.py:57] - 现在是(88,85)
2025-11-23 14:28:14,948 - back_corridor_end - INFO - [back_corridor_end.py:57] - 现在是(89,85)
2025-11-23 14:28:14,948 - back_corridor_end - INFO - [back_corridor_end.py:57] - 现在是(89,86)
2025-11-23 14:28:14,948 - back_corridor_end - INFO - [back_corridor_end.py:57] - 现在是(89,87)
2025-11-23 14:28:14,948 - back_corridor_end - INFO - [back_corridor_end.py:57] - 现在是(90,87)
2025-11-23 14:28:14,948 - back_corridor_end - INFO - [back_corridor_end.py:57] - 现在是(91,87)
2025-11-23 14:28:14,948 - back_corridor_end - INFO - [back_corridor_end.py:57] - 现在是(91,86)
2025-11-23 14:28:14,948 - back_corridor_end - INFO - [back_corridor_end.py:57] - 现在是(91,85)
2025-11-23 14:28:14,948 - back_corridor_end - INFO - [back_corridor_end.py:57] - 现在是(91,84)
2025-11-23 14:28:14,948 - back_corridor_end - INFO - [back_corridor_end.py:57] - 现在是(91,83)
2025-11-23 14:28:14,948 - back_corridor_end - INFO - [back_corridor_end.py:57] - 现在是(90,83)
2025-11-23 14:28:14,948 - back_corridor_end - INFO - [back_corridor_end.py:57] - 现在是(89,83)
2025-11-23 14:28:14,948 - back_corridor_end - INFO - [back_corridor_end.py:57] - 现在是(89,82)
2025-11-23 14:28:14,948 - back_corridor_end - INFO - [back_corridor_end.py:57] - 现在是(89,81)
2025-11-23 14:28:14,948 - back_corridor_end - INFO - [back_corridor_end.py:57] - 现在是(90,81)
2025-11-23 14:28:14,948 - back_corridor_end - INFO - [back_corridor_end.py:57] - 现在是(91,81)
2025-11-23 14:28:14,948 - back_corridor_end - INFO - [back_corridor_end.py:57] - 现在是(92,81)
2025-11-23 14:28:14,948 - back_corridor_end - INFO - [back_corridor_end.py:57] - 现在是(93,81)
2025-11-23 14:28:14,949 - back_corridor_end - INFO - [back_corridor_end.py:74] - isDotAlive:点(93, 81)是活的
2025-11-23 14:28:14,949 - back_corridor_end - INFO - [back_corridor_end.py:57] - 现在是(92,81)
2025-11-23 14:28:14,949 - back_corridor_end - INFO - [back_corridor_end.py:74] - isDotAlive:点(92, 81)是活的
2025-11-23 14:28:14,949 - back_corridor_end - INFO - [back_corridor_end.py:57] - 现在是(91,81)
2025-11-23 14:28:14,949 - back_corridor_end - INFO - [back_corridor_end.py:57] - 现在是(91,80)
2025-11-23 14:28:14,949 - back_corridor_end - INFO - [back_corridor_end.py:57] - 现在是(91,79)
2025-11-23 14:28:14,949 - back_corridor_end - INFO - [back_corridor_end.py:57] - 现在是(90,79)
2025-11-23 14:28:14,949 - back_corridor_end - INFO - [back_corridor_end.py:57] - 现在是(89,79)
2025-11-23 14:28:14,949 - back_corridor_end - INFO - [back_corridor_end.py:80] - isDotAlive:发现死路上的点(89, 79)
2025-11-23 14:28:14,949 - back_corridor_end - INFO - [back_corridor_end.py:57] - 现在是(90,79)
2025-11-23 14:28:14,949 - back_corridor_end - INFO - [back_corridor_end.py:80] - isDotAlive:发现死路上的点(90, 79)
2025-11-23 14:28:14,949 - back_corridor_end - INFO - [back_corridor_end.py:57] - 现在是(91,79)
2025-11-23 14:28:14,949 - back_corridor_end - INFO - [back_corridor_end.py:57] - 现在是(91,78)
2025-11-23 14:28:14,949 - back_corridor_end - INFO - [back_corridor_end.py:57] - 现在是(91,77)
2025-11-23 14:28:14,949 - back_corridor_end - INFO - [back_corridor_end.py:57] - 现在是(92,77)
2025-11-23 14:28:14,949 - back_corridor_end - INFO - [back_corridor_end.py:57] - 现在是(93,77)
2025-11-23 14:28:14,949 - back_corridor_end - INFO - [back_corridor_end.py:57] - 现在是(93,78)
2025-11-23 14:28:14,949 - back_corridor_end - INFO - [back_corridor_end.py:57] - 现在是(93,79)
2025-11-23 14:28:14,949 - back_corridor_end - INFO - [back_corridor_end.py:57] - 现在是(94,79)
2025-11-23 14:28:14,949 - back_corridor_end - INFO - [back_corridor_end.py:57] - 现在是(95,79)
2025-11-23 14:28:14,949 - back_corridor_end - INFO - [back_corridor_end.py:57] - 现在是(95,80)
2025-11-23 14:28:14,949 - back_corridor_end - INFO - [back_corridor_end.py:57] - 现在是(95,81)
2025-11-23 14:28:14,949 - back_corridor_end - INFO - [back_corridor_end.py:74] - isDotAlive:点(95, 81)是活的
2025-11-23 14:28:14,949 - back_corridor_end - INFO - [back_corridor_end.py:57] - 现在是(95,80)
2025-11-23 14:28:14,949 - back_corridor_end - INFO - [back_corridor_end.py:74] - isDotAlive:点(95, 80)是活的
2025-11-23 14:28:14,949 - back_corridor_end - INFO - [back_corridor_end.py:57] - 现在是(95,79)
2025-11-23 14:28:14,950 - back_corridor_end - INFO - [back_corridor_end.py:57] - 现在是(95,78)
2025-11-23 14:28:14,950 - back_corridor_end - INFO - [back_corridor_end.py:57] - 现在是(95,77)
2025-11-23 14:28:14,950 - back_corridor_end - INFO - [back_corridor_end.py:57] - 现在是(95,76)
2025-11-23 14:28:14,950 - back_corridor_end - INFO - [back_corridor_end.py:57] - 现在是(95,75)
2025-11-23 14:28:14,950 - back_corridor_end - INFO - [back_corridor_end.py:57] - 现在是(96,75)
2025-11-23 14:28:14,950 - back_corridor_end - INFO - [back_corridor_end.py:57] - 现在是(97,75)
2025-11-23 14:28:14,950 - back_corridor_end - INFO - [back_corridor_end.py:57] - 现在是(97,76)
2025-11-23 14:28:14,950 - back_corridor_end - INFO - [back_corridor_end.py:57] - 现在是(97,77)
2025-11-23 14:28:14,950 - back_corridor_end - INFO - [back_corridor_end.py:80] - isDotAlive:发现死路上的点(97, 77)
2025-11-23 14:28:14,950 - back_corridor_end - INFO - [back_corridor_end.py:57] - 现在是(97,76)
2025-11-23 14:28:14,950 - back_corridor_end - INFO - [back_corridor_end.py:80] - isDotAlive:发现死路上的点(97, 76)
2025-11-23 14:28:14,950 - back_corridor_end - INFO - [back_corridor_end.py:57] - 现在是(97,75)
2025-11-23 14:28:14,950 - back_corridor_end - INFO - [back_corridor_end.py:57] - 现在是(97,74)
2025-11-23 14:28:14,950 - back_corridor_end - INFO - [back_corridor_end.py:57] - 现在是(97,73)
2025-11-23 14:28:14,950 - back_corridor_end - INFO - [back_corridor_end.py:57] - 现在是(98,73)
2025-11-23 14:28:14,950 - back_corridor_end - INFO - [back_corridor_end.py:57] - 现在是(99,73)
2025-11-23 14:28:14,950 - back_corridor_end - INFO - [back_corridor_end.py:57] - 现在是(99,74)
2025-11-23 14:28:14,950 - back_corridor_end - INFO - [back_corridor_end.py:57] - 现在是(99,75)
2025-11-23 14:28:14,950 - back_corridor_end - INFO - [back_corridor_end.py:57] - 现在是(99,76)
2025-11-23 14:28:14,950 - back_corridor_end - INFO - [back_corridor_end.py:57] - 现在是(99,77)
2025-11-23 14:28:14,950 - back_corridor_end - INFO - [back_corridor_end.py:80] - isDotAlive:发现死路上的点(99, 77)
2025-11-23 14:28:14,950 - back_corridor_end - INFO - [back_corridor_end.py:57] - 现在是(99,76)
2025-11-23 14:28:14,950 - back_corridor_end - INFO - [back_corridor_end.py:80] - isDotAlive:发现死路上的点(99, 76)
2025-11-23 14:28:14,950 - back_corridor_end - INFO - [back_corridor_end.py:57] - 现在是(99,75)
2025-11-23 14:28:14,950 - back_corridor_end - INFO - [back_corridor_end.py:80] - isDotAlive:发现死路上的点(99, 75)
2025-11-23 14:28:14,951 - back_corridor_end - INFO - [back_corridor_end.py:57] - 现在是(99,74)
2025-11-23 14:28:14,951 - back_corridor_end - INFO - [back_corridor_end.py:80] - isDotAlive:发现死路上的点(99, 74)
2025-11-23 14:28:14,951 - back_corridor_end - INFO - [back_corridor_end.py:57] - 现在是(99,73)
2025-11-23 14:28:14,951 - back_corridor_end - INFO - [back_corridor_end.py:57] - 现在是(99,72)
2025-11-23 14:28:14,951 - back_corridor_end - INFO - [back_corridor_end.py:57] - 现在是(99,71)
2025-11-23 14:28:14,951 - back_corridor_end - INFO - [back_corridor_end.py:57] - 现在是(99,70)
2025-11-23 14:28:14,951 - back_corridor_end - INFO - [back_corridor_end.py:57] - 现在是(99,69)
2025-11-23 14:28:14,951 - back_corridor_end - INFO - [back_corridor_end.py:57] - 现在是(98,69)
2025-11-23 14:28:14,951 - back_corridor_end - INFO - [back_corridor_end.py:57] - 现在是(97,69)
2025-11-23 14:28:14,951 - back_corridor_end - INFO - [back_corridor_end.py:57] - 现在是(97,70)
2025-11-23 14:28:14,951 - back_corridor_end - INFO - [back_corridor_end.py:57] - 现在是(97,71)
2025-11-23 14:28:14,951 - back_corridor_end - INFO - [back_corridor_end.py:80] - isDotAlive:发现死路上的点(97, 71)
2025-11-23 14:28:14,951 - back_corridor_end - INFO - [back_corridor_end.py:57] - 现在是(97,70)
2025-11-23 14:28:14,951 - back_corridor_end - INFO - [back_corridor_end.py:80] - isDotAlive:发现死路上的点(97, 70)
2025-11-23 14:28:14,951 - back_corridor_end - INFO - [back_corridor_end.py:57] - 现在是(97,69)
2025-11-23 14:28:14,951 - back_corridor_end - INFO - [back_corridor_end.py:80] - isDotAlive:发现死路上的点(97, 69)
2025-11-23 14:28:14,951 - back_corridor_end - INFO - [back_corridor_end.py:57] - 现在是(98,69)
2025-11-23 14:28:14,951 - back_corridor_end - INFO - [back_corridor_end.py:80] - isDotAlive:发现死路上的点(98, 69)
2025-11-23 14:28:14,951 - back_corridor_end - INFO - [back_corridor_end.py:57] - 现在是(99,69)
2025-11-23 14:28:14,951 - back_corridor_end - INFO - [back_corridor_end.py:57] - 现在是(99,68)
2025-11-23 14:28:14,951 - back_corridor_end - INFO - [back_corridor_end.py:57] - 现在是(99,67)
2025-11-23 14:28:14,951 - back_corridor_end - INFO - [back_corridor_end.py:57] - 现在是(99,66)
2025-11-23 14:28:14,951 - back_corridor_end - INFO - [back_corridor_end.py:57] - 现在是(99,65)
2025-11-23 14:28:14,951 - back_corridor_end - INFO - [back_corridor_end.py:57] - 现在是(99,64)
2025-11-23 14:28:14,952 - back_corridor_end - INFO - [back_corridor_end.py:57] - 现在是(99,63)
2025-11-23 14:28:14,952 - back_corridor_end - INFO - [back_corridor_end.py:57] - 现在是(99,62)
2025-11-23 14:28:14,952 - back_corridor_end - INFO - [back_corridor_end.py:57] - 现在是(99,61)
2025-11-23 14:28:14,952 - back_corridor_end - INFO - [back_corridor_end.py:74] - isDotAlive:点(99, 61)是活的
2025-11-23 14:28:14,952 - back_corridor_end - INFO - [back_corridor_end.py:57] - 现在是(99,62)
2025-11-23 14:28:14,952 - back_corridor_end - INFO - [back_corridor_end.py:74] - isDotAlive:点(99, 62)是活的
2025-11-23 14:28:14,952 - back_corridor_end - INFO - [back_corridor_end.py:57] - 现在是(99,63)
2025-11-23 14:28:14,952 - back_corridor_end - INFO - [back_corridor_end.py:74] - isDotAlive:点(99, 63)是活的
2025-11-23 14:28:14,952 - back_corridor_end - INFO - [back_corridor_end.py:57] - 现在是(99,64)
2025-11-23 14:28:14,952 - back_corridor_end - INFO - [back_corridor_end.py:74] - isDotAlive:点(99, 64)是活的
2025-11-23 14:28:14,952 - back_corridor_end - INFO - [back_corridor_end.py:57] - 现在是(99,65)
2025-11-23 14:28:14,952 - back_corridor_end - INFO - [back_corridor_end.py:74] - isDotAlive:点(99, 65)是活的
2025-11-23 14:28:14,952 - back_corridor_end - INFO - [back_corridor_end.py:57] - 现在是(99,66)
2025-11-23 14:28:14,952 - back_corridor_end - INFO - [back_corridor_end.py:74] - isDotAlive:点(99, 66)是活的
2025-11-23 14:28:14,952 - back_corridor_end - INFO - [back_corridor_end.py:57] - 现在是(99,67)
2025-11-23 14:28:14,952 - back_corridor_end - INFO - [back_corridor_end.py:74] - isDotAlive:点(99, 67)是活的
2025-11-23 14:28:14,952 - back_corridor_end - INFO - [back_corridor_end.py:57] - 现在是(99,68)
2025-11-23 14:28:14,952 - back_corridor_end - INFO - [back_corridor_end.py:74] - isDotAlive:点(99, 68)是活的
2025-11-23 14:28:14,952 - back_corridor_end - INFO - [back_corridor_end.py:57] - 现在是(99,69)
2025-11-23 14:28:14,952 - back_corridor_end - INFO - [back_corridor_end.py:74] - isDotAlive:点(99, 69)是活的
2025-11-23 14:28:14,952 - back_corridor_end - INFO - [back_corridor_end.py:57] - 现在是(99,70)
2025-11-23 14:28:14,952 - back_corridor_end - INFO - [back_corridor_end.py:74] - isDotAlive:点(99, 70)是活的
2025-11-23 14:28:14,952 - back_corridor_end - INFO - [back_corridor_end.py:57] - 现在是(99,71)
2025-11-23 14:28:14,952 - back_corridor_end - INFO - [back_corridor_end.py:74] - isDotAlive:点(99, 71)是活的
2025-11-23 14:28:14,952 - back_corridor_end - INFO - [back_corridor_end.py:57] - 现在是(99,72)
2025-11-23 14:28:14,953 - back_corridor_end - INFO - [back_corridor_end.py:74] - isDotAlive:点(99, 72)是活的
2025-11-23 14:28:14,953 - back_corridor_end - INFO - [back_corridor_end.py:57] - 现在是(99,73)
2025-11-23 14:28:14,953 - back_corridor_end - INFO - [back_corridor_end.py:74] - isDotAlive:点(99, 73)是活的
2025-11-23 14:28:14,953 - back_corridor_end - INFO - [back_corridor_end.py:57] - 现在是(98,73)
2025-11-23 14:28:14,953 - back_corridor_end - INFO - [back_corridor_end.py:74] - isDotAlive:点(98, 73)是活的
2025-11-23 14:28:14,953 - back_corridor_end - INFO - [back_corridor_end.py:57] - 现在是(97,73)
2025-11-23 14:28:14,953 - back_corridor_end - INFO - [back_corridor_end.py:57] - 现在是(96,73)
2025-11-23 14:28:14,953 - back_corridor_end - INFO - [back_corridor_end.py:57] - 现在是(95,73)
2025-11-23 14:28:14,953 - back_corridor_end - INFO - [back_corridor_end.py:57] - 现在是(94,73)
2025-11-23 14:28:14,953 - back_corridor_end - INFO - [back_corridor_end.py:57] - 现在是(93,73)
2025-11-23 14:28:14,953 - back_corridor_end - INFO - [back_corridor_end.py:57] - 现在是(93,74)
2025-11-23 14:28:14,953 - back_corridor_end - INFO - [back_corridor_end.py:57] - 现在是(93,75)
2025-11-23 14:28:14,953 - back_corridor_end - INFO - [back_corridor_end.py:57] - 现在是(92,75)
2025-11-23 14:28:14,953 - back_corridor_end - INFO - [back_corridor_end.py:57] - 现在是(91,75)
2025-11-23 14:28:14,953 - back_corridor_end - INFO - [back_corridor_end.py:57] - 现在是(90,75)
2025-11-23 14:28:14,953 - back_corridor_end - INFO - [back_corridor_end.py:57] - 现在是(89,75)
2025-11-23 14:28:14,953 - back_corridor_end - INFO - [back_corridor_end.py:57] - 现在是(89,76)
2025-11-23 14:28:14,953 - back_corridor_end - INFO - [back_corridor_end.py:57] - 现在是(89,77)
2025-11-23 14:28:14,953 - back_corridor_end - INFO - [back_corridor_end.py:80] - isDotAlive:发现死路上的点(89, 77)
2025-11-23 14:28:14,953 - back_corridor_end - INFO - [back_corridor_end.py:57] - 现在是(89,76)
2025-11-23 14:28:14,953 - back_corridor_end - INFO - [back_corridor_end.py:80] - isDotAlive:发现死路上的点(89, 76)
2025-11-23 14:28:14,953 - back_corridor_end - INFO - [back_corridor_end.py:57] - 现在是(89,75)
2025-11-23 14:28:14,953 - back_corridor_end - INFO - [back_corridor_end.py:57] - 现在是(88,75)
2025-11-23 14:28:14,953 - back_corridor_end - INFO - [back_corridor_end.py:57] - 现在是(87,75)
2025-11-23 14:28:14,953 - back_corridor_end - INFO - [back_corridor_end.py:80] - isDotAlive:发现死路上的点(87, 75)
2025-11-23 14:28:14,954 - back_corridor_end - INFO - [back_corridor_end.py:57] - 现在是(88,75)
2025-11-23 14:28:14,954 - back_corridor_end - INFO - [back_corridor_end.py:80] - isDotAlive:发现死路上的点(88, 75)
2025-11-23 14:28:14,954 - back_corridor_end - INFO - [back_corridor_end.py:57] - 现在是(89,75)
2025-11-23 14:28:14,954 - back_corridor_end - INFO - [back_corridor_end.py:80] - isDotAlive:发现死路上的点(89, 75)
2025-11-23 14:28:14,954 - back_corridor_end - INFO - [back_corridor_end.py:57] - 现在是(90,75)
2025-11-23 14:28:14,954 - back_corridor_end - INFO - [back_corridor_end.py:80] - isDotAlive:发现死路上的点(90, 75)
2025-11-23 14:28:14,954 - back_corridor_end - INFO - [back_corridor_end.py:57] - 现在是(91,75)
2025-11-23 14:28:14,954 - back_corridor_end - INFO - [back_corridor_end.py:57] - 现在是(91,74)
2025-11-23 14:28:14,954 - back_corridor_end - INFO - [back_corridor_end.py:57] - 现在是(91,73)
2025-11-23 14:28:14,954 - back_corridor_end - INFO - [back_corridor_end.py:80] - isDotAlive:发现死路上的点(91, 73)
2025-11-23 14:28:14,954 - back_corridor_end - INFO - [back_corridor_end.py:57] - 现在是(91,74)
2025-11-23 14:28:14,954 - back_corridor_end - INFO - [back_corridor_end.py:80] - isDotAlive:发现死路上的点(91, 74)
2025-11-23 14:28:14,954 - back_corridor_end - INFO - [back_corridor_end.py:57] - 现在是(91,75)
2025-11-23 14:28:14,954 - back_corridor_end - INFO - [back_corridor_end.py:80] - isDotAlive:发现死路上的点(91, 75)
2025-11-23 14:28:14,954 - back_corridor_end - INFO - [back_corridor_end.py:57] - 现在是(92,75)
2025-11-23 14:28:14,954 - back_corridor_end - INFO - [back_corridor_end.py:80] - isDotAlive:发现死路上的点(92, 75)
2025-11-23 14:28:14,954 - back_corridor_end - INFO - [back_corridor_end.py:57] - 现在是(93,75)
2025-11-23 14:28:14,954 - back_corridor_end - INFO - [back_corridor_end.py:80] - isDotAlive:发现死路上的点(93, 75)
2025-11-23 14:28:14,954 - back_corridor_end - INFO - [back_corridor_end.py:57] - 现在是(93,74)
2025-11-23 14:28:14,954 - back_corridor_end - INFO - [back_corridor_end.py:80] - isDotAlive:发现死路上的点(93, 74)
2025-11-23 14:28:14,954 - back_corridor_end - INFO - [back_corridor_end.py:57] - 现在是(93,73)
2025-11-23 14:28:14,954 - back_corridor_end - INFO - [back_corridor_end.py:57] - 现在是(93,72)
2025-11-23 14:28:14,954 - back_corridor_end - INFO - [back_corridor_end.py:57] - 现在是(93,71)
2025-11-23 14:28:14,954 - back_corridor_end - INFO - [back_corridor_end.py:57] - 现在是(92,71)
2025-11-23 14:28:14,954 - back_corridor_end - INFO - [back_corridor_end.py:57] - 现在是(91,71)
2025-11-23 14:28:14,955 - back_corridor_end - INFO - [back_corridor_end.py:57] - 现在是(91,70)
2025-11-23 14:28:14,955 - back_corridor_end - INFO - [back_corridor_end.py:57] - 现在是(91,69)
2025-11-23 14:28:14,955 - back_corridor_end - INFO - [back_corridor_end.py:57] - 现在是(92,69)
2025-11-23 14:28:14,955 - back_corridor_end - INFO - [back_corridor_end.py:57] - 现在是(93,69)
2025-11-23 14:28:14,955 - back_corridor_end - INFO - [back_corridor_end.py:57] - 现在是(94,69)
2025-11-23 14:28:14,955 - back_corridor_end - INFO - [back_corridor_end.py:57] - 现在是(95,69)
2025-11-23 14:28:14,955 - back_corridor_end - INFO - [back_corridor_end.py:57] - 现在是(95,70)
2025-11-23 14:28:14,955 - back_corridor_end - INFO - [back_corridor_end.py:57] - 现在是(95,71)
2025-11-23 14:28:14,955 - back_corridor_end - INFO - [back_corridor_end.py:80] - isDotAlive:发现死路上的点(95, 71)
2025-11-23 14:28:14,955 - back_corridor_end - INFO - [back_corridor_end.py:57] - 现在是(95,70)
2025-11-23 14:28:14,955 - back_corridor_end - INFO - [back_corridor_end.py:80] - isDotAlive:发现死路上的点(95, 70)
2025-11-23 14:28:14,955 - back_corridor_end - INFO - [back_corridor_end.py:57] - 现在是(95,69)
2025-11-23 14:28:14,955 - back_corridor_end - INFO - [back_corridor_end.py:80] - isDotAlive:发现死路上的点(95, 69)
2025-11-23 14:28:14,955 - back_corridor_end - INFO - [back_corridor_end.py:57] - 现在是(94,69)
2025-11-23 14:28:14,955 - back_corridor_end - INFO - [back_corridor_end.py:80] - isDotAlive:发现死路上的点(94, 69)
2025-11-23 14:28:14,955 - back_corridor_end - INFO - [back_corridor_end.py:57] - 现在是(93,69)
2025-11-23 14:28:14,955 - back_corridor_end - INFO - [back_corridor_end.py:80] - isDotAlive:发现死路上的点(93, 69)
2025-11-23 14:28:14,955 - back_corridor_end - INFO - [back_corridor_end.py:57] - 现在是(92,69)
2025-11-23 14:28:14,955 - back_corridor_end - INFO - [back_corridor_end.py:80] - isDotAlive:发现死路上的点(92, 69)
2025-11-23 14:28:14,955 - back_corridor_end - INFO - [back_corridor_end.py:57] - 现在是(91,69)
2025-11-23 14:28:14,955 - back_corridor_end - INFO - [back_corridor_end.py:57] - 现在是(91,68)
2025-11-23 14:28:14,955 - back_corridor_end - INFO - [back_corridor_end.py:57] - 现在是(91,67)
2025-11-23 14:28:14,955 - back_corridor_end - INFO - [back_corridor_end.py:57] - 现在是(91,66)
2025-11-23 14:28:14,955 - back_corridor_end - INFO - [back_corridor_end.py:57] - 现在是(91,65)
2025-11-23 14:28:14,955 - back_corridor_end - INFO - [back_corridor_end.py:74] - isDotAlive:点(91, 65)是活的
2025-11-23 14:28:14,956 - back_corridor_end - INFO - [back_corridor_end.py:57] - 现在是(91,66)
2025-11-23 14:28:14,956 - back_corridor_end - INFO - [back_corridor_end.py:74] - isDotAlive:点(91, 66)是活的
2025-11-23 14:28:14,956 - back_corridor_end - INFO - [back_corridor_end.py:57] - 现在是(91,67)
2025-11-23 14:28:14,956 - back_corridor_end - INFO - [back_corridor_end.py:74] - isDotAlive:点(91, 67)是活的
2025-11-23 14:28:14,956 - back_corridor_end - INFO - [back_corridor_end.py:57] - 现在是(91,68)
2025-11-23 14:28:14,956 - back_corridor_end - INFO - [back_corridor_end.py:74] - isDotAlive:点(91, 68)是活的
2025-11-23 14:28:14,956 - back_corridor_end - INFO - [back_corridor_end.py:57] - 现在是(91,69)
2025-11-23 14:28:14,956 - back_corridor_end - INFO - [back_corridor_end.py:74] - isDotAlive:点(91, 69)是活的
2025-11-23 14:28:14,956 - back_corridor_end - INFO - [back_corridor_end.py:57] - 现在是(91,70)
2025-11-23 14:28:14,956 - back_corridor_end - INFO - [back_corridor_end.py:74] - isDotAlive:点(91, 70)是活的
2025-11-23 14:28:14,956 - back_corridor_end - INFO - [back_corridor_end.py:57] - 现在是(91,71)
2025-11-23 14:28:14,956 - back_corridor_end - INFO - [back_corridor_end.py:74] - isDotAlive:点(91, 71)是活的
2025-11-23 14:28:14,956 - back_corridor_end - INFO - [back_corridor_end.py:57] - 现在是(92,71)
2025-11-23 14:28:14,956 - back_corridor_end - INFO - [back_corridor_end.py:74] - isDotAlive:点(92, 71)是活的
2025-11-23 14:28:14,956 - back_corridor_end - INFO - [back_corridor_end.py:57] - 现在是(93,71)
2025-11-23 14:28:14,956 - back_corridor_end - INFO - [back_corridor_end.py:74] - isDotAlive:点(93, 71)是活的
2025-11-23 14:28:14,956 - back_corridor_end - INFO - [back_corridor_end.py:57] - 现在是(93,72)
2025-11-23 14:28:14,956 - back_corridor_end - INFO - [back_corridor_end.py:74] - isDotAlive:点(93, 72)是活的
2025-11-23 14:28:14,956 - back_corridor_end - INFO - [back_corridor_end.py:57] - 现在是(93,73)
2025-11-23 14:28:14,956 - back_corridor_end - INFO - [back_corridor_end.py:74] - isDotAlive:点(93, 73)是活的
2025-11-23 14:28:14,956 - back_corridor_end - INFO - [back_corridor_end.py:57] - 现在是(94,73)
2025-11-23 14:28:14,956 - back_corridor_end - INFO - [back_corridor_end.py:74] - isDotAlive:点(94, 73)是活的
2025-11-23 14:28:14,956 - back_corridor_end - INFO - [back_corridor_end.py:57] - 现在是(95,73)
2025-11-23 14:28:14,956 - back_corridor_end - INFO - [back_corridor_end.py:74] - isDotAlive:点(95, 73)是活的
2025-11-23 14:28:14,956 - back_corridor_end - INFO - [back_corridor_end.py:57] - 现在是(96,73)
2025-11-23 14:28:14,957 - back_corridor_end - INFO - [back_corridor_end.py:74] - isDotAlive:点(96, 73)是活的
2025-11-23 14:28:14,957 - back_corridor_end - INFO - [back_corridor_end.py:57] - 现在是(97,73)
2025-11-23 14:28:14,957 - back_corridor_end - INFO - [back_corridor_end.py:74] - isDotAlive:点(97, 73)是活的
2025-11-23 14:28:14,957 - back_corridor_end - INFO - [back_corridor_end.py:57] - 现在是(97,74)
2025-11-23 14:28:14,957 - back_corridor_end - INFO - [back_corridor_end.py:74] - isDotAlive:点(97, 74)是活的
2025-11-23 14:28:14,957 - back_corridor_end - INFO - [back_corridor_end.py:57] - 现在是(97,75)
2025-11-23 14:28:14,957 - back_corridor_end - INFO - [back_corridor_end.py:74] - isDotAlive:点(97, 75)是活的
2025-11-23 14:28:14,957 - back_corridor_end - INFO - [back_corridor_end.py:57] - 现在是(96,75)
2025-11-23 14:28:14,957 - back_corridor_end - INFO - [back_corridor_end.py:74] - isDotAlive:点(96, 75)是活的
2025-11-23 14:28:14,957 - back_corridor_end - INFO - [back_corridor_end.py:57] - 现在是(95,75)
2025-11-23 14:28:14,957 - back_corridor_end - INFO - [back_corridor_end.py:74] - isDotAlive:点(95, 75)是活的
2025-11-23 14:28:14,957 - back_corridor_end - INFO - [back_corridor_end.py:57] - 现在是(95,76)
2025-11-23 14:28:14,957 - back_corridor_end - INFO - [back_corridor_end.py:74] - isDotAlive:点(95, 76)是活的
2025-11-23 14:28:14,957 - back_corridor_end - INFO - [back_corridor_end.py:57] - 现在是(95,77)
2025-11-23 14:28:14,957 - back_corridor_end - INFO - [back_corridor_end.py:74] - isDotAlive:点(95, 77)是活的
2025-11-23 14:28:14,957 - back_corridor_end - INFO - [back_corridor_end.py:57] - 现在是(95,78)
2025-11-23 14:28:14,957 - back_corridor_end - INFO - [back_corridor_end.py:74] - isDotAlive:点(95, 78)是活的
2025-11-23 14:28:14,957 - back_corridor_end - INFO - [back_corridor_end.py:57] - 现在是(95,79)
2025-11-23 14:28:14,957 - back_corridor_end - INFO - [back_corridor_end.py:74] - isDotAlive:点(95, 79)是活的
2025-11-23 14:28:14,957 - back_corridor_end - INFO - [back_corridor_end.py:57] - 现在是(94,79)
2025-11-23 14:28:14,957 - back_corridor_end - INFO - [back_corridor_end.py:74] - isDotAlive:点(94, 79)是活的
2025-11-23 14:28:14,957 - back_corridor_end - INFO - [back_corridor_end.py:57] - 现在是(93,79)
2025-11-23 14:28:14,957 - back_corridor_end - INFO - [back_corridor_end.py:74] - isDotAlive:点(93, 79)是活的
2025-11-23 14:28:14,957 - back_corridor_end - INFO - [back_corridor_end.py:57] - 现在是(93,78)
2025-11-23 14:28:14,958 - back_corridor_end - INFO - [back_corridor_end.py:74] - isDotAlive:点(93, 78)是活的
2025-11-23 14:28:14,958 - back_corridor_end - INFO - [back_corridor_end.py:57] - 现在是(93,77)
2025-11-23 14:28:14,958 - back_corridor_end - INFO - [back_corridor_end.py:74] - isDotAlive:点(93, 77)是活的
2025-11-23 14:28:14,958 - back_corridor_end - INFO - [back_corridor_end.py:57] - 现在是(92,77)
2025-11-23 14:28:14,958 - back_corridor_end - INFO - [back_corridor_end.py:74] - isDotAlive:点(92, 77)是活的
2025-11-23 14:28:14,958 - back_corridor_end - INFO - [back_corridor_end.py:57] - 现在是(91,77)
2025-11-23 14:28:14,958 - back_corridor_end - INFO - [back_corridor_end.py:74] - isDotAlive:点(91, 77)是活的
2025-11-23 14:28:14,958 - back_corridor_end - INFO - [back_corridor_end.py:57] - 现在是(91,78)
2025-11-23 14:28:14,958 - back_corridor_end - INFO - [back_corridor_end.py:74] - isDotAlive:点(91, 78)是活的
2025-11-23 14:28:14,958 - back_corridor_end - INFO - [back_corridor_end.py:57] - 现在是(91,79)
2025-11-23 14:28:14,958 - back_corridor_end - INFO - [back_corridor_end.py:74] - isDotAlive:点(91, 79)是活的
2025-11-23 14:28:14,958 - back_corridor_end - INFO - [back_corridor_end.py:57] - 现在是(91,80)
2025-11-23 14:28:14,958 - back_corridor_end - INFO - [back_corridor_end.py:74] - isDotAlive:点(91, 80)是活的
2025-11-23 14:28:14,958 - back_corridor_end - INFO - [back_corridor_end.py:57] - 现在是(91,81)
2025-11-23 14:28:14,958 - back_corridor_end - INFO - [back_corridor_end.py:74] - isDotAlive:点(91, 81)是活的
2025-11-23 14:28:14,958 - back_corridor_end - INFO - [back_corridor_end.py:57] - 现在是(90,81)
2025-11-23 14:28:14,958 - back_corridor_end - INFO - [back_corridor_end.py:74] - isDotAlive:点(90, 81)是活的
2025-11-23 14:28:14,958 - back_corridor_end - INFO - [back_corridor_end.py:57] - 现在是(89,81)
2025-11-23 14:28:14,958 - back_corridor_end - INFO - [back_corridor_end.py:74] - isDotAlive:点(89, 81)是活的
2025-11-23 14:28:14,958 - back_corridor_end - INFO - [back_corridor_end.py:57] - 现在是(89,82)
2025-11-23 14:28:14,958 - back_corridor_end - INFO - [back_corridor_end.py:74] - isDotAlive:点(89, 82)是活的
2025-11-23 14:28:14,958 - back_corridor_end - INFO - [back_corridor_end.py:57] - 现在是(89,83)
2025-11-23 14:28:14,958 - back_corridor_end - INFO - [back_corridor_end.py:74] - isDotAlive:点(89, 83)是活的
2025-11-23 14:28:14,958 - back_corridor_end - INFO - [back_corridor_end.py:57] - 现在是(90,83)
2025-11-23 14:28:14,958 - back_corridor_end - INFO - [back_corridor_end.py:74] - isDotAlive:点(90, 83)是活的
2025-11-23 14:28:14,959 - back_corridor_end - INFO - [back_corridor_end.py:57] - 现在是(91,83)
2025-11-23 14:28:14,959 - back_corridor_end - INFO - [back_corridor_end.py:74] - isDotAlive:点(91, 83)是活的
2025-11-23 14:28:14,959 - back_corridor_end - INFO - [back_corridor_end.py:57] - 现在是(91,84)
2025-11-23 14:28:14,959 - back_corridor_end - INFO - [back_corridor_end.py:74] - isDotAlive:点(91, 84)是活的
2025-11-23 14:28:14,959 - back_corridor_end - INFO - [back_corridor_end.py:57] - 现在是(91,85)
2025-11-23 14:28:14,959 - back_corridor_end - INFO - [back_corridor_end.py:74] - isDotAlive:点(91, 85)是活的
2025-11-23 14:28:14,959 - back_corridor_end - INFO - [back_corridor_end.py:57] - 现在是(91,86)
2025-11-23 14:28:14,959 - back_corridor_end - INFO - [back_corridor_end.py:74] - isDotAlive:点(91, 86)是活的
2025-11-23 14:28:14,959 - back_corridor_end - INFO - [back_corridor_end.py:57] - 现在是(91,87)
2025-11-23 14:28:14,959 - back_corridor_end - INFO - [back_corridor_end.py:74] - isDotAlive:点(91, 87)是活的
2025-11-23 14:28:14,959 - back_corridor_end - INFO - [back_corridor_end.py:57] - 现在是(90,87)
2025-11-23 14:28:14,959 - back_corridor_end - INFO - [back_corridor_end.py:74] - isDotAlive:点(90, 87)是活的
2025-11-23 14:28:14,959 - back_corridor_end - INFO - [back_corridor_end.py:57] - 现在是(89,87)
2025-11-23 14:28:14,959 - back_corridor_end - INFO - [back_corridor_end.py:57] - 现在是(89,88)
2025-11-23 14:28:14,959 - back_corridor_end - INFO - [back_corridor_end.py:57] - 现在是(89,89)
2025-11-23 14:28:14,959 - back_corridor_end - INFO - [back_corridor_end.py:80] - isDotAlive:发现死路上的点(89, 89)
2025-11-23 14:28:14,959 - back_corridor_end - INFO - [back_corridor_end.py:57] - 现在是(89,88)
2025-11-23 14:28:14,959 - back_corridor_end - INFO - [back_corridor_end.py:80] - isDotAlive:发现死路上的点(89, 88)
2025-11-23 14:28:14,959 - back_corridor_end - INFO - [back_corridor_end.py:57] - 现在是(89,87)
2025-11-23 14:28:14,959 - back_corridor_end - INFO - [back_corridor_end.py:57] - 现在是(88,87)
2025-11-23 14:28:14,959 - back_corridor_end - INFO - [back_corridor_end.py:57] - 现在是(87,87)
2025-11-23 14:28:14,959 - back_corridor_end - INFO - [back_corridor_end.py:80] - isDotAlive:发现死路上的点(87, 87)
2025-11-23 14:28:14,959 - back_corridor_end - INFO - [back_corridor_end.py:57] - 现在是(88,87)
2025-11-23 14:28:14,960 - back_corridor_end - INFO - [back_corridor_end.py:80] - isDotAlive:发现死路上的点(88, 87)
2025-11-23 14:28:14,960 - back_corridor_end - INFO - [back_corridor_end.py:57] - 现在是(89,87)
2025-11-23 14:28:14,960 - back_corridor_end - INFO - [back_corridor_end.py:74] - isDotAlive:点(89, 87)是活的
2025-11-23 14:28:14,960 - back_corridor_end - INFO - [back_corridor_end.py:57] - 现在是(89,86)
2025-11-23 14:28:14,960 - back_corridor_end - INFO - [back_corridor_end.py:74] - isDotAlive:点(89, 86)是活的
2025-11-23 14:28:14,960 - back_corridor_end - INFO - [back_corridor_end.py:57] - 现在是(89,85)
2025-11-23 14:28:14,960 - back_corridor_end - INFO - [back_corridor_end.py:74] - isDotAlive:点(89, 85)是活的
2025-11-23 14:28:14,960 - back_corridor_end - INFO - [back_corridor_end.py:57] - 现在是(88,85)
2025-11-23 14:28:14,960 - back_corridor_end - INFO - [back_corridor_end.py:74] - isDotAlive:点(88, 85)是活的
2025-11-23 14:28:14,960 - back_corridor_end - INFO - [back_corridor_end.py:57] - 现在是(87,85)
2025-11-23 14:28:14,960 - back_corridor_end - INFO - [back_corridor_end.py:74] - isDotAlive:点(87, 85)是活的
2025-11-23 14:28:14,960 - back_corridor_end - INFO - [back_corridor_end.py:57] - 现在是(86,85)
2025-11-23 14:28:14,960 - back_corridor_end - INFO - [back_corridor_end.py:74] - isDotAlive:点(86, 85)是活的
2025-11-23 14:28:14,960 - back_corridor_end - INFO - [back_corridor_end.py:57] - 现在是(85,85)
2025-11-23 14:28:14,960 - back_corridor_end - INFO - [back_corridor_end.py:74] - isDotAlive:点(85, 85)是活的
2025-11-23 14:28:14,960 - back_corridor_end - INFO - [back_corridor_end.py:57] - 现在是(85,86)
2025-11-23 14:28:14,960 - back_corridor_end - INFO - [back_corridor_end.py:74] - isDotAlive:点(85, 86)是活的
2025-11-23 14:28:14,960 - back_corridor_end - INFO - [back_corridor_end.py:57] - 现在是(85,87)
2025-11-23 14:28:14,960 - back_corridor_end - INFO - [back_corridor_end.py:74] - isDotAlive:点(85, 87)是活的
2025-11-23 14:28:14,960 - back_corridor_end - INFO - [back_corridor_end.py:57] - 现在是(85,88)
2025-11-23 14:28:14,960 - back_corridor_end - INFO - [back_corridor_end.py:74] - isDotAlive:点(85, 88)是活的
2025-11-23 14:28:14,960 - back_corridor_end - INFO - [back_corridor_end.py:57] - 现在是(85,89)
2025-11-23 14:28:14,960 - back_corridor_end - INFO - [back_corridor_end.py:74] - isDotAlive:点(85, 89)是活的
2025-11-23 14:28:14,961 - back_corridor_end - INFO - [back_corridor_end.py:57] - 现在是(84,89)
2025-11-23 14:28:14,961 - back_corridor_end - INFO - [back_corridor_end.py:74] - isDotAlive:点(84, 89)是活的
2025-11-23 14:28:14,961 - back_corridor_end - INFO - [back_corridor_end.py:57] - 现在是(83,89)
2025-11-23 14:28:14,961 - back_corridor_end - INFO - [back_corridor_end.py:57] - 现在是(83,90)
2025-11-23 14:28:14,961 - back_corridor_end - INFO - [back_corridor_end.py:57] - 现在是(83,91)
2025-11-23 14:28:14,961 - back_corridor_end - INFO - [back_corridor_end.py:80] - isDotAlive:发现死路上的点(83, 91)
2025-11-23 14:28:14,961 - back_corridor_end - INFO - [back_corridor_end.py:57] - 现在是(83,90)
2025-11-23 14:28:14,961 - back_corridor_end - INFO - [back_corridor_end.py:80] - isDotAlive:发现死路上的点(83, 90)
2025-11-23 14:28:14,961 - back_corridor_end - INFO - [back_corridor_end.py:57] - 现在是(83,89)
2025-11-23 14:28:14,961 - back_corridor_end - INFO - [back_corridor_end.py:74] - isDotAlive:点(83, 89)是活的
2025-11-23 14:28:14,961 - back_corridor_end - INFO - [back_corridor_end.py:57] - 现在是(82,89)
2025-11-23 14:28:14,961 - back_corridor_end - INFO - [back_corridor_end.py:74] - isDotAlive:点(82, 89)是活的
2025-11-23 14:28:14,961 - back_corridor_end - INFO - [back_corridor_end.py:57] - 现在是(81,89)
2025-11-23 14:28:14,961 - back_corridor_end - INFO - [back_corridor_end.py:74] - isDotAlive:点(81, 89)是活的
2025-11-23 14:28:14,961 - back_corridor_end - INFO - [back_corridor_end.py:57] - 现在是(80,89)
2025-11-23 14:28:14,961 - back_corridor_end - INFO - [back_corridor_end.py:74] - isDotAlive:点(80, 89)是活的
2025-11-23 14:28:14,961 - back_corridor_end - INFO - [back_corridor_end.py:57] - 现在是(79,89)
2025-11-23 14:28:14,961 - back_corridor_end - INFO - [back_corridor_end.py:74] - isDotAlive:点(79, 89)是活的
2025-11-23 14:28:14,961 - back_corridor_end - INFO - [back_corridor_end.py:57] - 现在是(79,88)
2025-11-23 14:28:14,961 - back_corridor_end - INFO - [back_corridor_end.py:74] - isDotAlive:点(79, 88)是活的
2025-11-23 14:28:14,961 - back_corridor_end - INFO - [back_corridor_end.py:57] - 现在是(79,87)
2025-11-23 14:28:14,961 - back_corridor_end - INFO - [back_corridor_end.py:74] - isDotAlive:点(79, 87)是活的
2025-11-23 14:28:14,961 - back_corridor_end - INFO - [back_corridor_end.py:57] - 现在是(78,87)
2025-11-23 14:28:14,961 - back_corridor_end - INFO - [back_corridor_end.py:74] - isDotAlive:点(78, 87)是活的
2025-11-23 14:28:14,961 - back_corridor_end - INFO - [back_corridor_end.py:57] - 现在是(77,87)
2025-11-23 14:28:14,962 - back_corridor_end - INFO - [back_corridor_end.py:57] - 现在是(77,88)
2025-11-23 14:28:14,962 - back_corridor_end - INFO - [back_corridor_end.py:57] - 现在是(77,89)
2025-11-23 14:28:14,962 - back_corridor_end - INFO - [back_corridor_end.py:57] - 现在是(76,89)
2025-11-23 14:28:14,962 - back_corridor_end - INFO - [back_corridor_end.py:57] - 现在是(75,89)
2025-11-23 14:28:14,962 - back_corridor_end - INFO - [back_corridor_end.py:57] - 现在是(74,89)
2025-11-23 14:28:14,962 - back_corridor_end - INFO - [back_corridor_end.py:57] - 现在是(73,89)
2025-11-23 14:28:14,962 - back_corridor_end - INFO - [back_corridor_end.py:57] - 现在是(72,89)
2025-11-23 14:28:14,962 - back_corridor_end - INFO - [back_corridor_end.py:57] - 现在是(71,89)
2025-11-23 14:28:14,962 - back_corridor_end - INFO - [back_corridor_end.py:57] - 现在是(70,89)
2025-11-23 14:28:14,962 - back_corridor_end - INFO - [back_corridor_end.py:57] - 现在是(69,89)
2025-11-23 14:28:14,962 - back_corridor_end - INFO - [back_corridor_end.py:57] - 现在是(68,89)
2025-11-23 14:28:14,962 - back_corridor_end - INFO - [back_corridor_end.py:57] - 现在是(67,89)
2025-11-23 14:28:14,962 - back_corridor_end - INFO - [back_corridor_end.py:57] - 现在是(67,90)
2025-11-23 14:28:14,962 - back_corridor_end - INFO - [back_corridor_end.py:57] - 现在是(67,91)
2025-11-23 14:28:14,962 - back_corridor_end - INFO - [back_corridor_end.py:57] - 现在是(68,91)
2025-11-23 14:28:14,962 - back_corridor_end - INFO - [back_corridor_end.py:57] - 现在是(69,91)
2025-11-23 14:28:14,962 - back_corridor_end - INFO - [back_corridor_end.py:57] - 现在是(70,91)
2025-11-23 14:28:14,962 - back_corridor_end - INFO - [back_corridor_end.py:57] - 现在是(71,91)
2025-11-23 14:28:14,962 - back_corridor_end - INFO - [back_corridor_end.py:57] - 现在是(71,92)
2025-11-23 14:28:14,962 - back_corridor_end - INFO - [back_corridor_end.py:57] - 现在是(71,93)
2025-11-23 14:28:14,962 - back_corridor_end - INFO - [back_corridor_end.py:57] - 现在是(71,94)
2025-11-23 14:28:14,962 - back_corridor_end - INFO - [back_corridor_end.py:57] - 现在是(71,95)
2025-11-23 14:28:14,962 - back_corridor_end - INFO - [back_corridor_end.py:57] - 现在是(72,95)
2025-11-23 14:28:14,962 - back_corridor_end - INFO - [back_corridor_end.py:57] - 现在是(73,95)
2025-11-23 14:28:14,963 - back_corridor_end - INFO - [back_corridor_end.py:57] - 现在是(73,96)
2025-11-23 14:28:14,963 - back_corridor_end - INFO - [back_corridor_end.py:57] - 现在是(73,97)
2025-11-23 14:28:14,963 - back_corridor_end - INFO - [back_corridor_end.py:57] - 现在是(74,97)
2025-11-23 14:28:14,963 - back_corridor_end - INFO - [back_corridor_end.py:57] - 现在是(75,97)
2025-11-23 14:28:14,963 - back_corridor_end - INFO - [back_corridor_end.py:57] - 现在是(75,98)
2025-11-23 14:28:14,963 - back_corridor_end - INFO - [back_corridor_end.py:57] - 现在是(75,99)
2025-11-23 14:28:14,963 - back_corridor_end - INFO - [back_corridor_end.py:74] - isDotAlive:点(75, 99)是活的
2025-11-23 14:28:14,963 - back_corridor_end - INFO - [back_corridor_end.py:57] - 现在是(75,98)
2025-11-23 14:28:14,963 - back_corridor_end - INFO - [back_corridor_end.py:74] - isDotAlive:点(75, 98)是活的
2025-11-23 14:28:14,963 - back_corridor_end - INFO - [back_corridor_end.py:57] - 现在是(75,97)
2025-11-23 14:28:14,963 - back_corridor_end - INFO - [back_corridor_end.py:57] - 现在是(75,96)
2025-11-23 14:28:14,963 - back_corridor_end - INFO - [back_corridor_end.py:57] - 现在是(75,95)
2025-11-23 14:28:14,963 - back_corridor_end - INFO - [back_corridor_end.py:80] - isDotAlive:发现死路上的点(75, 95)
2025-11-23 14:28:14,963 - back_corridor_end - INFO - [back_corridor_end.py:57] - 现在是(75,96)
2025-11-23 14:28:14,963 - back_corridor_end - INFO - [back_corridor_end.py:80] - isDotAlive:发现死路上的点(75, 96)
2025-11-23 14:28:14,963 - back_corridor_end - INFO - [back_corridor_end.py:57] - 现在是(75,97)
2025-11-23 14:28:14,963 - back_corridor_end - INFO - [back_corridor_end.py:74] - isDotAlive:点(75, 97)是活的
2025-11-23 14:28:14,963 - back_corridor_end - INFO - [back_corridor_end.py:57] - 现在是(74,97)
2025-11-23 14:28:14,963 - back_corridor_end - INFO - [back_corridor_end.py:74] - isDotAlive:点(74, 97)是活的
2025-11-23 14:28:14,963 - back_corridor_end - INFO - [back_corridor_end.py:57] - 现在是(73,97)
2025-11-23 14:28:14,963 - back_corridor_end - INFO - [back_corridor_end.py:57] - 现在是(72,97)
2025-11-23 14:28:14,963 - back_corridor_end - INFO - [back_corridor_end.py:57] - 现在是(71,97)
2025-11-23 14:28:14,963 - back_corridor_end - INFO - [back_corridor_end.py:57] - 现在是(71,98)
2025-11-23 14:28:14,963 - back_corridor_end - INFO - [back_corridor_end.py:57] - 现在是(71,99)
2025-11-23 14:28:14,963 - back_corridor_end - INFO - [back_corridor_end.py:57] - 现在是(72,99)
2025-11-23 14:28:14,964 - back_corridor_end - INFO - [back_corridor_end.py:57] - 现在是(73,99)
2025-11-23 14:28:14,964 - back_corridor_end - INFO - [back_corridor_end.py:80] - isDotAlive:发现死路上的点(73, 99)
2025-11-23 14:28:14,964 - back_corridor_end - INFO - [back_corridor_end.py:57] - 现在是(72,99)
2025-11-23 14:28:14,964 - back_corridor_end - INFO - [back_corridor_end.py:80] - isDotAlive:发现死路上的点(72, 99)
2025-11-23 14:28:14,964 - back_corridor_end - INFO - [back_corridor_end.py:57] - 现在是(71,99)
2025-11-23 14:28:14,964 - back_corridor_end - INFO - [back_corridor_end.py:57] - 现在是(70,99)
2025-11-23 14:28:14,964 - back_corridor_end - INFO - [back_corridor_end.py:57] - 现在是(69,99)
2025-11-23 14:28:14,964 - back_corridor_end - INFO - [back_corridor_end.py:57] - 现在是(69,98)
2025-11-23 14:28:14,964 - back_corridor_end - INFO - [back_corridor_end.py:57] - 现在是(69,97)
2025-11-23 14:28:14,964 - back_corridor_end - INFO - [back_corridor_end.py:57] - 现在是(68,97)
2025-11-23 14:28:14,964 - back_corridor_end - INFO - [back_corridor_end.py:57] - 现在是(67,97)
2025-11-23 14:28:14,964 - back_corridor_end - INFO - [back_corridor_end.py:57] - 现在是(67,98)
2025-11-23 14:28:14,964 - back_corridor_end - INFO - [back_corridor_end.py:57] - 现在是(67,99)
2025-11-23 14:28:14,964 - back_corridor_end - INFO - [back_corridor_end.py:74] - isDotAlive:点(67, 99)是活的
2025-11-23 14:28:14,964 - back_corridor_end - INFO - [back_corridor_end.py:57] - 现在是(67,98)
2025-11-23 14:28:14,964 - back_corridor_end - INFO - [back_corridor_end.py:74] - isDotAlive:点(67, 98)是活的
2025-11-23 14:28:14,964 - back_corridor_end - INFO - [back_corridor_end.py:57] - 现在是(67,97)
2025-11-23 14:28:14,964 - back_corridor_end - INFO - [back_corridor_end.py:74] - isDotAlive:点(67, 97)是活的
2025-11-23 14:28:14,964 - back_corridor_end - INFO - [back_corridor_end.py:57] - 现在是(68,97)
2025-11-23 14:28:14,964 - back_corridor_end - INFO - [back_corridor_end.py:74] - isDotAlive:点(68, 97)是活的
2025-11-23 14:28:14,964 - back_corridor_end - INFO - [back_corridor_end.py:57] - 现在是(69,97)
2025-11-23 14:28:14,964 - back_corridor_end - INFO - [back_corridor_end.py:74] - isDotAlive:点(69, 97)是活的
2025-11-23 14:28:14,964 - back_corridor_end - INFO - [back_corridor_end.py:57] - 现在是(69,98)
2025-11-23 14:28:14,964 - back_corridor_end - INFO - [back_corridor_end.py:74] - isDotAlive:点(69, 98)是活的
2025-11-23 14:28:14,964 - back_corridor_end - INFO - [back_corridor_end.py:57] - 现在是(69,99)
2025-11-23 14:28:14,965 - back_corridor_end - INFO - [back_corridor_end.py:74] - isDotAlive:点(69, 99)是活的
2025-11-23 14:28:14,965 - back_corridor_end - INFO - [back_corridor_end.py:57] - 现在是(70,99)
2025-11-23 14:28:14,965 - back_corridor_end - INFO - [back_corridor_end.py:74] - isDotAlive:点(70, 99)是活的
2025-11-23 14:28:14,965 - back_corridor_end - INFO - [back_corridor_end.py:57] - 现在是(71,99)
2025-11-23 14:28:14,965 - back_corridor_end - INFO - [back_corridor_end.py:74] - isDotAlive:点(71, 99)是活的
2025-11-23 14:28:14,965 - back_corridor_end - INFO - [back_corridor_end.py:57] - 现在是(71,98)
2025-11-23 14:28:14,965 - back_corridor_end - INFO - [back_corridor_end.py:74] - isDotAlive:点(71, 98)是活的
2025-11-23 14:28:14,965 - back_corridor_end - INFO - [back_corridor_end.py:57] - 现在是(71,97)
2025-11-23 14:28:14,965 - back_corridor_end - INFO - [back_corridor_end.py:74] - isDotAlive:点(71, 97)是活的
2025-11-23 14:28:14,965 - back_corridor_end - INFO - [back_corridor_end.py:57] - 现在是(72,97)
2025-11-23 14:28:14,965 - back_corridor_end - INFO - [back_corridor_end.py:74] - isDotAlive:点(72, 97)是活的
2025-11-23 14:28:14,965 - back_corridor_end - INFO - [back_corridor_end.py:57] - 现在是(73,97)
2025-11-23 14:28:14,965 - back_corridor_end - INFO - [back_corridor_end.py:74] - isDotAlive:点(73, 97)是活的
2025-11-23 14:28:14,965 - back_corridor_end - INFO - [back_corridor_end.py:57] - 现在是(73,96)
2025-11-23 14:28:14,965 - back_corridor_end - INFO - [back_corridor_end.py:74] - isDotAlive:点(73, 96)是活的
2025-11-23 14:28:14,965 - back_corridor_end - INFO - [back_corridor_end.py:57] - 现在是(73,95)
2025-11-23 14:28:14,965 - back_corridor_end - INFO - [back_corridor_end.py:74] - isDotAlive:点(73, 95)是活的
2025-11-23 14:28:14,965 - back_corridor_end - INFO - [back_corridor_end.py:57] - 现在是(72,95)
2025-11-23 14:28:14,965 - back_corridor_end - INFO - [back_corridor_end.py:74] - isDotAlive:点(72, 95)是活的
2025-11-23 14:28:14,965 - back_corridor_end - INFO - [back_corridor_end.py:57] - 现在是(71,95)
2025-11-23 14:28:14,965 - back_corridor_end - INFO - [back_corridor_end.py:74] - isDotAlive:点(71, 95)是活的
2025-11-23 14:28:14,965 - back_corridor_end - INFO - [back_corridor_end.py:57] - 现在是(71,94)
2025-11-23 14:28:14,965 - back_corridor_end - INFO - [back_corridor_end.py:74] - isDotAlive:点(71, 94)是活的
2025-11-23 14:28:14,965 - back_corridor_end - INFO - [back_corridor_end.py:57] - 现在是(71,93)
2025-11-23 14:28:14,966 - back_corridor_end - INFO - [back_corridor_end.py:74] - isDotAlive:点(71, 93)是活的
2025-11-23 14:28:14,966 - back_corridor_end - INFO - [back_corridor_end.py:57] - 现在是(71,92)
2025-11-23 14:28:14,966 - back_corridor_end - INFO - [back_corridor_end.py:74] - isDotAlive:点(71, 92)是活的
2025-11-23 14:28:14,966 - back_corridor_end - INFO - [back_corridor_end.py:57] - 现在是(71,91)
2025-11-23 14:28:14,966 - back_corridor_end - INFO - [back_corridor_end.py:74] - isDotAlive:点(71, 91)是活的
2025-11-23 14:28:14,966 - back_corridor_end - INFO - [back_corridor_end.py:57] - 现在是(70,91)
2025-11-23 14:28:14,966 - back_corridor_end - INFO - [back_corridor_end.py:74] - isDotAlive:点(70, 91)是活的
2025-11-23 14:28:14,966 - back_corridor_end - INFO - [back_corridor_end.py:57] - 现在是(69,91)
2025-11-23 14:28:14,966 - back_corridor_end - INFO - [back_corridor_end.py:74] - isDotAlive:点(69, 91)是活的
2025-11-23 14:28:14,966 - back_corridor_end - INFO - [back_corridor_end.py:57] - 现在是(68,91)
2025-11-23 14:28:14,966 - back_corridor_end - INFO - [back_corridor_end.py:74] - isDotAlive:点(68, 91)是活的
2025-11-23 14:28:14,966 - back_corridor_end - INFO - [back_corridor_end.py:57] - 现在是(67,91)
2025-11-23 14:28:14,966 - back_corridor_end - INFO - [back_corridor_end.py:74] - isDotAlive:点(67, 91)是活的
2025-11-23 14:28:14,966 - back_corridor_end - INFO - [back_corridor_end.py:57] - 现在是(67,90)
2025-11-23 14:28:14,966 - back_corridor_end - INFO - [back_corridor_end.py:74] - isDotAlive:点(67, 90)是活的
2025-11-23 14:28:14,966 - back_corridor_end - INFO - [back_corridor_end.py:57] - 现在是(67,89)
2025-11-23 14:28:14,966 - back_corridor_end - INFO - [back_corridor_end.py:74] - isDotAlive:点(67, 89)是活的
2025-11-23 14:28:14,966 - back_corridor_end - INFO - [back_corridor_end.py:57] - 现在是(68,89)
2025-11-23 14:28:14,966 - back_corridor_end - INFO - [back_corridor_end.py:74] - isDotAlive:点(68, 89)是活的
2025-11-23 14:28:14,966 - back_corridor_end - INFO - [back_corridor_end.py:57] - 现在是(69,89)
2025-11-23 14:28:14,966 - back_corridor_end - INFO - [back_corridor_end.py:74] - isDotAlive:点(69, 89)是活的
2025-11-23 14:28:14,966 - back_corridor_end - INFO - [back_corridor_end.py:57] - 现在是(70,89)
2025-11-23 14:28:14,966 - back_corridor_end - INFO - [back_corridor_end.py:74] - isDotAlive:点(70, 89)是活的
2025-11-23 14:28:14,967 - back_corridor_end - INFO - [back_corridor_end.py:57] - 现在是(71,89)
2025-11-23 14:28:14,967 - back_corridor_end - INFO - [back_corridor_end.py:74] - isDotAlive:点(71, 89)是活的
2025-11-23 14:28:14,967 - back_corridor_end - INFO - [back_corridor_end.py:57] - 现在是(72,89)
2025-11-23 14:28:14,967 - back_corridor_end - INFO - [back_corridor_end.py:74] - isDotAlive:点(72, 89)是活的
2025-11-23 14:28:14,967 - back_corridor_end - INFO - [back_corridor_end.py:57] - 现在是(73,89)
2025-11-23 14:28:14,967 - back_corridor_end - INFO - [back_corridor_end.py:74] - isDotAlive:点(73, 89)是活的
2025-11-23 14:28:14,967 - back_corridor_end - INFO - [back_corridor_end.py:57] - 现在是(74,89)
2025-11-23 14:28:14,967 - back_corridor_end - INFO - [back_corridor_end.py:74] - isDotAlive:点(74, 89)是活的
2025-11-23 14:28:14,967 - back_corridor_end - INFO - [back_corridor_end.py:57] - 现在是(75,89)
2025-11-23 14:28:14,967 - back_corridor_end - INFO - [back_corridor_end.py:57] - 现在是(75,88)
2025-11-23 14:28:14,967 - back_corridor_end - INFO - [back_corridor_end.py:57] - 现在是(75,87)
2025-11-23 14:28:14,967 - back_corridor_end - INFO - [back_corridor_end.py:80] - isDotAlive:发现死路上的点(75, 87)
2025-11-23 14:28:14,967 - back_corridor_end - INFO - [back_corridor_end.py:57] - 现在是(75,88)
2025-11-23 14:28:14,967 - back_corridor_end - INFO - [back_corridor_end.py:80] - isDotAlive:发现死路上的点(75, 88)
2025-11-23 14:28:14,967 - back_corridor_end - INFO - [back_corridor_end.py:57] - 现在是(75,89)
2025-11-23 14:28:14,967 - back_corridor_end - INFO - [back_corridor_end.py:74] - isDotAlive:点(75, 89)是活的
2025-11-23 14:28:14,967 - back_corridor_end - INFO - [back_corridor_end.py:57] - 现在是(76,89)
2025-11-23 14:28:14,967 - back_corridor_end - INFO - [back_corridor_end.py:74] - isDotAlive:点(76, 89)是活的
2025-11-23 14:28:14,967 - back_corridor_end - INFO - [back_corridor_end.py:57] - 现在是(77,89)
2025-11-23 14:28:14,967 - back_corridor_end - INFO - [back_corridor_end.py:74] - isDotAlive:点(77, 89)是活的
2025-11-23 14:28:14,967 - back_corridor_end - INFO - [back_corridor_end.py:57] - 现在是(77,88)
2025-11-23 14:28:14,967 - back_corridor_end - INFO - [back_corridor_end.py:74] - isDotAlive:点(77, 88)是活的
2025-11-23 14:28:14,967 - back_corridor_end - INFO - [back_corridor_end.py:57] - 现在是(77,87)
2025-11-23 14:28:14,967 - back_corridor_end - INFO - [back_corridor_end.py:74] - isDotAlive:点(77, 87)是活的
2025-11-23 14:28:14,968 - back_corridor_end - INFO - [back_corridor_end.py:57] - 现在是(77,86)
2025-11-23 14:28:14,968 - back_corridor_end - INFO - [back_corridor_end.py:74] - isDotAlive:点(77, 86)是活的
2025-11-23 14:28:14,968 - back_corridor_end - INFO - [back_corridor_end.py:57] - 现在是(77,85)
2025-11-23 14:28:14,968 - back_corridor_end - INFO - [back_corridor_end.py:74] - isDotAlive:点(77, 85)是活的
2025-11-23 14:28:14,968 - back_corridor_end - INFO - [back_corridor_end.py:57] - 现在是(76,85)
2025-11-23 14:28:14,968 - back_corridor_end - INFO - [back_corridor_end.py:74] - isDotAlive:点(76, 85)是活的
2025-11-23 14:28:14,968 - back_corridor_end - INFO - [back_corridor_end.py:57] - 现在是(75,85)
2025-11-23 14:28:14,968 - back_corridor_end - INFO - [back_corridor_end.py:74] - isDotAlive:点(75, 85)是活的
2025-11-23 14:28:14,968 - back_corridor_end - INFO - [back_corridor_end.py:57] - 现在是(75,84)
2025-11-23 14:28:14,968 - back_corridor_end - INFO - [back_corridor_end.py:74] - isDotAlive:点(75, 84)是活的
2025-11-23 14:28:14,968 - back_corridor_end - INFO - [back_corridor_end.py:57] - 现在是(75,83)
2025-11-23 14:28:14,968 - back_corridor_end - INFO - [back_corridor_end.py:74] - isDotAlive:点(75, 83)是活的
2025-11-23 14:28:14,968 - back_corridor_end - INFO - [back_corridor_end.py:57] - 现在是(74,83)
2025-11-23 14:28:14,968 - back_corridor_end - INFO - [back_corridor_end.py:74] - isDotAlive:点(74, 83)是活的
2025-11-23 14:28:14,968 - back_corridor_end - INFO - [back_corridor_end.py:57] - 现在是(73,83)
2025-11-23 14:28:14,968 - back_corridor_end - INFO - [back_corridor_end.py:57] - 现在是(73,82)
2025-11-23 14:28:14,968 - back_corridor_end - INFO - [back_corridor_end.py:57] - 现在是(73,81)
2025-11-23 14:28:14,968 - back_corridor_end - INFO - [back_corridor_end.py:57] - 现在是(72,81)
2025-11-23 14:28:14,968 - back_corridor_end - INFO - [back_corridor_end.py:57] - 现在是(71,81)
2025-11-23 14:28:14,968 - back_corridor_end - INFO - [back_corridor_end.py:57] - 现在是(71,82)
2025-11-23 14:28:14,968 - back_corridor_end - INFO - [back_corridor_end.py:57] - 现在是(71,83)
2025-11-23 14:28:14,968 - back_corridor_end - INFO - [back_corridor_end.py:57] - 现在是(70,83)
2025-11-23 14:28:14,968 - back_corridor_end - INFO - [back_corridor_end.py:57] - 现在是(69,83)
2025-11-23 14:28:14,968 - back_corridor_end - INFO - [back_corridor_end.py:57] - 现在是(69,82)
2025-11-23 14:28:14,968 - back_corridor_end - INFO - [back_corridor_end.py:57] - 现在是(69,81)
2025-11-23 14:28:14,969 - back_corridor_end - INFO - [back_corridor_end.py:80] - isDotAlive:发现死路上的点(69, 81)
2025-11-23 14:28:14,969 - back_corridor_end - INFO - [back_corridor_end.py:57] - 现在是(69,82)
2025-11-23 14:28:14,969 - back_corridor_end - INFO - [back_corridor_end.py:80] - isDotAlive:发现死路上的点(69, 82)
2025-11-23 14:28:14,969 - back_corridor_end - INFO - [back_corridor_end.py:57] - 现在是(69,83)
2025-11-23 14:28:14,969 - back_corridor_end - INFO - [back_corridor_end.py:80] - isDotAlive:发现死路上的点(69, 83)
2025-11-23 14:28:14,969 - back_corridor_end - INFO - [back_corridor_end.py:57] - 现在是(70,83)
2025-11-23 14:28:14,969 - back_corridor_end - INFO - [back_corridor_end.py:80] - isDotAlive:发现死路上的点(70, 83)
2025-11-23 14:28:14,969 - back_corridor_end - INFO - [back_corridor_end.py:57] - 现在是(71,83)
2025-11-23 14:28:14,969 - back_corridor_end - INFO - [back_corridor_end.py:80] - isDotAlive:发现死路上的点(71, 83)
2025-11-23 14:28:14,969 - back_corridor_end - INFO - [back_corridor_end.py:57] - 现在是(71,82)
2025-11-23 14:28:14,969 - back_corridor_end - INFO - [back_corridor_end.py:80] - isDotAlive:发现死路上的点(71, 82)
2025-11-23 14:28:14,969 - back_corridor_end - INFO - [back_corridor_end.py:57] - 现在是(71,81)
2025-11-23 14:28:14,969 - back_corridor_end - INFO - [back_corridor_end.py:80] - isDotAlive:发现死路上的点(71, 81)
2025-11-23 14:28:14,969 - back_corridor_end - INFO - [back_corridor_end.py:57] - 现在是(72,81)
2025-11-23 14:28:14,969 - back_corridor_end - INFO - [back_corridor_end.py:80] - isDotAlive:发现死路上的点(72, 81)
2025-11-23 14:28:14,969 - back_corridor_end - INFO - [back_corridor_end.py:57] - 现在是(73,81)
2025-11-23 14:28:14,969 - back_corridor_end - INFO - [back_corridor_end.py:80] - isDotAlive:发现死路上的点(73, 81)
2025-11-23 14:28:14,969 - back_corridor_end - INFO - [back_corridor_end.py:57] - 现在是(73,82)
2025-11-23 14:28:14,969 - back_corridor_end - INFO - [back_corridor_end.py:80] - isDotAlive:发现死路上的点(73, 82)
2025-11-23 14:28:14,969 - back_corridor_end - INFO - [back_corridor_end.py:57] - 现在是(73,83)
2025-11-23 14:28:14,969 - back_corridor_end - INFO - [back_corridor_end.py:74] - isDotAlive:点(73, 83)是活的
2025-11-23 14:28:14,969 - back_corridor_end - INFO - [back_corridor_end.py:57] - 现在是(73,84)
2025-11-23 14:28:14,969 - back_corridor_end - INFO - [back_corridor_end.py:74] - isDotAlive:点(73, 84)是活的
2025-11-23 14:28:14,970 - back_corridor_end - INFO - [back_corridor_end.py:57] - 现在是(73,85)
2025-11-23 14:28:14,970 - back_corridor_end - INFO - [back_corridor_end.py:74] - isDotAlive:点(73, 85)是活的
2025-11-23 14:28:14,970 - back_corridor_end - INFO - [back_corridor_end.py:57] - 现在是(73,86)
2025-11-23 14:28:14,970 - back_corridor_end - INFO - [back_corridor_end.py:74] - isDotAlive:点(73, 86)是活的
2025-11-23 14:28:14,970 - back_corridor_end - INFO - [back_corridor_end.py:57] - 现在是(73,87)
2025-11-23 14:28:14,970 - back_corridor_end - INFO - [back_corridor_end.py:74] - isDotAlive:点(73, 87)是活的
2025-11-23 14:28:14,970 - back_corridor_end - INFO - [back_corridor_end.py:57] - 现在是(72,87)
2025-11-23 14:28:14,970 - back_corridor_end - INFO - [back_corridor_end.py:74] - isDotAlive:点(72, 87)是活的
2025-11-23 14:28:14,970 - back_corridor_end - INFO - [back_corridor_end.py:57] - 现在是(71,87)
2025-11-23 14:28:14,970 - back_corridor_end - INFO - [back_corridor_end.py:74] - isDotAlive:点(71, 87)是活的
2025-11-23 14:28:14,970 - back_corridor_end - INFO - [back_corridor_end.py:57] - 现在是(71,86)
2025-11-23 14:28:14,970 - back_corridor_end - INFO - [back_corridor_end.py:74] - isDotAlive:点(71, 86)是活的
2025-11-23 14:28:14,970 - back_corridor_end - INFO - [back_corridor_end.py:57] - 现在是(71,85)
2025-11-23 14:28:14,970 - back_corridor_end - INFO - [back_corridor_end.py:74] - isDotAlive:点(71, 85)是活的
2025-11-23 14:28:14,970 - back_corridor_end - INFO - [back_corridor_end.py:57] - 现在是(70,85)
2025-11-23 14:28:14,970 - back_corridor_end - INFO - [back_corridor_end.py:74] - isDotAlive:点(70, 85)是活的
2025-11-23 14:28:14,970 - back_corridor_end - INFO - [back_corridor_end.py:57] - 现在是(69,85)
2025-11-23 14:28:14,970 - back_corridor_end - INFO - [back_corridor_end.py:57] - 现在是(68,85)
2025-11-23 14:28:14,970 - back_corridor_end - INFO - [back_corridor_end.py:57] - 现在是(67,85)
2025-11-23 14:28:14,970 - back_corridor_end - INFO - [back_corridor_end.py:80] - isDotAlive:发现死路上的点(67, 85)
2025-11-23 14:28:14,970 - back_corridor_end - INFO - [back_corridor_end.py:57] - 现在是(68,85)
2025-11-23 14:28:14,970 - back_corridor_end - INFO - [back_corridor_end.py:80] - isDotAlive:发现死路上的点(68, 85)
2025-11-23 14:28:14,970 - back_corridor_end - INFO - [back_corridor_end.py:57] - 现在是(69,85)
2025-11-23 14:28:14,971 - back_corridor_end - INFO - [back_corridor_end.py:74] - isDotAlive:点(69, 85)是活的
2025-11-23 14:28:14,971 - back_corridor_end - INFO - [back_corridor_end.py:57] - 现在是(69,86)
2025-11-23 14:28:14,971 - back_corridor_end - INFO - [back_corridor_end.py:74] - isDotAlive:点(69, 86)是活的
2025-11-23 14:28:14,971 - back_corridor_end - INFO - [back_corridor_end.py:57] - 现在是(69,87)
2025-11-23 14:28:14,971 - back_corridor_end - INFO - [back_corridor_end.py:74] - isDotAlive:点(69, 87)是活的
2025-11-23 14:28:14,971 - back_corridor_end - INFO - [back_corridor_end.py:57] - 现在是(68,87)
2025-11-23 14:28:14,971 - back_corridor_end - INFO - [back_corridor_end.py:74] - isDotAlive:点(68, 87)是活的
2025-11-23 14:28:14,971 - back_corridor_end - INFO - [back_corridor_end.py:57] - 现在是(67,87)
2025-11-23 14:28:14,971 - back_corridor_end - INFO - [back_corridor_end.py:74] - isDotAlive:点(67, 87)是活的
2025-11-23 14:28:14,971 - back_corridor_end - INFO - [back_corridor_end.py:57] - 现在是(66,87)
2025-11-23 14:28:14,971 - back_corridor_end - INFO - [back_corridor_end.py:74] - isDotAlive:点(66, 87)是活的
2025-11-23 14:28:14,971 - back_corridor_end - INFO - [back_corridor_end.py:57] - 现在是(65,87)
2025-11-23 14:28:14,971 - back_corridor_end - INFO - [back_corridor_end.py:57] - 现在是(64,87)
2025-11-23 14:28:14,971 - back_corridor_end - INFO - [back_corridor_end.py:57] - 现在是(63,87)
2025-11-23 14:28:14,971 - back_corridor_end - INFO - [back_corridor_end.py:57] - 现在是(62,87)
2025-11-23 14:28:14,971 - back_corridor_end - INFO - [back_corridor_end.py:57] - 现在是(61,87)
2025-11-23 14:28:14,971 - back_corridor_end - INFO - [back_corridor_end.py:57] - 现在是(60,87)
2025-11-23 14:28:14,971 - back_corridor_end - INFO - [back_corridor_end.py:57] - 现在是(59,87)
2025-11-23 14:28:14,971 - back_corridor_end - INFO - [back_corridor_end.py:57] - 现在是(58,87)
2025-11-23 14:28:14,971 - back_corridor_end - INFO - [back_corridor_end.py:57] - 现在是(57,87)
2025-11-23 14:28:14,971 - back_corridor_end - INFO - [back_corridor_end.py:57] - 现在是(56,87)
2025-11-23 14:28:14,971 - back_corridor_end - INFO - [back_corridor_end.py:57] - 现在是(55,87)
2025-11-23 14:28:14,971 - back_corridor_end - INFO - [back_corridor_end.py:57] - 现在是(54,87)
2025-11-23 14:28:14,971 - back_corridor_end - INFO - [back_corridor_end.py:57] - 现在是(53,87)
2025-11-23 14:28:14,971 - back_corridor_end - INFO - [back_corridor_end.py:57] - 现在是(53,86)
2025-11-23 14:28:14,972 - back_corridor_end - INFO - [back_corridor_end.py:57] - 现在是(53,85)
2025-11-23 14:28:14,972 - back_corridor_end - INFO - [back_corridor_end.py:57] - 现在是(54,85)
2025-11-23 14:28:14,972 - back_corridor_end - INFO - [back_corridor_end.py:57] - 现在是(55,85)
2025-11-23 14:28:14,972 - back_corridor_end - INFO - [back_corridor_end.py:57] - 现在是(56,85)
2025-11-23 14:28:14,972 - back_corridor_end - INFO - [back_corridor_end.py:57] - 现在是(57,85)
2025-11-23 14:28:14,972 - back_corridor_end - INFO - [back_corridor_end.py:57] - 现在是(57,84)
2025-11-23 14:28:14,972 - back_corridor_end - INFO - [back_corridor_end.py:57] - 现在是(57,83)
2025-11-23 14:28:14,972 - back_corridor_end - INFO - [back_corridor_end.py:57] - 现在是(57,82)
2025-11-23 14:28:14,972 - back_corridor_end - INFO - [back_corridor_end.py:57] - 现在是(57,81)
2025-11-23 14:28:14,972 - back_corridor_end - INFO - [back_corridor_end.py:57] - 现在是(56,81)
2025-11-23 14:28:14,972 - back_corridor_end - INFO - [back_corridor_end.py:57] - 现在是(55,81)
2025-11-23 14:28:14,972 - back_corridor_end - INFO - [back_corridor_end.py:57] - 现在是(55,82)
2025-11-23 14:28:14,972 - back_corridor_end - INFO - [back_corridor_end.py:57] - 现在是(55,83)
2025-11-23 14:28:14,972 - back_corridor_end - INFO - [back_corridor_end.py:80] - isDotAlive:发现死路上的点(55, 83)
2025-11-23 14:28:14,972 - back_corridor_end - INFO - [back_corridor_end.py:57] - 现在是(55,82)
2025-11-23 14:28:14,972 - back_corridor_end - INFO - [back_corridor_end.py:80] - isDotAlive:发现死路上的点(55, 82)
2025-11-23 14:28:14,972 - back_corridor_end - INFO - [back_corridor_end.py:57] - 现在是(55,81)
2025-11-23 14:28:14,972 - back_corridor_end - INFO - [back_corridor_end.py:57] - 现在是(55,80)
2025-11-23 14:28:14,972 - back_corridor_end - INFO - [back_corridor_end.py:57] - 现在是(55,79)
2025-11-23 14:28:14,972 - back_corridor_end - INFO - [back_corridor_end.py:57] - 现在是(56,79)
2025-11-23 14:28:14,972 - back_corridor_end - INFO - [back_corridor_end.py:57] - 现在是(57,79)
2025-11-23 14:28:14,972 - back_corridor_end - INFO - [back_corridor_end.py:80] - isDotAlive:发现死路上的点(57, 79)
2025-11-23 14:28:14,972 - back_corridor_end - INFO - [back_corridor_end.py:57] - 现在是(56,79)
2025-11-23 14:28:14,972 - back_corridor_end - INFO - [back_corridor_end.py:80] - isDotAlive:发现死路上的点(56, 79)
2025-11-23 14:28:14,972 - back_corridor_end - INFO - [back_corridor_end.py:57] - 现在是(55,79)
2025-11-23 14:28:14,973 - back_corridor_end - INFO - [back_corridor_end.py:57] - 现在是(54,79)
2025-11-23 14:28:14,973 - back_corridor_end - INFO - [back_corridor_end.py:57] - 现在是(53,79)
2025-11-23 14:28:14,973 - back_corridor_end - INFO - [back_corridor_end.py:57] - 现在是(53,80)
2025-11-23 14:28:14,973 - back_corridor_end - INFO - [back_corridor_end.py:57] - 现在是(53,81)
2025-11-23 14:28:14,973 - back_corridor_end - INFO - [back_corridor_end.py:74] - isDotAlive:点(53, 81)是活的
2025-11-23 14:28:14,973 - back_corridor_end - INFO - [back_corridor_end.py:57] - 现在是(53,80)
2025-11-23 14:28:14,973 - back_corridor_end - INFO - [back_corridor_end.py:74] - isDotAlive:点(53, 80)是活的
2025-11-23 14:28:14,973 - back_corridor_end - INFO - [back_corridor_end.py:57] - 现在是(53,79)
2025-11-23 14:28:14,973 - back_corridor_end - INFO - [back_corridor_end.py:57] - 现在是(53,78)
2025-11-23 14:28:14,973 - back_corridor_end - INFO - [back_corridor_end.py:57] - 现在是(53,77)
2025-11-23 14:28:14,973 - back_corridor_end - INFO - [back_corridor_end.py:80] - isDotAlive:发现死路上的点(53, 77)
2025-11-23 14:28:14,973 - back_corridor_end - INFO - [back_corridor_end.py:57] - 现在是(53,78)
2025-11-23 14:28:14,973 - back_corridor_end - INFO - [back_corridor_end.py:80] - isDotAlive:发现死路上的点(53, 78)
2025-11-23 14:28:14,973 - back_corridor_end - INFO - [back_corridor_end.py:57] - 现在是(53,79)
2025-11-23 14:28:14,973 - back_corridor_end - INFO - [back_corridor_end.py:74] - isDotAlive:点(53, 79)是活的
2025-11-23 14:28:14,973 - back_corridor_end - INFO - [back_corridor_end.py:57] - 现在是(54,79)
2025-11-23 14:28:14,973 - back_corridor_end - INFO - [back_corridor_end.py:74] - isDotAlive:点(54, 79)是活的
2025-11-23 14:28:14,973 - back_corridor_end - INFO - [back_corridor_end.py:57] - 现在是(55,79)
2025-11-23 14:28:14,973 - back_corridor_end - INFO - [back_corridor_end.py:74] - isDotAlive:点(55, 79)是活的
2025-11-23 14:28:14,973 - back_corridor_end - INFO - [back_corridor_end.py:57] - 现在是(55,80)
2025-11-23 14:28:14,973 - back_corridor_end - INFO - [back_corridor_end.py:74] - isDotAlive:点(55, 80)是活的
2025-11-23 14:28:14,973 - back_corridor_end - INFO - [back_corridor_end.py:57] - 现在是(55,81)
2025-11-23 14:28:14,973 - back_corridor_end - INFO - [back_corridor_end.py:74] - isDotAlive:点(55, 81)是活的
2025-11-23 14:28:14,974 - back_corridor_end - INFO - [back_corridor_end.py:57] - 现在是(56,81)
2025-11-23 14:28:14,974 - back_corridor_end - INFO - [back_corridor_end.py:74] - isDotAlive:点(56, 81)是活的
2025-11-23 14:28:14,974 - back_corridor_end - INFO - [back_corridor_end.py:57] - 现在是(57,81)
2025-11-23 14:28:14,974 - back_corridor_end - INFO - [back_corridor_end.py:74] - isDotAlive:点(57, 81)是活的
2025-11-23 14:28:14,974 - back_corridor_end - INFO - [back_corridor_end.py:57] - 现在是(57,82)
2025-11-23 14:28:14,974 - back_corridor_end - INFO - [back_corridor_end.py:74] - isDotAlive:点(57, 82)是活的
2025-11-23 14:28:14,974 - back_corridor_end - INFO - [back_corridor_end.py:57] - 现在是(57,83)
2025-11-23 14:28:14,974 - back_corridor_end - INFO - [back_corridor_end.py:74] - isDotAlive:点(57, 83)是活的
2025-11-23 14:28:14,974 - back_corridor_end - INFO - [back_corridor_end.py:57] - 现在是(57,84)
2025-11-23 14:28:14,974 - back_corridor_end - INFO - [back_corridor_end.py:74] - isDotAlive:点(57, 84)是活的
2025-11-23 14:28:14,974 - back_corridor_end - INFO - [back_corridor_end.py:57] - 现在是(57,85)
2025-11-23 14:28:14,974 - back_corridor_end - INFO - [back_corridor_end.py:74] - isDotAlive:点(57, 85)是活的
2025-11-23 14:28:14,974 - back_corridor_end - INFO - [back_corridor_end.py:57] - 现在是(56,85)
2025-11-23 14:28:14,974 - back_corridor_end - INFO - [back_corridor_end.py:74] - isDotAlive:点(56, 85)是活的
2025-11-23 14:28:14,974 - back_corridor_end - INFO - [back_corridor_end.py:57] - 现在是(55,85)
2025-11-23 14:28:14,974 - back_corridor_end - INFO - [back_corridor_end.py:74] - isDotAlive:点(55, 85)是活的
2025-11-23 14:28:14,974 - back_corridor_end - INFO - [back_corridor_end.py:57] - 现在是(54,85)
2025-11-23 14:28:14,974 - back_corridor_end - INFO - [back_corridor_end.py:74] - isDotAlive:点(54, 85)是活的
2025-11-23 14:28:14,974 - back_corridor_end - INFO - [back_corridor_end.py:57] - 现在是(53,85)
2025-11-23 14:28:14,974 - back_corridor_end - INFO - [back_corridor_end.py:57] - 现在是(52,85)
2025-11-23 14:28:14,974 - back_corridor_end - INFO - [back_corridor_end.py:57] - 现在是(51,85)
2025-11-23 14:28:14,974 - back_corridor_end - INFO - [back_corridor_end.py:57] - 现在是(51,86)
2025-11-23 14:28:14,974 - back_corridor_end - INFO - [back_corridor_end.py:57] - 现在是(51,87)
2025-11-23 14:28:14,974 - back_corridor_end - INFO - [back_corridor_end.py:57] - 现在是(51,88)
2025-11-23 14:28:14,975 - back_corridor_end - INFO - [back_corridor_end.py:57] - 现在是(51,89)
2025-11-23 14:28:14,975 - back_corridor_end - INFO - [back_corridor_end.py:57] - 现在是(52,89)
2025-11-23 14:28:14,975 - back_corridor_end - INFO - [back_corridor_end.py:57] - 现在是(53,89)
2025-11-23 14:28:14,975 - back_corridor_end - INFO - [back_corridor_end.py:57] - 现在是(54,89)
2025-11-23 14:28:14,975 - back_corridor_end - INFO - [back_corridor_end.py:57] - 现在是(55,89)
2025-11-23 14:28:14,975 - back_corridor_end - INFO - [back_corridor_end.py:80] - isDotAlive:发现死路上的点(55, 89)
2025-11-23 14:28:14,975 - back_corridor_end - INFO - [back_corridor_end.py:57] - 现在是(54,89)
2025-11-23 14:28:14,975 - back_corridor_end - INFO - [back_corridor_end.py:80] - isDotAlive:发现死路上的点(54, 89)
2025-11-23 14:28:14,975 - back_corridor_end - INFO - [back_corridor_end.py:57] - 现在是(53,89)
2025-11-23 14:28:14,975 - back_corridor_end - INFO - [back_corridor_end.py:80] - isDotAlive:发现死路上的点(53, 89)
2025-11-23 14:28:14,975 - back_corridor_end - INFO - [back_corridor_end.py:57] - 现在是(52,89)
2025-11-23 14:28:14,975 - back_corridor_end - INFO - [back_corridor_end.py:80] - isDotAlive:发现死路上的点(52, 89)
2025-11-23 14:28:14,975 - back_corridor_end - INFO - [back_corridor_end.py:57] - 现在是(51,89)
2025-11-23 14:28:14,975 - back_corridor_end - INFO - [back_corridor_end.py:74] - isDotAlive:点(51, 89)是活的
2025-11-23 14:28:14,975 - back_corridor_end - INFO - [back_corridor_end.py:57] - 现在是(51,88)
2025-11-23 14:28:14,975 - back_corridor_end - INFO - [back_corridor_end.py:74] - isDotAlive:点(51, 88)是活的
2025-11-23 14:28:14,975 - back_corridor_end - INFO - [back_corridor_end.py:57] - 现在是(51,87)
2025-11-23 14:28:14,975 - back_corridor_end - INFO - [back_corridor_end.py:74] - isDotAlive:点(51, 87)是活的
2025-11-23 14:28:14,975 - back_corridor_end - INFO - [back_corridor_end.py:57] - 现在是(51,86)
2025-11-23 14:28:14,975 - back_corridor_end - INFO - [back_corridor_end.py:74] - isDotAlive:点(51, 86)是活的
2025-11-23 14:28:14,975 - back_corridor_end - INFO - [back_corridor_end.py:57] - 现在是(51,85)
2025-11-23 14:28:14,975 - back_corridor_end - INFO - [back_corridor_end.py:74] - isDotAlive:点(51, 85)是活的
2025-11-23 14:28:14,975 - back_corridor_end - INFO - [back_corridor_end.py:57] - 现在是(52,85)
2025-11-23 14:28:14,975 - back_corridor_end - INFO - [back_corridor_end.py:74] - isDotAlive:点(52, 85)是活的
2025-11-23 14:28:14,976 - back_corridor_end - INFO - [back_corridor_end.py:57] - 现在是(53,85)
2025-11-23 14:28:14,976 - back_corridor_end - INFO - [back_corridor_end.py:57] - 现在是(53,84)
2025-11-23 14:28:14,976 - back_corridor_end - INFO - [back_corridor_end.py:57] - 现在是(53,83)
2025-11-23 14:28:14,976 - back_corridor_end - INFO - [back_corridor_end.py:80] - isDotAlive:发现死路上的点(53, 83)
2025-11-23 14:28:14,976 - back_corridor_end - INFO - [back_corridor_end.py:57] - 现在是(53,84)
2025-11-23 14:28:14,976 - back_corridor_end - INFO - [back_corridor_end.py:80] - isDotAlive:发现死路上的点(53, 84)
2025-11-23 14:28:14,976 - back_corridor_end - INFO - [back_corridor_end.py:57] - 现在是(53,85)
2025-11-23 14:28:14,976 - back_corridor_end - INFO - [back_corridor_end.py:74] - isDotAlive:点(53, 85)是活的
2025-11-23 14:28:14,976 - back_corridor_end - INFO - [back_corridor_end.py:57] - 现在是(53,86)
2025-11-23 14:28:14,976 - back_corridor_end - INFO - [back_corridor_end.py:74] - isDotAlive:点(53, 86)是活的
2025-11-23 14:28:14,976 - back_corridor_end - INFO - [back_corridor_end.py:57] - 现在是(53,87)
2025-11-23 14:28:14,976 - back_corridor_end - INFO - [back_corridor_end.py:74] - isDotAlive:点(53, 87)是活的
2025-11-23 14:28:14,976 - back_corridor_end - INFO - [back_corridor_end.py:57] - 现在是(54,87)
2025-11-23 14:28:14,976 - back_corridor_end - INFO - [back_corridor_end.py:74] - isDotAlive:点(54, 87)是活的
2025-11-23 14:28:14,976 - back_corridor_end - INFO - [back_corridor_end.py:57] - 现在是(55,87)
2025-11-23 14:28:14,976 - back_corridor_end - INFO - [back_corridor_end.py:74] - isDotAlive:点(55, 87)是活的
2025-11-23 14:28:14,976 - back_corridor_end - INFO - [back_corridor_end.py:57] - 现在是(56,87)
2025-11-23 14:28:14,976 - back_corridor_end - INFO - [back_corridor_end.py:74] - isDotAlive:点(56, 87)是活的
2025-11-23 14:28:14,976 - back_corridor_end - INFO - [back_corridor_end.py:57] - 现在是(57,87)
2025-11-23 14:28:14,976 - back_corridor_end - INFO - [back_corridor_end.py:74] - isDotAlive:点(57, 87)是活的
2025-11-23 14:28:14,976 - back_corridor_end - INFO - [back_corridor_end.py:57] - 现在是(58,87)
2025-11-23 14:28:14,976 - back_corridor_end - INFO - [back_corridor_end.py:74] - isDotAlive:点(58, 87)是活的
2025-11-23 14:28:14,976 - back_corridor_end - INFO - [back_corridor_end.py:57] - 现在是(59,87)
2025-11-23 14:28:14,977 - back_corridor_end - INFO - [back_corridor_end.py:74] - isDotAlive:点(59, 87)是活的
2025-11-23 14:28:14,977 - back_corridor_end - INFO - [back_corridor_end.py:57] - 现在是(60,87)
2025-11-23 14:28:14,977 - back_corridor_end - INFO - [back_corridor_end.py:74] - isDotAlive:点(60, 87)是活的
2025-11-23 14:28:14,977 - back_corridor_end - INFO - [back_corridor_end.py:57] - 现在是(61,87)
2025-11-23 14:28:14,977 - back_corridor_end - INFO - [back_corridor_end.py:74] - isDotAlive:点(61, 87)是活的
2025-11-23 14:28:14,977 - back_corridor_end - INFO - [back_corridor_end.py:57] - 现在是(62,87)
2025-11-23 14:28:14,977 - back_corridor_end - INFO - [back_corridor_end.py:74] - isDotAlive:点(62, 87)是活的
2025-11-23 14:28:14,977 - back_corridor_end - INFO - [back_corridor_end.py:57] - 现在是(63,87)
2025-11-23 14:28:14,977 - back_corridor_end - INFO - [back_corridor_end.py:74] - isDotAlive:点(63, 87)是活的
2025-11-23 14:28:14,977 - back_corridor_end - INFO - [back_corridor_end.py:57] - 现在是(64,87)
2025-11-23 14:28:14,977 - back_corridor_end - INFO - [back_corridor_end.py:74] - isDotAlive:点(64, 87)是活的
2025-11-23 14:28:14,977 - back_corridor_end - INFO - [back_corridor_end.py:57] - 现在是(65,87)
2025-11-23 14:28:14,977 - back_corridor_end - INFO - [back_corridor_end.py:74] - isDotAlive:点(65, 87)是活的
2025-11-23 14:28:14,977 - back_corridor_end - INFO - [back_corridor_end.py:57] - 现在是(65,86)
2025-11-23 14:28:14,977 - back_corridor_end - INFO - [back_corridor_end.py:74] - isDotAlive:点(65, 86)是活的
2025-11-23 14:28:14,977 - back_corridor_end - INFO - [back_corridor_end.py:57] - 现在是(65,85)
2025-11-23 14:28:14,977 - back_corridor_end - INFO - [back_corridor_end.py:74] - isDotAlive:点(65, 85)是活的
2025-11-23 14:28:14,977 - back_corridor_end - INFO - [back_corridor_end.py:57] - 现在是(64,85)
2025-11-23 14:28:14,977 - back_corridor_end - INFO - [back_corridor_end.py:74] - isDotAlive:点(64, 85)是活的
2025-11-23 14:28:14,977 - back_corridor_end - INFO - [back_corridor_end.py:57] - 现在是(63,85)
2025-11-23 14:28:14,977 - back_corridor_end - INFO - [back_corridor_end.py:74] - isDotAlive:点(63, 85)是活的
2025-11-23 14:28:14,977 - back_corridor_end - INFO - [back_corridor_end.py:57] - 现在是(62,85)
2025-11-23 14:28:14,978 - back_corridor_end - INFO - [back_corridor_end.py:74] - isDotAlive:点(62, 85)是活的
2025-11-23 14:28:14,978 - back_corridor_end - INFO - [back_corridor_end.py:57] - 现在是(61,85)
2025-11-23 14:28:14,978 - back_corridor_end - INFO - [back_corridor_end.py:74] - isDotAlive:点(61, 85)是活的
2025-11-23 14:28:14,978 - back_corridor_end - INFO - [back_corridor_end.py:57] - 现在是(60,85)
2025-11-23 14:28:14,978 - back_corridor_end - INFO - [back_corridor_end.py:74] - isDotAlive:点(60, 85)是活的
2025-11-23 14:28:14,978 - back_corridor_end - INFO - [back_corridor_end.py:57] - 现在是(59,85)
2025-11-23 14:28:14,978 - back_corridor_end - INFO - [back_corridor_end.py:74] - isDotAlive:点(59, 85)是活的
2025-11-23 14:28:14,978 - back_corridor_end - INFO - [back_corridor_end.py:57] - 现在是(59,84)
2025-11-23 14:28:14,978 - back_corridor_end - INFO - [back_corridor_end.py:74] - isDotAlive:点(59, 84)是活的
2025-11-23 14:28:14,978 - back_corridor_end - INFO - [back_corridor_end.py:57] - 现在是(59,83)
2025-11-23 14:28:14,978 - back_corridor_end - INFO - [back_corridor_end.py:74] - isDotAlive:点(59, 83)是活的
2025-11-23 14:28:14,978 - back_corridor_end - INFO - [back_corridor_end.py:57] - 现在是(60,83)
2025-11-23 14:28:14,978 - back_corridor_end - INFO - [back_corridor_end.py:74] - isDotAlive:点(60, 83)是活的
2025-11-23 14:28:14,978 - back_corridor_end - INFO - [back_corridor_end.py:57] - 现在是(61,83)
2025-11-23 14:28:14,978 - back_corridor_end - INFO - [back_corridor_end.py:74] - isDotAlive:点(61, 83)是活的
2025-11-23 14:28:14,978 - back_corridor_end - INFO - [back_corridor_end.py:57] - 现在是(61,82)
2025-11-23 14:28:14,978 - back_corridor_end - INFO - [back_corridor_end.py:74] - isDotAlive:点(61, 82)是活的
2025-11-23 14:28:14,978 - back_corridor_end - INFO - [back_corridor_end.py:57] - 现在是(61,81)
2025-11-23 14:28:14,978 - back_corridor_end - INFO - [back_corridor_end.py:57] - 现在是(61,80)
2025-11-23 14:28:14,978 - back_corridor_end - INFO - [back_corridor_end.py:57] - 现在是(61,79)
2025-11-23 14:28:14,978 - back_corridor_end - INFO - [back_corridor_end.py:80] - isDotAlive:发现死路上的点(61, 79)
2025-11-23 14:28:14,978 - back_corridor_end - INFO - [back_corridor_end.py:57] - 现在是(61,80)
2025-11-23 14:28:14,979 - back_corridor_end - INFO - [back_corridor_end.py:80] - isDotAlive:发现死路上的点(61, 80)
2025-11-23 14:28:14,979 - back_corridor_end - INFO - [back_corridor_end.py:57] - 现在是(61,81)
2025-11-23 14:28:14,979 - back_corridor_end - INFO - [back_corridor_end.py:74] - isDotAlive:点(61, 81)是活的
2025-11-23 14:28:14,979 - back_corridor_end - INFO - [back_corridor_end.py:57] - 现在是(60,81)
2025-11-23 14:28:14,979 - back_corridor_end - INFO - [back_corridor_end.py:74] - isDotAlive:点(60, 81)是活的
2025-11-23 14:28:14,979 - back_corridor_end - INFO - [back_corridor_end.py:57] - 现在是(59,81)
2025-11-23 14:28:14,979 - back_corridor_end - INFO - [back_corridor_end.py:74] - isDotAlive:点(59, 81)是活的
2025-11-23 14:28:14,979 - back_corridor_end - INFO - [back_corridor_end.py:57] - 现在是(59,80)
2025-11-23 14:28:14,979 - back_corridor_end - INFO - [back_corridor_end.py:74] - isDotAlive:点(59, 80)是活的
2025-11-23 14:28:14,979 - back_corridor_end - INFO - [back_corridor_end.py:57] - 现在是(59,79)
2025-11-23 14:28:14,979 - back_corridor_end - INFO - [back_corridor_end.py:74] - isDotAlive:点(59, 79)是活的
2025-11-23 14:28:14,979 - back_corridor_end - INFO - [back_corridor_end.py:57] - 现在是(59,78)
2025-11-23 14:28:14,979 - back_corridor_end - INFO - [back_corridor_end.py:74] - isDotAlive:点(59, 78)是活的
2025-11-23 14:28:14,979 - back_corridor_end - INFO - [back_corridor_end.py:57] - 现在是(59,77)
2025-11-23 14:28:14,979 - back_corridor_end - INFO - [back_corridor_end.py:74] - isDotAlive:点(59, 77)是活的
2025-11-23 14:28:14,979 - back_corridor_end - INFO - [back_corridor_end.py:57] - 现在是(59,76)
2025-11-23 14:28:14,979 - back_corridor_end - INFO - [back_corridor_end.py:74] - isDotAlive:点(59, 76)是活的
2025-11-23 14:28:14,979 - back_corridor_end - INFO - [back_corridor_end.py:57] - 现在是(59,75)
2025-11-23 14:28:14,979 - back_corridor_end - INFO - [back_corridor_end.py:74] - isDotAlive:点(59, 75)是活的
2025-11-23 14:28:14,979 - back_corridor_end - INFO - [back_corridor_end.py:57] - 现在是(60,75)
2025-11-23 14:28:14,979 - back_corridor_end - INFO - [back_corridor_end.py:74] - isDotAlive:点(60, 75)是活的
2025-11-23 14:28:14,979 - back_corridor_end - INFO - [back_corridor_end.py:57] - 现在是(61,75)
2025-11-23 14:28:14,979 - back_corridor_end - INFO - [back_corridor_end.py:74] - isDotAlive:点(61, 75)是活的
2025-11-23 14:28:14,979 - back_corridor_end - INFO - [back_corridor_end.py:57] - 现在是(61,74)
2025-11-23 14:28:14,980 - back_corridor_end - INFO - [back_corridor_end.py:74] - isDotAlive:点(61, 74)是活的
2025-11-23 14:28:14,980 - back_corridor_end - INFO - [back_corridor_end.py:57] - 现在是(61,73)
2025-11-23 14:28:14,980 - back_corridor_end - INFO - [back_corridor_end.py:57] - 现在是(60,73)
2025-11-23 14:28:14,980 - back_corridor_end - INFO - [back_corridor_end.py:57] - 现在是(59,73)
2025-11-23 14:28:14,980 - back_corridor_end - INFO - [back_corridor_end.py:57] - 现在是(59,72)
2025-11-23 14:28:14,980 - back_corridor_end - INFO - [back_corridor_end.py:57] - 现在是(59,71)
2025-11-23 14:28:14,980 - back_corridor_end - INFO - [back_corridor_end.py:80] - isDotAlive:发现死路上的点(59, 71)
2025-11-23 14:28:14,980 - back_corridor_end - INFO - [back_corridor_end.py:57] - 现在是(59,72)
2025-11-23 14:28:14,980 - back_corridor_end - INFO - [back_corridor_end.py:80] - isDotAlive:发现死路上的点(59, 72)
2025-11-23 14:28:14,980 - back_corridor_end - INFO - [back_corridor_end.py:57] - 现在是(59,73)
2025-11-23 14:28:14,980 - back_corridor_end - INFO - [back_corridor_end.py:80] - isDotAlive:发现死路上的点(59, 73)
2025-11-23 14:28:14,980 - back_corridor_end - INFO - [back_corridor_end.py:57] - 现在是(60,73)
2025-11-23 14:28:14,980 - back_corridor_end - INFO - [back_corridor_end.py:80] - isDotAlive:发现死路上的点(60, 73)
2025-11-23 14:28:14,980 - back_corridor_end - INFO - [back_corridor_end.py:57] - 现在是(61,73)
2025-11-23 14:28:14,980 - back_corridor_end - INFO - [back_corridor_end.py:74] - isDotAlive:点(61, 73)是活的
2025-11-23 14:28:14,980 - back_corridor_end - INFO - [back_corridor_end.py:57] - 现在是(61,72)
2025-11-23 14:28:14,980 - back_corridor_end - INFO - [back_corridor_end.py:74] - isDotAlive:点(61, 72)是活的
2025-11-23 14:28:14,980 - back_corridor_end - INFO - [back_corridor_end.py:57] - 现在是(61,71)
2025-11-23 14:28:14,980 - back_corridor_end - INFO - [back_corridor_end.py:74] - isDotAlive:点(61, 71)是活的
2025-11-23 14:28:14,980 - back_corridor_end - INFO - [back_corridor_end.py:57] - 现在是(61,70)
2025-11-23 14:28:14,980 - back_corridor_end - INFO - [back_corridor_end.py:74] - isDotAlive:点(61, 70)是活的
2025-11-23 14:28:14,980 - back_corridor_end - INFO - [back_corridor_end.py:57] - 现在是(61,69)
2025-11-23 14:28:14,980 - back_corridor_end - INFO - [back_corridor_end.py:74] - isDotAlive:点(61, 69)是活的
2025-11-23 14:28:14,981 - back_corridor_end - INFO - [back_corridor_end.py:57] - 现在是(61,68)
2025-11-23 14:28:14,981 - back_corridor_end - INFO - [back_corridor_end.py:74] - isDotAlive:点(61, 68)是活的
2025-11-23 14:28:14,981 - back_corridor_end - INFO - [back_corridor_end.py:57] - 现在是(61,67)
2025-11-23 14:28:14,981 - back_corridor_end - INFO - [back_corridor_end.py:57] - 现在是(61,66)
2025-11-23 14:28:14,981 - back_corridor_end - INFO - [back_corridor_end.py:57] - 现在是(61,65)
2025-11-23 14:28:14,981 - back_corridor_end - INFO - [back_corridor_end.py:57] - 现在是(62,65)
2025-11-23 14:28:14,981 - back_corridor_end - INFO - [back_corridor_end.py:57] - 现在是(63,65)
2025-11-23 14:28:14,981 - back_corridor_end - INFO - [back_corridor_end.py:57] - 现在是(64,65)
2025-11-23 14:28:14,981 - back_corridor_end - INFO - [back_corridor_end.py:57] - 现在是(65,65)
2025-11-23 14:28:14,981 - back_corridor_end - INFO - [back_corridor_end.py:57] - 现在是(65,66)
2025-11-23 14:28:14,981 - back_corridor_end - INFO - [back_corridor_end.py:57] - 现在是(65,67)
2025-11-23 14:28:14,981 - back_corridor_end - INFO - [back_corridor_end.py:80] - isDotAlive:发现死路上的点(65, 67)
2025-11-23 14:28:14,981 - back_corridor_end - INFO - [back_corridor_end.py:57] - 现在是(65,66)
2025-11-23 14:28:14,981 - back_corridor_end - INFO - [back_corridor_end.py:80] - isDotAlive:发现死路上的点(65, 66)
2025-11-23 14:28:14,981 - back_corridor_end - INFO - [back_corridor_end.py:57] - 现在是(65,65)
2025-11-23 14:28:14,981 - back_corridor_end - INFO - [back_corridor_end.py:57] - 现在是(65,64)
2025-11-23 14:28:14,981 - back_corridor_end - INFO - [back_corridor_end.py:57] - 现在是(65,63)
2025-11-23 14:28:14,981 - back_corridor_end - INFO - [back_corridor_end.py:80] - isDotAlive:发现死路上的点(65, 63)
2025-11-23 14:28:14,981 - back_corridor_end - INFO - [back_corridor_end.py:57] - 现在是(65,64)
2025-11-23 14:28:14,981 - back_corridor_end - INFO - [back_corridor_end.py:74] - isDotAlive:点(65, 64)是活的
2025-11-23 14:28:14,981 - back_corridor_end - INFO - [back_corridor_end.py:57] - 现在是(65,65)
2025-11-23 14:28:14,981 - back_corridor_end - INFO - [back_corridor_end.py:74] - isDotAlive:点(65, 65)是活的
2025-11-23 14:28:14,981 - back_corridor_end - INFO - [back_corridor_end.py:57] - 现在是(64,65)
2025-11-23 14:28:14,982 - back_corridor_end - INFO - [back_corridor_end.py:74] - isDotAlive:点(64, 65)是活的
2025-11-23 14:28:14,982 - back_corridor_end - INFO - [back_corridor_end.py:57] - 现在是(63,65)
2025-11-23 14:28:14,982 - back_corridor_end - INFO - [back_corridor_end.py:57] - 现在是(63,66)
2025-11-23 14:28:14,982 - back_corridor_end - INFO - [back_corridor_end.py:57] - 现在是(63,67)
2025-11-23 14:28:14,982 - back_corridor_end - INFO - [back_corridor_end.py:80] - isDotAlive:发现死路上的点(63, 67)
2025-11-23 14:28:14,982 - back_corridor_end - INFO - [back_corridor_end.py:57] - 现在是(63,66)
2025-11-23 14:28:14,982 - back_corridor_end - INFO - [back_corridor_end.py:80] - isDotAlive:发现死路上的点(63, 66)
2025-11-23 14:28:14,982 - back_corridor_end - INFO - [back_corridor_end.py:57] - 现在是(63,65)
2025-11-23 14:28:14,982 - back_corridor_end - INFO - [back_corridor_end.py:74] - isDotAlive:点(63, 65)是活的
2025-11-23 14:28:14,982 - back_corridor_end - INFO - [back_corridor_end.py:57] - 现在是(62,65)
2025-11-23 14:28:14,982 - back_corridor_end - INFO - [back_corridor_end.py:74] - isDotAlive:点(62, 65)是活的
2025-11-23 14:28:14,982 - back_corridor_end - INFO - [back_corridor_end.py:57] - 现在是(61,65)
2025-11-23 14:28:14,982 - back_corridor_end - INFO - [back_corridor_end.py:57] - 现在是(61,64)
2025-11-23 14:28:14,982 - back_corridor_end - INFO - [back_corridor_end.py:57] - 现在是(61,63)
2025-11-23 14:28:14,982 - back_corridor_end - INFO - [back_corridor_end.py:57] - 现在是(62,63)
2025-11-23 14:28:14,982 - back_corridor_end - INFO - [back_corridor_end.py:57] - 现在是(63,63)
2025-11-23 14:28:14,982 - back_corridor_end - INFO - [back_corridor_end.py:57] - 现在是(63,62)
2025-11-23 14:28:14,982 - back_corridor_end - INFO - [back_corridor_end.py:57] - 现在是(63,61)
2025-11-23 14:28:14,982 - back_corridor_end - INFO - [back_corridor_end.py:57] - 现在是(64,61)
2025-11-23 14:28:14,982 - back_corridor_end - INFO - [back_corridor_end.py:57] - 现在是(65,61)
2025-11-23 14:28:14,982 - back_corridor_end - INFO - [back_corridor_end.py:80] - isDotAlive:发现死路上的点(65, 61)
2025-11-23 14:28:14,982 - back_corridor_end - INFO - [back_corridor_end.py:57] - 现在是(64,61)
2025-11-23 14:28:14,982 - back_corridor_end - INFO - [back_corridor_end.py:80] - isDotAlive:发现死路上的点(64, 61)
2025-11-23 14:28:14,982 - back_corridor_end - INFO - [back_corridor_end.py:57] - 现在是(63,61)
2025-11-23 14:28:14,982 - back_corridor_end - INFO - [back_corridor_end.py:57] - 现在是(63,60)
2025-11-23 14:28:14,983 - back_corridor_end - INFO - [back_corridor_end.py:57] - 现在是(63,59)
2025-11-23 14:28:14,983 - back_corridor_end - INFO - [back_corridor_end.py:57] - 现在是(64,59)
2025-11-23 14:28:14,983 - back_corridor_end - INFO - [back_corridor_end.py:57] - 现在是(65,59)
2025-11-23 14:28:14,983 - back_corridor_end - INFO - [back_corridor_end.py:57] - 现在是(66,59)
2025-11-23 14:28:14,983 - back_corridor_end - INFO - [back_corridor_end.py:57] - 现在是(67,59)
2025-11-23 14:28:14,983 - back_corridor_end - INFO - [back_corridor_end.py:80] - isDotAlive:发现死路上的点(67, 59)
2025-11-23 14:28:14,983 - back_corridor_end - INFO - [back_corridor_end.py:57] - 现在是(66,59)
2025-11-23 14:28:14,983 - back_corridor_end - INFO - [back_corridor_end.py:80] - isDotAlive:发现死路上的点(66, 59)
2025-11-23 14:28:14,983 - back_corridor_end - INFO - [back_corridor_end.py:57] - 现在是(65,59)
2025-11-23 14:28:14,983 - back_corridor_end - INFO - [back_corridor_end.py:80] - isDotAlive:发现死路上的点(65, 59)
2025-11-23 14:28:14,983 - back_corridor_end - INFO - [back_corridor_end.py:57] - 现在是(64,59)
2025-11-23 14:28:14,983 - back_corridor_end - INFO - [back_corridor_end.py:80] - isDotAlive:发现死路上的点(64, 59)
2025-11-23 14:28:14,983 - back_corridor_end - INFO - [back_corridor_end.py:57] - 现在是(63,59)
2025-11-23 14:28:14,983 - back_corridor_end - INFO - [back_corridor_end.py:74] - isDotAlive:点(63, 59)是活的
2025-11-23 14:28:14,983 - back_corridor_end - INFO - [back_corridor_end.py:57] - 现在是(63,60)
2025-11-23 14:28:14,983 - back_corridor_end - INFO - [back_corridor_end.py:74] - isDotAlive:点(63, 60)是活的
2025-11-23 14:28:14,983 - back_corridor_end - INFO - [back_corridor_end.py:57] - 现在是(63,61)
2025-11-23 14:28:14,983 - back_corridor_end - INFO - [back_corridor_end.py:74] - isDotAlive:点(63, 61)是活的
2025-11-23 14:28:14,983 - back_corridor_end - INFO - [back_corridor_end.py:57] - 现在是(63,62)
2025-11-23 14:28:14,983 - back_corridor_end - INFO - [back_corridor_end.py:74] - isDotAlive:点(63, 62)是活的
2025-11-23 14:28:14,983 - back_corridor_end - INFO - [back_corridor_end.py:57] - 现在是(63,63)
2025-11-23 14:28:14,983 - back_corridor_end - INFO - [back_corridor_end.py:74] - isDotAlive:点(63, 63)是活的
2025-11-23 14:28:14,984 - back_corridor_end - INFO - [back_corridor_end.py:57] - 现在是(62,63)
2025-11-23 14:28:14,984 - back_corridor_end - INFO - [back_corridor_end.py:74] - isDotAlive:点(62, 63)是活的
2025-11-23 14:28:14,984 - back_corridor_end - INFO - [back_corridor_end.py:57] - 现在是(61,63)
2025-11-23 14:28:14,984 - back_corridor_end - INFO - [back_corridor_end.py:57] - 现在是(60,63)
2025-11-23 14:28:14,984 - back_corridor_end - INFO - [back_corridor_end.py:57] - 现在是(59,63)
2025-11-23 14:28:14,984 - back_corridor_end - INFO - [back_corridor_end.py:57] - 现在是(59,64)
2025-11-23 14:28:14,984 - back_corridor_end - INFO - [back_corridor_end.py:57] - 现在是(59,65)
2025-11-23 14:28:14,984 - back_corridor_end - INFO - [back_corridor_end.py:80] - isDotAlive:发现死路上的点(59, 65)
2025-11-23 14:28:14,984 - back_corridor_end - INFO - [back_corridor_end.py:57] - 现在是(59,64)
2025-11-23 14:28:14,984 - back_corridor_end - INFO - [back_corridor_end.py:80] - isDotAlive:发现死路上的点(59, 64)
2025-11-23 14:28:14,984 - back_corridor_end - INFO - [back_corridor_end.py:57] - 现在是(59,63)
2025-11-23 14:28:14,984 - back_corridor_end - INFO - [back_corridor_end.py:57] - 现在是(58,63)
2025-11-23 14:28:14,984 - back_corridor_end - INFO - [back_corridor_end.py:57] - 现在是(57,63)
2025-11-23 14:28:14,984 - back_corridor_end - INFO - [back_corridor_end.py:57] - 现在是(57,64)
2025-11-23 14:28:14,984 - back_corridor_end - INFO - [back_corridor_end.py:57] - 现在是(57,65)
2025-11-23 14:28:14,984 - back_corridor_end - INFO - [back_corridor_end.py:80] - isDotAlive:发现死路上的点(57, 65)
2025-11-23 14:28:14,984 - back_corridor_end - INFO - [back_corridor_end.py:57] - 现在是(57,64)
2025-11-23 14:28:14,984 - back_corridor_end - INFO - [back_corridor_end.py:80] - isDotAlive:发现死路上的点(57, 64)
2025-11-23 14:28:14,984 - back_corridor_end - INFO - [back_corridor_end.py:57] - 现在是(57,63)
2025-11-23 14:28:14,984 - back_corridor_end - INFO - [back_corridor_end.py:57] - 现在是(57,62)
2025-11-23 14:28:14,984 - back_corridor_end - INFO - [back_corridor_end.py:57] - 现在是(57,61)
2025-11-23 14:28:14,984 - back_corridor_end - INFO - [back_corridor_end.py:57] - 现在是(58,61)
2025-11-23 14:28:14,984 - back_corridor_end - INFO - [back_corridor_end.py:57] - 现在是(59,61)
2025-11-23 14:28:14,984 - back_corridor_end - INFO - [back_corridor_end.py:57] - 现在是(60,61)
2025-11-23 14:28:14,985 - back_corridor_end - INFO - [back_corridor_end.py:57] - 现在是(61,61)
2025-11-23 14:28:14,985 - back_corridor_end - INFO - [back_corridor_end.py:57] - 现在是(61,60)
2025-11-23 14:28:14,985 - back_corridor_end - INFO - [back_corridor_end.py:57] - 现在是(61,59)
2025-11-23 14:28:14,985 - back_corridor_end - INFO - [back_corridor_end.py:57] - 现在是(60,59)
2025-11-23 14:28:14,985 - back_corridor_end - INFO - [back_corridor_end.py:57] - 现在是(59,59)
2025-11-23 14:28:14,985 - back_corridor_end - INFO - [back_corridor_end.py:57] - 现在是(58,59)
2025-11-23 14:28:14,985 - back_corridor_end - INFO - [back_corridor_end.py:57] - 现在是(57,59)
2025-11-23 14:28:14,985 - back_corridor_end - INFO - [back_corridor_end.py:57] - 现在是(57,58)
2025-11-23 14:28:14,985 - back_corridor_end - INFO - [back_corridor_end.py:57] - 现在是(57,57)
2025-11-23 14:28:14,985 - back_corridor_end - INFO - [back_corridor_end.py:57] - 现在是(56,57)
2025-11-23 14:28:14,985 - back_corridor_end - INFO - [back_corridor_end.py:57] - 现在是(55,57)
2025-11-23 14:28:14,985 - back_corridor_end - INFO - [back_corridor_end.py:57] - 现在是(55,56)
2025-11-23 14:28:14,985 - back_corridor_end - INFO - [back_corridor_end.py:57] - 现在是(55,55)
2025-11-23 14:28:14,985 - back_corridor_end - INFO - [back_corridor_end.py:57] - 现在是(56,55)
2025-11-23 14:28:14,985 - back_corridor_end - INFO - [back_corridor_end.py:57] - 现在是(57,55)
2025-11-23 14:28:14,985 - back_corridor_end - INFO - [back_corridor_end.py:57] - 现在是(58,55)
2025-11-23 14:28:14,985 - back_corridor_end - INFO - [back_corridor_end.py:57] - 现在是(59,55)
2025-11-23 14:28:14,985 - back_corridor_end - INFO - [back_corridor_end.py:57] - 现在是(59,54)
2025-11-23 14:28:14,985 - back_corridor_end - INFO - [back_corridor_end.py:57] - 现在是(59,53)
2025-11-23 14:28:14,985 - back_corridor_end - INFO - [back_corridor_end.py:57] - 现在是(60,53)
2025-11-23 14:28:14,985 - back_corridor_end - INFO - [back_corridor_end.py:57] - 现在是(61,53)
2025-11-23 14:28:14,985 - back_corridor_end - INFO - [back_corridor_end.py:57] - 现在是(61,54)
2025-11-23 14:28:14,985 - back_corridor_end - INFO - [back_corridor_end.py:57] - 现在是(61,55)
2025-11-23 14:28:14,985 - back_corridor_end - INFO - [back_corridor_end.py:57] - 现在是(61,56)
2025-11-23 14:28:14,985 - back_corridor_end - INFO - [back_corridor_end.py:57] - 现在是(61,57)
2025-11-23 14:28:14,985 - back_corridor_end - INFO - [back_corridor_end.py:57] - 现在是(60,57)
2025-11-23 14:28:14,986 - back_corridor_end - INFO - [back_corridor_end.py:57] - 现在是(59,57)
2025-11-23 14:28:14,986 - back_corridor_end - INFO - [back_corridor_end.py:80] - isDotAlive:发现死路上的点(59, 57)
2025-11-23 14:28:14,986 - back_corridor_end - INFO - [back_corridor_end.py:57] - 现在是(60,57)
2025-11-23 14:28:14,986 - back_corridor_end - INFO - [back_corridor_end.py:80] - isDotAlive:发现死路上的点(60, 57)
2025-11-23 14:28:14,986 - back_corridor_end - INFO - [back_corridor_end.py:57] - 现在是(61,57)
2025-11-23 14:28:14,986 - back_corridor_end - INFO - [back_corridor_end.py:80] - isDotAlive:发现死路上的点(61, 57)
2025-11-23 14:28:14,986 - back_corridor_end - INFO - [back_corridor_end.py:57] - 现在是(61,56)
2025-11-23 14:28:14,986 - back_corridor_end - INFO - [back_corridor_end.py:80] - isDotAlive:发现死路上的点(61, 56)
2025-11-23 14:28:14,986 - back_corridor_end - INFO - [back_corridor_end.py:57] - 现在是(61,55)
2025-11-23 14:28:14,986 - back_corridor_end - INFO - [back_corridor_end.py:80] - isDotAlive:发现死路上的点(61, 55)
2025-11-23 14:28:14,986 - back_corridor_end - INFO - [back_corridor_end.py:57] - 现在是(61,54)
2025-11-23 14:28:14,986 - back_corridor_end - INFO - [back_corridor_end.py:80] - isDotAlive:发现死路上的点(61, 54)
2025-11-23 14:28:14,986 - back_corridor_end - INFO - [back_corridor_end.py:57] - 现在是(61,53)
2025-11-23 14:28:14,986 - back_corridor_end - INFO - [back_corridor_end.py:74] - isDotAlive:点(61, 53)是活的
2025-11-23 14:28:14,986 - back_corridor_end - INFO - [back_corridor_end.py:57] - 现在是(60,53)
2025-11-23 14:28:14,986 - back_corridor_end - INFO - [back_corridor_end.py:74] - isDotAlive:点(60, 53)是活的
2025-11-23 14:28:14,986 - back_corridor_end - INFO - [back_corridor_end.py:57] - 现在是(59,53)
2025-11-23 14:28:14,986 - back_corridor_end - INFO - [back_corridor_end.py:57] - 现在是(59,52)
2025-11-23 14:28:14,986 - back_corridor_end - INFO - [back_corridor_end.py:57] - 现在是(59,51)
2025-11-23 14:28:14,986 - back_corridor_end - INFO - [back_corridor_end.py:57] - 现在是(60,51)
2025-11-23 14:28:14,986 - back_corridor_end - INFO - [back_corridor_end.py:57] - 现在是(61,51)
2025-11-23 14:28:14,986 - back_corridor_end - INFO - [back_corridor_end.py:80] - isDotAlive:发现死路上的点(61, 51)
2025-11-23 14:28:14,986 - back_corridor_end - INFO - [back_corridor_end.py:57] - 现在是(60,51)
2025-11-23 14:28:14,987 - back_corridor_end - INFO - [back_corridor_end.py:74] - isDotAlive:点(60, 51)是活的
2025-11-23 14:28:14,987 - back_corridor_end - INFO - [back_corridor_end.py:57] - 现在是(59,51)
2025-11-23 14:28:14,987 - back_corridor_end - INFO - [back_corridor_end.py:74] - isDotAlive:点(59, 51)是活的
2025-11-23 14:28:14,987 - back_corridor_end - INFO - [back_corridor_end.py:57] - 现在是(59,52)
2025-11-23 14:28:14,987 - back_corridor_end - INFO - [back_corridor_end.py:74] - isDotAlive:点(59, 52)是活的
2025-11-23 14:28:14,987 - back_corridor_end - INFO - [back_corridor_end.py:57] - 现在是(59,53)
2025-11-23 14:28:14,987 - back_corridor_end - INFO - [back_corridor_end.py:74] - isDotAlive:点(59, 53)是活的
2025-11-23 14:28:14,987 - back_corridor_end - INFO - [back_corridor_end.py:57] - 现在是(59,54)
2025-11-23 14:28:14,987 - back_corridor_end - INFO - [back_corridor_end.py:74] - isDotAlive:点(59, 54)是活的
2025-11-23 14:28:14,987 - back_corridor_end - INFO - [back_corridor_end.py:57] - 现在是(59,55)
2025-11-23 14:28:14,987 - back_corridor_end - INFO - [back_corridor_end.py:74] - isDotAlive:点(59, 55)是活的
2025-11-23 14:28:14,987 - back_corridor_end - INFO - [back_corridor_end.py:57] - 现在是(58,55)
2025-11-23 14:28:14,987 - back_corridor_end - INFO - [back_corridor_end.py:74] - isDotAlive:点(58, 55)是活的
2025-11-23 14:28:14,987 - back_corridor_end - INFO - [back_corridor_end.py:57] - 现在是(57,55)
2025-11-23 14:28:14,987 - back_corridor_end - INFO - [back_corridor_end.py:74] - isDotAlive:点(57, 55)是活的
2025-11-23 14:28:14,987 - back_corridor_end - INFO - [back_corridor_end.py:57] - 现在是(56,55)
2025-11-23 14:28:14,987 - back_corridor_end - INFO - [back_corridor_end.py:74] - isDotAlive:点(56, 55)是活的
2025-11-23 14:28:14,987 - back_corridor_end - INFO - [back_corridor_end.py:57] - 现在是(55,55)
2025-11-23 14:28:14,987 - back_corridor_end - INFO - [back_corridor_end.py:57] - 现在是(54,55)
2025-11-23 14:28:14,987 - back_corridor_end - INFO - [back_corridor_end.py:57] - 现在是(53,55)
2025-11-23 14:28:14,987 - back_corridor_end - INFO - [back_corridor_end.py:57] - 现在是(53,56)
2025-11-23 14:28:14,987 - back_corridor_end - INFO - [back_corridor_end.py:57] - 现在是(53,57)
2025-11-23 14:28:14,987 - back_corridor_end - INFO - [back_corridor_end.py:57] - 现在是(53,58)
2025-11-23 14:28:14,987 - back_corridor_end - INFO - [back_corridor_end.py:57] - 现在是(53,59)
2025-11-23 14:28:14,988 - back_corridor_end - INFO - [back_corridor_end.py:57] - 现在是(53,60)
2025-11-23 14:28:14,988 - back_corridor_end - INFO - [back_corridor_end.py:57] - 现在是(53,61)
2025-11-23 14:28:14,988 - back_corridor_end - INFO - [back_corridor_end.py:57] - 现在是(53,62)
2025-11-23 14:28:14,988 - back_corridor_end - INFO - [back_corridor_end.py:57] - 现在是(53,63)
2025-11-23 14:28:14,988 - back_corridor_end - INFO - [back_corridor_end.py:57] - 现在是(54,63)
2025-11-23 14:28:14,988 - back_corridor_end - INFO - [back_corridor_end.py:57] - 现在是(55,63)
2025-11-23 14:28:14,988 - back_corridor_end - INFO - [back_corridor_end.py:57] - 现在是(55,62)
2025-11-23 14:28:14,988 - back_corridor_end - INFO - [back_corridor_end.py:57] - 现在是(55,61)
2025-11-23 14:28:14,988 - back_corridor_end - INFO - [back_corridor_end.py:57] - 现在是(55,60)
2025-11-23 14:28:14,988 - back_corridor_end - INFO - [back_corridor_end.py:57] - 现在是(55,59)
2025-11-23 14:28:14,988 - back_corridor_end - INFO - [back_corridor_end.py:80] - isDotAlive:发现死路上的点(55, 59)
2025-11-23 14:28:14,988 - back_corridor_end - INFO - [back_corridor_end.py:57] - 现在是(55,60)
2025-11-23 14:28:14,988 - back_corridor_end - INFO - [back_corridor_end.py:80] - isDotAlive:发现死路上的点(55, 60)
2025-11-23 14:28:14,988 - back_corridor_end - INFO - [back_corridor_end.py:57] - 现在是(55,61)
2025-11-23 14:28:14,988 - back_corridor_end - INFO - [back_corridor_end.py:80] - isDotAlive:发现死路上的点(55, 61)
2025-11-23 14:28:14,988 - back_corridor_end - INFO - [back_corridor_end.py:57] - 现在是(55,62)
2025-11-23 14:28:14,988 - back_corridor_end - INFO - [back_corridor_end.py:80] - isDotAlive:发现死路上的点(55, 62)
2025-11-23 14:28:14,988 - back_corridor_end - INFO - [back_corridor_end.py:57] - 现在是(55,63)
2025-11-23 14:28:14,988 - back_corridor_end - INFO - [back_corridor_end.py:80] - isDotAlive:发现死路上的点(55, 63)
2025-11-23 14:28:14,988 - back_corridor_end - INFO - [back_corridor_end.py:57] - 现在是(54,63)
2025-11-23 14:28:14,988 - back_corridor_end - INFO - [back_corridor_end.py:80] - isDotAlive:发现死路上的点(54, 63)
2025-11-23 14:28:14,988 - back_corridor_end - INFO - [back_corridor_end.py:57] - 现在是(53,63)
2025-11-23 14:28:14,989 - back_corridor_end - INFO - [back_corridor_end.py:80] - isDotAlive:发现死路上的点(53, 63)
2025-11-23 14:28:14,989 - back_corridor_end - INFO - [back_corridor_end.py:57] - 现在是(53,62)
2025-11-23 14:28:14,989 - back_corridor_end - INFO - [back_corridor_end.py:80] - isDotAlive:发现死路上的点(53, 62)
2025-11-23 14:28:14,989 - back_corridor_end - INFO - [back_corridor_end.py:57] - 现在是(53,61)
2025-11-23 14:28:14,989 - back_corridor_end - INFO - [back_corridor_end.py:80] - isDotAlive:发现死路上的点(53, 61)
2025-11-23 14:28:14,989 - back_corridor_end - INFO - [back_corridor_end.py:57] - 现在是(53,60)
2025-11-23 14:28:14,989 - back_corridor_end - INFO - [back_corridor_end.py:80] - isDotAlive:发现死路上的点(53, 60)
2025-11-23 14:28:14,989 - back_corridor_end - INFO - [back_corridor_end.py:57] - 现在是(53,59)
2025-11-23 14:28:14,989 - back_corridor_end - INFO - [back_corridor_end.py:80] - isDotAlive:发现死路上的点(53, 59)
2025-11-23 14:28:14,989 - back_corridor_end - INFO - [back_corridor_end.py:57] - 现在是(53,58)
2025-11-23 14:28:14,989 - back_corridor_end - INFO - [back_corridor_end.py:80] - isDotAlive:发现死路上的点(53, 58)
2025-11-23 14:28:14,989 - back_corridor_end - INFO - [back_corridor_end.py:57] - 现在是(53,57)
2025-11-23 14:28:14,989 - back_corridor_end - INFO - [back_corridor_end.py:80] - isDotAlive:发现死路上的点(53, 57)
2025-11-23 14:28:14,989 - back_corridor_end - INFO - [back_corridor_end.py:57] - 现在是(53,56)
2025-11-23 14:28:14,989 - back_corridor_end - INFO - [back_corridor_end.py:80] - isDotAlive:发现死路上的点(53, 56)
2025-11-23 14:28:14,989 - back_corridor_end - INFO - [back_corridor_end.py:57] - 现在是(53,55)
2025-11-23 14:28:14,989 - back_corridor_end - INFO - [back_corridor_end.py:57] - 现在是(52,55)
2025-11-23 14:28:14,989 - back_corridor_end - INFO - [back_corridor_end.py:57] - 现在是(51,55)
2025-11-23 14:28:14,989 - back_corridor_end - INFO - [back_corridor_end.py:57] - 现在是(50,55)
2025-11-23 14:28:14,989 - back_corridor_end - INFO - [back_corridor_end.py:57] - 现在是(49,55)
2025-11-23 14:28:14,989 - back_corridor_end - INFO - [back_corridor_end.py:80] - isDotAlive:发现死路上的点(49, 55)
2025-11-23 14:28:14,989 - back_corridor_end - INFO - [back_corridor_end.py:57] - 现在是(50,55)
2025-11-23 14:28:14,990 - back_corridor_end - INFO - [back_corridor_end.py:80] - isDotAlive:发现死路上的点(50, 55)
2025-11-23 14:28:14,990 - back_corridor_end - INFO - [back_corridor_end.py:57] - 现在是(51,55)
2025-11-23 14:28:14,990 - back_corridor_end - INFO - [back_corridor_end.py:80] - isDotAlive:发现死路上的点(51, 55)
2025-11-23 14:28:14,990 - back_corridor_end - INFO - [back_corridor_end.py:57] - 现在是(52,55)
2025-11-23 14:28:14,990 - back_corridor_end - INFO - [back_corridor_end.py:74] - isDotAlive:点(52, 55)是活的
2025-11-23 14:28:14,990 - back_corridor_end - INFO - [back_corridor_end.py:57] - 现在是(53,55)
2025-11-23 14:28:14,990 - back_corridor_end - INFO - [back_corridor_end.py:74] - isDotAlive:点(53, 55)是活的
2025-11-23 14:28:14,990 - back_corridor_end - INFO - [back_corridor_end.py:57] - 现在是(54,55)
2025-11-23 14:28:14,990 - back_corridor_end - INFO - [back_corridor_end.py:74] - isDotAlive:点(54, 55)是活的
2025-11-23 14:28:14,990 - back_corridor_end - INFO - [back_corridor_end.py:57] - 现在是(55,55)
2025-11-23 14:28:14,990 - back_corridor_end - INFO - [back_corridor_end.py:74] - isDotAlive:点(55, 55)是活的
2025-11-23 14:28:14,990 - back_corridor_end - INFO - [back_corridor_end.py:57] - 现在是(55,56)
2025-11-23 14:28:14,990 - back_corridor_end - INFO - [back_corridor_end.py:74] - isDotAlive:点(55, 56)是活的
2025-11-23 14:28:14,990 - back_corridor_end - INFO - [back_corridor_end.py:57] - 现在是(55,57)
2025-11-23 14:28:14,990 - back_corridor_end - INFO - [back_corridor_end.py:74] - isDotAlive:点(55, 57)是活的
2025-11-23 14:28:14,990 - back_corridor_end - INFO - [back_corridor_end.py:57] - 现在是(56,57)
2025-11-23 14:28:14,990 - back_corridor_end - INFO - [back_corridor_end.py:74] - isDotAlive:点(56, 57)是活的
2025-11-23 14:28:14,990 - back_corridor_end - INFO - [back_corridor_end.py:57] - 现在是(57,57)
2025-11-23 14:28:14,990 - back_corridor_end - INFO - [back_corridor_end.py:74] - isDotAlive:点(57, 57)是活的
2025-11-23 14:28:14,990 - back_corridor_end - INFO - [back_corridor_end.py:57] - 现在是(57,58)
2025-11-23 14:28:14,990 - back_corridor_end - INFO - [back_corridor_end.py:74] - isDotAlive:点(57, 58)是活的
2025-11-23 14:28:14,990 - back_corridor_end - INFO - [back_corridor_end.py:57] - 现在是(57,59)
2025-11-23 14:28:14,991 - back_corridor_end - INFO - [back_corridor_end.py:74] - isDotAlive:点(57, 59)是活的
2025-11-23 14:28:14,991 - back_corridor_end - INFO - [back_corridor_end.py:57] - 现在是(58,59)
2025-11-23 14:28:14,991 - back_corridor_end - INFO - [back_corridor_end.py:74] - isDotAlive:点(58, 59)是活的
2025-11-23 14:28:14,991 - back_corridor_end - INFO - [back_corridor_end.py:57] - 现在是(59,59)
2025-11-23 14:28:14,991 - back_corridor_end - INFO - [back_corridor_end.py:74] - isDotAlive:点(59, 59)是活的
2025-11-23 14:28:14,991 - back_corridor_end - INFO - [back_corridor_end.py:57] - 现在是(60,59)
2025-11-23 14:28:14,991 - back_corridor_end - INFO - [back_corridor_end.py:74] - isDotAlive:点(60, 59)是活的
2025-11-23 14:28:14,991 - back_corridor_end - INFO - [back_corridor_end.py:57] - 现在是(61,59)
2025-11-23 14:28:14,991 - back_corridor_end - INFO - [back_corridor_end.py:74] - isDotAlive:点(61, 59)是活的
2025-11-23 14:28:14,991 - back_corridor_end - INFO - [back_corridor_end.py:57] - 现在是(61,60)
2025-11-23 14:28:14,991 - back_corridor_end - INFO - [back_corridor_end.py:74] - isDotAlive:点(61, 60)是活的
2025-11-23 14:28:14,991 - back_corridor_end - INFO - [back_corridor_end.py:57] - 现在是(61,61)
2025-11-23 14:28:14,991 - back_corridor_end - INFO - [back_corridor_end.py:74] - isDotAlive:点(61, 61)是活的
2025-11-23 14:28:14,991 - back_corridor_end - INFO - [back_corridor_end.py:57] - 现在是(60,61)
2025-11-23 14:28:14,991 - back_corridor_end - INFO - [back_corridor_end.py:74] - isDotAlive:点(60, 61)是活的
2025-11-23 14:28:14,991 - back_corridor_end - INFO - [back_corridor_end.py:57] - 现在是(59,61)
2025-11-23 14:28:14,991 - back_corridor_end - INFO - [back_corridor_end.py:74] - isDotAlive:点(59, 61)是活的
2025-11-23 14:28:14,991 - back_corridor_end - INFO - [back_corridor_end.py:57] - 现在是(58,61)
2025-11-23 14:28:14,991 - back_corridor_end - INFO - [back_corridor_end.py:74] - isDotAlive:点(58, 61)是活的
2025-11-23 14:28:14,991 - back_corridor_end - INFO - [back_corridor_end.py:57] - 现在是(57,61)
2025-11-23 14:28:14,991 - back_corridor_end - INFO - [back_corridor_end.py:74] - isDotAlive:点(57, 61)是活的
2025-11-23 14:28:14,991 - back_corridor_end - INFO - [back_corridor_end.py:57] - 现在是(57,62)
2025-11-23 14:28:14,992 - back_corridor_end - INFO - [back_corridor_end.py:74] - isDotAlive:点(57, 62)是活的
2025-11-23 14:28:14,992 - back_corridor_end - INFO - [back_corridor_end.py:57] - 现在是(57,63)
2025-11-23 14:28:14,992 - back_corridor_end - INFO - [back_corridor_end.py:74] - isDotAlive:点(57, 63)是活的
2025-11-23 14:28:14,992 - back_corridor_end - INFO - [back_corridor_end.py:57] - 现在是(58,63)
2025-11-23 14:28:14,992 - back_corridor_end - INFO - [back_corridor_end.py:74] - isDotAlive:点(58, 63)是活的
2025-11-23 14:28:14,992 - back_corridor_end - INFO - [back_corridor_end.py:57] - 现在是(59,63)
2025-11-23 14:28:14,992 - back_corridor_end - INFO - [back_corridor_end.py:74] - isDotAlive:点(59, 63)是活的
2025-11-23 14:28:14,992 - back_corridor_end - INFO - [back_corridor_end.py:57] - 现在是(60,63)
2025-11-23 14:28:14,992 - back_corridor_end - INFO - [back_corridor_end.py:74] - isDotAlive:点(60, 63)是活的
2025-11-23 14:28:14,992 - back_corridor_end - INFO - [back_corridor_end.py:57] - 现在是(61,63)
2025-11-23 14:28:14,992 - back_corridor_end - INFO - [back_corridor_end.py:74] - isDotAlive:点(61, 63)是活的
2025-11-23 14:28:14,992 - back_corridor_end - INFO - [back_corridor_end.py:57] - 现在是(61,64)
2025-11-23 14:28:14,992 - back_corridor_end - INFO - [back_corridor_end.py:74] - isDotAlive:点(61, 64)是活的
2025-11-23 14:28:14,992 - back_corridor_end - INFO - [back_corridor_end.py:57] - 现在是(61,65)
2025-11-23 14:28:14,992 - back_corridor_end - INFO - [back_corridor_end.py:74] - isDotAlive:点(61, 65)是活的
2025-11-23 14:28:14,992 - back_corridor_end - INFO - [back_corridor_end.py:57] - 现在是(61,66)
2025-11-23 14:28:14,992 - back_corridor_end - INFO - [back_corridor_end.py:74] - isDotAlive:点(61, 66)是活的
2025-11-23 14:28:14,992 - back_corridor_end - INFO - [back_corridor_end.py:57] - 现在是(61,67)
2025-11-23 14:28:14,992 - back_corridor_end - INFO - [back_corridor_end.py:74] - isDotAlive:点(61, 67)是活的
2025-11-23 14:28:14,992 - back_corridor_end - INFO - [back_corridor_end.py:57] - 现在是(60,67)
2025-11-23 14:28:14,992 - back_corridor_end - INFO - [back_corridor_end.py:74] - isDotAlive:点(60, 67)是活的
2025-11-23 14:28:14,993 - back_corridor_end - INFO - [back_corridor_end.py:57] - 现在是(59,67)
2025-11-23 14:28:14,993 - back_corridor_end - INFO - [back_corridor_end.py:74] - isDotAlive:点(59, 67)是活的
2025-11-23 14:28:14,993 - back_corridor_end - INFO - [back_corridor_end.py:57] - 现在是(59,68)
2025-11-23 14:28:14,993 - back_corridor_end - INFO - [back_corridor_end.py:74] - isDotAlive:点(59, 68)是活的
2025-11-23 14:28:14,993 - back_corridor_end - INFO - [back_corridor_end.py:57] - 现在是(59,69)
2025-11-23 14:28:14,993 - back_corridor_end - INFO - [back_corridor_end.py:74] - isDotAlive:点(59, 69)是活的
2025-11-23 14:28:14,993 - back_corridor_end - INFO - [back_corridor_end.py:57] - 现在是(58,69)
2025-11-23 14:28:14,993 - back_corridor_end - INFO - [back_corridor_end.py:74] - isDotAlive:点(58, 69)是活的
2025-11-23 14:28:14,993 - back_corridor_end - INFO - [back_corridor_end.py:57] - 现在是(57,69)
2025-11-23 14:28:14,993 - back_corridor_end - INFO - [back_corridor_end.py:57] - 现在是(57,68)
2025-11-23 14:28:14,993 - back_corridor_end - INFO - [back_corridor_end.py:57] - 现在是(57,67)
2025-11-23 14:28:14,993 - back_corridor_end - INFO - [back_corridor_end.py:80] - isDotAlive:发现死路上的点(57, 67)
2025-11-23 14:28:14,993 - back_corridor_end - INFO - [back_corridor_end.py:57] - 现在是(57,68)
2025-11-23 14:28:14,993 - back_corridor_end - INFO - [back_corridor_end.py:80] - isDotAlive:发现死路上的点(57, 68)
2025-11-23 14:28:14,993 - back_corridor_end - INFO - [back_corridor_end.py:57] - 现在是(57,69)
2025-11-23 14:28:14,993 - back_corridor_end - INFO - [back_corridor_end.py:74] - isDotAlive:点(57, 69)是活的
2025-11-23 14:28:14,993 - back_corridor_end - INFO - [back_corridor_end.py:57] - 现在是(56,69)
2025-11-23 14:28:14,993 - back_corridor_end - INFO - [back_corridor_end.py:74] - isDotAlive:点(56, 69)是活的
2025-11-23 14:28:14,993 - back_corridor_end - INFO - [back_corridor_end.py:57] - 现在是(55,69)
2025-11-23 14:28:14,993 - back_corridor_end - INFO - [back_corridor_end.py:74] - isDotAlive:点(55, 69)是活的
2025-11-23 14:28:14,993 - back_corridor_end - INFO - [back_corridor_end.py:57] - 现在是(55,68)
2025-11-23 14:28:14,993 - back_corridor_end - INFO - [back_corridor_end.py:74] - isDotAlive:点(55, 68)是活的
2025-11-23 14:28:14,994 - back_corridor_end - INFO - [back_corridor_end.py:57] - 现在是(55,67)
2025-11-23 14:28:14,994 - back_corridor_end - INFO - [back_corridor_end.py:74] - isDotAlive:点(55, 67)是活的
2025-11-23 14:28:14,994 - back_corridor_end - INFO - [back_corridor_end.py:57] - 现在是(55,66)
2025-11-23 14:28:14,994 - back_corridor_end - INFO - [back_corridor_end.py:74] - isDotAlive:点(55, 66)是活的
2025-11-23 14:28:14,994 - back_corridor_end - INFO - [back_corridor_end.py:57] - 现在是(55,65)
2025-11-23 14:28:14,994 - back_corridor_end - INFO - [back_corridor_end.py:74] - isDotAlive:点(55, 65)是活的
2025-11-23 14:28:14,994 - back_corridor_end - INFO - [back_corridor_end.py:57] - 现在是(54,65)
2025-11-23 14:28:14,994 - back_corridor_end - INFO - [back_corridor_end.py:74] - isDotAlive:点(54, 65)是活的
2025-11-23 14:28:14,994 - back_corridor_end - INFO - [back_corridor_end.py:57] - 现在是(53,65)
2025-11-23 14:28:14,994 - back_corridor_end - INFO - [back_corridor_end.py:74] - isDotAlive:点(53, 65)是活的
2025-11-23 14:28:14,994 - back_corridor_end - INFO - [back_corridor_end.py:57] - 现在是(53,66)
2025-11-23 14:28:14,994 - back_corridor_end - INFO - [back_corridor_end.py:74] - isDotAlive:点(53, 66)是活的
2025-11-23 14:28:14,994 - back_corridor_end - INFO - [back_corridor_end.py:57] - 现在是(53,67)
2025-11-23 14:28:14,994 - back_corridor_end - INFO - [back_corridor_end.py:74] - isDotAlive:点(53, 67)是活的
2025-11-23 14:28:14,994 - back_corridor_end - INFO - [back_corridor_end.py:57] - 现在是(53,68)
2025-11-23 14:28:14,994 - back_corridor_end - INFO - [back_corridor_end.py:74] - isDotAlive:点(53, 68)是活的
2025-11-23 14:28:14,994 - back_corridor_end - INFO - [back_corridor_end.py:57] - 现在是(53,69)
2025-11-23 14:28:14,994 - back_corridor_end - INFO - [back_corridor_end.py:74] - isDotAlive:点(53, 69)是活的
2025-11-23 14:28:14,994 - back_corridor_end - INFO - [back_corridor_end.py:57] - 现在是(53,70)
2025-11-23 14:28:14,994 - back_corridor_end - INFO - [back_corridor_end.py:74] - isDotAlive:点(53, 70)是活的
2025-11-23 14:28:14,994 - back_corridor_end - INFO - [back_corridor_end.py:57] - 现在是(53,71)
2025-11-23 14:28:14,994 - back_corridor_end - INFO - [back_corridor_end.py:74] - isDotAlive:点(53, 71)是活的
2025-11-23 14:28:14,995 - back_corridor_end - INFO - [back_corridor_end.py:57] - 现在是(52,71)
2025-11-23 14:28:14,995 - back_corridor_end - INFO - [back_corridor_end.py:74] - isDotAlive:点(52, 71)是活的
2025-11-23 14:28:14,995 - back_corridor_end - INFO - [back_corridor_end.py:57] - 现在是(51,71)
2025-11-23 14:28:14,995 - back_corridor_end - INFO - [back_corridor_end.py:74] - isDotAlive:点(51, 71)是活的
2025-11-23 14:28:14,995 - back_corridor_end - INFO - [back_corridor_end.py:57] - 现在是(50,71)
2025-11-23 14:28:14,995 - back_corridor_end - INFO - [back_corridor_end.py:74] - isDotAlive:点(50, 71)是活的
2025-11-23 14:28:14,995 - back_corridor_end - INFO - [back_corridor_end.py:57] - 现在是(49,71)
2025-11-23 14:28:14,995 - back_corridor_end - INFO - [back_corridor_end.py:74] - isDotAlive:点(49, 71)是活的
2025-11-23 14:28:14,995 - back_corridor_end - INFO - [back_corridor_end.py:57] - 现在是(48,71)
2025-11-23 14:28:14,995 - back_corridor_end - INFO - [back_corridor_end.py:74] - isDotAlive:点(48, 71)是活的
2025-11-23 14:28:14,995 - back_corridor_end - INFO - [back_corridor_end.py:57] - 现在是(47,71)
2025-11-23 14:28:14,995 - back_corridor_end - INFO - [back_corridor_end.py:74] - isDotAlive:点(47, 71)是活的
2025-11-23 14:28:14,995 - back_corridor_end - INFO - [back_corridor_end.py:57] - 现在是(46,71)
2025-11-23 14:28:14,995 - back_corridor_end - INFO - [back_corridor_end.py:74] - isDotAlive:点(46, 71)是活的
2025-11-23 14:28:14,995 - back_corridor_end - INFO - [back_corridor_end.py:57] - 现在是(45,71)
2025-11-23 14:28:14,995 - back_corridor_end - INFO - [back_corridor_end.py:74] - isDotAlive:点(45, 71)是活的
2025-11-23 14:28:14,995 - back_corridor_end - INFO - [back_corridor_end.py:57] - 现在是(45,72)
2025-11-23 14:28:14,995 - back_corridor_end - INFO - [back_corridor_end.py:74] - isDotAlive:点(45, 72)是活的
2025-11-23 14:28:14,995 - back_corridor_end - INFO - [back_corridor_end.py:57] - 现在是(45,73)
2025-11-23 14:28:14,995 - back_corridor_end - INFO - [back_corridor_end.py:74] - isDotAlive:点(45, 73)是活的
2025-11-23 14:28:14,995 - back_corridor_end - INFO - [back_corridor_end.py:57] - 现在是(45,74)
2025-11-23 14:28:14,995 - back_corridor_end - INFO - [back_corridor_end.py:74] - isDotAlive:点(45, 74)是活的
2025-11-23 14:28:14,995 - back_corridor_end - INFO - [back_corridor_end.py:57] - 现在是(45,75)
2025-11-23 14:28:14,996 - back_corridor_end - INFO - [back_corridor_end.py:74] - isDotAlive:点(45, 75)是活的
2025-11-23 14:28:14,996 - back_corridor_end - INFO - [back_corridor_end.py:57] - 现在是(44,75)
2025-11-23 14:28:14,996 - back_corridor_end - INFO - [back_corridor_end.py:74] - isDotAlive:点(44, 75)是活的
2025-11-23 14:28:14,996 - back_corridor_end - INFO - [back_corridor_end.py:57] - 现在是(43,75)
2025-11-23 14:28:14,996 - back_corridor_end - INFO - [back_corridor_end.py:74] - isDotAlive:点(43, 75)是活的
2025-11-23 14:28:14,996 - back_corridor_end - INFO - [back_corridor_end.py:57] - 现在是(42,75)
2025-11-23 14:28:14,996 - back_corridor_end - INFO - [back_corridor_end.py:74] - isDotAlive:点(42, 75)是活的
2025-11-23 14:28:14,996 - back_corridor_end - INFO - [back_corridor_end.py:57] - 现在是(41,75)
2025-11-23 14:28:14,996 - back_corridor_end - INFO - [back_corridor_end.py:57] - 现在是(41,76)
2025-11-23 14:28:14,996 - back_corridor_end - INFO - [back_corridor_end.py:57] - 现在是(41,77)
2025-11-23 14:28:14,996 - back_corridor_end - INFO - [back_corridor_end.py:57] - 现在是(41,78)
2025-11-23 14:28:14,996 - back_corridor_end - INFO - [back_corridor_end.py:57] - 现在是(41,79)
2025-11-23 14:28:14,996 - back_corridor_end - INFO - [back_corridor_end.py:57] - 现在是(42,79)
2025-11-23 14:28:14,996 - back_corridor_end - INFO - [back_corridor_end.py:57] - 现在是(43,79)
2025-11-23 14:28:14,996 - back_corridor_end - INFO - [back_corridor_end.py:57] - 现在是(43,80)
2025-11-23 14:28:14,996 - back_corridor_end - INFO - [back_corridor_end.py:57] - 现在是(43,81)
2025-11-23 14:28:14,996 - back_corridor_end - INFO - [back_corridor_end.py:57] - 现在是(44,81)
2025-11-23 14:28:14,996 - back_corridor_end - INFO - [back_corridor_end.py:57] - 现在是(45,81)
2025-11-23 14:28:14,996 - back_corridor_end - INFO - [back_corridor_end.py:57] - 现在是(45,82)
2025-11-23 14:28:14,996 - back_corridor_end - INFO - [back_corridor_end.py:57] - 现在是(45,83)
2025-11-23 14:28:14,996 - back_corridor_end - INFO - [back_corridor_end.py:57] - 现在是(46,83)
2025-11-23 14:28:14,996 - back_corridor_end - INFO - [back_corridor_end.py:57] - 现在是(47,83)
2025-11-23 14:28:14,996 - back_corridor_end - INFO - [back_corridor_end.py:57] - 现在是(47,84)
2025-11-23 14:28:14,996 - back_corridor_end - INFO - [back_corridor_end.py:57] - 现在是(47,85)
2025-11-23 14:28:14,997 - back_corridor_end - INFO - [back_corridor_end.py:57] - 现在是(46,85)
2025-11-23 14:28:14,997 - back_corridor_end - INFO - [back_corridor_end.py:57] - 现在是(45,85)
2025-11-23 14:28:14,997 - back_corridor_end - INFO - [back_corridor_end.py:80] - isDotAlive:发现死路上的点(45, 85)
2025-11-23 14:28:14,997 - back_corridor_end - INFO - [back_corridor_end.py:57] - 现在是(46,85)
2025-11-23 14:28:14,997 - back_corridor_end - INFO - [back_corridor_end.py:80] - isDotAlive:发现死路上的点(46, 85)
2025-11-23 14:28:14,997 - back_corridor_end - INFO - [back_corridor_end.py:57] - 现在是(47,85)
2025-11-23 14:28:14,997 - back_corridor_end - INFO - [back_corridor_end.py:80] - isDotAlive:发现死路上的点(47, 85)
2025-11-23 14:28:14,997 - back_corridor_end - INFO - [back_corridor_end.py:57] - 现在是(47,84)
2025-11-23 14:28:14,997 - back_corridor_end - INFO - [back_corridor_end.py:80] - isDotAlive:发现死路上的点(47, 84)
2025-11-23 14:28:14,997 - back_corridor_end - INFO - [back_corridor_end.py:57] - 现在是(47,83)
2025-11-23 14:28:14,997 - back_corridor_end - INFO - [back_corridor_end.py:80] - isDotAlive:发现死路上的点(47, 83)
2025-11-23 14:28:14,997 - back_corridor_end - INFO - [back_corridor_end.py:57] - 现在是(46,83)
2025-11-23 14:28:14,997 - back_corridor_end - INFO - [back_corridor_end.py:80] - isDotAlive:发现死路上的点(46, 83)
2025-11-23 14:28:14,997 - back_corridor_end - INFO - [back_corridor_end.py:57] - 现在是(45,83)
2025-11-23 14:28:14,997 - back_corridor_end - INFO - [back_corridor_end.py:80] - isDotAlive:发现死路上的点(45, 83)
2025-11-23 14:28:14,997 - back_corridor_end - INFO - [back_corridor_end.py:57] - 现在是(45,82)
2025-11-23 14:28:14,997 - back_corridor_end - INFO - [back_corridor_end.py:80] - isDotAlive:发现死路上的点(45, 82)
2025-11-23 14:28:14,997 - back_corridor_end - INFO - [back_corridor_end.py:57] - 现在是(45,81)
2025-11-23 14:28:14,997 - back_corridor_end - INFO - [back_corridor_end.py:80] - isDotAlive:发现死路上的点(45, 81)
2025-11-23 14:28:14,997 - back_corridor_end - INFO - [back_corridor_end.py:57] - 现在是(44,81)
2025-11-23 14:28:14,997 - back_corridor_end - INFO - [back_corridor_end.py:80] - isDotAlive:发现死路上的点(44, 81)
2025-11-23 14:28:14,998 - back_corridor_end - INFO - [back_corridor_end.py:57] - 现在是(43,81)
2025-11-23 14:28:14,998 - back_corridor_end - INFO - [back_corridor_end.py:57] - 现在是(43,82)
2025-11-23 14:28:14,998 - back_corridor_end - INFO - [back_corridor_end.py:57] - 现在是(43,83)
2025-11-23 14:28:14,998 - back_corridor_end - INFO - [back_corridor_end.py:80] - isDotAlive:发现死路上的点(43, 83)
2025-11-23 14:28:14,998 - back_corridor_end - INFO - [back_corridor_end.py:57] - 现在是(43,82)
2025-11-23 14:28:14,998 - back_corridor_end - INFO - [back_corridor_end.py:80] - isDotAlive:发现死路上的点(43, 82)
2025-11-23 14:28:14,998 - back_corridor_end - INFO - [back_corridor_end.py:57] - 现在是(43,81)
2025-11-23 14:28:14,998 - back_corridor_end - INFO - [back_corridor_end.py:57] - 现在是(42,81)
2025-11-23 14:28:14,998 - back_corridor_end - INFO - [back_corridor_end.py:57] - 现在是(41,81)
2025-11-23 14:28:14,998 - back_corridor_end - INFO - [back_corridor_end.py:57] - 现在是(41,82)
2025-11-23 14:28:14,998 - back_corridor_end - INFO - [back_corridor_end.py:57] - 现在是(41,83)
2025-11-23 14:28:14,998 - back_corridor_end - INFO - [back_corridor_end.py:57] - 现在是(40,83)
2025-11-23 14:28:14,998 - back_corridor_end - INFO - [back_corridor_end.py:57] - 现在是(39,83)
2025-11-23 14:28:14,998 - back_corridor_end - INFO - [back_corridor_end.py:57] - 现在是(39,84)
2025-11-23 14:28:14,998 - back_corridor_end - INFO - [back_corridor_end.py:57] - 现在是(39,85)
2025-11-23 14:28:14,998 - back_corridor_end - INFO - [back_corridor_end.py:57] - 现在是(39,86)
2025-11-23 14:28:14,998 - back_corridor_end - INFO - [back_corridor_end.py:57] - 现在是(39,87)
2025-11-23 14:28:14,998 - back_corridor_end - INFO - [back_corridor_end.py:57] - 现在是(39,88)
2025-11-23 14:28:14,998 - back_corridor_end - INFO - [back_corridor_end.py:57] - 现在是(39,89)
2025-11-23 14:28:14,998 - back_corridor_end - INFO - [back_corridor_end.py:57] - 现在是(38,89)
2025-11-23 14:28:14,998 - back_corridor_end - INFO - [back_corridor_end.py:57] - 现在是(37,89)
2025-11-23 14:28:14,998 - back_corridor_end - INFO - [back_corridor_end.py:57] - 现在是(36,89)
2025-11-23 14:28:14,998 - back_corridor_end - INFO - [back_corridor_end.py:57] - 现在是(35,89)
2025-11-23 14:28:14,998 - back_corridor_end - INFO - [back_corridor_end.py:57] - 现在是(34,89)
2025-11-23 14:28:14,998 - back_corridor_end - INFO - [back_corridor_end.py:57] - 现在是(33,89)
2025-11-23 14:28:14,999 - back_corridor_end - INFO - [back_corridor_end.py:74] - isDotAlive:点(33, 89)是活的
2025-11-23 14:28:14,999 - back_corridor_end - INFO - [back_corridor_end.py:57] - 现在是(34,89)
2025-11-23 14:28:14,999 - back_corridor_end - INFO - [back_corridor_end.py:74] - isDotAlive:点(34, 89)是活的
2025-11-23 14:28:14,999 - back_corridor_end - INFO - [back_corridor_end.py:57] - 现在是(35,89)
2025-11-23 14:28:14,999 - back_corridor_end - INFO - [back_corridor_end.py:57] - 现在是(35,88)
2025-11-23 14:28:14,999 - back_corridor_end - INFO - [back_corridor_end.py:57] - 现在是(35,87)
2025-11-23 14:28:14,999 - back_corridor_end - INFO - [back_corridor_end.py:57] - 现在是(34,87)
2025-11-23 14:28:14,999 - back_corridor_end - INFO - [back_corridor_end.py:57] - 现在是(33,87)
2025-11-23 14:28:14,999 - back_corridor_end - INFO - [back_corridor_end.py:57] - 现在是(33,86)
2025-11-23 14:28:14,999 - back_corridor_end - INFO - [back_corridor_end.py:57] - 现在是(33,85)
2025-11-23 14:28:14,999 - back_corridor_end - INFO - [back_corridor_end.py:57] - 现在是(34,85)
2025-11-23 14:28:14,999 - back_corridor_end - INFO - [back_corridor_end.py:57] - 现在是(35,85)
2025-11-23 14:28:14,999 - back_corridor_end - INFO - [back_corridor_end.py:57] - 现在是(36,85)
2025-11-23 14:28:14,999 - back_corridor_end - INFO - [back_corridor_end.py:57] - 现在是(37,85)
2025-11-23 14:28:14,999 - back_corridor_end - INFO - [back_corridor_end.py:57] - 现在是(37,84)
2025-11-23 14:28:14,999 - back_corridor_end - INFO - [back_corridor_end.py:57] - 现在是(37,83)
2025-11-23 14:28:14,999 - back_corridor_end - INFO - [back_corridor_end.py:57] - 现在是(37,82)
2025-11-23 14:28:14,999 - back_corridor_end - INFO - [back_corridor_end.py:57] - 现在是(37,81)
2025-11-23 14:28:14,999 - back_corridor_end - INFO - [back_corridor_end.py:57] - 现在是(36,81)
2025-11-23 14:28:14,999 - back_corridor_end - INFO - [back_corridor_end.py:57] - 现在是(35,81)
2025-11-23 14:28:14,999 - back_corridor_end - INFO - [back_corridor_end.py:57] - 现在是(34,81)
2025-11-23 14:28:14,999 - back_corridor_end - INFO - [back_corridor_end.py:57] - 现在是(33,81)
2025-11-23 14:28:14,999 - back_corridor_end - INFO - [back_corridor_end.py:57] - 现在是(32,81)
2025-11-23 14:28:14,999 - back_corridor_end - INFO - [back_corridor_end.py:57] - 现在是(31,81)
2025-11-23 14:28:14,999 - back_corridor_end - INFO - [back_corridor_end.py:57] - 现在是(30,81)
2025-11-23 14:28:15,000 - back_corridor_end - INFO - [back_corridor_end.py:57] - 现在是(29,81)
2025-11-23 14:28:15,000 - back_corridor_end - INFO - [back_corridor_end.py:57] - 现在是(28,81)
2025-11-23 14:28:15,000 - back_corridor_end - INFO - [back_corridor_end.py:57] - 现在是(27,81)
2025-11-23 14:28:15,000 - back_corridor_end - INFO - [back_corridor_end.py:57] - 现在是(27,80)
2025-11-23 14:28:15,000 - back_corridor_end - INFO - [back_corridor_end.py:57] - 现在是(27,79)
2025-11-23 14:28:15,000 - back_corridor_end - INFO - [back_corridor_end.py:57] - 现在是(27,78)
2025-11-23 14:28:15,000 - back_corridor_end - INFO - [back_corridor_end.py:57] - 现在是(27,77)
2025-11-23 14:28:15,000 - back_corridor_end - INFO - [back_corridor_end.py:57] - 现在是(26,77)
2025-11-23 14:28:15,000 - back_corridor_end - INFO - [back_corridor_end.py:57] - 现在是(25,77)
2025-11-23 14:28:15,000 - back_corridor_end - INFO - [back_corridor_end.py:57] - 现在是(25,78)
2025-11-23 14:28:15,000 - back_corridor_end - INFO - [back_corridor_end.py:57] - 现在是(25,79)
2025-11-23 14:28:15,000 - back_corridor_end - INFO - [back_corridor_end.py:57] - 现在是(25,80)
2025-11-23 14:28:15,000 - back_corridor_end - INFO - [back_corridor_end.py:57] - 现在是(25,81)
2025-11-23 14:28:15,000 - back_corridor_end - INFO - [back_corridor_end.py:80] - isDotAlive:发现死路上的点(25, 81)
2025-11-23 14:28:15,000 - back_corridor_end - INFO - [back_corridor_end.py:57] - 现在是(25,80)
2025-11-23 14:28:15,000 - back_corridor_end - INFO - [back_corridor_end.py:80] - isDotAlive:发现死路上的点(25, 80)
2025-11-23 14:28:15,000 - back_corridor_end - INFO - [back_corridor_end.py:57] - 现在是(25,79)
2025-11-23 14:28:15,000 - back_corridor_end - INFO - [back_corridor_end.py:80] - isDotAlive:发现死路上的点(25, 79)
2025-11-23 14:28:15,000 - back_corridor_end - INFO - [back_corridor_end.py:57] - 现在是(25,78)
2025-11-23 14:28:15,000 - back_corridor_end - INFO - [back_corridor_end.py:80] - isDotAlive:发现死路上的点(25, 78)
2025-11-23 14:28:15,000 - back_corridor_end - INFO - [back_corridor_end.py:57] - 现在是(25,77)
2025-11-23 14:28:15,000 - back_corridor_end - INFO - [back_corridor_end.py:57] - 现在是(25,76)
2025-11-23 14:28:15,000 - back_corridor_end - INFO - [back_corridor_end.py:57] - 现在是(25,75)
2025-11-23 14:28:15,001 - back_corridor_end - INFO - [back_corridor_end.py:80] - isDotAlive:发现死路上的点(25, 75)
2025-11-23 14:28:15,001 - back_corridor_end - INFO - [back_corridor_end.py:57] - 现在是(25,76)
2025-11-23 14:28:15,001 - back_corridor_end - INFO - [back_corridor_end.py:80] - isDotAlive:发现死路上的点(25, 76)
2025-11-23 14:28:15,001 - back_corridor_end - INFO - [back_corridor_end.py:57] - 现在是(25,77)
2025-11-23 14:28:15,001 - back_corridor_end - INFO - [back_corridor_end.py:80] - isDotAlive:发现死路上的点(25, 77)
2025-11-23 14:28:15,001 - back_corridor_end - INFO - [back_corridor_end.py:57] - 现在是(26,77)
2025-11-23 14:28:15,001 - back_corridor_end - INFO - [back_corridor_end.py:80] - isDotAlive:发现死路上的点(26, 77)
2025-11-23 14:28:15,001 - back_corridor_end - INFO - [back_corridor_end.py:57] - 现在是(27,77)
2025-11-23 14:28:15,001 - back_corridor_end - INFO - [back_corridor_end.py:57] - 现在是(27,76)
2025-11-23 14:28:15,001 - back_corridor_end - INFO - [back_corridor_end.py:57] - 现在是(27,75)
2025-11-23 14:28:15,001 - back_corridor_end - INFO - [back_corridor_end.py:80] - isDotAlive:发现死路上的点(27, 75)
2025-11-23 14:28:15,001 - back_corridor_end - INFO - [back_corridor_end.py:57] - 现在是(27,76)
2025-11-23 14:28:15,001 - back_corridor_end - INFO - [back_corridor_end.py:80] - isDotAlive:发现死路上的点(27, 76)
2025-11-23 14:28:15,001 - back_corridor_end - INFO - [back_corridor_end.py:57] - 现在是(27,77)
2025-11-23 14:28:15,001 - back_corridor_end - INFO - [back_corridor_end.py:80] - isDotAlive:发现死路上的点(27, 77)
2025-11-23 14:28:15,001 - back_corridor_end - INFO - [back_corridor_end.py:57] - 现在是(27,78)
2025-11-23 14:28:15,001 - back_corridor_end - INFO - [back_corridor_end.py:80] - isDotAlive:发现死路上的点(27, 78)
2025-11-23 14:28:15,001 - back_corridor_end - INFO - [back_corridor_end.py:57] - 现在是(27,79)
2025-11-23 14:28:15,001 - back_corridor_end - INFO - [back_corridor_end.py:80] - isDotAlive:发现死路上的点(27, 79)
2025-11-23 14:28:15,001 - back_corridor_end - INFO - [back_corridor_end.py:57] - 现在是(27,80)
2025-11-23 14:28:15,001 - back_corridor_end - INFO - [back_corridor_end.py:80] - isDotAlive:发现死路上的点(27, 80)
2025-11-23 14:28:15,002 - back_corridor_end - INFO - [back_corridor_end.py:57] - 现在是(27,81)
2025-11-23 14:28:15,002 - back_corridor_end - INFO - [back_corridor_end.py:80] - isDotAlive:发现死路上的点(27, 81)
2025-11-23 14:28:15,002 - back_corridor_end - INFO - [back_corridor_end.py:57] - 现在是(28,81)
2025-11-23 14:28:15,002 - back_corridor_end - INFO - [back_corridor_end.py:80] - isDotAlive:发现死路上的点(28, 81)
2025-11-23 14:28:15,002 - back_corridor_end - INFO - [back_corridor_end.py:57] - 现在是(29,81)
2025-11-23 14:28:15,002 - back_corridor_end - INFO - [back_corridor_end.py:57] - 现在是(29,80)
2025-11-23 14:28:15,002 - back_corridor_end - INFO - [back_corridor_end.py:57] - 现在是(29,79)
2025-11-23 14:28:15,002 - back_corridor_end - INFO - [back_corridor_end.py:57] - 现在是(30,79)
2025-11-23 14:28:15,002 - back_corridor_end - INFO - [back_corridor_end.py:57] - 现在是(31,79)
2025-11-23 14:28:15,002 - back_corridor_end - INFO - [back_corridor_end.py:57] - 现在是(31,78)
2025-11-23 14:28:15,002 - back_corridor_end - INFO - [back_corridor_end.py:57] - 现在是(31,77)
2025-11-23 14:28:15,002 - back_corridor_end - INFO - [back_corridor_end.py:80] - isDotAlive:发现死路上的点(31, 77)
2025-11-23 14:28:15,002 - back_corridor_end - INFO - [back_corridor_end.py:57] - 现在是(31,78)
2025-11-23 14:28:15,002 - back_corridor_end - INFO - [back_corridor_end.py:80] - isDotAlive:发现死路上的点(31, 78)
2025-11-23 14:28:15,002 - back_corridor_end - INFO - [back_corridor_end.py:57] - 现在是(31,79)
2025-11-23 14:28:15,002 - back_corridor_end - INFO - [back_corridor_end.py:80] - isDotAlive:发现死路上的点(31, 79)
2025-11-23 14:28:15,002 - back_corridor_end - INFO - [back_corridor_end.py:57] - 现在是(30,79)
2025-11-23 14:28:15,002 - back_corridor_end - INFO - [back_corridor_end.py:80] - isDotAlive:发现死路上的点(30, 79)
2025-11-23 14:28:15,002 - back_corridor_end - INFO - [back_corridor_end.py:57] - 现在是(29,79)
2025-11-23 14:28:15,002 - back_corridor_end - INFO - [back_corridor_end.py:57] - 现在是(29,78)
2025-11-23 14:28:15,002 - back_corridor_end - INFO - [back_corridor_end.py:57] - 现在是(29,77)
2025-11-23 14:28:15,002 - back_corridor_end - INFO - [back_corridor_end.py:57] - 现在是(29,76)
2025-11-23 14:28:15,002 - back_corridor_end - INFO - [back_corridor_end.py:57] - 现在是(29,75)
2025-11-23 14:28:15,003 - back_corridor_end - INFO - [back_corridor_end.py:57] - 现在是(29,74)
2025-11-23 14:28:15,003 - back_corridor_end - INFO - [back_corridor_end.py:57] - 现在是(29,73)
2025-11-23 14:28:15,003 - back_corridor_end - INFO - [back_corridor_end.py:57] - 现在是(28,73)
2025-11-23 14:28:15,003 - back_corridor_end - INFO - [back_corridor_end.py:57] - 现在是(27,73)
2025-11-23 14:28:15,003 - back_corridor_end - INFO - [back_corridor_end.py:57] - 现在是(26,73)
2025-11-23 14:28:15,003 - back_corridor_end - INFO - [back_corridor_end.py:57] - 现在是(25,73)
2025-11-23 14:28:15,003 - back_corridor_end - INFO - [back_corridor_end.py:57] - 现在是(24,73)
2025-11-23 14:28:15,003 - back_corridor_end - INFO - [back_corridor_end.py:57] - 现在是(23,73)
2025-11-23 14:28:15,003 - back_corridor_end - INFO - [back_corridor_end.py:57] - 现在是(23,74)
2025-11-23 14:28:15,003 - back_corridor_end - INFO - [back_corridor_end.py:57] - 现在是(23,75)
2025-11-23 14:28:15,003 - back_corridor_end - INFO - [back_corridor_end.py:57] - 现在是(23,76)
2025-11-23 14:28:15,003 - back_corridor_end - INFO - [back_corridor_end.py:57] - 现在是(23,77)
2025-11-23 14:28:15,003 - back_corridor_end - INFO - [back_corridor_end.py:57] - 现在是(23,78)
2025-11-23 14:28:15,003 - back_corridor_end - INFO - [back_corridor_end.py:57] - 现在是(23,79)
2025-11-23 14:28:15,003 - back_corridor_end - INFO - [back_corridor_end.py:57] - 现在是(23,80)
2025-11-23 14:28:15,003 - back_corridor_end - INFO - [back_corridor_end.py:57] - 现在是(23,81)
2025-11-23 14:28:15,003 - back_corridor_end - INFO - [back_corridor_end.py:57] - 现在是(23,82)
2025-11-23 14:28:15,003 - back_corridor_end - INFO - [back_corridor_end.py:57] - 现在是(23,83)
2025-11-23 14:28:15,003 - back_corridor_end - INFO - [back_corridor_end.py:57] - 现在是(24,83)
2025-11-23 14:28:15,003 - back_corridor_end - INFO - [back_corridor_end.py:57] - 现在是(25,83)
2025-11-23 14:28:15,003 - back_corridor_end - INFO - [back_corridor_end.py:57] - 现在是(25,84)
2025-11-23 14:28:15,003 - back_corridor_end - INFO - [back_corridor_end.py:57] - 现在是(25,85)
2025-11-23 14:28:15,003 - back_corridor_end - INFO - [back_corridor_end.py:57] - 现在是(25,86)
2025-11-23 14:28:15,003 - back_corridor_end - INFO - [back_corridor_end.py:57] - 现在是(25,87)
2025-11-23 14:28:15,003 - back_corridor_end - INFO - [back_corridor_end.py:57] - 现在是(24,87)
2025-11-23 14:28:15,003 - back_corridor_end - INFO - [back_corridor_end.py:57] - 现在是(23,87)
2025-11-23 14:28:15,004 - back_corridor_end - INFO - [back_corridor_end.py:57] - 现在是(23,88)
2025-11-23 14:28:15,004 - back_corridor_end - INFO - [back_corridor_end.py:57] - 现在是(23,89)
2025-11-23 14:28:15,004 - back_corridor_end - INFO - [back_corridor_end.py:57] - 现在是(24,89)
2025-11-23 14:28:15,004 - back_corridor_end - INFO - [back_corridor_end.py:57] - 现在是(25,89)
2025-11-23 14:28:15,004 - back_corridor_end - INFO - [back_corridor_end.py:57] - 现在是(25,90)
2025-11-23 14:28:15,004 - back_corridor_end - INFO - [back_corridor_end.py:57] - 现在是(25,91)
2025-11-23 14:28:15,004 - back_corridor_end - INFO - [back_corridor_end.py:57] - 现在是(26,91)
2025-11-23 14:28:15,004 - back_corridor_end - INFO - [back_corridor_end.py:57] - 现在是(27,91)
2025-11-23 14:28:15,004 - back_corridor_end - INFO - [back_corridor_end.py:57] - 现在是(28,91)
2025-11-23 14:28:15,004 - back_corridor_end - INFO - [back_corridor_end.py:57] - 现在是(29,91)
2025-11-23 14:28:15,004 - back_corridor_end - INFO - [back_corridor_end.py:57] - 现在是(29,92)
2025-11-23 14:28:15,004 - back_corridor_end - INFO - [back_corridor_end.py:57] - 现在是(29,93)
2025-11-23 14:28:15,004 - back_corridor_end - INFO - [back_corridor_end.py:57] - 现在是(29,94)
2025-11-23 14:28:15,004 - back_corridor_end - INFO - [back_corridor_end.py:57] - 现在是(29,95)
2025-11-23 14:28:15,004 - back_corridor_end - INFO - [back_corridor_end.py:57] - 现在是(28,95)
2025-11-23 14:28:15,004 - back_corridor_end - INFO - [back_corridor_end.py:57] - 现在是(27,95)
2025-11-23 14:28:15,004 - back_corridor_end - INFO - [back_corridor_end.py:57] - 现在是(27,96)
2025-11-23 14:28:15,004 - back_corridor_end - INFO - [back_corridor_end.py:57] - 现在是(27,97)
2025-11-23 14:28:15,004 - back_corridor_end - INFO - [back_corridor_end.py:57] - 现在是(27,98)
2025-11-23 14:28:15,004 - back_corridor_end - INFO - [back_corridor_end.py:57] - 现在是(27,99)
2025-11-23 14:28:15,004 - back_corridor_end - INFO - [back_corridor_end.py:57] - 现在是(28,99)
2025-11-23 14:28:15,004 - back_corridor_end - INFO - [back_corridor_end.py:57] - 现在是(29,99)
2025-11-23 14:28:15,004 - back_corridor_end - INFO - [back_corridor_end.py:57] - 现在是(30,99)
2025-11-23 14:28:15,004 - back_corridor_end - INFO - [back_corridor_end.py:57] - 现在是(31,99)
2025-11-23 14:28:15,004 - back_corridor_end - INFO - [back_corridor_end.py:57] - 现在是(32,99)
2025-11-23 14:28:15,004 - back_corridor_end - INFO - [back_corridor_end.py:57] - 现在是(33,99)
2025-11-23 14:28:15,004 - back_corridor_end - INFO - [back_corridor_end.py:57] - 现在是(34,99)
2025-11-23 14:28:15,005 - back_corridor_end - INFO - [back_corridor_end.py:57] - 现在是(35,99)
2025-11-23 14:28:15,005 - back_corridor_end - INFO - [back_corridor_end.py:57] - 现在是(35,98)
2025-11-23 14:28:15,005 - back_corridor_end - INFO - [back_corridor_end.py:57] - 现在是(35,97)
2025-11-23 14:28:15,005 - back_corridor_end - INFO - [back_corridor_end.py:57] - 现在是(36,97)
2025-11-23 14:28:15,005 - back_corridor_end - INFO - [back_corridor_end.py:57] - 现在是(37,97)
2025-11-23 14:28:15,005 - back_corridor_end - INFO - [back_corridor_end.py:57] - 现在是(37,98)
2025-11-23 14:28:15,005 - back_corridor_end - INFO - [back_corridor_end.py:57] - 现在是(37,99)
2025-11-23 14:28:15,005 - back_corridor_end - INFO - [back_corridor_end.py:57] - 现在是(38,99)
2025-11-23 14:28:15,005 - back_corridor_end - INFO - [back_corridor_end.py:57] - 现在是(39,99)
2025-11-23 14:28:15,005 - back_corridor_end - INFO - [back_corridor_end.py:57] - 现在是(40,99)
2025-11-23 14:28:15,005 - back_corridor_end - INFO - [back_corridor_end.py:57] - 现在是(41,99)
2025-11-23 14:28:15,005 - back_corridor_end - INFO - [back_corridor_end.py:57] - 现在是(42,99)
2025-11-23 14:28:15,005 - back_corridor_end - INFO - [back_corridor_end.py:57] - 现在是(43,99)
2025-11-23 14:28:15,005 - back_corridor_end - INFO - [back_corridor_end.py:57] - 现在是(43,98)
2025-11-23 14:28:15,005 - back_corridor_end - INFO - [back_corridor_end.py:57] - 现在是(43,97)
2025-11-23 14:28:15,005 - back_corridor_end - INFO - [back_corridor_end.py:57] - 现在是(42,97)
2025-11-23 14:28:15,005 - back_corridor_end - INFO - [back_corridor_end.py:57] - 现在是(41,97)
2025-11-23 14:28:15,005 - back_corridor_end - INFO - [back_corridor_end.py:57] - 现在是(40,97)
2025-11-23 14:28:15,005 - back_corridor_end - INFO - [back_corridor_end.py:57] - 现在是(39,97)
2025-11-23 14:28:15,005 - back_corridor_end - INFO - [back_corridor_end.py:80] - isDotAlive:发现死路上的点(39, 97)
2025-11-23 14:28:15,005 - back_corridor_end - INFO - [back_corridor_end.py:57] - 现在是(40,97)
2025-11-23 14:28:15,005 - back_corridor_end - INFO - [back_corridor_end.py:80] - isDotAlive:发现死路上的点(40, 97)
2025-11-23 14:28:15,005 - back_corridor_end - INFO - [back_corridor_end.py:57] - 现在是(41,97)
2025-11-23 14:28:15,005 - back_corridor_end - INFO - [back_corridor_end.py:57] - 现在是(41,96)
2025-11-23 14:28:15,005 - back_corridor_end - INFO - [back_corridor_end.py:57] - 现在是(41,95)
2025-11-23 14:28:15,006 - back_corridor_end - INFO - [back_corridor_end.py:57] - 现在是(42,95)
2025-11-23 14:28:15,006 - back_corridor_end - INFO - [back_corridor_end.py:57] - 现在是(43,95)
2025-11-23 14:28:15,006 - back_corridor_end - INFO - [back_corridor_end.py:57] - 现在是(44,95)
2025-11-23 14:28:15,006 - back_corridor_end - INFO - [back_corridor_end.py:57] - 现在是(45,95)
2025-11-23 14:28:15,006 - back_corridor_end - INFO - [back_corridor_end.py:57] - 现在是(46,95)
2025-11-23 14:28:15,006 - back_corridor_end - INFO - [back_corridor_end.py:57] - 现在是(47,95)
2025-11-23 14:28:15,006 - back_corridor_end - INFO - [back_corridor_end.py:57] - 现在是(47,96)
2025-11-23 14:28:15,006 - back_corridor_end - INFO - [back_corridor_end.py:57] - 现在是(47,97)
2025-11-23 14:28:15,006 - back_corridor_end - INFO - [back_corridor_end.py:57] - 现在是(46,97)
2025-11-23 14:28:15,006 - back_corridor_end - INFO - [back_corridor_end.py:57] - 现在是(45,97)
2025-11-23 14:28:15,006 - back_corridor_end - INFO - [back_corridor_end.py:57] - 现在是(45,98)
2025-11-23 14:28:15,006 - back_corridor_end - INFO - [back_corridor_end.py:57] - 现在是(45,99)
2025-11-23 14:28:15,006 - back_corridor_end - INFO - [back_corridor_end.py:57] - 现在是(46,99)
2025-11-23 14:28:15,006 - back_corridor_end - INFO - [back_corridor_end.py:57] - 现在是(47,99)
2025-11-23 14:28:15,006 - back_corridor_end - INFO - [back_corridor_end.py:57] - 现在是(48,99)
2025-11-23 14:28:15,006 - back_corridor_end - INFO - [back_corridor_end.py:57] - 现在是(49,99)
2025-11-23 14:28:15,006 - back_corridor_end - INFO - [back_corridor_end.py:57] - 现在是(50,99)
2025-11-23 14:28:15,006 - back_corridor_end - INFO - [back_corridor_end.py:57] - 现在是(51,99)
2025-11-23 14:28:15,006 - back_corridor_end - INFO - [back_corridor_end.py:74] - isDotAlive:点(51, 99)是活的
2025-11-23 14:28:15,006 - back_corridor_end - INFO - [back_corridor_end.py:57] - 现在是(50,99)
2025-11-23 14:28:15,006 - back_corridor_end - INFO - [back_corridor_end.py:74] - isDotAlive:点(50, 99)是活的
2025-11-23 14:28:15,006 - back_corridor_end - INFO - [back_corridor_end.py:57] - 现在是(49,99)
2025-11-23 14:28:15,006 - back_corridor_end - INFO - [back_corridor_end.py:74] - isDotAlive:点(49, 99)是活的
2025-11-23 14:28:15,006 - back_corridor_end - INFO - [back_corridor_end.py:57] - 现在是(48,99)
2025-11-23 14:28:15,006 - back_corridor_end - INFO - [back_corridor_end.py:74] - isDotAlive:点(48, 99)是活的
2025-11-23 14:28:15,006 - back_corridor_end - INFO - [back_corridor_end.py:57] - 现在是(47,99)
2025-11-23 14:28:15,007 - back_corridor_end - INFO - [back_corridor_end.py:74] - isDotAlive:点(47, 99)是活的
2025-11-23 14:28:15,007 - back_corridor_end - INFO - [back_corridor_end.py:57] - 现在是(46,99)
2025-11-23 14:28:15,007 - back_corridor_end - INFO - [back_corridor_end.py:74] - isDotAlive:点(46, 99)是活的
2025-11-23 14:28:15,007 - back_corridor_end - INFO - [back_corridor_end.py:57] - 现在是(45,99)
2025-11-23 14:28:15,007 - back_corridor_end - INFO - [back_corridor_end.py:74] - isDotAlive:点(45, 99)是活的
2025-11-23 14:28:15,007 - back_corridor_end - INFO - [back_corridor_end.py:57] - 现在是(45,98)
2025-11-23 14:28:15,007 - back_corridor_end - INFO - [back_corridor_end.py:74] - isDotAlive:点(45, 98)是活的
2025-11-23 14:28:15,007 - back_corridor_end - INFO - [back_corridor_end.py:57] - 现在是(45,97)
2025-11-23 14:28:15,007 - back_corridor_end - INFO - [back_corridor_end.py:74] - isDotAlive:点(45, 97)是活的
2025-11-23 14:28:15,007 - back_corridor_end - INFO - [back_corridor_end.py:57] - 现在是(46,97)
2025-11-23 14:28:15,007 - back_corridor_end - INFO - [back_corridor_end.py:74] - isDotAlive:点(46, 97)是活的
2025-11-23 14:28:15,007 - back_corridor_end - INFO - [back_corridor_end.py:57] - 现在是(47,97)
2025-11-23 14:28:15,007 - back_corridor_end - INFO - [back_corridor_end.py:74] - isDotAlive:点(47, 97)是活的
2025-11-23 14:28:15,007 - back_corridor_end - INFO - [back_corridor_end.py:57] - 现在是(47,96)
2025-11-23 14:28:15,007 - back_corridor_end - INFO - [back_corridor_end.py:74] - isDotAlive:点(47, 96)是活的
2025-11-23 14:28:15,007 - back_corridor_end - INFO - [back_corridor_end.py:57] - 现在是(47,95)
2025-11-23 14:28:15,007 - back_corridor_end - INFO - [back_corridor_end.py:57] - 现在是(47,94)
2025-11-23 14:28:15,007 - back_corridor_end - INFO - [back_corridor_end.py:57] - 现在是(47,93)
2025-11-23 14:28:15,007 - back_corridor_end - INFO - [back_corridor_end.py:57] - 现在是(46,93)
2025-11-23 14:28:15,007 - back_corridor_end - INFO - [back_corridor_end.py:57] - 现在是(45,93)
2025-11-23 14:28:15,007 - back_corridor_end - INFO - [back_corridor_end.py:57] - 现在是(45,92)
2025-11-23 14:28:15,007 - back_corridor_end - INFO - [back_corridor_end.py:57] - 现在是(45,91)
2025-11-23 14:28:15,007 - back_corridor_end - INFO - [back_corridor_end.py:57] - 现在是(46,91)
2025-11-23 14:28:15,007 - back_corridor_end - INFO - [back_corridor_end.py:57] - 现在是(47,91)
2025-11-23 14:28:15,008 - back_corridor_end - INFO - [back_corridor_end.py:80] - isDotAlive:发现死路上的点(47, 91)
2025-11-23 14:28:15,008 - back_corridor_end - INFO - [back_corridor_end.py:57] - 现在是(46,91)
2025-11-23 14:28:15,008 - back_corridor_end - INFO - [back_corridor_end.py:80] - isDotAlive:发现死路上的点(46, 91)
2025-11-23 14:28:15,008 - back_corridor_end - INFO - [back_corridor_end.py:57] - 现在是(45,91)
2025-11-23 14:28:15,008 - back_corridor_end - INFO - [back_corridor_end.py:80] - isDotAlive:发现死路上的点(45, 91)
2025-11-23 14:28:15,008 - back_corridor_end - INFO - [back_corridor_end.py:57] - 现在是(45,92)
2025-11-23 14:28:15,008 - back_corridor_end - INFO - [back_corridor_end.py:80] - isDotAlive:发现死路上的点(45, 92)
2025-11-23 14:28:15,008 - back_corridor_end - INFO - [back_corridor_end.py:57] - 现在是(45,93)
2025-11-23 14:28:15,008 - back_corridor_end - INFO - [back_corridor_end.py:74] - isDotAlive:点(45, 93)是活的
2025-11-23 14:28:15,008 - back_corridor_end - INFO - [back_corridor_end.py:57] - 现在是(46,93)
2025-11-23 14:28:15,008 - back_corridor_end - INFO - [back_corridor_end.py:74] - isDotAlive:点(46, 93)是活的
2025-11-23 14:28:15,008 - back_corridor_end - INFO - [back_corridor_end.py:57] - 现在是(47,93)
2025-11-23 14:28:15,008 - back_corridor_end - INFO - [back_corridor_end.py:74] - isDotAlive:点(47, 93)是活的
2025-11-23 14:28:15,008 - back_corridor_end - INFO - [back_corridor_end.py:57] - 现在是(47,94)
2025-11-23 14:28:15,008 - back_corridor_end - INFO - [back_corridor_end.py:74] - isDotAlive:点(47, 94)是活的
2025-11-23 14:28:15,008 - back_corridor_end - INFO - [back_corridor_end.py:57] - 现在是(47,95)
2025-11-23 14:28:15,008 - back_corridor_end - INFO - [back_corridor_end.py:74] - isDotAlive:点(47, 95)是活的
2025-11-23 14:28:15,008 - back_corridor_end - INFO - [back_corridor_end.py:57] - 现在是(46,95)
2025-11-23 14:28:15,008 - back_corridor_end - INFO - [back_corridor_end.py:74] - isDotAlive:点(46, 95)是活的
2025-11-23 14:28:15,008 - back_corridor_end - INFO - [back_corridor_end.py:57] - 现在是(45,95)
2025-11-23 14:28:15,009 - back_corridor_end - INFO - [back_corridor_end.py:74] - isDotAlive:点(45, 95)是活的
2025-11-23 14:28:15,009 - back_corridor_end - INFO - [back_corridor_end.py:57] - 现在是(44,95)
2025-11-23 14:28:15,009 - back_corridor_end - INFO - [back_corridor_end.py:74] - isDotAlive:点(44, 95)是活的
2025-11-23 14:28:15,009 - back_corridor_end - INFO - [back_corridor_end.py:57] - 现在是(43,95)
2025-11-23 14:28:15,009 - back_corridor_end - INFO - [back_corridor_end.py:74] - isDotAlive:点(43, 95)是活的
2025-11-23 14:28:15,009 - back_corridor_end - INFO - [back_corridor_end.py:57] - 现在是(42,95)
2025-11-23 14:28:15,009 - back_corridor_end - INFO - [back_corridor_end.py:74] - isDotAlive:点(42, 95)是活的
2025-11-23 14:28:15,009 - back_corridor_end - INFO - [back_corridor_end.py:57] - 现在是(41,95)
2025-11-23 14:28:15,009 - back_corridor_end - INFO - [back_corridor_end.py:74] - isDotAlive:点(41, 95)是活的
2025-11-23 14:28:15,009 - back_corridor_end - INFO - [back_corridor_end.py:57] - 现在是(41,96)
2025-11-23 14:28:15,009 - back_corridor_end - INFO - [back_corridor_end.py:74] - isDotAlive:点(41, 96)是活的
2025-11-23 14:28:15,009 - back_corridor_end - INFO - [back_corridor_end.py:57] - 现在是(41,97)
2025-11-23 14:28:15,009 - back_corridor_end - INFO - [back_corridor_end.py:74] - isDotAlive:点(41, 97)是活的
2025-11-23 14:28:15,009 - back_corridor_end - INFO - [back_corridor_end.py:57] - 现在是(42,97)
2025-11-23 14:28:15,009 - back_corridor_end - INFO - [back_corridor_end.py:74] - isDotAlive:点(42, 97)是活的
2025-11-23 14:28:15,009 - back_corridor_end - INFO - [back_corridor_end.py:57] - 现在是(43,97)
2025-11-23 14:28:15,009 - back_corridor_end - INFO - [back_corridor_end.py:74] - isDotAlive:点(43, 97)是活的
2025-11-23 14:28:15,009 - back_corridor_end - INFO - [back_corridor_end.py:57] - 现在是(43,98)
2025-11-23 14:28:15,009 - back_corridor_end - INFO - [back_corridor_end.py:74] - isDotAlive:点(43, 98)是活的
2025-11-23 14:28:15,009 - back_corridor_end - INFO - [back_corridor_end.py:57] - 现在是(43,99)
2025-11-23 14:28:15,009 - back_corridor_end - INFO - [back_corridor_end.py:74] - isDotAlive:点(43, 99)是活的
2025-11-23 14:28:15,009 - back_corridor_end - INFO - [back_corridor_end.py:57] - 现在是(42,99)
2025-11-23 14:28:15,010 - back_corridor_end - INFO - [back_corridor_end.py:74] - isDotAlive:点(42, 99)是活的
2025-11-23 14:28:15,010 - back_corridor_end - INFO - [back_corridor_end.py:57] - 现在是(41,99)
2025-11-23 14:28:15,010 - back_corridor_end - INFO - [back_corridor_end.py:74] - isDotAlive:点(41, 99)是活的
2025-11-23 14:28:15,010 - back_corridor_end - INFO - [back_corridor_end.py:57] - 现在是(40,99)
2025-11-23 14:28:15,010 - back_corridor_end - INFO - [back_corridor_end.py:74] - isDotAlive:点(40, 99)是活的
2025-11-23 14:28:15,010 - back_corridor_end - INFO - [back_corridor_end.py:57] - 现在是(39,99)
2025-11-23 14:28:15,010 - back_corridor_end - INFO - [back_corridor_end.py:74] - isDotAlive:点(39, 99)是活的
2025-11-23 14:28:15,010 - back_corridor_end - INFO - [back_corridor_end.py:57] - 现在是(38,99)
2025-11-23 14:28:15,010 - back_corridor_end - INFO - [back_corridor_end.py:74] - isDotAlive:点(38, 99)是活的
2025-11-23 14:28:15,010 - back_corridor_end - INFO - [back_corridor_end.py:57] - 现在是(37,99)
2025-11-23 14:28:15,010 - back_corridor_end - INFO - [back_corridor_end.py:74] - isDotAlive:点(37, 99)是活的
2025-11-23 14:28:15,010 - back_corridor_end - INFO - [back_corridor_end.py:57] - 现在是(37,98)
2025-11-23 14:28:15,010 - back_corridor_end - INFO - [back_corridor_end.py:74] - isDotAlive:点(37, 98)是活的
2025-11-23 14:28:15,010 - back_corridor_end - INFO - [back_corridor_end.py:57] - 现在是(37,97)
2025-11-23 14:28:15,010 - back_corridor_end - INFO - [back_corridor_end.py:74] - isDotAlive:点(37, 97)是活的
2025-11-23 14:28:15,010 - back_corridor_end - INFO - [back_corridor_end.py:57] - 现在是(36,97)
2025-11-23 14:28:15,010 - back_corridor_end - INFO - [back_corridor_end.py:74] - isDotAlive:点(36, 97)是活的
2025-11-23 14:28:15,010 - back_corridor_end - INFO - [back_corridor_end.py:57] - 现在是(35,97)
2025-11-23 14:28:15,010 - back_corridor_end - INFO - [back_corridor_end.py:57] - 现在是(34,97)
2025-11-23 14:28:15,010 - back_corridor_end - INFO - [back_corridor_end.py:57] - 现在是(33,97)
2025-11-23 14:28:15,010 - back_corridor_end - INFO - [back_corridor_end.py:57] - 现在是(32,97)
2025-11-23 14:28:15,010 - back_corridor_end - INFO - [back_corridor_end.py:57] - 现在是(31,97)
2025-11-23 14:28:15,011 - back_corridor_end - INFO - [back_corridor_end.py:80] - isDotAlive:发现死路上的点(31, 97)
2025-11-23 14:28:15,011 - back_corridor_end - INFO - [back_corridor_end.py:57] - 现在是(32,97)
2025-11-23 14:28:15,011 - back_corridor_end - INFO - [back_corridor_end.py:80] - isDotAlive:发现死路上的点(32, 97)
2025-11-23 14:28:15,011 - back_corridor_end - INFO - [back_corridor_end.py:57] - 现在是(33,97)
2025-11-23 14:28:15,011 - back_corridor_end - INFO - [back_corridor_end.py:74] - isDotAlive:点(33, 97)是活的
2025-11-23 14:28:15,011 - back_corridor_end - INFO - [back_corridor_end.py:57] - 现在是(34,97)
2025-11-23 14:28:15,011 - back_corridor_end - INFO - [back_corridor_end.py:74] - isDotAlive:点(34, 97)是活的
2025-11-23 14:28:15,011 - back_corridor_end - INFO - [back_corridor_end.py:57] - 现在是(35,97)
2025-11-23 14:28:15,011 - back_corridor_end - INFO - [back_corridor_end.py:74] - isDotAlive:点(35, 97)是活的
2025-11-23 14:28:15,011 - back_corridor_end - INFO - [back_corridor_end.py:57] - 现在是(35,98)
2025-11-23 14:28:15,011 - back_corridor_end - INFO - [back_corridor_end.py:74] - isDotAlive:点(35, 98)是活的
2025-11-23 14:28:15,011 - back_corridor_end - INFO - [back_corridor_end.py:57] - 现在是(35,99)
2025-11-23 14:28:15,011 - back_corridor_end - INFO - [back_corridor_end.py:74] - isDotAlive:点(35, 99)是活的
2025-11-23 14:28:15,011 - back_corridor_end - INFO - [back_corridor_end.py:57] - 现在是(34,99)
2025-11-23 14:28:15,011 - back_corridor_end - INFO - [back_corridor_end.py:74] - isDotAlive:点(34, 99)是活的
2025-11-23 14:28:15,011 - back_corridor_end - INFO - [back_corridor_end.py:57] - 现在是(33,99)
2025-11-23 14:28:15,011 - back_corridor_end - INFO - [back_corridor_end.py:74] - isDotAlive:点(33, 99)是活的
2025-11-23 14:28:15,011 - back_corridor_end - INFO - [back_corridor_end.py:57] - 现在是(32,99)
2025-11-23 14:28:15,011 - back_corridor_end - INFO - [back_corridor_end.py:74] - isDotAlive:点(32, 99)是活的
2025-11-23 14:28:15,011 - back_corridor_end - INFO - [back_corridor_end.py:57] - 现在是(31,99)
2025-11-23 14:28:15,011 - back_corridor_end - INFO - [back_corridor_end.py:74] - isDotAlive:点(31, 99)是活的
2025-11-23 14:28:15,011 - back_corridor_end - INFO - [back_corridor_end.py:57] - 现在是(30,99)
2025-11-23 14:28:15,012 - back_corridor_end - INFO - [back_corridor_end.py:74] - isDotAlive:点(30, 99)是活的
2025-11-23 14:28:15,012 - back_corridor_end - INFO - [back_corridor_end.py:57] - 现在是(29,99)
2025-11-23 14:28:15,012 - back_corridor_end - INFO - [back_corridor_end.py:57] - 现在是(29,98)
2025-11-23 14:28:15,012 - back_corridor_end - INFO - [back_corridor_end.py:57] - 现在是(29,97)
2025-11-23 14:28:15,012 - back_corridor_end - INFO - [back_corridor_end.py:80] - isDotAlive:发现死路上的点(29, 97)
2025-11-23 14:28:15,012 - back_corridor_end - INFO - [back_corridor_end.py:57] - 现在是(29,98)
2025-11-23 14:28:15,012 - back_corridor_end - INFO - [back_corridor_end.py:80] - isDotAlive:发现死路上的点(29, 98)
2025-11-23 14:28:15,012 - back_corridor_end - INFO - [back_corridor_end.py:57] - 现在是(29,99)
2025-11-23 14:28:15,012 - back_corridor_end - INFO - [back_corridor_end.py:74] - isDotAlive:点(29, 99)是活的
2025-11-23 14:28:15,012 - back_corridor_end - INFO - [back_corridor_end.py:57] - 现在是(28,99)
2025-11-23 14:28:15,012 - back_corridor_end - INFO - [back_corridor_end.py:74] - isDotAlive:点(28, 99)是活的
2025-11-23 14:28:15,012 - back_corridor_end - INFO - [back_corridor_end.py:57] - 现在是(27,99)
2025-11-23 14:28:15,012 - back_corridor_end - INFO - [back_corridor_end.py:74] - isDotAlive:点(27, 99)是活的
2025-11-23 14:28:15,012 - back_corridor_end - INFO - [back_corridor_end.py:57] - 现在是(27,98)
2025-11-23 14:28:15,012 - back_corridor_end - INFO - [back_corridor_end.py:74] - isDotAlive:点(27, 98)是活的
2025-11-23 14:28:15,012 - back_corridor_end - INFO - [back_corridor_end.py:57] - 现在是(27,97)
2025-11-23 14:28:15,012 - back_corridor_end - INFO - [back_corridor_end.py:57] - 现在是(26,97)
2025-11-23 14:28:15,012 - back_corridor_end - INFO - [back_corridor_end.py:57] - 现在是(25,97)
2025-11-23 14:28:15,012 - back_corridor_end - INFO - [back_corridor_end.py:57] - 现在是(25,98)
2025-11-23 14:28:15,012 - back_corridor_end - INFO - [back_corridor_end.py:57] - 现在是(25,99)
2025-11-23 14:28:15,012 - back_corridor_end - INFO - [back_corridor_end.py:57] - 现在是(24,99)
2025-11-23 14:28:15,012 - back_corridor_end - INFO - [back_corridor_end.py:57] - 现在是(23,99)
2025-11-23 14:28:15,012 - back_corridor_end - INFO - [back_corridor_end.py:57] - 现在是(22,99)
2025-11-23 14:28:15,012 - back_corridor_end - INFO - [back_corridor_end.py:57] - 现在是(21,99)
2025-11-23 14:28:15,013 - back_corridor_end - INFO - [back_corridor_end.py:80] - isDotAlive:发现死路上的点(21, 99)
2025-11-23 14:28:15,013 - back_corridor_end - INFO - [back_corridor_end.py:57] - 现在是(22,99)
2025-11-23 14:28:15,013 - back_corridor_end - INFO - [back_corridor_end.py:80] - isDotAlive:发现死路上的点(22, 99)
2025-11-23 14:28:15,013 - back_corridor_end - INFO - [back_corridor_end.py:57] - 现在是(23,99)
2025-11-23 14:28:15,013 - back_corridor_end - INFO - [back_corridor_end.py:57] - 现在是(23,98)
2025-11-23 14:28:15,013 - back_corridor_end - INFO - [back_corridor_end.py:57] - 现在是(23,97)
2025-11-23 14:28:15,013 - back_corridor_end - INFO - [back_corridor_end.py:57] - 现在是(22,97)
2025-11-23 14:28:15,013 - back_corridor_end - INFO - [back_corridor_end.py:57] - 现在是(21,97)
2025-11-23 14:28:15,013 - back_corridor_end - INFO - [back_corridor_end.py:57] - 现在是(20,97)
2025-11-23 14:28:15,013 - back_corridor_end - INFO - [back_corridor_end.py:57] - 现在是(19,97)
2025-11-23 14:28:15,013 - back_corridor_end - INFO - [back_corridor_end.py:57] - 现在是(18,97)
2025-11-23 14:28:15,013 - back_corridor_end - INFO - [back_corridor_end.py:57] - 现在是(17,97)
2025-11-23 14:28:15,013 - back_corridor_end - INFO - [back_corridor_end.py:57] - 现在是(17,98)
2025-11-23 14:28:15,013 - back_corridor_end - INFO - [back_corridor_end.py:57] - 现在是(17,99)
2025-11-23 14:28:15,013 - back_corridor_end - INFO - [back_corridor_end.py:57] - 现在是(18,99)
2025-11-23 14:28:15,013 - back_corridor_end - INFO - [back_corridor_end.py:57] - 现在是(19,99)
2025-11-23 14:28:15,013 - back_corridor_end - INFO - [back_corridor_end.py:80] - isDotAlive:发现死路上的点(19, 99)
2025-11-23 14:28:15,013 - back_corridor_end - INFO - [back_corridor_end.py:57] - 现在是(18,99)
2025-11-23 14:28:15,013 - back_corridor_end - INFO - [back_corridor_end.py:80] - isDotAlive:发现死路上的点(18, 99)
2025-11-23 14:28:15,013 - back_corridor_end - INFO - [back_corridor_end.py:57] - 现在是(17,99)
2025-11-23 14:28:15,014 - back_corridor_end - INFO - [back_corridor_end.py:80] - isDotAlive:发现死路上的点(17, 99)
2025-11-23 14:28:15,014 - back_corridor_end - INFO - [back_corridor_end.py:57] - 现在是(17,98)
2025-11-23 14:28:15,014 - back_corridor_end - INFO - [back_corridor_end.py:80] - isDotAlive:发现死路上的点(17, 98)
2025-11-23 14:28:15,014 - back_corridor_end - INFO - [back_corridor_end.py:57] - 现在是(17,97)
2025-11-23 14:28:15,014 - back_corridor_end - INFO - [back_corridor_end.py:57] - 现在是(16,97)
2025-11-23 14:28:15,014 - back_corridor_end - INFO - [back_corridor_end.py:57] - 现在是(15,97)
2025-11-23 14:28:15,014 - back_corridor_end - INFO - [back_corridor_end.py:57] - 现在是(15,98)
2025-11-23 14:28:15,014 - back_corridor_end - INFO - [back_corridor_end.py:57] - 现在是(15,99)
2025-11-23 14:28:15,014 - back_corridor_end - INFO - [back_corridor_end.py:57] - 现在是(14,99)
2025-11-23 14:28:15,014 - back_corridor_end - INFO - [back_corridor_end.py:57] - 现在是(13,99)
2025-11-23 14:28:15,014 - back_corridor_end - INFO - [back_corridor_end.py:57] - 现在是(13,98)
2025-11-23 14:28:15,014 - back_corridor_end - INFO - [back_corridor_end.py:57] - 现在是(13,97)
2025-11-23 14:28:15,014 - back_corridor_end - INFO - [back_corridor_end.py:80] - isDotAlive:发现死路上的点(13, 97)
2025-11-23 14:28:15,014 - back_corridor_end - INFO - [back_corridor_end.py:57] - 现在是(13,98)
2025-11-23 14:28:15,014 - back_corridor_end - INFO - [back_corridor_end.py:80] - isDotAlive:发现死路上的点(13, 98)
2025-11-23 14:28:15,014 - back_corridor_end - INFO - [back_corridor_end.py:57] - 现在是(13,99)
2025-11-23 14:28:15,014 - back_corridor_end - INFO - [back_corridor_end.py:80] - isDotAlive:发现死路上的点(13, 99)
2025-11-23 14:28:15,014 - back_corridor_end - INFO - [back_corridor_end.py:57] - 现在是(14,99)
2025-11-23 14:28:15,014 - back_corridor_end - INFO - [back_corridor_end.py:80] - isDotAlive:发现死路上的点(14, 99)
2025-11-23 14:28:15,014 - back_corridor_end - INFO - [back_corridor_end.py:57] - 现在是(15,99)
2025-11-23 14:28:15,014 - back_corridor_end - INFO - [back_corridor_end.py:80] - isDotAlive:发现死路上的点(15, 99)
2025-11-23 14:28:15,014 - back_corridor_end - INFO - [back_corridor_end.py:57] - 现在是(15,98)
2025-11-23 14:28:15,015 - back_corridor_end - INFO - [back_corridor_end.py:80] - isDotAlive:发现死路上的点(15, 98)
2025-11-23 14:28:15,015 - back_corridor_end - INFO - [back_corridor_end.py:57] - 现在是(15,97)
2025-11-23 14:28:15,015 - back_corridor_end - INFO - [back_corridor_end.py:80] - isDotAlive:发现死路上的点(15, 97)
2025-11-23 14:28:15,015 - back_corridor_end - INFO - [back_corridor_end.py:57] - 现在是(16,97)
2025-11-23 14:28:15,015 - back_corridor_end - INFO - [back_corridor_end.py:80] - isDotAlive:发现死路上的点(16, 97)
2025-11-23 14:28:15,015 - back_corridor_end - INFO - [back_corridor_end.py:57] - 现在是(17,97)
2025-11-23 14:28:15,015 - back_corridor_end - INFO - [back_corridor_end.py:74] - isDotAlive:点(17, 97)是活的
2025-11-23 14:28:15,015 - back_corridor_end - INFO - [back_corridor_end.py:57] - 现在是(18,97)
2025-11-23 14:28:15,015 - back_corridor_end - INFO - [back_corridor_end.py:74] - isDotAlive:点(18, 97)是活的
2025-11-23 14:28:15,015 - back_corridor_end - INFO - [back_corridor_end.py:57] - 现在是(19,97)
2025-11-23 14:28:15,015 - back_corridor_end - INFO - [back_corridor_end.py:57] - 现在是(19,96)
2025-11-23 14:28:15,015 - back_corridor_end - INFO - [back_corridor_end.py:57] - 现在是(19,95)
2025-11-23 14:28:15,015 - back_corridor_end - INFO - [back_corridor_end.py:57] - 现在是(20,95)
2025-11-23 14:28:15,015 - back_corridor_end - INFO - [back_corridor_end.py:57] - 现在是(21,95)
2025-11-23 14:28:15,015 - back_corridor_end - INFO - [back_corridor_end.py:80] - isDotAlive:发现死路上的点(21, 95)
2025-11-23 14:28:15,015 - back_corridor_end - INFO - [back_corridor_end.py:57] - 现在是(20,95)
2025-11-23 14:28:15,015 - back_corridor_end - INFO - [back_corridor_end.py:80] - isDotAlive:发现死路上的点(20, 95)
2025-11-23 14:28:15,015 - back_corridor_end - INFO - [back_corridor_end.py:57] - 现在是(19,95)
2025-11-23 14:28:15,015 - back_corridor_end - INFO - [back_corridor_end.py:57] - 现在是(19,94)
2025-11-23 14:28:15,015 - back_corridor_end - INFO - [back_corridor_end.py:57] - 现在是(19,93)
2025-11-23 14:28:15,015 - back_corridor_end - INFO - [back_corridor_end.py:57] - 现在是(19,92)
2025-11-23 14:28:15,016 - back_corridor_end - INFO - [back_corridor_end.py:57] - 现在是(19,91)
2025-11-23 14:28:15,016 - back_corridor_end - INFO - [back_corridor_end.py:57] - 现在是(19,90)
2025-11-23 14:28:15,016 - back_corridor_end - INFO - [back_corridor_end.py:57] - 现在是(19,89)
2025-11-23 14:28:15,016 - back_corridor_end - INFO - [back_corridor_end.py:57] - 现在是(19,88)
2025-11-23 14:28:15,016 - back_corridor_end - INFO - [back_corridor_end.py:57] - 现在是(19,87)
2025-11-23 14:28:15,016 - back_corridor_end - INFO - [back_corridor_end.py:57] - 现在是(19,86)
2025-11-23 14:28:15,016 - back_corridor_end - INFO - [back_corridor_end.py:57] - 现在是(19,85)
2025-11-23 14:28:15,016 - back_corridor_end - INFO - [back_corridor_end.py:57] - 现在是(18,85)
2025-11-23 14:28:15,016 - back_corridor_end - INFO - [back_corridor_end.py:57] - 现在是(17,85)
2025-11-23 14:28:15,016 - back_corridor_end - INFO - [back_corridor_end.py:57] - 现在是(16,85)
2025-11-23 14:28:15,016 - back_corridor_end - INFO - [back_corridor_end.py:57] - 现在是(15,85)
2025-11-23 14:28:15,016 - back_corridor_end - INFO - [back_corridor_end.py:57] - 现在是(15,84)
2025-11-23 14:28:15,016 - back_corridor_end - INFO - [back_corridor_end.py:57] - 现在是(15,83)
2025-11-23 14:28:15,016 - back_corridor_end - INFO - [back_corridor_end.py:57] - 现在是(14,83)
2025-11-23 14:28:15,016 - back_corridor_end - INFO - [back_corridor_end.py:57] - 现在是(13,83)
2025-11-23 14:28:15,016 - back_corridor_end - INFO - [back_corridor_end.py:57] - 现在是(12,83)
2025-11-23 14:28:15,016 - back_corridor_end - INFO - [back_corridor_end.py:57] - 现在是(11,83)
2025-11-23 14:28:15,016 - back_corridor_end - INFO - [back_corridor_end.py:57] - 现在是(11,84)
2025-11-23 14:28:15,016 - back_corridor_end - INFO - [back_corridor_end.py:57] - 现在是(11,85)
2025-11-23 14:28:15,016 - back_corridor_end - INFO - [back_corridor_end.py:57] - 现在是(12,85)
2025-11-23 14:28:15,016 - back_corridor_end - INFO - [back_corridor_end.py:57] - 现在是(13,85)
2025-11-23 14:28:15,016 - back_corridor_end - INFO - [back_corridor_end.py:80] - isDotAlive:发现死路上的点(13, 85)
2025-11-23 14:28:15,016 - back_corridor_end - INFO - [back_corridor_end.py:57] - 现在是(12,85)
2025-11-23 14:28:15,016 - back_corridor_end - INFO - [back_corridor_end.py:80] - isDotAlive:发现死路上的点(12, 85)
2025-11-23 14:28:15,016 - back_corridor_end - INFO - [back_corridor_end.py:57] - 现在是(11,85)
2025-11-23 14:28:15,017 - back_corridor_end - INFO - [back_corridor_end.py:57] - 现在是(10,85)
2025-11-23 14:28:15,017 - back_corridor_end - INFO - [back_corridor_end.py:57] - 现在是(9,85)
2025-11-23 14:28:15,017 - back_corridor_end - INFO - [back_corridor_end.py:57] - 现在是(9,84)
2025-11-23 14:28:15,017 - back_corridor_end - INFO - [back_corridor_end.py:57] - 现在是(9,83)
2025-11-23 14:28:15,017 - back_corridor_end - INFO - [back_corridor_end.py:80] - isDotAlive:发现死路上的点(9, 83)
2025-11-23 14:28:15,017 - back_corridor_end - INFO - [back_corridor_end.py:57] - 现在是(9,84)
2025-11-23 14:28:15,017 - back_corridor_end - INFO - [back_corridor_end.py:80] - isDotAlive:发现死路上的点(9, 84)
2025-11-23 14:28:15,017 - back_corridor_end - INFO - [back_corridor_end.py:57] - 现在是(9,85)
2025-11-23 14:28:15,017 - back_corridor_end - INFO - [back_corridor_end.py:80] - isDotAlive:发现死路上的点(9, 85)
2025-11-23 14:28:15,017 - back_corridor_end - INFO - [back_corridor_end.py:57] - 现在是(10,85)
2025-11-23 14:28:15,017 - back_corridor_end - INFO - [back_corridor_end.py:80] - isDotAlive:发现死路上的点(10, 85)
2025-11-23 14:28:15,017 - back_corridor_end - INFO - [back_corridor_end.py:57] - 现在是(11,85)
2025-11-23 14:28:15,017 - back_corridor_end - INFO - [back_corridor_end.py:80] - isDotAlive:发现死路上的点(11, 85)
2025-11-23 14:28:15,017 - back_corridor_end - INFO - [back_corridor_end.py:57] - 现在是(11,84)
2025-11-23 14:28:15,017 - back_corridor_end - INFO - [back_corridor_end.py:80] - isDotAlive:发现死路上的点(11, 84)
2025-11-23 14:28:15,017 - back_corridor_end - INFO - [back_corridor_end.py:57] - 现在是(11,83)
2025-11-23 14:28:15,017 - back_corridor_end - INFO - [back_corridor_end.py:80] - isDotAlive:发现死路上的点(11, 83)
2025-11-23 14:28:15,017 - back_corridor_end - INFO - [back_corridor_end.py:57] - 现在是(12,83)
2025-11-23 14:28:15,017 - back_corridor_end - INFO - [back_corridor_end.py:80] - isDotAlive:发现死路上的点(12, 83)
2025-11-23 14:28:15,017 - back_corridor_end - INFO - [back_corridor_end.py:57] - 现在是(13,83)
2025-11-23 14:28:15,018 - back_corridor_end - INFO - [back_corridor_end.py:80] - isDotAlive:发现死路上的点(13, 83)
2025-11-23 14:28:15,018 - back_corridor_end - INFO - [back_corridor_end.py:57] - 现在是(14,83)
2025-11-23 14:28:15,018 - back_corridor_end - INFO - [back_corridor_end.py:80] - isDotAlive:发现死路上的点(14, 83)
2025-11-23 14:28:15,018 - back_corridor_end - INFO - [back_corridor_end.py:57] - 现在是(15,83)
2025-11-23 14:28:15,018 - back_corridor_end - INFO - [back_corridor_end.py:80] - isDotAlive:发现死路上的点(15, 83)
2025-11-23 14:28:15,018 - back_corridor_end - INFO - [back_corridor_end.py:57] - 现在是(15,84)
2025-11-23 14:28:15,018 - back_corridor_end - INFO - [back_corridor_end.py:80] - isDotAlive:发现死路上的点(15, 84)
2025-11-23 14:28:15,018 - back_corridor_end - INFO - [back_corridor_end.py:57] - 现在是(15,85)
2025-11-23 14:28:15,018 - back_corridor_end - INFO - [back_corridor_end.py:80] - isDotAlive:发现死路上的点(15, 85)
2025-11-23 14:28:15,018 - back_corridor_end - INFO - [back_corridor_end.py:57] - 现在是(16,85)
2025-11-23 14:28:15,018 - back_corridor_end - INFO - [back_corridor_end.py:80] - isDotAlive:发现死路上的点(16, 85)
2025-11-23 14:28:15,018 - back_corridor_end - INFO - [back_corridor_end.py:57] - 现在是(17,85)
2025-11-23 14:28:15,018 - back_corridor_end - INFO - [back_corridor_end.py:57] - 现在是(17,84)
2025-11-23 14:28:15,018 - back_corridor_end - INFO - [back_corridor_end.py:57] - 现在是(17,83)
2025-11-23 14:28:15,018 - back_corridor_end - INFO - [back_corridor_end.py:57] - 现在是(18,83)
2025-11-23 14:28:15,018 - back_corridor_end - INFO - [back_corridor_end.py:57] - 现在是(19,83)
2025-11-23 14:28:15,018 - back_corridor_end - INFO - [back_corridor_end.py:57] - 现在是(19,82)
2025-11-23 14:28:15,018 - back_corridor_end - INFO - [back_corridor_end.py:57] - 现在是(19,81)
2025-11-23 14:28:15,018 - back_corridor_end - INFO - [back_corridor_end.py:57] - 现在是(20,81)
2025-11-23 14:28:15,018 - back_corridor_end - INFO - [back_corridor_end.py:57] - 现在是(21,81)
2025-11-23 14:28:15,018 - back_corridor_end - INFO - [back_corridor_end.py:80] - isDotAlive:发现死路上的点(21, 81)
2025-11-23 14:28:15,018 - back_corridor_end - INFO - [back_corridor_end.py:57] - 现在是(20,81)
2025-11-23 14:28:15,019 - back_corridor_end - INFO - [back_corridor_end.py:80] - isDotAlive:发现死路上的点(20, 81)
2025-11-23 14:28:15,019 - back_corridor_end - INFO - [back_corridor_end.py:57] - 现在是(19,81)
2025-11-23 14:28:15,019 - back_corridor_end - INFO - [back_corridor_end.py:57] - 现在是(18,81)
2025-11-23 14:28:15,019 - back_corridor_end - INFO - [back_corridor_end.py:57] - 现在是(17,81)
2025-11-23 14:28:15,019 - back_corridor_end - INFO - [back_corridor_end.py:57] - 现在是(16,81)
2025-11-23 14:28:15,019 - back_corridor_end - INFO - [back_corridor_end.py:57] - 现在是(15,81)
2025-11-23 14:28:15,019 - back_corridor_end - INFO - [back_corridor_end.py:57] - 现在是(14,81)
2025-11-23 14:28:15,019 - back_corridor_end - INFO - [back_corridor_end.py:57] - 现在是(13,81)
2025-11-23 14:28:15,019 - back_corridor_end - INFO - [back_corridor_end.py:57] - 现在是(12,81)
2025-11-23 14:28:15,019 - back_corridor_end - INFO - [back_corridor_end.py:57] - 现在是(11,81)
2025-11-23 14:28:15,019 - back_corridor_end - INFO - [back_corridor_end.py:80] - isDotAlive:发现死路上的点(11, 81)
2025-11-23 14:28:15,019 - back_corridor_end - INFO - [back_corridor_end.py:57] - 现在是(12,81)
2025-11-23 14:28:15,019 - back_corridor_end - INFO - [back_corridor_end.py:80] - isDotAlive:发现死路上的点(12, 81)
2025-11-23 14:28:15,019 - back_corridor_end - INFO - [back_corridor_end.py:57] - 现在是(13,81)
2025-11-23 14:28:15,019 - back_corridor_end - INFO - [back_corridor_end.py:80] - isDotAlive:发现死路上的点(13, 81)
2025-11-23 14:28:15,019 - back_corridor_end - INFO - [back_corridor_end.py:57] - 现在是(14,81)
2025-11-23 14:28:15,019 - back_corridor_end - INFO - [back_corridor_end.py:80] - isDotAlive:发现死路上的点(14, 81)
2025-11-23 14:28:15,019 - back_corridor_end - INFO - [back_corridor_end.py:57] - 现在是(15,81)
2025-11-23 14:28:15,019 - back_corridor_end - INFO - [back_corridor_end.py:57] - 现在是(15,80)
2025-11-23 14:28:15,019 - back_corridor_end - INFO - [back_corridor_end.py:57] - 现在是(15,79)
2025-11-23 14:28:15,019 - back_corridor_end - INFO - [back_corridor_end.py:57] - 现在是(14,79)
2025-11-23 14:28:15,019 - back_corridor_end - INFO - [back_corridor_end.py:57] - 现在是(13,79)
2025-11-23 14:28:15,020 - back_corridor_end - INFO - [back_corridor_end.py:57] - 现在是(12,79)
2025-11-23 14:28:15,020 - back_corridor_end - INFO - [back_corridor_end.py:57] - 现在是(11,79)
2025-11-23 14:28:15,020 - back_corridor_end - INFO - [back_corridor_end.py:80] - isDotAlive:发现死路上的点(11, 79)
2025-11-23 14:28:15,020 - back_corridor_end - INFO - [back_corridor_end.py:57] - 现在是(12,79)
2025-11-23 14:28:15,020 - back_corridor_end - INFO - [back_corridor_end.py:80] - isDotAlive:发现死路上的点(12, 79)
2025-11-23 14:28:15,020 - back_corridor_end - INFO - [back_corridor_end.py:57] - 现在是(13,79)
2025-11-23 14:28:15,020 - back_corridor_end - INFO - [back_corridor_end.py:57] - 现在是(13,78)
2025-11-23 14:28:15,020 - back_corridor_end - INFO - [back_corridor_end.py:57] - 现在是(13,77)
2025-11-23 14:28:15,020 - back_corridor_end - INFO - [back_corridor_end.py:57] - 现在是(12,77)
2025-11-23 14:28:15,020 - back_corridor_end - INFO - [back_corridor_end.py:57] - 现在是(11,77)
2025-11-23 14:28:15,020 - back_corridor_end - INFO - [back_corridor_end.py:57] - 现在是(10,77)
2025-11-23 14:28:15,020 - back_corridor_end - INFO - [back_corridor_end.py:57] - 现在是(9,77)
2025-11-23 14:28:15,020 - back_corridor_end - INFO - [back_corridor_end.py:57] - 现在是(9,78)
2025-11-23 14:28:15,020 - back_corridor_end - INFO - [back_corridor_end.py:57] - 现在是(9,79)
2025-11-23 14:28:15,020 - back_corridor_end - INFO - [back_corridor_end.py:57] - 现在是(9,80)
2025-11-23 14:28:15,020 - back_corridor_end - INFO - [back_corridor_end.py:57] - 现在是(9,81)
2025-11-23 14:28:15,020 - back_corridor_end - INFO - [back_corridor_end.py:57] - 现在是(8,81)
2025-11-23 14:28:15,020 - back_corridor_end - INFO - [back_corridor_end.py:57] - 现在是(7,81)
2025-11-23 14:28:15,020 - back_corridor_end - INFO - [back_corridor_end.py:57] - 现在是(6,81)
2025-11-23 14:28:15,020 - back_corridor_end - INFO - [back_corridor_end.py:57] - 现在是(5,81)
2025-11-23 14:28:15,020 - back_corridor_end - INFO - [back_corridor_end.py:57] - 现在是(4,81)
2025-11-23 14:28:15,020 - back_corridor_end - INFO - [back_corridor_end.py:57] - 现在是(3,81)
2025-11-23 14:28:15,020 - back_corridor_end - INFO - [back_corridor_end.py:57] - 现在是(2,81)
2025-11-23 14:28:15,020 - back_corridor_end - INFO - [back_corridor_end.py:57] - 现在是(1,81)
2025-11-23 14:28:15,021 - back_corridor_end - INFO - [back_corridor_end.py:57] - 现在是(1,82)
2025-11-23 14:28:15,021 - back_corridor_end - INFO - [back_corridor_end.py:57] - 现在是(1,83)
2025-11-23 14:28:15,021 - back_corridor_end - INFO - [back_corridor_end.py:57] - 现在是(2,83)
2025-11-23 14:28:15,021 - back_corridor_end - INFO - [back_corridor_end.py:57] - 现在是(3,83)
2025-11-23 14:28:15,021 - back_corridor_end - INFO - [back_corridor_end.py:57] - 现在是(3,84)
2025-11-23 14:28:15,021 - back_corridor_end - INFO - [back_corridor_end.py:57] - 现在是(3,85)
2025-11-23 14:28:15,021 - back_corridor_end - INFO - [back_corridor_end.py:57] - 现在是(3,86)
2025-11-23 14:28:15,021 - back_corridor_end - INFO - [back_corridor_end.py:57] - 现在是(3,87)
2025-11-23 14:28:15,021 - back_corridor_end - INFO - [back_corridor_end.py:57] - 现在是(3,88)
2025-11-23 14:28:15,021 - back_corridor_end - INFO - [back_corridor_end.py:57] - 现在是(3,89)
2025-11-23 14:28:15,021 - back_corridor_end - INFO - [back_corridor_end.py:80] - isDotAlive:发现死路上的点(3, 89)
2025-11-23 14:28:15,021 - back_corridor_end - INFO - [back_corridor_end.py:57] - 现在是(3,88)
2025-11-23 14:28:15,021 - back_corridor_end - INFO - [back_corridor_end.py:74] - isDotAlive:点(3, 88)是活的
2025-11-23 14:28:15,021 - back_corridor_end - INFO - [back_corridor_end.py:57] - 现在是(3,87)
2025-11-23 14:28:15,021 - back_corridor_end - INFO - [back_corridor_end.py:57] - 现在是(2,87)
2025-11-23 14:28:15,021 - back_corridor_end - INFO - [back_corridor_end.py:57] - 现在是(1,87)
2025-11-23 14:28:15,021 - back_corridor_end - INFO - [back_corridor_end.py:57] - 现在是(1,88)
2025-11-23 14:28:15,021 - back_corridor_end - INFO - [back_corridor_end.py:57] - 现在是(1,89)
2025-11-23 14:28:15,021 - back_corridor_end - INFO - [back_corridor_end.py:57] - 现在是(1,90)
2025-11-23 14:28:15,021 - back_corridor_end - INFO - [back_corridor_end.py:57] - 现在是(1,91)
2025-11-23 14:28:15,021 - back_corridor_end - INFO - [back_corridor_end.py:57] - 现在是(2,91)
2025-11-23 14:28:15,021 - back_corridor_end - INFO - [back_corridor_end.py:57] - 现在是(3,91)
2025-11-23 14:28:15,021 - back_corridor_end - INFO - [back_corridor_end.py:80] - isDotAlive:发现死路上的点(3, 91)
2025-11-23 14:28:15,021 - back_corridor_end - INFO - [back_corridor_end.py:57] - 现在是(2,91)
2025-11-23 14:28:15,021 - back_corridor_end - INFO - [back_corridor_end.py:80] - isDotAlive:发现死路上的点(2, 91)
2025-11-23 14:28:15,022 - back_corridor_end - INFO - [back_corridor_end.py:57] - 现在是(1,91)
2025-11-23 14:28:15,022 - back_corridor_end - INFO - [back_corridor_end.py:57] - 现在是(1,92)
2025-11-23 14:28:15,022 - back_corridor_end - INFO - [back_corridor_end.py:57] - 现在是(1,93)
2025-11-23 14:28:15,022 - back_corridor_end - INFO - [back_corridor_end.py:80] - isDotAlive:发现死路上的点(1, 93)
2025-11-23 14:28:15,022 - back_corridor_end - INFO - [back_corridor_end.py:57] - 现在是(1,92)
2025-11-23 14:28:15,022 - back_corridor_end - INFO - [back_corridor_end.py:80] - isDotAlive:发现死路上的点(1, 92)
2025-11-23 14:28:15,022 - back_corridor_end - INFO - [back_corridor_end.py:57] - 现在是(1,91)
2025-11-23 14:28:15,022 - back_corridor_end - INFO - [back_corridor_end.py:80] - isDotAlive:发现死路上的点(1, 91)
2025-11-23 14:28:15,022 - back_corridor_end - INFO - [back_corridor_end.py:57] - 现在是(1,90)
2025-11-23 14:28:15,022 - back_corridor_end - INFO - [back_corridor_end.py:80] - isDotAlive:发现死路上的点(1, 90)
2025-11-23 14:28:15,022 - back_corridor_end - INFO - [back_corridor_end.py:57] - 现在是(1,89)
2025-11-23 14:28:15,022 - back_corridor_end - INFO - [back_corridor_end.py:80] - isDotAlive:发现死路上的点(1, 89)
2025-11-23 14:28:15,022 - back_corridor_end - INFO - [back_corridor_end.py:57] - 现在是(1,88)
2025-11-23 14:28:15,022 - back_corridor_end - INFO - [back_corridor_end.py:80] - isDotAlive:发现死路上的点(1, 88)
2025-11-23 14:28:15,022 - back_corridor_end - INFO - [back_corridor_end.py:57] - 现在是(1,87)
2025-11-23 14:28:15,022 - back_corridor_end - INFO - [back_corridor_end.py:57] - 现在是(1,86)
2025-11-23 14:28:15,022 - back_corridor_end - INFO - [back_corridor_end.py:57] - 现在是(1,85)
2025-11-23 14:28:15,022 - back_corridor_end - INFO - [back_corridor_end.py:80] - isDotAlive:发现死路上的点(1, 85)
2025-11-23 14:28:15,022 - back_corridor_end - INFO - [back_corridor_end.py:57] - 现在是(1,86)
2025-11-23 14:28:15,023 - back_corridor_end - INFO - [back_corridor_end.py:80] - isDotAlive:发现死路上的点(1, 86)
2025-11-23 14:28:15,023 - back_corridor_end - INFO - [back_corridor_end.py:57] - 现在是(1,87)
2025-11-23 14:28:15,023 - back_corridor_end - INFO - [back_corridor_end.py:80] - isDotAlive:发现死路上的点(1, 87)
2025-11-23 14:28:15,023 - back_corridor_end - INFO - [back_corridor_end.py:57] - 现在是(2,87)
2025-11-23 14:28:15,023 - back_corridor_end - INFO - [back_corridor_end.py:80] - isDotAlive:发现死路上的点(2, 87)
2025-11-23 14:28:15,023 - back_corridor_end - INFO - [back_corridor_end.py:57] - 现在是(3,87)
2025-11-23 14:28:15,023 - back_corridor_end - INFO - [back_corridor_end.py:74] - isDotAlive:点(3, 87)是活的
2025-11-23 14:28:15,023 - back_corridor_end - INFO - [back_corridor_end.py:57] - 现在是(3,86)
2025-11-23 14:28:15,023 - back_corridor_end - INFO - [back_corridor_end.py:74] - isDotAlive:点(3, 86)是活的
2025-11-23 14:28:15,023 - back_corridor_end - INFO - [back_corridor_end.py:57] - 现在是(3,85)
2025-11-23 14:28:15,023 - back_corridor_end - INFO - [back_corridor_end.py:74] - isDotAlive:点(3, 85)是活的
2025-11-23 14:28:15,023 - back_corridor_end - INFO - [back_corridor_end.py:57] - 现在是(3,84)
2025-11-23 14:28:15,023 - back_corridor_end - INFO - [back_corridor_end.py:74] - isDotAlive:点(3, 84)是活的
2025-11-23 14:28:15,023 - back_corridor_end - INFO - [back_corridor_end.py:57] - 现在是(3,83)
2025-11-23 14:28:15,023 - back_corridor_end - INFO - [back_corridor_end.py:74] - isDotAlive:点(3, 83)是活的
2025-11-23 14:28:15,023 - back_corridor_end - INFO - [back_corridor_end.py:57] - 现在是(2,83)
2025-11-23 14:28:15,023 - back_corridor_end - INFO - [back_corridor_end.py:74] - isDotAlive:点(2, 83)是活的
2025-11-23 14:28:15,023 - back_corridor_end - INFO - [back_corridor_end.py:57] - 现在是(1,83)
2025-11-23 14:28:15,023 - back_corridor_end - INFO - [back_corridor_end.py:74] - isDotAlive:点(1, 83)是活的
2025-11-23 14:28:15,023 - back_corridor_end - INFO - [back_corridor_end.py:57] - 现在是(1,82)
2025-11-23 14:28:15,023 - back_corridor_end - INFO - [back_corridor_end.py:74] - isDotAlive:点(1, 82)是活的
2025-11-23 14:28:15,023 - back_corridor_end - INFO - [back_corridor_end.py:57] - 现在是(1,81)
2025-11-23 14:28:15,024 - back_corridor_end - INFO - [back_corridor_end.py:74] - isDotAlive:点(1, 81)是活的
2025-11-23 14:28:15,024 - back_corridor_end - INFO - [back_corridor_end.py:57] - 现在是(2,81)
2025-11-23 14:28:15,024 - back_corridor_end - INFO - [back_corridor_end.py:74] - isDotAlive:点(2, 81)是活的
2025-11-23 14:28:15,024 - back_corridor_end - INFO - [back_corridor_end.py:57] - 现在是(3,81)
2025-11-23 14:28:15,024 - back_corridor_end - INFO - [back_corridor_end.py:74] - isDotAlive:点(3, 81)是活的
2025-11-23 14:28:15,024 - back_corridor_end - INFO - [back_corridor_end.py:57] - 现在是(4,81)
2025-11-23 14:28:15,024 - back_corridor_end - INFO - [back_corridor_end.py:74] - isDotAlive:点(4, 81)是活的
2025-11-23 14:28:15,024 - back_corridor_end - INFO - [back_corridor_end.py:57] - 现在是(5,81)
2025-11-23 14:28:15,024 - back_corridor_end - INFO - [back_corridor_end.py:74] - isDotAlive:点(5, 81)是活的
2025-11-23 14:28:15,024 - back_corridor_end - INFO - [back_corridor_end.py:57] - 现在是(6,81)
2025-11-23 14:28:15,024 - back_corridor_end - INFO - [back_corridor_end.py:74] - isDotAlive:点(6, 81)是活的
2025-11-23 14:28:15,024 - back_corridor_end - INFO - [back_corridor_end.py:57] - 现在是(7,81)
2025-11-23 14:28:15,024 - back_corridor_end - INFO - [back_corridor_end.py:74] - isDotAlive:点(7, 81)是活的
2025-11-23 14:28:15,024 - back_corridor_end - INFO - [back_corridor_end.py:57] - 现在是(8,81)
2025-11-23 14:28:15,024 - back_corridor_end - INFO - [back_corridor_end.py:74] - isDotAlive:点(8, 81)是活的
2025-11-23 14:28:15,024 - back_corridor_end - INFO - [back_corridor_end.py:57] - 现在是(9,81)
2025-11-23 14:28:15,025 - back_corridor_end - INFO - [back_corridor_end.py:74] - isDotAlive:点(9, 81)是活的
2025-11-23 14:28:15,025 - back_corridor_end - INFO - [back_corridor_end.py:57] - 现在是(9,80)
2025-11-23 14:28:15,025 - back_corridor_end - INFO - [back_corridor_end.py:74] - isDotAlive:点(9, 80)是活的
2025-11-23 14:28:15,025 - back_corridor_end - INFO - [back_corridor_end.py:57] - 现在是(9,79)
2025-11-23 14:28:15,025 - back_corridor_end - INFO - [back_corridor_end.py:74] - isDotAlive:点(9, 79)是活的
2025-11-23 14:28:15,025 - back_corridor_end - INFO - [back_corridor_end.py:57] - 现在是(9,78)
2025-11-23 14:28:15,025 - back_corridor_end - INFO - [back_corridor_end.py:74] - isDotAlive:点(9, 78)是活的
2025-11-23 14:28:15,025 - back_corridor_end - INFO - [back_corridor_end.py:57] - 现在是(9,77)
2025-11-23 14:28:15,025 - back_corridor_end - INFO - [back_corridor_end.py:74] - isDotAlive:点(9, 77)是活的
2025-11-23 14:28:15,025 - back_corridor_end - INFO - [back_corridor_end.py:57] - 现在是(10,77)
2025-11-23 14:28:15,025 - back_corridor_end - INFO - [back_corridor_end.py:74] - isDotAlive:点(10, 77)是活的
2025-11-23 14:28:15,025 - back_corridor_end - INFO - [back_corridor_end.py:57] - 现在是(11,77)
2025-11-23 14:28:15,025 - back_corridor_end - INFO - [back_corridor_end.py:57] - 现在是(11,76)
2025-11-23 14:28:15,025 - back_corridor_end - INFO - [back_corridor_end.py:57] - 现在是(11,75)
2025-11-23 14:28:15,025 - back_corridor_end - INFO - [back_corridor_end.py:57] - 现在是(12,75)
2025-11-23 14:28:15,025 - back_corridor_end - INFO - [back_corridor_end.py:57] - 现在是(13,75)
2025-11-23 14:28:15,025 - back_corridor_end - INFO - [back_corridor_end.py:57] - 现在是(14,75)
2025-11-23 14:28:15,025 - back_corridor_end - INFO - [back_corridor_end.py:57] - 现在是(15,75)
2025-11-23 14:28:15,025 - back_corridor_end - INFO - [back_corridor_end.py:57] - 现在是(15,74)
2025-11-23 14:28:15,025 - back_corridor_end - INFO - [back_corridor_end.py:57] - 现在是(15,73)
2025-11-23 14:28:15,025 - back_corridor_end - INFO - [back_corridor_end.py:57] - 现在是(14,73)
2025-11-23 14:28:15,025 - back_corridor_end - INFO - [back_corridor_end.py:57] - 现在是(13,73)
2025-11-23 14:28:15,025 - back_corridor_end - INFO - [back_corridor_end.py:57] - 现在是(12,73)
2025-11-23 14:28:15,026 - back_corridor_end - INFO - [back_corridor_end.py:57] - 现在是(11,73)
2025-11-23 14:28:15,026 - back_corridor_end - INFO - [back_corridor_end.py:80] - isDotAlive:发现死路上的点(11, 73)
2025-11-23 14:28:15,026 - back_corridor_end - INFO - [back_corridor_end.py:57] - 现在是(12,73)
2025-11-23 14:28:15,026 - back_corridor_end - INFO - [back_corridor_end.py:80] - isDotAlive:发现死路上的点(12, 73)
2025-11-23 14:28:15,026 - back_corridor_end - INFO - [back_corridor_end.py:57] - 现在是(13,73)
2025-11-23 14:28:15,026 - back_corridor_end - INFO - [back_corridor_end.py:80] - isDotAlive:发现死路上的点(13, 73)
2025-11-23 14:28:15,026 - back_corridor_end - INFO - [back_corridor_end.py:57] - 现在是(14,73)
2025-11-23 14:28:15,026 - back_corridor_end - INFO - [back_corridor_end.py:80] - isDotAlive:发现死路上的点(14, 73)
2025-11-23 14:28:15,026 - back_corridor_end - INFO - [back_corridor_end.py:57] - 现在是(15,73)
2025-11-23 14:28:15,026 - back_corridor_end - INFO - [back_corridor_end.py:80] - isDotAlive:发现死路上的点(15, 73)
2025-11-23 14:28:15,026 - back_corridor_end - INFO - [back_corridor_end.py:57] - 现在是(15,74)
2025-11-23 14:28:15,026 - back_corridor_end - INFO - [back_corridor_end.py:80] - isDotAlive:发现死路上的点(15, 74)
2025-11-23 14:28:15,026 - back_corridor_end - INFO - [back_corridor_end.py:57] - 现在是(15,75)
2025-11-23 14:28:15,026 - back_corridor_end - INFO - [back_corridor_end.py:80] - isDotAlive:发现死路上的点(15, 75)
2025-11-23 14:28:15,026 - back_corridor_end - INFO - [back_corridor_end.py:57] - 现在是(14,75)
2025-11-23 14:28:15,026 - back_corridor_end - INFO - [back_corridor_end.py:80] - isDotAlive:发现死路上的点(14, 75)
2025-11-23 14:28:15,026 - back_corridor_end - INFO - [back_corridor_end.py:57] - 现在是(13,75)
2025-11-23 14:28:15,026 - back_corridor_end - INFO - [back_corridor_end.py:80] - isDotAlive:发现死路上的点(13, 75)
2025-11-23 14:28:15,027 - back_corridor_end - INFO - [back_corridor_end.py:57] - 现在是(12,75)
2025-11-23 14:28:15,027 - back_corridor_end - INFO - [back_corridor_end.py:80] - isDotAlive:发现死路上的点(12, 75)
2025-11-23 14:28:15,027 - back_corridor_end - INFO - [back_corridor_end.py:57] - 现在是(11,75)
2025-11-23 14:28:15,027 - back_corridor_end - INFO - [back_corridor_end.py:74] - isDotAlive:点(11, 75)是活的
2025-11-23 14:28:15,027 - back_corridor_end - INFO - [back_corridor_end.py:57] - 现在是(11,76)
2025-11-23 14:28:15,027 - back_corridor_end - INFO - [back_corridor_end.py:74] - isDotAlive:点(11, 76)是活的
2025-11-23 14:28:15,027 - back_corridor_end - INFO - [back_corridor_end.py:57] - 现在是(11,77)
2025-11-23 14:28:15,027 - back_corridor_end - INFO - [back_corridor_end.py:74] - isDotAlive:点(11, 77)是活的
2025-11-23 14:28:15,027 - back_corridor_end - INFO - [back_corridor_end.py:57] - 现在是(12,77)
2025-11-23 14:28:15,027 - back_corridor_end - INFO - [back_corridor_end.py:74] - isDotAlive:点(12, 77)是活的
2025-11-23 14:28:15,027 - back_corridor_end - INFO - [back_corridor_end.py:57] - 现在是(13,77)
2025-11-23 14:28:15,027 - back_corridor_end - INFO - [back_corridor_end.py:74] - isDotAlive:点(13, 77)是活的
2025-11-23 14:28:15,027 - back_corridor_end - INFO - [back_corridor_end.py:57] - 现在是(13,78)
2025-11-23 14:28:15,027 - back_corridor_end - INFO - [back_corridor_end.py:74] - isDotAlive:点(13, 78)是活的
2025-11-23 14:28:15,027 - back_corridor_end - INFO - [back_corridor_end.py:57] - 现在是(13,79)
2025-11-23 14:28:15,027 - back_corridor_end - INFO - [back_corridor_end.py:74] - isDotAlive:点(13, 79)是活的
2025-11-23 14:28:15,027 - back_corridor_end - INFO - [back_corridor_end.py:57] - 现在是(14,79)
2025-11-23 14:28:15,027 - back_corridor_end - INFO - [back_corridor_end.py:74] - isDotAlive:点(14, 79)是活的
2025-11-23 14:28:15,027 - back_corridor_end - INFO - [back_corridor_end.py:57] - 现在是(15,79)
2025-11-23 14:28:15,027 - back_corridor_end - INFO - [back_corridor_end.py:57] - 现在是(15,78)
2025-11-23 14:28:15,027 - back_corridor_end - INFO - [back_corridor_end.py:57] - 现在是(15,77)
2025-11-23 14:28:15,028 - back_corridor_end - INFO - [back_corridor_end.py:80] - isDotAlive:发现死路上的点(15, 77)
2025-11-23 14:28:15,028 - back_corridor_end - INFO - [back_corridor_end.py:57] - 现在是(15,78)
2025-11-23 14:28:15,028 - back_corridor_end - INFO - [back_corridor_end.py:80] - isDotAlive:发现死路上的点(15, 78)
2025-11-23 14:28:15,028 - back_corridor_end - INFO - [back_corridor_end.py:57] - 现在是(15,79)
2025-11-23 14:28:15,028 - back_corridor_end - INFO - [back_corridor_end.py:74] - isDotAlive:点(15, 79)是活的
2025-11-23 14:28:15,028 - back_corridor_end - INFO - [back_corridor_end.py:57] - 现在是(15,80)
2025-11-23 14:28:15,028 - back_corridor_end - INFO - [back_corridor_end.py:74] - isDotAlive:点(15, 80)是活的
2025-11-23 14:28:15,028 - back_corridor_end - INFO - [back_corridor_end.py:57] - 现在是(15,81)
2025-11-23 14:28:15,028 - back_corridor_end - INFO - [back_corridor_end.py:74] - isDotAlive:点(15, 81)是活的
2025-11-23 14:28:15,028 - back_corridor_end - INFO - [back_corridor_end.py:57] - 现在是(16,81)
2025-11-23 14:28:15,028 - back_corridor_end - INFO - [back_corridor_end.py:74] - isDotAlive:点(16, 81)是活的
2025-11-23 14:28:15,028 - back_corridor_end - INFO - [back_corridor_end.py:57] - 现在是(17,81)
2025-11-23 14:28:15,028 - back_corridor_end - INFO - [back_corridor_end.py:57] - 现在是(17,80)
2025-11-23 14:28:15,028 - back_corridor_end - INFO - [back_corridor_end.py:57] - 现在是(17,79)
2025-11-23 14:28:15,028 - back_corridor_end - INFO - [back_corridor_end.py:80] - isDotAlive:发现死路上的点(17, 79)
2025-11-23 14:28:15,028 - back_corridor_end - INFO - [back_corridor_end.py:57] - 现在是(17,80)
2025-11-23 14:28:15,028 - back_corridor_end - INFO - [back_corridor_end.py:80] - isDotAlive:发现死路上的点(17, 80)
2025-11-23 14:28:15,028 - back_corridor_end - INFO - [back_corridor_end.py:57] - 现在是(17,81)
2025-11-23 14:28:15,028 - back_corridor_end - INFO - [back_corridor_end.py:74] - isDotAlive:点(17, 81)是活的
2025-11-23 14:28:15,028 - back_corridor_end - INFO - [back_corridor_end.py:57] - 现在是(18,81)
2025-11-23 14:28:15,029 - back_corridor_end - INFO - [back_corridor_end.py:74] - isDotAlive:点(18, 81)是活的
2025-11-23 14:28:15,029 - back_corridor_end - INFO - [back_corridor_end.py:57] - 现在是(19,81)
2025-11-23 14:28:15,029 - back_corridor_end - INFO - [back_corridor_end.py:74] - isDotAlive:点(19, 81)是活的
2025-11-23 14:28:15,029 - back_corridor_end - INFO - [back_corridor_end.py:57] - 现在是(19,82)
2025-11-23 14:28:15,029 - back_corridor_end - INFO - [back_corridor_end.py:74] - isDotAlive:点(19, 82)是活的
2025-11-23 14:28:15,029 - back_corridor_end - INFO - [back_corridor_end.py:57] - 现在是(19,83)
2025-11-23 14:28:15,029 - back_corridor_end - INFO - [back_corridor_end.py:74] - isDotAlive:点(19, 83)是活的
2025-11-23 14:28:15,029 - back_corridor_end - INFO - [back_corridor_end.py:57] - 现在是(18,83)
2025-11-23 14:28:15,029 - back_corridor_end - INFO - [back_corridor_end.py:74] - isDotAlive:点(18, 83)是活的
2025-11-23 14:28:15,029 - back_corridor_end - INFO - [back_corridor_end.py:57] - 现在是(17,83)
2025-11-23 14:28:15,029 - back_corridor_end - INFO - [back_corridor_end.py:74] - isDotAlive:点(17, 83)是活的
2025-11-23 14:28:15,029 - back_corridor_end - INFO - [back_corridor_end.py:57] - 现在是(17,84)
2025-11-23 14:28:15,029 - back_corridor_end - INFO - [back_corridor_end.py:74] - isDotAlive:点(17, 84)是活的
2025-11-23 14:28:15,029 - back_corridor_end - INFO - [back_corridor_end.py:57] - 现在是(17,85)
2025-11-23 14:28:15,029 - back_corridor_end - INFO - [back_corridor_end.py:74] - isDotAlive:点(17, 85)是活的
2025-11-23 14:28:15,029 - back_corridor_end - INFO - [back_corridor_end.py:57] - 现在是(18,85)
2025-11-23 14:28:15,029 - back_corridor_end - INFO - [back_corridor_end.py:74] - isDotAlive:点(18, 85)是活的
2025-11-23 14:28:15,029 - back_corridor_end - INFO - [back_corridor_end.py:57] - 现在是(19,85)
2025-11-23 14:28:15,029 - back_corridor_end - INFO - [back_corridor_end.py:74] - isDotAlive:点(19, 85)是活的
2025-11-23 14:28:15,029 - back_corridor_end - INFO - [back_corridor_end.py:57] - 现在是(19,86)
2025-11-23 14:28:15,030 - back_corridor_end - INFO - [back_corridor_end.py:74] - isDotAlive:点(19, 86)是活的
2025-11-23 14:28:15,030 - back_corridor_end - INFO - [back_corridor_end.py:57] - 现在是(19,87)
2025-11-23 14:28:15,030 - back_corridor_end - INFO - [back_corridor_end.py:74] - isDotAlive:点(19, 87)是活的
2025-11-23 14:28:15,030 - back_corridor_end - INFO - [back_corridor_end.py:57] - 现在是(19,88)
2025-11-23 14:28:15,030 - back_corridor_end - INFO - [back_corridor_end.py:74] - isDotAlive:点(19, 88)是活的
2025-11-23 14:28:15,030 - back_corridor_end - INFO - [back_corridor_end.py:57] - 现在是(19,89)
2025-11-23 14:28:15,030 - back_corridor_end - INFO - [back_corridor_end.py:74] - isDotAlive:点(19, 89)是活的
2025-11-23 14:28:15,030 - back_corridor_end - INFO - [back_corridor_end.py:57] - 现在是(19,90)
2025-11-23 14:28:15,030 - back_corridor_end - INFO - [back_corridor_end.py:74] - isDotAlive:点(19, 90)是活的
2025-11-23 14:28:15,030 - back_corridor_end - INFO - [back_corridor_end.py:57] - 现在是(19,91)
2025-11-23 14:28:15,030 - back_corridor_end - INFO - [back_corridor_end.py:74] - isDotAlive:点(19, 91)是活的
2025-11-23 14:28:15,030 - back_corridor_end - INFO - [back_corridor_end.py:57] - 现在是(19,92)
2025-11-23 14:28:15,030 - back_corridor_end - INFO - [back_corridor_end.py:74] - isDotAlive:点(19, 92)是活的
2025-11-23 14:28:15,030 - back_corridor_end - INFO - [back_corridor_end.py:57] - 现在是(19,93)
2025-11-23 14:28:15,030 - back_corridor_end - INFO - [back_corridor_end.py:74] - isDotAlive:点(19, 93)是活的
2025-11-23 14:28:15,030 - back_corridor_end - INFO - [back_corridor_end.py:57] - 现在是(19,94)
2025-11-23 14:28:15,030 - back_corridor_end - INFO - [back_corridor_end.py:74] - isDotAlive:点(19, 94)是活的
2025-11-23 14:28:15,030 - back_corridor_end - INFO - [back_corridor_end.py:57] - 现在是(19,95)
2025-11-23 14:28:15,031 - back_corridor_end - INFO - [back_corridor_end.py:74] - isDotAlive:点(19, 95)是活的
2025-11-23 14:28:15,031 - back_corridor_end - INFO - [back_corridor_end.py:57] - 现在是(19,96)
2025-11-23 14:28:15,031 - back_corridor_end - INFO - [back_corridor_end.py:74] - isDotAlive:点(19, 96)是活的
2025-11-23 14:28:15,031 - back_corridor_end - INFO - [back_corridor_end.py:57] - 现在是(19,97)
2025-11-23 14:28:15,031 - back_corridor_end - INFO - [back_corridor_end.py:74] - isDotAlive:点(19, 97)是活的
2025-11-23 14:28:15,031 - back_corridor_end - INFO - [back_corridor_end.py:57] - 现在是(20,97)
2025-11-23 14:28:15,031 - back_corridor_end - INFO - [back_corridor_end.py:74] - isDotAlive:点(20, 97)是活的
2025-11-23 14:28:15,031 - back_corridor_end - INFO - [back_corridor_end.py:57] - 现在是(21,97)
2025-11-23 14:28:15,031 - back_corridor_end - INFO - [back_corridor_end.py:74] - isDotAlive:点(21, 97)是活的
2025-11-23 14:28:15,031 - back_corridor_end - INFO - [back_corridor_end.py:57] - 现在是(22,97)
2025-11-23 14:28:15,031 - back_corridor_end - INFO - [back_corridor_end.py:74] - isDotAlive:点(22, 97)是活的
2025-11-23 14:28:15,031 - back_corridor_end - INFO - [back_corridor_end.py:57] - 现在是(23,97)
2025-11-23 14:28:15,031 - back_corridor_end - INFO - [back_corridor_end.py:74] - isDotAlive:点(23, 97)是活的
2025-11-23 14:28:15,031 - back_corridor_end - INFO - [back_corridor_end.py:57] - 现在是(23,98)
2025-11-23 14:28:15,031 - back_corridor_end - INFO - [back_corridor_end.py:74] - isDotAlive:点(23, 98)是活的
2025-11-23 14:28:15,031 - back_corridor_end - INFO - [back_corridor_end.py:57] - 现在是(23,99)
2025-11-23 14:28:15,031 - back_corridor_end - INFO - [back_corridor_end.py:74] - isDotAlive:点(23, 99)是活的
2025-11-23 14:28:15,031 - back_corridor_end - INFO - [back_corridor_end.py:57] - 现在是(24,99)
2025-11-23 14:28:15,031 - back_corridor_end - INFO - [back_corridor_end.py:74] - isDotAlive:点(24, 99)是活的
2025-11-23 14:28:15,031 - back_corridor_end - INFO - [back_corridor_end.py:57] - 现在是(25,99)
2025-11-23 14:28:15,032 - back_corridor_end - INFO - [back_corridor_end.py:74] - isDotAlive:点(25, 99)是活的
2025-11-23 14:28:15,032 - back_corridor_end - INFO - [back_corridor_end.py:57] - 现在是(25,98)
2025-11-23 14:28:15,032 - back_corridor_end - INFO - [back_corridor_end.py:74] - isDotAlive:点(25, 98)是活的
2025-11-23 14:28:15,032 - back_corridor_end - INFO - [back_corridor_end.py:57] - 现在是(25,97)
2025-11-23 14:28:15,032 - back_corridor_end - INFO - [back_corridor_end.py:74] - isDotAlive:点(25, 97)是活的
2025-11-23 14:28:15,032 - back_corridor_end - INFO - [back_corridor_end.py:57] - 现在是(26,97)
2025-11-23 14:28:15,032 - back_corridor_end - INFO - [back_corridor_end.py:74] - isDotAlive:点(26, 97)是活的
2025-11-23 14:28:15,032 - back_corridor_end - INFO - [back_corridor_end.py:57] - 现在是(27,97)
2025-11-23 14:28:15,032 - back_corridor_end - INFO - [back_corridor_end.py:74] - isDotAlive:点(27, 97)是活的
2025-11-23 14:28:15,032 - back_corridor_end - INFO - [back_corridor_end.py:57] - 现在是(27,96)
2025-11-23 14:28:15,032 - back_corridor_end - INFO - [back_corridor_end.py:74] - isDotAlive:点(27, 96)是活的
2025-11-23 14:28:15,032 - back_corridor_end - INFO - [back_corridor_end.py:57] - 现在是(27,95)
2025-11-23 14:28:15,032 - back_corridor_end - INFO - [back_corridor_end.py:74] - isDotAlive:点(27, 95)是活的
2025-11-23 14:28:15,032 - back_corridor_end - INFO - [back_corridor_end.py:57] - 现在是(28,95)
2025-11-23 14:28:15,032 - back_corridor_end - INFO - [back_corridor_end.py:74] - isDotAlive:点(28, 95)是活的
2025-11-23 14:28:15,032 - back_corridor_end - INFO - [back_corridor_end.py:57] - 现在是(29,95)
2025-11-23 14:28:15,032 - back_corridor_end - INFO - [back_corridor_end.py:74] - isDotAlive:点(29, 95)是活的
2025-11-23 14:28:15,032 - back_corridor_end - INFO - [back_corridor_end.py:57] - 现在是(29,94)
2025-11-23 14:28:15,032 - back_corridor_end - INFO - [back_corridor_end.py:74] - isDotAlive:点(29, 94)是活的
2025-11-23 14:28:15,033 - back_corridor_end - INFO - [back_corridor_end.py:57] - 现在是(29,93)
2025-11-23 14:28:15,033 - back_corridor_end - INFO - [back_corridor_end.py:74] - isDotAlive:点(29, 93)是活的
2025-11-23 14:28:15,033 - back_corridor_end - INFO - [back_corridor_end.py:57] - 现在是(29,92)
2025-11-23 14:28:15,033 - back_corridor_end - INFO - [back_corridor_end.py:74] - isDotAlive:点(29, 92)是活的
2025-11-23 14:28:15,033 - back_corridor_end - INFO - [back_corridor_end.py:57] - 现在是(29,91)
2025-11-23 14:28:15,033 - back_corridor_end - INFO - [back_corridor_end.py:74] - isDotAlive:点(29, 91)是活的
2025-11-23 14:28:15,033 - back_corridor_end - INFO - [back_corridor_end.py:57] - 现在是(28,91)
2025-11-23 14:28:15,033 - back_corridor_end - INFO - [back_corridor_end.py:74] - isDotAlive:点(28, 91)是活的
2025-11-23 14:28:15,033 - back_corridor_end - INFO - [back_corridor_end.py:57] - 现在是(27,91)
2025-11-23 14:28:15,033 - back_corridor_end - INFO - [back_corridor_end.py:57] - 现在是(27,92)
2025-11-23 14:28:15,033 - back_corridor_end - INFO - [back_corridor_end.py:57] - 现在是(27,93)
2025-11-23 14:28:15,033 - back_corridor_end - INFO - [back_corridor_end.py:74] - isDotAlive:点(27, 93)是活的
2025-11-23 14:28:15,033 - back_corridor_end - INFO - [back_corridor_end.py:57] - 现在是(27,92)
2025-11-23 14:28:15,033 - back_corridor_end - INFO - [back_corridor_end.py:74] - isDotAlive:点(27, 92)是活的
2025-11-23 14:28:15,033 - back_corridor_end - INFO - [back_corridor_end.py:57] - 现在是(27,91)
2025-11-23 14:28:15,033 - back_corridor_end - INFO - [back_corridor_end.py:74] - isDotAlive:点(27, 91)是活的
2025-11-23 14:28:15,033 - back_corridor_end - INFO - [back_corridor_end.py:57] - 现在是(26,91)
2025-11-23 14:28:15,033 - back_corridor_end - INFO - [back_corridor_end.py:74] - isDotAlive:点(26, 91)是活的
2025-11-23 14:28:15,033 - back_corridor_end - INFO - [back_corridor_end.py:57] - 现在是(25,91)
2025-11-23 14:28:15,033 - back_corridor_end - INFO - [back_corridor_end.py:74] - isDotAlive:点(25, 91)是活的
2025-11-23 14:28:15,033 - back_corridor_end - INFO - [back_corridor_end.py:57] - 现在是(25,90)
2025-11-23 14:28:15,033 - back_corridor_end - INFO - [back_corridor_end.py:74] - isDotAlive:点(25, 90)是活的
2025-11-23 14:28:15,033 - back_corridor_end - INFO - [back_corridor_end.py:57] - 现在是(25,89)
2025-11-23 14:28:15,034 - back_corridor_end - INFO - [back_corridor_end.py:74] - isDotAlive:点(25, 89)是活的
2025-11-23 14:28:15,034 - back_corridor_end - INFO - [back_corridor_end.py:57] - 现在是(24,89)
2025-11-23 14:28:15,034 - back_corridor_end - INFO - [back_corridor_end.py:74] - isDotAlive:点(24, 89)是活的
2025-11-23 14:28:15,034 - back_corridor_end - INFO - [back_corridor_end.py:57] - 现在是(23,89)
2025-11-23 14:28:15,034 - back_corridor_end - INFO - [back_corridor_end.py:74] - isDotAlive:点(23, 89)是活的
2025-11-23 14:28:15,034 - back_corridor_end - INFO - [back_corridor_end.py:57] - 现在是(23,88)
2025-11-23 14:28:15,034 - back_corridor_end - INFO - [back_corridor_end.py:74] - isDotAlive:点(23, 88)是活的
2025-11-23 14:28:15,034 - back_corridor_end - INFO - [back_corridor_end.py:57] - 现在是(23,87)
2025-11-23 14:28:15,034 - back_corridor_end - INFO - [back_corridor_end.py:57] - 现在是(22,87)
2025-11-23 14:28:15,034 - back_corridor_end - INFO - [back_corridor_end.py:57] - 现在是(21,87)
2025-11-23 14:28:15,034 - back_corridor_end - INFO - [back_corridor_end.py:57] - 现在是(21,88)
2025-11-23 14:28:15,034 - back_corridor_end - INFO - [back_corridor_end.py:57] - 现在是(21,89)
2025-11-23 14:28:15,034 - back_corridor_end - INFO - [back_corridor_end.py:57] - 现在是(21,90)
2025-11-23 14:28:15,034 - back_corridor_end - INFO - [back_corridor_end.py:57] - 现在是(21,91)
2025-11-23 14:28:15,034 - back_corridor_end - INFO - [back_corridor_end.py:57] - 现在是(22,91)
2025-11-23 14:28:15,034 - back_corridor_end - INFO - [back_corridor_end.py:57] - 现在是(23,91)
2025-11-23 14:28:15,034 - back_corridor_end - INFO - [back_corridor_end.py:80] - isDotAlive:发现死路上的点(23, 91)
2025-11-23 14:28:15,034 - back_corridor_end - INFO - [back_corridor_end.py:57] - 现在是(22,91)
2025-11-23 14:28:15,034 - back_corridor_end - INFO - [back_corridor_end.py:80] - isDotAlive:发现死路上的点(22, 91)
2025-11-23 14:28:15,034 - back_corridor_end - INFO - [back_corridor_end.py:57] - 现在是(21,91)
2025-11-23 14:28:15,035 - back_corridor_end - INFO - [back_corridor_end.py:57] - 现在是(21,92)
2025-11-23 14:28:15,035 - back_corridor_end - INFO - [back_corridor_end.py:57] - 现在是(21,93)
2025-11-23 14:28:15,035 - back_corridor_end - INFO - [back_corridor_end.py:80] - isDotAlive:发现死路上的点(21, 93)
2025-11-23 14:28:15,035 - back_corridor_end - INFO - [back_corridor_end.py:57] - 现在是(21,92)
2025-11-23 14:28:15,035 - back_corridor_end - INFO - [back_corridor_end.py:80] - isDotAlive:发现死路上的点(21, 92)
2025-11-23 14:28:15,035 - back_corridor_end - INFO - [back_corridor_end.py:57] - 现在是(21,91)
2025-11-23 14:28:15,035 - back_corridor_end - INFO - [back_corridor_end.py:80] - isDotAlive:发现死路上的点(21, 91)
2025-11-23 14:28:15,035 - back_corridor_end - INFO - [back_corridor_end.py:57] - 现在是(21,90)
2025-11-23 14:28:15,035 - back_corridor_end - INFO - [back_corridor_end.py:80] - isDotAlive:发现死路上的点(21, 90)
2025-11-23 14:28:15,035 - back_corridor_end - INFO - [back_corridor_end.py:57] - 现在是(21,89)
2025-11-23 14:28:15,035 - back_corridor_end - INFO - [back_corridor_end.py:80] - isDotAlive:发现死路上的点(21, 89)
2025-11-23 14:28:15,035 - back_corridor_end - INFO - [back_corridor_end.py:57] - 现在是(21,88)
2025-11-23 14:28:15,035 - back_corridor_end - INFO - [back_corridor_end.py:80] - isDotAlive:发现死路上的点(21, 88)
2025-11-23 14:28:15,035 - back_corridor_end - INFO - [back_corridor_end.py:57] - 现在是(21,87)
2025-11-23 14:28:15,035 - back_corridor_end - INFO - [back_corridor_end.py:57] - 现在是(21,86)
2025-11-23 14:28:15,035 - back_corridor_end - INFO - [back_corridor_end.py:57] - 现在是(21,85)
2025-11-23 14:28:15,035 - back_corridor_end - INFO - [back_corridor_end.py:80] - isDotAlive:发现死路上的点(21, 85)
2025-11-23 14:28:15,035 - back_corridor_end - INFO - [back_corridor_end.py:57] - 现在是(21,86)
2025-11-23 14:28:15,035 - back_corridor_end - INFO - [back_corridor_end.py:80] - isDotAlive:发现死路上的点(21, 86)
2025-11-23 14:28:15,035 - back_corridor_end - INFO - [back_corridor_end.py:57] - 现在是(21,87)
2025-11-23 14:28:15,036 - back_corridor_end - INFO - [back_corridor_end.py:80] - isDotAlive:发现死路上的点(21, 87)
2025-11-23 14:28:15,036 - back_corridor_end - INFO - [back_corridor_end.py:57] - 现在是(22,87)
2025-11-23 14:28:15,036 - back_corridor_end - INFO - [back_corridor_end.py:80] - isDotAlive:发现死路上的点(22, 87)
2025-11-23 14:28:15,036 - back_corridor_end - INFO - [back_corridor_end.py:57] - 现在是(23,87)
2025-11-23 14:28:15,036 - back_corridor_end - INFO - [back_corridor_end.py:74] - isDotAlive:点(23, 87)是活的
2025-11-23 14:28:15,036 - back_corridor_end - INFO - [back_corridor_end.py:57] - 现在是(24,87)
2025-11-23 14:28:15,036 - back_corridor_end - INFO - [back_corridor_end.py:74] - isDotAlive:点(24, 87)是活的
2025-11-23 14:28:15,036 - back_corridor_end - INFO - [back_corridor_end.py:57] - 现在是(25,87)
2025-11-23 14:28:15,036 - back_corridor_end - INFO - [back_corridor_end.py:74] - isDotAlive:点(25, 87)是活的
2025-11-23 14:28:15,036 - back_corridor_end - INFO - [back_corridor_end.py:57] - 现在是(25,86)
2025-11-23 14:28:15,036 - back_corridor_end - INFO - [back_corridor_end.py:74] - isDotAlive:点(25, 86)是活的
2025-11-23 14:28:15,036 - back_corridor_end - INFO - [back_corridor_end.py:57] - 现在是(25,85)
2025-11-23 14:28:15,036 - back_corridor_end - INFO - [back_corridor_end.py:74] - isDotAlive:点(25, 85)是活的
2025-11-23 14:28:15,036 - back_corridor_end - INFO - [back_corridor_end.py:57] - 现在是(25,84)
2025-11-23 14:28:15,036 - back_corridor_end - INFO - [back_corridor_end.py:74] - isDotAlive:点(25, 84)是活的
2025-11-23 14:28:15,036 - back_corridor_end - INFO - [back_corridor_end.py:57] - 现在是(25,83)
2025-11-23 14:28:15,036 - back_corridor_end - INFO - [back_corridor_end.py:74] - isDotAlive:点(25, 83)是活的
2025-11-23 14:28:15,036 - back_corridor_end - INFO - [back_corridor_end.py:57] - 现在是(24,83)
2025-11-23 14:28:15,036 - back_corridor_end - INFO - [back_corridor_end.py:74] - isDotAlive:点(24, 83)是活的
2025-11-23 14:28:15,036 - back_corridor_end - INFO - [back_corridor_end.py:57] - 现在是(23,83)
2025-11-23 14:28:15,037 - back_corridor_end - INFO - [back_corridor_end.py:57] - 现在是(23,84)
2025-11-23 14:28:15,037 - back_corridor_end - INFO - [back_corridor_end.py:57] - 现在是(23,85)
2025-11-23 14:28:15,037 - back_corridor_end - INFO - [back_corridor_end.py:80] - isDotAlive:发现死路上的点(23, 85)
2025-11-23 14:28:15,037 - back_corridor_end - INFO - [back_corridor_end.py:57] - 现在是(23,84)
2025-11-23 14:28:15,037 - back_corridor_end - INFO - [back_corridor_end.py:80] - isDotAlive:发现死路上的点(23, 84)
2025-11-23 14:28:15,037 - back_corridor_end - INFO - [back_corridor_end.py:57] - 现在是(23,83)
2025-11-23 14:28:15,037 - back_corridor_end - INFO - [back_corridor_end.py:57] - 现在是(22,83)
2025-11-23 14:28:15,037 - back_corridor_end - INFO - [back_corridor_end.py:57] - 现在是(21,83)
2025-11-23 14:28:15,037 - back_corridor_end - INFO - [back_corridor_end.py:80] - isDotAlive:发现死路上的点(21, 83)
2025-11-23 14:28:15,037 - back_corridor_end - INFO - [back_corridor_end.py:57] - 现在是(22,83)
2025-11-23 14:28:15,037 - back_corridor_end - INFO - [back_corridor_end.py:80] - isDotAlive:发现死路上的点(22, 83)
2025-11-23 14:28:15,037 - back_corridor_end - INFO - [back_corridor_end.py:57] - 现在是(23,83)
2025-11-23 14:28:15,037 - back_corridor_end - INFO - [back_corridor_end.py:74] - isDotAlive:点(23, 83)是活的
2025-11-23 14:28:15,037 - back_corridor_end - INFO - [back_corridor_end.py:57] - 现在是(23,82)
2025-11-23 14:28:15,037 - back_corridor_end - INFO - [back_corridor_end.py:74] - isDotAlive:点(23, 82)是活的
2025-11-23 14:28:15,037 - back_corridor_end - INFO - [back_corridor_end.py:57] - 现在是(23,81)
2025-11-23 14:28:15,037 - back_corridor_end - INFO - [back_corridor_end.py:74] - isDotAlive:点(23, 81)是活的
2025-11-23 14:28:15,037 - back_corridor_end - INFO - [back_corridor_end.py:57] - 现在是(23,80)
2025-11-23 14:28:15,037 - back_corridor_end - INFO - [back_corridor_end.py:74] - isDotAlive:点(23, 80)是活的
2025-11-23 14:28:15,037 - back_corridor_end - INFO - [back_corridor_end.py:57] - 现在是(23,79)
2025-11-23 14:28:15,037 - back_corridor_end - INFO - [back_corridor_end.py:57] - 现在是(22,79)
2025-11-23 14:28:15,037 - back_corridor_end - INFO - [back_corridor_end.py:57] - 现在是(21,79)
2025-11-23 14:28:15,038 - back_corridor_end - INFO - [back_corridor_end.py:57] - 现在是(20,79)
2025-11-23 14:28:15,038 - back_corridor_end - INFO - [back_corridor_end.py:57] - 现在是(19,79)
2025-11-23 14:28:15,038 - back_corridor_end - INFO - [back_corridor_end.py:80] - isDotAlive:发现死路上的点(19, 79)
2025-11-23 14:28:15,038 - back_corridor_end - INFO - [back_corridor_end.py:57] - 现在是(20,79)
2025-11-23 14:28:15,038 - back_corridor_end - INFO - [back_corridor_end.py:80] - isDotAlive:发现死路上的点(20, 79)
2025-11-23 14:28:15,038 - back_corridor_end - INFO - [back_corridor_end.py:57] - 现在是(21,79)
2025-11-23 14:28:15,038 - back_corridor_end - INFO - [back_corridor_end.py:80] - isDotAlive:发现死路上的点(21, 79)
2025-11-23 14:28:15,038 - back_corridor_end - INFO - [back_corridor_end.py:57] - 现在是(22,79)
2025-11-23 14:28:15,038 - back_corridor_end - INFO - [back_corridor_end.py:80] - isDotAlive:发现死路上的点(22, 79)
2025-11-23 14:28:15,038 - back_corridor_end - INFO - [back_corridor_end.py:57] - 现在是(23,79)
2025-11-23 14:28:15,038 - back_corridor_end - INFO - [back_corridor_end.py:74] - isDotAlive:点(23, 79)是活的
2025-11-23 14:28:15,038 - back_corridor_end - INFO - [back_corridor_end.py:57] - 现在是(23,78)
2025-11-23 14:28:15,038 - back_corridor_end - INFO - [back_corridor_end.py:74] - isDotAlive:点(23, 78)是活的
2025-11-23 14:28:15,038 - back_corridor_end - INFO - [back_corridor_end.py:57] - 现在是(23,77)
2025-11-23 14:28:15,038 - back_corridor_end - INFO - [back_corridor_end.py:74] - isDotAlive:点(23, 77)是活的
2025-11-23 14:28:15,038 - back_corridor_end - INFO - [back_corridor_end.py:57] - 现在是(23,76)
2025-11-23 14:28:15,038 - back_corridor_end - INFO - [back_corridor_end.py:74] - isDotAlive:点(23, 76)是活的
2025-11-23 14:28:15,038 - back_corridor_end - INFO - [back_corridor_end.py:57] - 现在是(23,75)
2025-11-23 14:28:15,038 - back_corridor_end - INFO - [back_corridor_end.py:74] - isDotAlive:点(23, 75)是活的
2025-11-23 14:28:15,038 - back_corridor_end - INFO - [back_corridor_end.py:57] - 现在是(23,74)
2025-11-23 14:28:15,039 - back_corridor_end - INFO - [back_corridor_end.py:74] - isDotAlive:点(23, 74)是活的
2025-11-23 14:28:15,039 - back_corridor_end - INFO - [back_corridor_end.py:57] - 现在是(23,73)
2025-11-23 14:28:15,039 - back_corridor_end - INFO - [back_corridor_end.py:74] - isDotAlive:点(23, 73)是活的
2025-11-23 14:28:15,039 - back_corridor_end - INFO - [back_corridor_end.py:57] - 现在是(24,73)
2025-11-23 14:28:15,039 - back_corridor_end - INFO - [back_corridor_end.py:74] - isDotAlive:点(24, 73)是活的
2025-11-23 14:28:15,039 - back_corridor_end - INFO - [back_corridor_end.py:57] - 现在是(25,73)
2025-11-23 14:28:15,039 - back_corridor_end - INFO - [back_corridor_end.py:74] - isDotAlive:点(25, 73)是活的
2025-11-23 14:28:15,039 - back_corridor_end - INFO - [back_corridor_end.py:57] - 现在是(26,73)
2025-11-23 14:28:15,039 - back_corridor_end - INFO - [back_corridor_end.py:74] - isDotAlive:点(26, 73)是活的
2025-11-23 14:28:15,039 - back_corridor_end - INFO - [back_corridor_end.py:57] - 现在是(27,73)
2025-11-23 14:28:15,039 - back_corridor_end - INFO - [back_corridor_end.py:74] - isDotAlive:点(27, 73)是活的
2025-11-23 14:28:15,039 - back_corridor_end - INFO - [back_corridor_end.py:57] - 现在是(28,73)
2025-11-23 14:28:15,039 - back_corridor_end - INFO - [back_corridor_end.py:74] - isDotAlive:点(28, 73)是活的
2025-11-23 14:28:15,039 - back_corridor_end - INFO - [back_corridor_end.py:57] - 现在是(29,73)
2025-11-23 14:28:15,039 - back_corridor_end - INFO - [back_corridor_end.py:74] - isDotAlive:点(29, 73)是活的
2025-11-23 14:28:15,039 - back_corridor_end - INFO - [back_corridor_end.py:57] - 现在是(29,74)
2025-11-23 14:28:15,039 - back_corridor_end - INFO - [back_corridor_end.py:74] - isDotAlive:点(29, 74)是活的
2025-11-23 14:28:15,039 - back_corridor_end - INFO - [back_corridor_end.py:57] - 现在是(29,75)
2025-11-23 14:28:15,039 - back_corridor_end - INFO - [back_corridor_end.py:74] - isDotAlive:点(29, 75)是活的
2025-11-23 14:28:15,040 - back_corridor_end - INFO - [back_corridor_end.py:57] - 现在是(29,76)
2025-11-23 14:28:15,040 - back_corridor_end - INFO - [back_corridor_end.py:74] - isDotAlive:点(29, 76)是活的
2025-11-23 14:28:15,040 - back_corridor_end - INFO - [back_corridor_end.py:57] - 现在是(29,77)
2025-11-23 14:28:15,040 - back_corridor_end - INFO - [back_corridor_end.py:74] - isDotAlive:点(29, 77)是活的
2025-11-23 14:28:15,040 - back_corridor_end - INFO - [back_corridor_end.py:57] - 现在是(29,78)
2025-11-23 14:28:15,040 - back_corridor_end - INFO - [back_corridor_end.py:74] - isDotAlive:点(29, 78)是活的
2025-11-23 14:28:15,040 - back_corridor_end - INFO - [back_corridor_end.py:57] - 现在是(29,79)
2025-11-23 14:28:15,040 - back_corridor_end - INFO - [back_corridor_end.py:74] - isDotAlive:点(29, 79)是活的
2025-11-23 14:28:15,040 - back_corridor_end - INFO - [back_corridor_end.py:57] - 现在是(29,80)
2025-11-23 14:28:15,040 - back_corridor_end - INFO - [back_corridor_end.py:74] - isDotAlive:点(29, 80)是活的
2025-11-23 14:28:15,040 - back_corridor_end - INFO - [back_corridor_end.py:57] - 现在是(29,81)
2025-11-23 14:28:15,040 - back_corridor_end - INFO - [back_corridor_end.py:74] - isDotAlive:点(29, 81)是活的
2025-11-23 14:28:15,040 - back_corridor_end - INFO - [back_corridor_end.py:57] - 现在是(30,81)
2025-11-23 14:28:15,040 - back_corridor_end - INFO - [back_corridor_end.py:74] - isDotAlive:点(30, 81)是活的
2025-11-23 14:28:15,040 - back_corridor_end - INFO - [back_corridor_end.py:57] - 现在是(31,81)
2025-11-23 14:28:15,040 - back_corridor_end - INFO - [back_corridor_end.py:74] - isDotAlive:点(31, 81)是活的
2025-11-23 14:28:15,040 - back_corridor_end - INFO - [back_corridor_end.py:57] - 现在是(32,81)
2025-11-23 14:28:15,040 - back_corridor_end - INFO - [back_corridor_end.py:74] - isDotAlive:点(32, 81)是活的
2025-11-23 14:28:15,040 - back_corridor_end - INFO - [back_corridor_end.py:57] - 现在是(33,81)
2025-11-23 14:28:15,041 - back_corridor_end - INFO - [back_corridor_end.py:74] - isDotAlive:点(33, 81)是活的
2025-11-23 14:28:15,041 - back_corridor_end - INFO - [back_corridor_end.py:57] - 现在是(34,81)
2025-11-23 14:28:15,041 - back_corridor_end - INFO - [back_corridor_end.py:74] - isDotAlive:点(34, 81)是活的
2025-11-23 14:28:15,041 - back_corridor_end - INFO - [back_corridor_end.py:57] - 现在是(35,81)
2025-11-23 14:28:15,041 - back_corridor_end - INFO - [back_corridor_end.py:74] - isDotAlive:点(35, 81)是活的
2025-11-23 14:28:15,041 - back_corridor_end - INFO - [back_corridor_end.py:57] - 现在是(36,81)
2025-11-23 14:28:15,041 - back_corridor_end - INFO - [back_corridor_end.py:74] - isDotAlive:点(36, 81)是活的
2025-11-23 14:28:15,041 - back_corridor_end - INFO - [back_corridor_end.py:57] - 现在是(37,81)
2025-11-23 14:28:15,041 - back_corridor_end - INFO - [back_corridor_end.py:74] - isDotAlive:点(37, 81)是活的
2025-11-23 14:28:15,041 - back_corridor_end - INFO - [back_corridor_end.py:57] - 现在是(37,82)
2025-11-23 14:28:15,041 - back_corridor_end - INFO - [back_corridor_end.py:74] - isDotAlive:点(37, 82)是活的
2025-11-23 14:28:15,041 - back_corridor_end - INFO - [back_corridor_end.py:57] - 现在是(37,83)
2025-11-23 14:28:15,041 - back_corridor_end - INFO - [back_corridor_end.py:74] - isDotAlive:点(37, 83)是活的
2025-11-23 14:28:15,041 - back_corridor_end - INFO - [back_corridor_end.py:57] - 现在是(37,84)
2025-11-23 14:28:15,041 - back_corridor_end - INFO - [back_corridor_end.py:74] - isDotAlive:点(37, 84)是活的
2025-11-23 14:28:15,041 - back_corridor_end - INFO - [back_corridor_end.py:57] - 现在是(37,85)
2025-11-23 14:28:15,041 - back_corridor_end - INFO - [back_corridor_end.py:74] - isDotAlive:点(37, 85)是活的
2025-11-23 14:28:15,041 - back_corridor_end - INFO - [back_corridor_end.py:57] - 现在是(36,85)
2025-11-23 14:28:15,041 - back_corridor_end - INFO - [back_corridor_end.py:74] - isDotAlive:点(36, 85)是活的
2025-11-23 14:28:15,042 - back_corridor_end - INFO - [back_corridor_end.py:57] - 现在是(35,85)
2025-11-23 14:28:15,042 - back_corridor_end - INFO - [back_corridor_end.py:74] - isDotAlive:点(35, 85)是活的
2025-11-23 14:28:15,042 - back_corridor_end - INFO - [back_corridor_end.py:57] - 现在是(34,85)
2025-11-23 14:28:15,042 - back_corridor_end - INFO - [back_corridor_end.py:74] - isDotAlive:点(34, 85)是活的
2025-11-23 14:28:15,042 - back_corridor_end - INFO - [back_corridor_end.py:57] - 现在是(33,85)
2025-11-23 14:28:15,042 - back_corridor_end - INFO - [back_corridor_end.py:57] - 现在是(33,84)
2025-11-23 14:28:15,042 - back_corridor_end - INFO - [back_corridor_end.py:57] - 现在是(33,83)
2025-11-23 14:28:15,042 - back_corridor_end - INFO - [back_corridor_end.py:57] - 现在是(34,83)
2025-11-23 14:28:15,042 - back_corridor_end - INFO - [back_corridor_end.py:57] - 现在是(35,83)
2025-11-23 14:28:15,042 - back_corridor_end - INFO - [back_corridor_end.py:80] - isDotAlive:发现死路上的点(35, 83)
2025-11-23 14:28:15,042 - back_corridor_end - INFO - [back_corridor_end.py:57] - 现在是(34,83)
2025-11-23 14:28:15,042 - back_corridor_end - INFO - [back_corridor_end.py:80] - isDotAlive:发现死路上的点(34, 83)
2025-11-23 14:28:15,042 - back_corridor_end - INFO - [back_corridor_end.py:57] - 现在是(33,83)
2025-11-23 14:28:15,042 - back_corridor_end - INFO - [back_corridor_end.py:57] - 现在是(32,83)
2025-11-23 14:28:15,042 - back_corridor_end - INFO - [back_corridor_end.py:57] - 现在是(31,83)
2025-11-23 14:28:15,042 - back_corridor_end - INFO - [back_corridor_end.py:57] - 现在是(30,83)
2025-11-23 14:28:15,042 - back_corridor_end - INFO - [back_corridor_end.py:57] - 现在是(29,83)
2025-11-23 14:28:15,042 - back_corridor_end - INFO - [back_corridor_end.py:57] - 现在是(28,83)
2025-11-23 14:28:15,042 - back_corridor_end - INFO - [back_corridor_end.py:57] - 现在是(27,83)
2025-11-23 14:28:15,042 - back_corridor_end - INFO - [back_corridor_end.py:80] - isDotAlive:发现死路上的点(27, 83)
2025-11-23 14:28:15,042 - back_corridor_end - INFO - [back_corridor_end.py:57] - 现在是(28,83)
2025-11-23 14:28:15,042 - back_corridor_end - INFO - [back_corridor_end.py:80] - isDotAlive:发现死路上的点(28, 83)
2025-11-23 14:28:15,043 - back_corridor_end - INFO - [back_corridor_end.py:57] - 现在是(29,83)
2025-11-23 14:28:15,043 - back_corridor_end - INFO - [back_corridor_end.py:80] - isDotAlive:发现死路上的点(29, 83)
2025-11-23 14:28:15,043 - back_corridor_end - INFO - [back_corridor_end.py:57] - 现在是(30,83)
2025-11-23 14:28:15,043 - back_corridor_end - INFO - [back_corridor_end.py:80] - isDotAlive:发现死路上的点(30, 83)
2025-11-23 14:28:15,043 - back_corridor_end - INFO - [back_corridor_end.py:57] - 现在是(31,83)
2025-11-23 14:28:15,043 - back_corridor_end - INFO - [back_corridor_end.py:80] - isDotAlive:发现死路上的点(31, 83)
2025-11-23 14:28:15,043 - back_corridor_end - INFO - [back_corridor_end.py:57] - 现在是(32,83)
2025-11-23 14:28:15,043 - back_corridor_end - INFO - [back_corridor_end.py:80] - isDotAlive:发现死路上的点(32, 83)
2025-11-23 14:28:15,043 - back_corridor_end - INFO - [back_corridor_end.py:57] - 现在是(33,83)
2025-11-23 14:28:15,043 - back_corridor_end - INFO - [back_corridor_end.py:80] - isDotAlive:发现死路上的点(33, 83)
2025-11-23 14:28:15,043 - back_corridor_end - INFO - [back_corridor_end.py:57] - 现在是(33,84)
2025-11-23 14:28:15,043 - back_corridor_end - INFO - [back_corridor_end.py:80] - isDotAlive:发现死路上的点(33, 84)
2025-11-23 14:28:15,043 - back_corridor_end - INFO - [back_corridor_end.py:57] - 现在是(33,85)
2025-11-23 14:28:15,043 - back_corridor_end - INFO - [back_corridor_end.py:74] - isDotAlive:点(33, 85)是活的
2025-11-23 14:28:15,043 - back_corridor_end - INFO - [back_corridor_end.py:57] - 现在是(33,86)
2025-11-23 14:28:15,043 - back_corridor_end - INFO - [back_corridor_end.py:74] - isDotAlive:点(33, 86)是活的
2025-11-23 14:28:15,043 - back_corridor_end - INFO - [back_corridor_end.py:57] - 现在是(33,87)
2025-11-23 14:28:15,043 - back_corridor_end - INFO - [back_corridor_end.py:74] - isDotAlive:点(33, 87)是活的
2025-11-23 14:28:15,043 - back_corridor_end - INFO - [back_corridor_end.py:57] - 现在是(34,87)
2025-11-23 14:28:15,044 - back_corridor_end - INFO - [back_corridor_end.py:74] - isDotAlive:点(34, 87)是活的
2025-11-23 14:28:15,044 - back_corridor_end - INFO - [back_corridor_end.py:57] - 现在是(35,87)
2025-11-23 14:28:15,044 - back_corridor_end - INFO - [back_corridor_end.py:74] - isDotAlive:点(35, 87)是活的
2025-11-23 14:28:15,044 - back_corridor_end - INFO - [back_corridor_end.py:57] - 现在是(35,88)
2025-11-23 14:28:15,044 - back_corridor_end - INFO - [back_corridor_end.py:74] - isDotAlive:点(35, 88)是活的
2025-11-23 14:28:15,044 - back_corridor_end - INFO - [back_corridor_end.py:57] - 现在是(35,89)
2025-11-23 14:28:15,044 - back_corridor_end - INFO - [back_corridor_end.py:74] - isDotAlive:点(35, 89)是活的
2025-11-23 14:28:15,044 - back_corridor_end - INFO - [back_corridor_end.py:57] - 现在是(36,89)
2025-11-23 14:28:15,044 - back_corridor_end - INFO - [back_corridor_end.py:74] - isDotAlive:点(36, 89)是活的
2025-11-23 14:28:15,044 - back_corridor_end - INFO - [back_corridor_end.py:57] - 现在是(37,89)
2025-11-23 14:28:15,044 - back_corridor_end - INFO - [back_corridor_end.py:57] - 现在是(37,88)
2025-11-23 14:28:15,044 - back_corridor_end - INFO - [back_corridor_end.py:57] - 现在是(37,87)
2025-11-23 14:28:15,044 - back_corridor_end - INFO - [back_corridor_end.py:80] - isDotAlive:发现死路上的点(37, 87)
2025-11-23 14:28:15,044 - back_corridor_end - INFO - [back_corridor_end.py:57] - 现在是(37,88)
2025-11-23 14:28:15,044 - back_corridor_end - INFO - [back_corridor_end.py:80] - isDotAlive:发现死路上的点(37, 88)
2025-11-23 14:28:15,044 - back_corridor_end - INFO - [back_corridor_end.py:57] - 现在是(37,89)
2025-11-23 14:28:15,044 - back_corridor_end - INFO - [back_corridor_end.py:74] - isDotAlive:点(37, 89)是活的
2025-11-23 14:28:15,044 - back_corridor_end - INFO - [back_corridor_end.py:57] - 现在是(38,89)
2025-11-23 14:28:15,044 - back_corridor_end - INFO - [back_corridor_end.py:74] - isDotAlive:点(38, 89)是活的
2025-11-23 14:28:15,045 - back_corridor_end - INFO - [back_corridor_end.py:57] - 现在是(39,89)
2025-11-23 14:28:15,045 - back_corridor_end - INFO - [back_corridor_end.py:74] - isDotAlive:点(39, 89)是活的
2025-11-23 14:28:15,045 - back_corridor_end - INFO - [back_corridor_end.py:57] - 现在是(39,88)
2025-11-23 14:28:15,045 - back_corridor_end - INFO - [back_corridor_end.py:74] - isDotAlive:点(39, 88)是活的
2025-11-23 14:28:15,045 - back_corridor_end - INFO - [back_corridor_end.py:57] - 现在是(39,87)
2025-11-23 14:28:15,045 - back_corridor_end - INFO - [back_corridor_end.py:74] - isDotAlive:点(39, 87)是活的
2025-11-23 14:28:15,045 - back_corridor_end - INFO - [back_corridor_end.py:57] - 现在是(39,86)
2025-11-23 14:28:15,045 - back_corridor_end - INFO - [back_corridor_end.py:74] - isDotAlive:点(39, 86)是活的
2025-11-23 14:28:15,045 - back_corridor_end - INFO - [back_corridor_end.py:57] - 现在是(39,85)
2025-11-23 14:28:15,045 - back_corridor_end - INFO - [back_corridor_end.py:74] - isDotAlive:点(39, 85)是活的
2025-11-23 14:28:15,045 - back_corridor_end - INFO - [back_corridor_end.py:57] - 现在是(39,84)
2025-11-23 14:28:15,045 - back_corridor_end - INFO - [back_corridor_end.py:74] - isDotAlive:点(39, 84)是活的
2025-11-23 14:28:15,045 - back_corridor_end - INFO - [back_corridor_end.py:57] - 现在是(39,83)
2025-11-23 14:28:15,045 - back_corridor_end - INFO - [back_corridor_end.py:57] - 现在是(39,82)
2025-11-23 14:28:15,045 - back_corridor_end - INFO - [back_corridor_end.py:57] - 现在是(39,81)
2025-11-23 14:28:15,045 - back_corridor_end - INFO - [back_corridor_end.py:80] - isDotAlive:发现死路上的点(39, 81)
2025-11-23 14:28:15,045 - back_corridor_end - INFO - [back_corridor_end.py:57] - 现在是(39,82)
2025-11-23 14:28:15,045 - back_corridor_end - INFO - [back_corridor_end.py:80] - isDotAlive:发现死路上的点(39, 82)
2025-11-23 14:28:15,045 - back_corridor_end - INFO - [back_corridor_end.py:57] - 现在是(39,83)
2025-11-23 14:28:15,045 - back_corridor_end - INFO - [back_corridor_end.py:74] - isDotAlive:点(39, 83)是活的
2025-11-23 14:28:15,045 - back_corridor_end - INFO - [back_corridor_end.py:57] - 现在是(40,83)
2025-11-23 14:28:15,046 - back_corridor_end - INFO - [back_corridor_end.py:74] - isDotAlive:点(40, 83)是活的
2025-11-23 14:28:15,046 - back_corridor_end - INFO - [back_corridor_end.py:57] - 现在是(41,83)
2025-11-23 14:28:15,046 - back_corridor_end - INFO - [back_corridor_end.py:74] - isDotAlive:点(41, 83)是活的
2025-11-23 14:28:15,046 - back_corridor_end - INFO - [back_corridor_end.py:57] - 现在是(41,82)
2025-11-23 14:28:15,046 - back_corridor_end - INFO - [back_corridor_end.py:74] - isDotAlive:点(41, 82)是活的
2025-11-23 14:28:15,046 - back_corridor_end - INFO - [back_corridor_end.py:57] - 现在是(41,81)
2025-11-23 14:28:15,046 - back_corridor_end - INFO - [back_corridor_end.py:74] - isDotAlive:点(41, 81)是活的
2025-11-23 14:28:15,046 - back_corridor_end - INFO - [back_corridor_end.py:57] - 现在是(42,81)
2025-11-23 14:28:15,046 - back_corridor_end - INFO - [back_corridor_end.py:74] - isDotAlive:点(42, 81)是活的
2025-11-23 14:28:15,046 - back_corridor_end - INFO - [back_corridor_end.py:57] - 现在是(43,81)
2025-11-23 14:28:15,046 - back_corridor_end - INFO - [back_corridor_end.py:74] - isDotAlive:点(43, 81)是活的
2025-11-23 14:28:15,046 - back_corridor_end - INFO - [back_corridor_end.py:57] - 现在是(43,80)
2025-11-23 14:28:15,046 - back_corridor_end - INFO - [back_corridor_end.py:74] - isDotAlive:点(43, 80)是活的
2025-11-23 14:28:15,046 - back_corridor_end - INFO - [back_corridor_end.py:57] - 现在是(43,79)
2025-11-23 14:28:15,046 - back_corridor_end - INFO - [back_corridor_end.py:74] - isDotAlive:点(43, 79)是活的
2025-11-23 14:28:15,046 - back_corridor_end - INFO - [back_corridor_end.py:57] - 现在是(42,79)
2025-11-23 14:28:15,046 - back_corridor_end - INFO - [back_corridor_end.py:74] - isDotAlive:点(42, 79)是活的
2025-11-23 14:28:15,046 - back_corridor_end - INFO - [back_corridor_end.py:57] - 现在是(41,79)
2025-11-23 14:28:15,046 - back_corridor_end - INFO - [back_corridor_end.py:74] - isDotAlive:点(41, 79)是活的
2025-11-23 14:28:15,046 - back_corridor_end - INFO - [back_corridor_end.py:57] - 现在是(41,78)
2025-11-23 14:28:15,047 - back_corridor_end - INFO - [back_corridor_end.py:74] - isDotAlive:点(41, 78)是活的
2025-11-23 14:28:15,047 - back_corridor_end - INFO - [back_corridor_end.py:57] - 现在是(41,77)
2025-11-23 14:28:15,047 - back_corridor_end - INFO - [back_corridor_end.py:74] - isDotAlive:点(41, 77)是活的
2025-11-23 14:28:15,047 - back_corridor_end - INFO - [back_corridor_end.py:57] - 现在是(41,76)
2025-11-23 14:28:15,047 - back_corridor_end - INFO - [back_corridor_end.py:74] - isDotAlive:点(41, 76)是活的
2025-11-23 14:28:15,047 - back_corridor_end - INFO - [back_corridor_end.py:57] - 现在是(41,75)
2025-11-23 14:28:15,047 - back_corridor_end - INFO - [back_corridor_end.py:74] - isDotAlive:点(41, 75)是活的
2025-11-23 14:28:15,047 - back_corridor_end - INFO - [back_corridor_end.py:57] - 现在是(40,75)
2025-11-23 14:28:15,047 - back_corridor_end - INFO - [back_corridor_end.py:74] - isDotAlive:点(40, 75)是活的
2025-11-23 14:28:15,047 - back_corridor_end - INFO - [back_corridor_end.py:57] - 现在是(39,75)
2025-11-23 14:28:15,047 - back_corridor_end - INFO - [back_corridor_end.py:74] - isDotAlive:点(39, 75)是活的
2025-11-23 14:28:15,047 - back_corridor_end - INFO - [back_corridor_end.py:57] - 现在是(38,75)
2025-11-23 14:28:15,047 - back_corridor_end - INFO - [back_corridor_end.py:74] - isDotAlive:点(38, 75)是活的
2025-11-23 14:28:15,047 - back_corridor_end - INFO - [back_corridor_end.py:57] - 现在是(37,75)
2025-11-23 14:28:15,047 - back_corridor_end - INFO - [back_corridor_end.py:74] - isDotAlive:点(37, 75)是活的
2025-11-23 14:28:15,047 - back_corridor_end - INFO - [back_corridor_end.py:57] - 现在是(37,74)
2025-11-23 14:28:15,047 - back_corridor_end - INFO - [back_corridor_end.py:74] - isDotAlive:点(37, 74)是活的
2025-11-23 14:28:15,047 - back_corridor_end - INFO - [back_corridor_end.py:57] - 现在是(37,73)
2025-11-23 14:28:15,047 - back_corridor_end - INFO - [back_corridor_end.py:74] - isDotAlive:点(37, 73)是活的
2025-11-23 14:28:15,047 - back_corridor_end - INFO - [back_corridor_end.py:57] - 现在是(36,73)
2025-11-23 14:28:15,047 - back_corridor_end - INFO - [back_corridor_end.py:74] - isDotAlive:点(36, 73)是活的
2025-11-23 14:28:15,047 - back_corridor_end - INFO - [back_corridor_end.py:57] - 现在是(35,73)
2025-11-23 14:28:15,048 - back_corridor_end - INFO - [back_corridor_end.py:57] - 现在是(34,73)
2025-11-23 14:28:15,048 - back_corridor_end - INFO - [back_corridor_end.py:57] - 现在是(33,73)
2025-11-23 14:28:15,048 - back_corridor_end - INFO - [back_corridor_end.py:57] - 现在是(33,74)
2025-11-23 14:28:15,048 - back_corridor_end - INFO - [back_corridor_end.py:57] - 现在是(33,75)
2025-11-23 14:28:15,048 - back_corridor_end - INFO - [back_corridor_end.py:57] - 现在是(34,75)
2025-11-23 14:28:15,048 - back_corridor_end - INFO - [back_corridor_end.py:57] - 现在是(35,75)
2025-11-23 14:28:15,048 - back_corridor_end - INFO - [back_corridor_end.py:80] - isDotAlive:发现死路上的点(35, 75)
2025-11-23 14:28:15,048 - back_corridor_end - INFO - [back_corridor_end.py:57] - 现在是(34,75)
2025-11-23 14:28:15,048 - back_corridor_end - INFO - [back_corridor_end.py:80] - isDotAlive:发现死路上的点(34, 75)
2025-11-23 14:28:15,048 - back_corridor_end - INFO - [back_corridor_end.py:57] - 现在是(33,75)
2025-11-23 14:28:15,048 - back_corridor_end - INFO - [back_corridor_end.py:57] - 现在是(32,75)
2025-11-23 14:28:15,048 - back_corridor_end - INFO - [back_corridor_end.py:57] - 现在是(31,75)
2025-11-23 14:28:15,048 - back_corridor_end - INFO - [back_corridor_end.py:80] - isDotAlive:发现死路上的点(31, 75)
2025-11-23 14:28:15,048 - back_corridor_end - INFO - [back_corridor_end.py:57] - 现在是(32,75)
2025-11-23 14:28:15,048 - back_corridor_end - INFO - [back_corridor_end.py:80] - isDotAlive:发现死路上的点(32, 75)
2025-11-23 14:28:15,048 - back_corridor_end - INFO - [back_corridor_end.py:57] - 现在是(33,75)
2025-11-23 14:28:15,048 - back_corridor_end - INFO - [back_corridor_end.py:80] - isDotAlive:发现死路上的点(33, 75)
2025-11-23 14:28:15,048 - back_corridor_end - INFO - [back_corridor_end.py:57] - 现在是(33,74)
2025-11-23 14:28:15,048 - back_corridor_end - INFO - [back_corridor_end.py:80] - isDotAlive:发现死路上的点(33, 74)
2025-11-23 14:28:15,048 - back_corridor_end - INFO - [back_corridor_end.py:57] - 现在是(33,73)
2025-11-23 14:28:15,049 - back_corridor_end - INFO - [back_corridor_end.py:57] - 现在是(32,73)
2025-11-23 14:28:15,049 - back_corridor_end - INFO - [back_corridor_end.py:57] - 现在是(31,73)
2025-11-23 14:28:15,049 - back_corridor_end - INFO - [back_corridor_end.py:80] - isDotAlive:发现死路上的点(31, 73)
2025-11-23 14:28:15,049 - back_corridor_end - INFO - [back_corridor_end.py:57] - 现在是(32,73)
2025-11-23 14:28:15,049 - back_corridor_end - INFO - [back_corridor_end.py:80] - isDotAlive:发现死路上的点(32, 73)
2025-11-23 14:28:15,049 - back_corridor_end - INFO - [back_corridor_end.py:57] - 现在是(33,73)
2025-11-23 14:28:15,049 - back_corridor_end - INFO - [back_corridor_end.py:80] - isDotAlive:发现死路上的点(33, 73)
2025-11-23 14:28:15,049 - back_corridor_end - INFO - [back_corridor_end.py:57] - 现在是(34,73)
2025-11-23 14:28:15,049 - back_corridor_end - INFO - [back_corridor_end.py:80] - isDotAlive:发现死路上的点(34, 73)
2025-11-23 14:28:15,049 - back_corridor_end - INFO - [back_corridor_end.py:57] - 现在是(35,73)
2025-11-23 14:28:15,049 - back_corridor_end - INFO - [back_corridor_end.py:74] - isDotAlive:点(35, 73)是活的
2025-11-23 14:28:15,049 - back_corridor_end - INFO - [back_corridor_end.py:57] - 现在是(35,72)
2025-11-23 14:28:15,049 - back_corridor_end - INFO - [back_corridor_end.py:74] - isDotAlive:点(35, 72)是活的
2025-11-23 14:28:15,049 - back_corridor_end - INFO - [back_corridor_end.py:57] - 现在是(35,71)
2025-11-23 14:28:15,049 - back_corridor_end - INFO - [back_corridor_end.py:74] - isDotAlive:点(35, 71)是活的
2025-11-23 14:28:15,049 - back_corridor_end - INFO - [back_corridor_end.py:57] - 现在是(35,70)
2025-11-23 14:28:15,049 - back_corridor_end - INFO - [back_corridor_end.py:74] - isDotAlive:点(35, 70)是活的
2025-11-23 14:28:15,049 - back_corridor_end - INFO - [back_corridor_end.py:57] - 现在是(35,69)
2025-11-23 14:28:15,049 - back_corridor_end - INFO - [back_corridor_end.py:74] - isDotAlive:点(35, 69)是活的
2025-11-23 14:28:15,049 - back_corridor_end - INFO - [back_corridor_end.py:57] - 现在是(35,68)
2025-11-23 14:28:15,050 - back_corridor_end - INFO - [back_corridor_end.py:74] - isDotAlive:点(35, 68)是活的
2025-11-23 14:28:15,050 - back_corridor_end - INFO - [back_corridor_end.py:57] - 现在是(35,67)
2025-11-23 14:28:15,050 - back_corridor_end - INFO - [back_corridor_end.py:74] - isDotAlive:点(35, 67)是活的
2025-11-23 14:28:15,050 - back_corridor_end - INFO - [back_corridor_end.py:57] - 现在是(35,66)
2025-11-23 14:28:15,050 - back_corridor_end - INFO - [back_corridor_end.py:74] - isDotAlive:点(35, 66)是活的
2025-11-23 14:28:15,050 - back_corridor_end - INFO - [back_corridor_end.py:57] - 现在是(35,65)
2025-11-23 14:28:15,050 - back_corridor_end - INFO - [back_corridor_end.py:74] - isDotAlive:点(35, 65)是活的
2025-11-23 14:28:15,050 - back_corridor_end - INFO - [back_corridor_end.py:57] - 现在是(34,65)
2025-11-23 14:28:15,050 - back_corridor_end - INFO - [back_corridor_end.py:74] - isDotAlive:点(34, 65)是活的
2025-11-23 14:28:15,050 - back_corridor_end - INFO - [back_corridor_end.py:57] - 现在是(33,65)
2025-11-23 14:28:15,050 - back_corridor_end - INFO - [back_corridor_end.py:74] - isDotAlive:点(33, 65)是活的
2025-11-23 14:28:15,050 - back_corridor_end - INFO - [back_corridor_end.py:57] - 现在是(33,64)
2025-11-23 14:28:15,050 - back_corridor_end - INFO - [back_corridor_end.py:74] - isDotAlive:点(33, 64)是活的
2025-11-23 14:28:15,050 - back_corridor_end - INFO - [back_corridor_end.py:57] - 现在是(33,63)
2025-11-23 14:28:15,050 - back_corridor_end - INFO - [back_corridor_end.py:74] - isDotAlive:点(33, 63)是活的
2025-11-23 14:28:15,050 - back_corridor_end - INFO - [back_corridor_end.py:57] - 现在是(32,63)
2025-11-23 14:28:15,050 - back_corridor_end - INFO - [back_corridor_end.py:74] - isDotAlive:点(32, 63)是活的
2025-11-23 14:28:15,050 - back_corridor_end - INFO - [back_corridor_end.py:57] - 现在是(31,63)
2025-11-23 14:28:15,050 - back_corridor_end - INFO - [back_corridor_end.py:57] - 现在是(31,64)
2025-11-23 14:28:15,050 - back_corridor_end - INFO - [back_corridor_end.py:57] - 现在是(31,65)
2025-11-23 14:28:15,050 - back_corridor_end - INFO - [back_corridor_end.py:80] - isDotAlive:发现死路上的点(31, 65)
2025-11-23 14:28:15,050 - back_corridor_end - INFO - [back_corridor_end.py:57] - 现在是(31,64)
2025-11-23 14:28:15,051 - back_corridor_end - INFO - [back_corridor_end.py:80] - isDotAlive:发现死路上的点(31, 64)
2025-11-23 14:28:15,051 - back_corridor_end - INFO - [back_corridor_end.py:57] - 现在是(31,63)
2025-11-23 14:28:15,051 - back_corridor_end - INFO - [back_corridor_end.py:74] - isDotAlive:点(31, 63)是活的
2025-11-23 14:28:15,051 - back_corridor_end - INFO - [back_corridor_end.py:57] - 现在是(31,62)
2025-11-23 14:28:15,051 - back_corridor_end - INFO - [back_corridor_end.py:74] - isDotAlive:点(31, 62)是活的
2025-11-23 14:28:15,051 - back_corridor_end - INFO - [back_corridor_end.py:57] - 现在是(31,61)
2025-11-23 14:28:15,051 - back_corridor_end - INFO - [back_corridor_end.py:74] - isDotAlive:点(31, 61)是活的
2025-11-23 14:28:15,051 - back_corridor_end - INFO - [back_corridor_end.py:57] - 现在是(30,61)
2025-11-23 14:28:15,051 - back_corridor_end - INFO - [back_corridor_end.py:74] - isDotAlive:点(30, 61)是活的
2025-11-23 14:28:15,051 - back_corridor_end - INFO - [back_corridor_end.py:57] - 现在是(29,61)
2025-11-23 14:28:15,051 - back_corridor_end - INFO - [back_corridor_end.py:74] - isDotAlive:点(29, 61)是活的
2025-11-23 14:28:15,051 - back_corridor_end - INFO - [back_corridor_end.py:57] - 现在是(28,61)
2025-11-23 14:28:15,051 - back_corridor_end - INFO - [back_corridor_end.py:74] - isDotAlive:点(28, 61)是活的
2025-11-23 14:28:15,051 - back_corridor_end - INFO - [back_corridor_end.py:57] - 现在是(27,61)
2025-11-23 14:28:15,051 - back_corridor_end - INFO - [back_corridor_end.py:74] - isDotAlive:点(27, 61)是活的
2025-11-23 14:28:15,051 - back_corridor_end - INFO - [back_corridor_end.py:57] - 现在是(27,62)
2025-11-23 14:28:15,051 - back_corridor_end - INFO - [back_corridor_end.py:74] - isDotAlive:点(27, 62)是活的
2025-11-23 14:28:15,051 - back_corridor_end - INFO - [back_corridor_end.py:57] - 现在是(27,63)
2025-11-23 14:28:15,051 - back_corridor_end - INFO - [back_corridor_end.py:74] - isDotAlive:点(27, 63)是活的
2025-11-23 14:28:15,051 - back_corridor_end - INFO - [back_corridor_end.py:57] - 现在是(26,63)
2025-11-23 14:28:15,051 - back_corridor_end - INFO - [back_corridor_end.py:74] - isDotAlive:点(26, 63)是活的
2025-11-23 14:28:15,052 - back_corridor_end - INFO - [back_corridor_end.py:57] - 现在是(25,63)
2025-11-23 14:28:15,052 - back_corridor_end - INFO - [back_corridor_end.py:74] - isDotAlive:点(25, 63)是活的
2025-11-23 14:28:15,052 - back_corridor_end - INFO - [back_corridor_end.py:57] - 现在是(25,62)
2025-11-23 14:28:15,052 - back_corridor_end - INFO - [back_corridor_end.py:74] - isDotAlive:点(25, 62)是活的
2025-11-23 14:28:15,052 - back_corridor_end - INFO - [back_corridor_end.py:57] - 现在是(25,61)
2025-11-23 14:28:15,052 - back_corridor_end - INFO - [back_corridor_end.py:74] - isDotAlive:点(25, 61)是活的
2025-11-23 14:28:15,052 - back_corridor_end - INFO - [back_corridor_end.py:57] - 现在是(25,60)
2025-11-23 14:28:15,052 - back_corridor_end - INFO - [back_corridor_end.py:74] - isDotAlive:点(25, 60)是活的
2025-11-23 14:28:15,052 - back_corridor_end - INFO - [back_corridor_end.py:57] - 现在是(25,59)
2025-11-23 14:28:15,052 - back_corridor_end - INFO - [back_corridor_end.py:57] - 现在是(24,59)
2025-11-23 14:28:15,052 - back_corridor_end - INFO - [back_corridor_end.py:57] - 现在是(23,59)
2025-11-23 14:28:15,052 - back_corridor_end - INFO - [back_corridor_end.py:57] - 现在是(23,60)
2025-11-23 14:28:15,052 - back_corridor_end - INFO - [back_corridor_end.py:57] - 现在是(23,61)
2025-11-23 14:28:15,052 - back_corridor_end - INFO - [back_corridor_end.py:57] - 现在是(22,61)
2025-11-23 14:28:15,052 - back_corridor_end - INFO - [back_corridor_end.py:57] - 现在是(21,61)
2025-11-23 14:28:15,052 - back_corridor_end - INFO - [back_corridor_end.py:57] - 现在是(20,61)
2025-11-23 14:28:15,052 - back_corridor_end - INFO - [back_corridor_end.py:57] - 现在是(19,61)
2025-11-23 14:28:15,052 - back_corridor_end - INFO - [back_corridor_end.py:57] - 现在是(19,62)
2025-11-23 14:28:15,052 - back_corridor_end - INFO - [back_corridor_end.py:57] - 现在是(19,63)
2025-11-23 14:28:15,052 - back_corridor_end - INFO - [back_corridor_end.py:57] - 现在是(19,64)
2025-11-23 14:28:15,052 - back_corridor_end - INFO - [back_corridor_end.py:57] - 现在是(19,65)
2025-11-23 14:28:15,052 - back_corridor_end - INFO - [back_corridor_end.py:57] - 现在是(19,66)
2025-11-23 14:28:15,052 - back_corridor_end - INFO - [back_corridor_end.py:57] - 现在是(19,67)
2025-11-23 14:28:15,052 - back_corridor_end - INFO - [back_corridor_end.py:57] - 现在是(20,67)
2025-11-23 14:28:15,053 - back_corridor_end - INFO - [back_corridor_end.py:57] - 现在是(21,67)
2025-11-23 14:28:15,053 - back_corridor_end - INFO - [back_corridor_end.py:57] - 现在是(22,67)
2025-11-23 14:28:15,053 - back_corridor_end - INFO - [back_corridor_end.py:57] - 现在是(23,67)
2025-11-23 14:28:15,053 - back_corridor_end - INFO - [back_corridor_end.py:57] - 现在是(23,68)
2025-11-23 14:28:15,053 - back_corridor_end - INFO - [back_corridor_end.py:57] - 现在是(23,69)
2025-11-23 14:28:15,053 - back_corridor_end - INFO - [back_corridor_end.py:57] - 现在是(24,69)
2025-11-23 14:28:15,053 - back_corridor_end - INFO - [back_corridor_end.py:57] - 现在是(25,69)
2025-11-23 14:28:15,053 - back_corridor_end - INFO - [back_corridor_end.py:57] - 现在是(25,70)
2025-11-23 14:28:15,053 - back_corridor_end - INFO - [back_corridor_end.py:57] - 现在是(25,71)
2025-11-23 14:28:15,053 - back_corridor_end - INFO - [back_corridor_end.py:57] - 现在是(24,71)
2025-11-23 14:28:15,053 - back_corridor_end - INFO - [back_corridor_end.py:57] - 现在是(23,71)
2025-11-23 14:28:15,053 - back_corridor_end - INFO - [back_corridor_end.py:80] - isDotAlive:发现死路上的点(23, 71)
2025-11-23 14:28:15,053 - back_corridor_end - INFO - [back_corridor_end.py:57] - 现在是(24,71)
2025-11-23 14:28:15,053 - back_corridor_end - INFO - [back_corridor_end.py:80] - isDotAlive:发现死路上的点(24, 71)
2025-11-23 14:28:15,053 - back_corridor_end - INFO - [back_corridor_end.py:57] - 现在是(25,71)
2025-11-23 14:28:15,053 - back_corridor_end - INFO - [back_corridor_end.py:80] - isDotAlive:发现死路上的点(25, 71)
2025-11-23 14:28:15,053 - back_corridor_end - INFO - [back_corridor_end.py:57] - 现在是(25,70)
2025-11-23 14:28:15,053 - back_corridor_end - INFO - [back_corridor_end.py:80] - isDotAlive:发现死路上的点(25, 70)
2025-11-23 14:28:15,053 - back_corridor_end - INFO - [back_corridor_end.py:57] - 现在是(25,69)
2025-11-23 14:28:15,053 - back_corridor_end - INFO - [back_corridor_end.py:57] - 现在是(25,68)
2025-11-23 14:28:15,053 - back_corridor_end - INFO - [back_corridor_end.py:57] - 现在是(25,67)
2025-11-23 14:28:15,053 - back_corridor_end - INFO - [back_corridor_end.py:80] - isDotAlive:发现死路上的点(25, 67)
2025-11-23 14:28:15,054 - back_corridor_end - INFO - [back_corridor_end.py:57] - 现在是(25,68)
2025-11-23 14:28:15,054 - back_corridor_end - INFO - [back_corridor_end.py:80] - isDotAlive:发现死路上的点(25, 68)
2025-11-23 14:28:15,054 - back_corridor_end - INFO - [back_corridor_end.py:57] - 现在是(25,69)
2025-11-23 14:28:15,054 - back_corridor_end - INFO - [back_corridor_end.py:80] - isDotAlive:发现死路上的点(25, 69)
2025-11-23 14:28:15,054 - back_corridor_end - INFO - [back_corridor_end.py:57] - 现在是(24,69)
2025-11-23 14:28:15,054 - back_corridor_end - INFO - [back_corridor_end.py:80] - isDotAlive:发现死路上的点(24, 69)
2025-11-23 14:28:15,054 - back_corridor_end - INFO - [back_corridor_end.py:57] - 现在是(23,69)
2025-11-23 14:28:15,054 - back_corridor_end - INFO - [back_corridor_end.py:80] - isDotAlive:发现死路上的点(23, 69)
2025-11-23 14:28:15,054 - back_corridor_end - INFO - [back_corridor_end.py:57] - 现在是(23,68)
2025-11-23 14:28:15,054 - back_corridor_end - INFO - [back_corridor_end.py:80] - isDotAlive:发现死路上的点(23, 68)
2025-11-23 14:28:15,054 - back_corridor_end - INFO - [back_corridor_end.py:57] - 现在是(23,67)
2025-11-23 14:28:15,054 - back_corridor_end - INFO - [back_corridor_end.py:57] - 现在是(23,66)
2025-11-23 14:28:15,054 - back_corridor_end - INFO - [back_corridor_end.py:57] - 现在是(23,65)
2025-11-23 14:28:15,054 - back_corridor_end - INFO - [back_corridor_end.py:57] - 现在是(24,65)
2025-11-23 14:28:15,054 - back_corridor_end - INFO - [back_corridor_end.py:57] - 现在是(25,65)
2025-11-23 14:28:15,054 - back_corridor_end - INFO - [back_corridor_end.py:57] - 现在是(26,65)
2025-11-23 14:28:15,054 - back_corridor_end - INFO - [back_corridor_end.py:57] - 现在是(27,65)
2025-11-23 14:28:15,054 - back_corridor_end - INFO - [back_corridor_end.py:57] - 现在是(28,65)
2025-11-23 14:28:15,054 - back_corridor_end - INFO - [back_corridor_end.py:57] - 现在是(29,65)
2025-11-23 14:28:15,054 - back_corridor_end - INFO - [back_corridor_end.py:80] - isDotAlive:发现死路上的点(29, 65)
2025-11-23 14:28:15,055 - back_corridor_end - INFO - [back_corridor_end.py:57] - 现在是(28,65)
2025-11-23 14:28:15,055 - back_corridor_end - INFO - [back_corridor_end.py:80] - isDotAlive:发现死路上的点(28, 65)
2025-11-23 14:28:15,055 - back_corridor_end - INFO - [back_corridor_end.py:57] - 现在是(27,65)
2025-11-23 14:28:15,055 - back_corridor_end - INFO - [back_corridor_end.py:80] - isDotAlive:发现死路上的点(27, 65)
2025-11-23 14:28:15,055 - back_corridor_end - INFO - [back_corridor_end.py:57] - 现在是(26,65)
2025-11-23 14:28:15,055 - back_corridor_end - INFO - [back_corridor_end.py:80] - isDotAlive:发现死路上的点(26, 65)
2025-11-23 14:28:15,055 - back_corridor_end - INFO - [back_corridor_end.py:57] - 现在是(25,65)
2025-11-23 14:28:15,055 - back_corridor_end - INFO - [back_corridor_end.py:80] - isDotAlive:发现死路上的点(25, 65)
2025-11-23 14:28:15,055 - back_corridor_end - INFO - [back_corridor_end.py:57] - 现在是(24,65)
2025-11-23 14:28:15,055 - back_corridor_end - INFO - [back_corridor_end.py:80] - isDotAlive:发现死路上的点(24, 65)
2025-11-23 14:28:15,055 - back_corridor_end - INFO - [back_corridor_end.py:57] - 现在是(23,65)
2025-11-23 14:28:15,055 - back_corridor_end - INFO - [back_corridor_end.py:57] - 现在是(22,65)
2025-11-23 14:28:15,055 - back_corridor_end - INFO - [back_corridor_end.py:57] - 现在是(21,65)
2025-11-23 14:28:15,055 - back_corridor_end - INFO - [back_corridor_end.py:57] - 现在是(21,64)
2025-11-23 14:28:15,055 - back_corridor_end - INFO - [back_corridor_end.py:57] - 现在是(21,63)
2025-11-23 14:28:15,055 - back_corridor_end - INFO - [back_corridor_end.py:57] - 现在是(22,63)
2025-11-23 14:28:15,055 - back_corridor_end - INFO - [back_corridor_end.py:57] - 现在是(23,63)
2025-11-23 14:28:15,056 - back_corridor_end - INFO - [back_corridor_end.py:80] - isDotAlive:发现死路上的点(23, 63)
2025-11-23 14:28:15,056 - back_corridor_end - INFO - [back_corridor_end.py:57] - 现在是(22,63)
2025-11-23 14:28:15,056 - back_corridor_end - INFO - [back_corridor_end.py:80] - isDotAlive:发现死路上的点(22, 63)
2025-11-23 14:28:15,056 - back_corridor_end - INFO - [back_corridor_end.py:57] - 现在是(21,63)
2025-11-23 14:28:15,056 - back_corridor_end - INFO - [back_corridor_end.py:80] - isDotAlive:发现死路上的点(21, 63)
2025-11-23 14:28:15,056 - back_corridor_end - INFO - [back_corridor_end.py:57] - 现在是(21,64)
2025-11-23 14:28:15,056 - back_corridor_end - INFO - [back_corridor_end.py:80] - isDotAlive:发现死路上的点(21, 64)
2025-11-23 14:28:15,056 - back_corridor_end - INFO - [back_corridor_end.py:57] - 现在是(21,65)
2025-11-23 14:28:15,056 - back_corridor_end - INFO - [back_corridor_end.py:80] - isDotAlive:发现死路上的点(21, 65)
2025-11-23 14:28:15,056 - back_corridor_end - INFO - [back_corridor_end.py:57] - 现在是(22,65)
2025-11-23 14:28:15,056 - back_corridor_end - INFO - [back_corridor_end.py:80] - isDotAlive:发现死路上的点(22, 65)
2025-11-23 14:28:15,056 - back_corridor_end - INFO - [back_corridor_end.py:57] - 现在是(23,65)
2025-11-23 14:28:15,056 - back_corridor_end - INFO - [back_corridor_end.py:80] - isDotAlive:发现死路上的点(23, 65)
2025-11-23 14:28:15,056 - back_corridor_end - INFO - [back_corridor_end.py:57] - 现在是(23,66)
2025-11-23 14:28:15,056 - back_corridor_end - INFO - [back_corridor_end.py:80] - isDotAlive:发现死路上的点(23, 66)
2025-11-23 14:28:15,056 - back_corridor_end - INFO - [back_corridor_end.py:57] - 现在是(23,67)
2025-11-23 14:28:15,057 - back_corridor_end - INFO - [back_corridor_end.py:80] - isDotAlive:发现死路上的点(23, 67)
2025-11-23 14:28:15,057 - back_corridor_end - INFO - [back_corridor_end.py:57] - 现在是(22,67)
2025-11-23 14:28:15,057 - back_corridor_end - INFO - [back_corridor_end.py:80] - isDotAlive:发现死路上的点(22, 67)
2025-11-23 14:28:15,057 - back_corridor_end - INFO - [back_corridor_end.py:57] - 现在是(21,67)
2025-11-23 14:28:15,057 - back_corridor_end - INFO - [back_corridor_end.py:80] - isDotAlive:发现死路上的点(21, 67)
2025-11-23 14:28:15,057 - back_corridor_end - INFO - [back_corridor_end.py:57] - 现在是(20,67)
2025-11-23 14:28:15,057 - back_corridor_end - INFO - [back_corridor_end.py:80] - isDotAlive:发现死路上的点(20, 67)
2025-11-23 14:28:15,057 - back_corridor_end - INFO - [back_corridor_end.py:57] - 现在是(19,67)
2025-11-23 14:28:15,057 - back_corridor_end - INFO - [back_corridor_end.py:80] - isDotAlive:发现死路上的点(19, 67)
2025-11-23 14:28:15,057 - back_corridor_end - INFO - [back_corridor_end.py:57] - 现在是(19,66)
2025-11-23 14:28:15,057 - back_corridor_end - INFO - [back_corridor_end.py:80] - isDotAlive:发现死路上的点(19, 66)
2025-11-23 14:28:15,057 - back_corridor_end - INFO - [back_corridor_end.py:57] - 现在是(19,65)
2025-11-23 14:28:15,057 - back_corridor_end - INFO - [back_corridor_end.py:80] - isDotAlive:发现死路上的点(19, 65)
2025-11-23 14:28:15,057 - back_corridor_end - INFO - [back_corridor_end.py:57] - 现在是(19,64)
2025-11-23 14:28:15,057 - back_corridor_end - INFO - [back_corridor_end.py:80] - isDotAlive:发现死路上的点(19, 64)
2025-11-23 14:28:15,057 - back_corridor_end - INFO - [back_corridor_end.py:57] - 现在是(19,63)
2025-11-23 14:28:15,057 - back_corridor_end - INFO - [back_corridor_end.py:57] - 现在是(18,63)
2025-11-23 14:28:15,057 - back_corridor_end - INFO - [back_corridor_end.py:57] - 现在是(17,63)
2025-11-23 14:28:15,057 - back_corridor_end - INFO - [back_corridor_end.py:57] - 现在是(16,63)
2025-11-23 14:28:15,057 - back_corridor_end - INFO - [back_corridor_end.py:57] - 现在是(15,63)
2025-11-23 14:28:15,058 - back_corridor_end - INFO - [back_corridor_end.py:57] - 现在是(15,64)
2025-11-23 14:28:15,058 - back_corridor_end - INFO - [back_corridor_end.py:57] - 现在是(15,65)
2025-11-23 14:28:15,058 - back_corridor_end - INFO - [back_corridor_end.py:57] - 现在是(15,66)
2025-11-23 14:28:15,058 - back_corridor_end - INFO - [back_corridor_end.py:57] - 现在是(15,67)
2025-11-23 14:28:15,058 - back_corridor_end - INFO - [back_corridor_end.py:57] - 现在是(15,68)
2025-11-23 14:28:15,058 - back_corridor_end - INFO - [back_corridor_end.py:57] - 现在是(15,69)
2025-11-23 14:28:15,058 - back_corridor_end - INFO - [back_corridor_end.py:57] - 现在是(15,70)
2025-11-23 14:28:15,058 - back_corridor_end - INFO - [back_corridor_end.py:57] - 现在是(15,71)
2025-11-23 14:28:15,058 - back_corridor_end - INFO - [back_corridor_end.py:74] - isDotAlive:点(15, 71)是活的
2025-11-23 14:28:15,058 - back_corridor_end - INFO - [back_corridor_end.py:57] - 现在是(15,70)
2025-11-23 14:28:15,058 - back_corridor_end - INFO - [back_corridor_end.py:74] - isDotAlive:点(15, 70)是活的
2025-11-23 14:28:15,058 - back_corridor_end - INFO - [back_corridor_end.py:57] - 现在是(15,69)
2025-11-23 14:28:15,058 - back_corridor_end - INFO - [back_corridor_end.py:57] - 现在是(14,69)
2025-11-23 14:28:15,058 - back_corridor_end - INFO - [back_corridor_end.py:57] - 现在是(13,69)
2025-11-23 14:28:15,058 - back_corridor_end - INFO - [back_corridor_end.py:57] - 现在是(13,70)
2025-11-23 14:28:15,058 - back_corridor_end - INFO - [back_corridor_end.py:57] - 现在是(13,71)
2025-11-23 14:28:15,058 - back_corridor_end - INFO - [back_corridor_end.py:57] - 现在是(12,71)
2025-11-23 14:28:15,058 - back_corridor_end - INFO - [back_corridor_end.py:57] - 现在是(11,71)
2025-11-23 14:28:15,058 - back_corridor_end - INFO - [back_corridor_end.py:57] - 现在是(10,71)
2025-11-23 14:28:15,058 - back_corridor_end - INFO - [back_corridor_end.py:57] - 现在是(9,71)
2025-11-23 14:28:15,058 - back_corridor_end - INFO - [back_corridor_end.py:57] - 现在是(9,70)
2025-11-23 14:28:15,058 - back_corridor_end - INFO - [back_corridor_end.py:57] - 现在是(9,69)
2025-11-23 14:28:15,058 - back_corridor_end - INFO - [back_corridor_end.py:57] - 现在是(10,69)
2025-11-23 14:28:15,058 - back_corridor_end - INFO - [back_corridor_end.py:57] - 现在是(11,69)
2025-11-23 14:28:15,059 - back_corridor_end - INFO - [back_corridor_end.py:80] - isDotAlive:发现死路上的点(11, 69)
2025-11-23 14:28:15,059 - back_corridor_end - INFO - [back_corridor_end.py:57] - 现在是(10,69)
2025-11-23 14:28:15,059 - back_corridor_end - INFO - [back_corridor_end.py:80] - isDotAlive:发现死路上的点(10, 69)
2025-11-23 14:28:15,059 - back_corridor_end - INFO - [back_corridor_end.py:57] - 现在是(9,69)
2025-11-23 14:28:15,059 - back_corridor_end - INFO - [back_corridor_end.py:80] - isDotAlive:发现死路上的点(9, 69)
2025-11-23 14:28:15,059 - back_corridor_end - INFO - [back_corridor_end.py:57] - 现在是(9,70)
2025-11-23 14:28:15,059 - back_corridor_end - INFO - [back_corridor_end.py:80] - isDotAlive:发现死路上的点(9, 70)
2025-11-23 14:28:15,059 - back_corridor_end - INFO - [back_corridor_end.py:57] - 现在是(9,71)
2025-11-23 14:28:15,059 - back_corridor_end - INFO - [back_corridor_end.py:80] - isDotAlive:发现死路上的点(9, 71)
2025-11-23 14:28:15,059 - back_corridor_end - INFO - [back_corridor_end.py:57] - 现在是(10,71)
2025-11-23 14:28:15,059 - back_corridor_end - INFO - [back_corridor_end.py:80] - isDotAlive:发现死路上的点(10, 71)
2025-11-23 14:28:15,059 - back_corridor_end - INFO - [back_corridor_end.py:57] - 现在是(11,71)
2025-11-23 14:28:15,059 - back_corridor_end - INFO - [back_corridor_end.py:80] - isDotAlive:发现死路上的点(11, 71)
2025-11-23 14:28:15,059 - back_corridor_end - INFO - [back_corridor_end.py:57] - 现在是(12,71)
2025-11-23 14:28:15,059 - back_corridor_end - INFO - [back_corridor_end.py:80] - isDotAlive:发现死路上的点(12, 71)
2025-11-23 14:28:15,059 - back_corridor_end - INFO - [back_corridor_end.py:57] - 现在是(13,71)
2025-11-23 14:28:15,059 - back_corridor_end - INFO - [back_corridor_end.py:80] - isDotAlive:发现死路上的点(13, 71)
2025-11-23 14:28:15,059 - back_corridor_end - INFO - [back_corridor_end.py:57] - 现在是(13,70)
2025-11-23 14:28:15,060 - back_corridor_end - INFO - [back_corridor_end.py:80] - isDotAlive:发现死路上的点(13, 70)
2025-11-23 14:28:15,060 - back_corridor_end - INFO - [back_corridor_end.py:57] - 现在是(13,69)
2025-11-23 14:28:15,060 - back_corridor_end - INFO - [back_corridor_end.py:74] - isDotAlive:点(13, 69)是活的
2025-11-23 14:28:15,060 - back_corridor_end - INFO - [back_corridor_end.py:57] - 现在是(14,69)
2025-11-23 14:28:15,060 - back_corridor_end - INFO - [back_corridor_end.py:74] - isDotAlive:点(14, 69)是活的
2025-11-23 14:28:15,060 - back_corridor_end - INFO - [back_corridor_end.py:57] - 现在是(15,69)
2025-11-23 14:28:15,060 - back_corridor_end - INFO - [back_corridor_end.py:74] - isDotAlive:点(15, 69)是活的
2025-11-23 14:28:15,060 - back_corridor_end - INFO - [back_corridor_end.py:57] - 现在是(15,68)
2025-11-23 14:28:15,060 - back_corridor_end - INFO - [back_corridor_end.py:74] - isDotAlive:点(15, 68)是活的
2025-11-23 14:28:15,060 - back_corridor_end - INFO - [back_corridor_end.py:57] - 现在是(15,67)
2025-11-23 14:28:15,060 - back_corridor_end - INFO - [back_corridor_end.py:74] - isDotAlive:点(15, 67)是活的
2025-11-23 14:28:15,060 - back_corridor_end - INFO - [back_corridor_end.py:57] - 现在是(15,66)
2025-11-23 14:28:15,060 - back_corridor_end - INFO - [back_corridor_end.py:74] - isDotAlive:点(15, 66)是活的
2025-11-23 14:28:15,060 - back_corridor_end - INFO - [back_corridor_end.py:57] - 现在是(15,65)
2025-11-23 14:28:15,060 - back_corridor_end - INFO - [back_corridor_end.py:74] - isDotAlive:点(15, 65)是活的
2025-11-23 14:28:15,060 - back_corridor_end - INFO - [back_corridor_end.py:57] - 现在是(15,64)
2025-11-23 14:28:15,060 - back_corridor_end - INFO - [back_corridor_end.py:74] - isDotAlive:点(15, 64)是活的
2025-11-23 14:28:15,060 - back_corridor_end - INFO - [back_corridor_end.py:57] - 现在是(15,63)
2025-11-23 14:28:15,060 - back_corridor_end - INFO - [back_corridor_end.py:74] - isDotAlive:点(15, 63)是活的
2025-11-23 14:28:15,060 - back_corridor_end - INFO - [back_corridor_end.py:57] - 现在是(16,63)
2025-11-23 14:28:15,060 - back_corridor_end - INFO - [back_corridor_end.py:74] - isDotAlive:点(16, 63)是活的
2025-11-23 14:28:15,061 - back_corridor_end - INFO - [back_corridor_end.py:57] - 现在是(17,63)
2025-11-23 14:28:15,061 - back_corridor_end - INFO - [back_corridor_end.py:57] - 现在是(17,62)
2025-11-23 14:28:15,061 - back_corridor_end - INFO - [back_corridor_end.py:57] - 现在是(17,61)
2025-11-23 14:28:15,061 - back_corridor_end - INFO - [back_corridor_end.py:57] - 现在是(16,61)
2025-11-23 14:28:15,061 - back_corridor_end - INFO - [back_corridor_end.py:57] - 现在是(15,61)
2025-11-23 14:28:15,061 - back_corridor_end - INFO - [back_corridor_end.py:74] - isDotAlive:点(15, 61)是活的
2025-11-23 14:28:15,061 - back_corridor_end - INFO - [back_corridor_end.py:57] - 现在是(16,61)
2025-11-23 14:28:15,061 - back_corridor_end - INFO - [back_corridor_end.py:74] - isDotAlive:点(16, 61)是活的
2025-11-23 14:28:15,061 - back_corridor_end - INFO - [back_corridor_end.py:57] - 现在是(17,61)
2025-11-23 14:28:15,061 - back_corridor_end - INFO - [back_corridor_end.py:57] - 现在是(17,60)
2025-11-23 14:28:15,061 - back_corridor_end - INFO - [back_corridor_end.py:57] - 现在是(17,59)
2025-11-23 14:28:15,061 - back_corridor_end - INFO - [back_corridor_end.py:57] - 现在是(18,59)
2025-11-23 14:28:15,061 - back_corridor_end - INFO - [back_corridor_end.py:57] - 现在是(19,59)
2025-11-23 14:28:15,061 - back_corridor_end - INFO - [back_corridor_end.py:57] - 现在是(20,59)
2025-11-23 14:28:15,061 - back_corridor_end - INFO - [back_corridor_end.py:57] - 现在是(21,59)
2025-11-23 14:28:15,061 - back_corridor_end - INFO - [back_corridor_end.py:80] - isDotAlive:发现死路上的点(21, 59)
2025-11-23 14:28:15,061 - back_corridor_end - INFO - [back_corridor_end.py:57] - 现在是(20,59)
2025-11-23 14:28:15,061 - back_corridor_end - INFO - [back_corridor_end.py:80] - isDotAlive:发现死路上的点(20, 59)
2025-11-23 14:28:15,061 - back_corridor_end - INFO - [back_corridor_end.py:57] - 现在是(19,59)
2025-11-23 14:28:15,061 - back_corridor_end - INFO - [back_corridor_end.py:80] - isDotAlive:发现死路上的点(19, 59)
2025-11-23 14:28:15,061 - back_corridor_end - INFO - [back_corridor_end.py:57] - 现在是(18,59)
2025-11-23 14:28:15,062 - back_corridor_end - INFO - [back_corridor_end.py:80] - isDotAlive:发现死路上的点(18, 59)
2025-11-23 14:28:15,062 - back_corridor_end - INFO - [back_corridor_end.py:57] - 现在是(17,59)
2025-11-23 14:28:15,062 - back_corridor_end - INFO - [back_corridor_end.py:74] - isDotAlive:点(17, 59)是活的
2025-11-23 14:28:15,062 - back_corridor_end - INFO - [back_corridor_end.py:57] - 现在是(17,60)
2025-11-23 14:28:15,062 - back_corridor_end - INFO - [back_corridor_end.py:74] - isDotAlive:点(17, 60)是活的
2025-11-23 14:28:15,062 - back_corridor_end - INFO - [back_corridor_end.py:57] - 现在是(17,61)
2025-11-23 14:28:15,062 - back_corridor_end - INFO - [back_corridor_end.py:74] - isDotAlive:点(17, 61)是活的
2025-11-23 14:28:15,062 - back_corridor_end - INFO - [back_corridor_end.py:57] - 现在是(17,62)
2025-11-23 14:28:15,062 - back_corridor_end - INFO - [back_corridor_end.py:74] - isDotAlive:点(17, 62)是活的
2025-11-23 14:28:15,062 - back_corridor_end - INFO - [back_corridor_end.py:57] - 现在是(17,63)
2025-11-23 14:28:15,062 - back_corridor_end - INFO - [back_corridor_end.py:74] - isDotAlive:点(17, 63)是活的
2025-11-23 14:28:15,062 - back_corridor_end - INFO - [back_corridor_end.py:57] - 现在是(18,63)
2025-11-23 14:28:15,062 - back_corridor_end - INFO - [back_corridor_end.py:74] - isDotAlive:点(18, 63)是活的
2025-11-23 14:28:15,062 - back_corridor_end - INFO - [back_corridor_end.py:57] - 现在是(19,63)
2025-11-23 14:28:15,062 - back_corridor_end - INFO - [back_corridor_end.py:74] - isDotAlive:点(19, 63)是活的
2025-11-23 14:28:15,062 - back_corridor_end - INFO - [back_corridor_end.py:57] - 现在是(19,62)
2025-11-23 14:28:15,062 - back_corridor_end - INFO - [back_corridor_end.py:74] - isDotAlive:点(19, 62)是活的
2025-11-23 14:28:15,062 - back_corridor_end - INFO - [back_corridor_end.py:57] - 现在是(19,61)
2025-11-23 14:28:15,062 - back_corridor_end - INFO - [back_corridor_end.py:74] - isDotAlive:点(19, 61)是活的
2025-11-23 14:28:15,062 - back_corridor_end - INFO - [back_corridor_end.py:57] - 现在是(20,61)
2025-11-23 14:28:15,063 - back_corridor_end - INFO - [back_corridor_end.py:74] - isDotAlive:点(20, 61)是活的
2025-11-23 14:28:15,063 - back_corridor_end - INFO - [back_corridor_end.py:57] - 现在是(21,61)
2025-11-23 14:28:15,063 - back_corridor_end - INFO - [back_corridor_end.py:74] - isDotAlive:点(21, 61)是活的
2025-11-23 14:28:15,063 - back_corridor_end - INFO - [back_corridor_end.py:57] - 现在是(22,61)
2025-11-23 14:28:15,063 - back_corridor_end - INFO - [back_corridor_end.py:74] - isDotAlive:点(22, 61)是活的
2025-11-23 14:28:15,063 - back_corridor_end - INFO - [back_corridor_end.py:57] - 现在是(23,61)
2025-11-23 14:28:15,063 - back_corridor_end - INFO - [back_corridor_end.py:74] - isDotAlive:点(23, 61)是活的
2025-11-23 14:28:15,063 - back_corridor_end - INFO - [back_corridor_end.py:57] - 现在是(23,60)
2025-11-23 14:28:15,063 - back_corridor_end - INFO - [back_corridor_end.py:74] - isDotAlive:点(23, 60)是活的
2025-11-23 14:28:15,063 - back_corridor_end - INFO - [back_corridor_end.py:57] - 现在是(23,59)
2025-11-23 14:28:15,063 - back_corridor_end - INFO - [back_corridor_end.py:74] - isDotAlive:点(23, 59)是活的
2025-11-23 14:28:15,063 - back_corridor_end - INFO - [back_corridor_end.py:57] - 现在是(24,59)
2025-11-23 14:28:15,063 - back_corridor_end - INFO - [back_corridor_end.py:74] - isDotAlive:点(24, 59)是活的
2025-11-23 14:28:15,063 - back_corridor_end - INFO - [back_corridor_end.py:57] - 现在是(25,59)
2025-11-23 14:28:15,063 - back_corridor_end - INFO - [back_corridor_end.py:74] - isDotAlive:点(25, 59)是活的
2025-11-23 14:28:15,063 - back_corridor_end - INFO - [back_corridor_end.py:57] - 现在是(26,59)
2025-11-23 14:28:15,063 - back_corridor_end - INFO - [back_corridor_end.py:74] - isDotAlive:点(26, 59)是活的
2025-11-23 14:28:15,063 - back_corridor_end - INFO - [back_corridor_end.py:57] - 现在是(27,59)
2025-11-23 14:28:15,063 - back_corridor_end - INFO - [back_corridor_end.py:74] - isDotAlive:点(27, 59)是活的
2025-11-23 14:28:15,063 - back_corridor_end - INFO - [back_corridor_end.py:57] - 现在是(28,59)
2025-11-23 14:28:15,064 - back_corridor_end - INFO - [back_corridor_end.py:74] - isDotAlive:点(28, 59)是活的
2025-11-23 14:28:15,064 - back_corridor_end - INFO - [back_corridor_end.py:57] - 现在是(29,59)
2025-11-23 14:28:15,064 - back_corridor_end - INFO - [back_corridor_end.py:74] - isDotAlive:点(29, 59)是活的
2025-11-23 14:28:15,064 - back_corridor_end - INFO - [back_corridor_end.py:57] - 现在是(29,58)
2025-11-23 14:28:15,064 - back_corridor_end - INFO - [back_corridor_end.py:74] - isDotAlive:点(29, 58)是活的
2025-11-23 14:28:15,064 - back_corridor_end - INFO - [back_corridor_end.py:57] - 现在是(29,57)
2025-11-23 14:28:15,064 - back_corridor_end - INFO - [back_corridor_end.py:74] - isDotAlive:点(29, 57)是活的
2025-11-23 14:28:15,064 - back_corridor_end - INFO - [back_corridor_end.py:57] - 现在是(29,56)
2025-11-23 14:28:15,064 - back_corridor_end - INFO - [back_corridor_end.py:74] - isDotAlive:点(29, 56)是活的
2025-11-23 14:28:15,064 - back_corridor_end - INFO - [back_corridor_end.py:57] - 现在是(29,55)
2025-11-23 14:28:15,064 - back_corridor_end - INFO - [back_corridor_end.py:74] - isDotAlive:点(29, 55)是活的
2025-11-23 14:28:15,064 - back_corridor_end - INFO - [back_corridor_end.py:57] - 现在是(29,54)
2025-11-23 14:28:15,064 - back_corridor_end - INFO - [back_corridor_end.py:74] - isDotAlive:点(29, 54)是活的
2025-11-23 14:28:15,064 - back_corridor_end - INFO - [back_corridor_end.py:57] - 现在是(29,53)
2025-11-23 14:28:15,064 - back_corridor_end - INFO - [back_corridor_end.py:74] - isDotAlive:点(29, 53)是活的
2025-11-23 14:28:15,064 - back_corridor_end - INFO - [back_corridor_end.py:57] - 现在是(28,53)
2025-11-23 14:28:15,064 - back_corridor_end - INFO - [back_corridor_end.py:74] - isDotAlive:点(28, 53)是活的
2025-11-23 14:28:15,064 - back_corridor_end - INFO - [back_corridor_end.py:57] - 现在是(27,53)
2025-11-23 14:28:15,064 - back_corridor_end - INFO - [back_corridor_end.py:57] - 现在是(26,53)
2025-11-23 14:28:15,064 - back_corridor_end - INFO - [back_corridor_end.py:57] - 现在是(25,53)
2025-11-23 14:28:15,064 - back_corridor_end - INFO - [back_corridor_end.py:57] - 现在是(25,52)
2025-11-23 14:28:15,065 - back_corridor_end - INFO - [back_corridor_end.py:57] - 现在是(25,51)
2025-11-23 14:28:15,065 - back_corridor_end - INFO - [back_corridor_end.py:80] - isDotAlive:发现死路上的点(25, 51)
2025-11-23 14:28:15,065 - back_corridor_end - INFO - [back_corridor_end.py:57] - 现在是(25,52)
2025-11-23 14:28:15,065 - back_corridor_end - INFO - [back_corridor_end.py:80] - isDotAlive:发现死路上的点(25, 52)
2025-11-23 14:28:15,065 - back_corridor_end - INFO - [back_corridor_end.py:57] - 现在是(25,53)
2025-11-23 14:28:15,065 - back_corridor_end - INFO - [back_corridor_end.py:74] - isDotAlive:点(25, 53)是活的
2025-11-23 14:28:15,065 - back_corridor_end - INFO - [back_corridor_end.py:57] - 现在是(26,53)
2025-11-23 14:28:15,065 - back_corridor_end - INFO - [back_corridor_end.py:74] - isDotAlive:点(26, 53)是活的
2025-11-23 14:28:15,065 - back_corridor_end - INFO - [back_corridor_end.py:57] - 现在是(27,53)
2025-11-23 14:28:15,065 - back_corridor_end - INFO - [back_corridor_end.py:74] - isDotAlive:点(27, 53)是活的
2025-11-23 14:28:15,065 - back_corridor_end - INFO - [back_corridor_end.py:57] - 现在是(27,52)
2025-11-23 14:28:15,065 - back_corridor_end - INFO - [back_corridor_end.py:74] - isDotAlive:点(27, 52)是活的
2025-11-23 14:28:15,065 - back_corridor_end - INFO - [back_corridor_end.py:57] - 现在是(27,51)
2025-11-23 14:28:15,065 - back_corridor_end - INFO - [back_corridor_end.py:74] - isDotAlive:点(27, 51)是活的
2025-11-23 14:28:15,065 - back_corridor_end - INFO - [back_corridor_end.py:57] - 现在是(28,51)
2025-11-23 14:28:15,065 - back_corridor_end - INFO - [back_corridor_end.py:74] - isDotAlive:点(28, 51)是活的
2025-11-23 14:28:15,065 - back_corridor_end - INFO - [back_corridor_end.py:57] - 现在是(29,51)
2025-11-23 14:28:15,065 - back_corridor_end - INFO - [back_corridor_end.py:74] - isDotAlive:点(29, 51)是活的
2025-11-23 14:28:15,065 - back_corridor_end - INFO - [back_corridor_end.py:57] - 现在是(29,50)
2025-11-23 14:28:15,065 - back_corridor_end - INFO - [back_corridor_end.py:74] - isDotAlive:点(29, 50)是活的
2025-11-23 14:28:15,066 - back_corridor_end - INFO - [back_corridor_end.py:57] - 现在是(29,49)
2025-11-23 14:28:15,066 - back_corridor_end - INFO - [back_corridor_end.py:57] - 现在是(28,49)
2025-11-23 14:28:15,066 - back_corridor_end - INFO - [back_corridor_end.py:57] - 现在是(27,49)
2025-11-23 14:28:15,066 - back_corridor_end - INFO - [back_corridor_end.py:57] - 现在是(26,49)
2025-11-23 14:28:15,066 - back_corridor_end - INFO - [back_corridor_end.py:57] - 现在是(25,49)
2025-11-23 14:28:15,066 - back_corridor_end - INFO - [back_corridor_end.py:80] - isDotAlive:发现死路上的点(25, 49)
2025-11-23 14:28:15,066 - back_corridor_end - INFO - [back_corridor_end.py:57] - 现在是(26,49)
2025-11-23 14:28:15,066 - back_corridor_end - INFO - [back_corridor_end.py:80] - isDotAlive:发现死路上的点(26, 49)
2025-11-23 14:28:15,066 - back_corridor_end - INFO - [back_corridor_end.py:57] - 现在是(27,49)
2025-11-23 14:28:15,066 - back_corridor_end - INFO - [back_corridor_end.py:80] - isDotAlive:发现死路上的点(27, 49)
2025-11-23 14:28:15,066 - back_corridor_end - INFO - [back_corridor_end.py:57] - 现在是(28,49)
2025-11-23 14:28:15,066 - back_corridor_end - INFO - [back_corridor_end.py:80] - isDotAlive:发现死路上的点(28, 49)
2025-11-23 14:28:15,066 - back_corridor_end - INFO - [back_corridor_end.py:57] - 现在是(29,49)
2025-11-23 14:28:15,066 - back_corridor_end - INFO - [back_corridor_end.py:74] - isDotAlive:点(29, 49)是活的
2025-11-23 14:28:15,066 - back_corridor_end - INFO - [back_corridor_end.py:57] - 现在是(30,49)
2025-11-23 14:28:15,066 - back_corridor_end - INFO - [back_corridor_end.py:74] - isDotAlive:点(30, 49)是活的
2025-11-23 14:28:15,066 - back_corridor_end - INFO - [back_corridor_end.py:57] - 现在是(31,49)
2025-11-23 14:28:15,066 - back_corridor_end - INFO - [back_corridor_end.py:74] - isDotAlive:点(31, 49)是活的
2025-11-23 14:28:15,066 - back_corridor_end - INFO - [back_corridor_end.py:57] - 现在是(32,49)
2025-11-23 14:28:15,067 - back_corridor_end - INFO - [back_corridor_end.py:74] - isDotAlive:点(32, 49)是活的
2025-11-23 14:28:15,067 - back_corridor_end - INFO - [back_corridor_end.py:57] - 现在是(33,49)
2025-11-23 14:28:15,067 - back_corridor_end - INFO - [back_corridor_end.py:74] - isDotAlive:点(33, 49)是活的
2025-11-23 14:28:15,067 - back_corridor_end - INFO - [back_corridor_end.py:57] - 现在是(33,48)
2025-11-23 14:28:15,067 - back_corridor_end - INFO - [back_corridor_end.py:74] - isDotAlive:点(33, 48)是活的
2025-11-23 14:28:15,067 - back_corridor_end - INFO - [back_corridor_end.py:57] - 现在是(33,47)
2025-11-23 14:28:15,067 - back_corridor_end - INFO - [back_corridor_end.py:74] - isDotAlive:点(33, 47)是活的
2025-11-23 14:28:15,067 - back_corridor_end - INFO - [back_corridor_end.py:57] - 现在是(34,47)
2025-11-23 14:28:15,067 - back_corridor_end - INFO - [back_corridor_end.py:74] - isDotAlive:点(34, 47)是活的
2025-11-23 14:28:15,067 - back_corridor_end - INFO - [back_corridor_end.py:57] - 现在是(35,47)
2025-11-23 14:28:15,067 - back_corridor_end - INFO - [back_corridor_end.py:74] - isDotAlive:点(35, 47)是活的
2025-11-23 14:28:15,067 - back_corridor_end - INFO - [back_corridor_end.py:57] - 现在是(35,46)
2025-11-23 14:28:15,067 - back_corridor_end - INFO - [back_corridor_end.py:74] - isDotAlive:点(35, 46)是活的
2025-11-23 14:28:15,067 - back_corridor_end - INFO - [back_corridor_end.py:57] - 现在是(35,45)
2025-11-23 14:28:15,067 - back_corridor_end - INFO - [back_corridor_end.py:57] - 现在是(34,45)
2025-11-23 14:28:15,067 - back_corridor_end - INFO - [back_corridor_end.py:57] - 现在是(33,45)
2025-11-23 14:28:15,067 - back_corridor_end - INFO - [back_corridor_end.py:74] - isDotAlive:点(33, 45)是活的
2025-11-23 14:28:15,067 - back_corridor_end - INFO - [back_corridor_end.py:57] - 现在是(34,45)
2025-11-23 14:28:15,067 - back_corridor_end - INFO - [back_corridor_end.py:74] - isDotAlive:点(34, 45)是活的
2025-11-23 14:28:15,067 - back_corridor_end - INFO - [back_corridor_end.py:57] - 现在是(35,45)
2025-11-23 14:28:15,067 - back_corridor_end - INFO - [back_corridor_end.py:74] - isDotAlive:点(35, 45)是活的
2025-11-23 14:28:15,068 - back_corridor_end - INFO - [back_corridor_end.py:57] - 现在是(36,45)
2025-11-23 14:28:15,068 - back_corridor_end - INFO - [back_corridor_end.py:74] - isDotAlive:点(36, 45)是活的
2025-11-23 14:28:15,068 - back_corridor_end - INFO - [back_corridor_end.py:57] - 现在是(37,45)
2025-11-23 14:28:15,068 - back_corridor_end - INFO - [back_corridor_end.py:74] - isDotAlive:点(37, 45)是活的
2025-11-23 14:28:15,068 - back_corridor_end - INFO - [back_corridor_end.py:57] - 现在是(37,44)
2025-11-23 14:28:15,068 - back_corridor_end - INFO - [back_corridor_end.py:74] - isDotAlive:点(37, 44)是活的
2025-11-23 14:28:15,068 - back_corridor_end - INFO - [back_corridor_end.py:57] - 现在是(37,43)
2025-11-23 14:28:15,068 - back_corridor_end - INFO - [back_corridor_end.py:74] - isDotAlive:点(37, 43)是活的
2025-11-23 14:28:15,068 - back_corridor_end - INFO - [back_corridor_end.py:57] - 现在是(37,42)
2025-11-23 14:28:15,068 - back_corridor_end - INFO - [back_corridor_end.py:74] - isDotAlive:点(37, 42)是活的
2025-11-23 14:28:15,068 - back_corridor_end - INFO - [back_corridor_end.py:57] - 现在是(37,41)
2025-11-23 14:28:15,068 - back_corridor_end - INFO - [back_corridor_end.py:74] - isDotAlive:点(37, 41)是活的
2025-11-23 14:28:15,068 - back_corridor_end - INFO - [back_corridor_end.py:57] - 现在是(36,41)
2025-11-23 14:28:15,068 - back_corridor_end - INFO - [back_corridor_end.py:74] - isDotAlive:点(36, 41)是活的
2025-11-23 14:28:15,068 - back_corridor_end - INFO - [back_corridor_end.py:57] - 现在是(35,41)
2025-11-23 14:28:15,068 - back_corridor_end - INFO - [back_corridor_end.py:74] - isDotAlive:点(35, 41)是活的
2025-11-23 14:28:15,068 - back_corridor_end - INFO - [back_corridor_end.py:57] - 现在是(34,41)
2025-11-23 14:28:15,068 - back_corridor_end - INFO - [back_corridor_end.py:74] - isDotAlive:点(34, 41)是活的
2025-11-23 14:28:15,068 - back_corridor_end - INFO - [back_corridor_end.py:57] - 现在是(33,41)
2025-11-23 14:28:15,068 - back_corridor_end - INFO - [back_corridor_end.py:57] - 现在是(33,42)
2025-11-23 14:28:15,068 - back_corridor_end - INFO - [back_corridor_end.py:57] - 现在是(33,43)
2025-11-23 14:28:15,068 - back_corridor_end - INFO - [back_corridor_end.py:57] - 现在是(34,43)
2025-11-23 14:28:15,068 - back_corridor_end - INFO - [back_corridor_end.py:57] - 现在是(35,43)
2025-11-23 14:28:15,069 - back_corridor_end - INFO - [back_corridor_end.py:80] - isDotAlive:发现死路上的点(35, 43)
2025-11-23 14:28:15,069 - back_corridor_end - INFO - [back_corridor_end.py:57] - 现在是(34,43)
2025-11-23 14:28:15,069 - back_corridor_end - INFO - [back_corridor_end.py:80] - isDotAlive:发现死路上的点(34, 43)
2025-11-23 14:28:15,069 - back_corridor_end - INFO - [back_corridor_end.py:57] - 现在是(33,43)
2025-11-23 14:28:15,069 - back_corridor_end - INFO - [back_corridor_end.py:80] - isDotAlive:发现死路上的点(33, 43)
2025-11-23 14:28:15,069 - back_corridor_end - INFO - [back_corridor_end.py:57] - 现在是(33,42)
2025-11-23 14:28:15,069 - back_corridor_end - INFO - [back_corridor_end.py:80] - isDotAlive:发现死路上的点(33, 42)
2025-11-23 14:28:15,069 - back_corridor_end - INFO - [back_corridor_end.py:57] - 现在是(33,41)
2025-11-23 14:28:15,069 - back_corridor_end - INFO - [back_corridor_end.py:74] - isDotAlive:点(33, 41)是活的
2025-11-23 14:28:15,069 - back_corridor_end - INFO - [back_corridor_end.py:57] - 现在是(33,40)
2025-11-23 14:28:15,069 - back_corridor_end - INFO - [back_corridor_end.py:74] - isDotAlive:点(33, 40)是活的
2025-11-23 14:28:15,069 - back_corridor_end - INFO - [back_corridor_end.py:57] - 现在是(33,39)
2025-11-23 14:28:15,069 - back_corridor_end - INFO - [back_corridor_end.py:74] - isDotAlive:点(33, 39)是活的
2025-11-23 14:28:15,069 - back_corridor_end - INFO - [back_corridor_end.py:57] - 现在是(33,38)
2025-11-23 14:28:15,069 - back_corridor_end - INFO - [back_corridor_end.py:74] - isDotAlive:点(33, 38)是活的
2025-11-23 14:28:15,069 - back_corridor_end - INFO - [back_corridor_end.py:57] - 现在是(33,37)
2025-11-23 14:28:15,069 - back_corridor_end - INFO - [back_corridor_end.py:74] - isDotAlive:点(33, 37)是活的
2025-11-23 14:28:15,069 - back_corridor_end - INFO - [back_corridor_end.py:57] - 现在是(34,37)
2025-11-23 14:28:15,069 - back_corridor_end - INFO - [back_corridor_end.py:74] - isDotAlive:点(34, 37)是活的
2025-11-23 14:28:15,070 - back_corridor_end - INFO - [back_corridor_end.py:57] - 现在是(35,37)
2025-11-23 14:28:15,070 - back_corridor_end - INFO - [back_corridor_end.py:74] - isDotAlive:点(35, 37)是活的
2025-11-23 14:28:15,070 - back_corridor_end - INFO - [back_corridor_end.py:57] - 现在是(35,36)
2025-11-23 14:28:15,070 - back_corridor_end - INFO - [back_corridor_end.py:74] - isDotAlive:点(35, 36)是活的
2025-11-23 14:28:15,070 - back_corridor_end - INFO - [back_corridor_end.py:57] - 现在是(35,35)
2025-11-23 14:28:15,070 - back_corridor_end - INFO - [back_corridor_end.py:74] - isDotAlive:点(35, 35)是活的
2025-11-23 14:28:15,070 - back_corridor_end - INFO - [back_corridor_end.py:57] - 现在是(34,35)
2025-11-23 14:28:15,070 - back_corridor_end - INFO - [back_corridor_end.py:74] - isDotAlive:点(34, 35)是活的
2025-11-23 14:28:15,070 - back_corridor_end - INFO - [back_corridor_end.py:57] - 现在是(33,35)
2025-11-23 14:28:15,070 - back_corridor_end - INFO - [back_corridor_end.py:74] - isDotAlive:点(33, 35)是活的
2025-11-23 14:28:15,070 - back_corridor_end - INFO - [back_corridor_end.py:57] - 现在是(33,34)
2025-11-23 14:28:15,070 - back_corridor_end - INFO - [back_corridor_end.py:74] - isDotAlive:点(33, 34)是活的
2025-11-23 14:28:15,070 - back_corridor_end - INFO - [back_corridor_end.py:57] - 现在是(33,33)
2025-11-23 14:28:15,070 - back_corridor_end - INFO - [back_corridor_end.py:74] - isDotAlive:点(33, 33)是活的
2025-11-23 14:28:15,070 - back_corridor_end - INFO - [back_corridor_end.py:57] - 现在是(33,32)
2025-11-23 14:28:15,070 - back_corridor_end - INFO - [back_corridor_end.py:74] - isDotAlive:点(33, 32)是活的
2025-11-23 14:28:15,070 - back_corridor_end - INFO - [back_corridor_end.py:57] - 现在是(33,31)
2025-11-23 14:28:15,070 - back_corridor_end - INFO - [back_corridor_end.py:74] - isDotAlive:点(33, 31)是活的
2025-11-23 14:28:15,070 - back_corridor_end - INFO - [back_corridor_end.py:57] - 现在是(34,31)
2025-11-23 14:28:15,071 - back_corridor_end - INFO - [back_corridor_end.py:74] - isDotAlive:点(34, 31)是活的
2025-11-23 14:28:15,071 - back_corridor_end - INFO - [back_corridor_end.py:57] - 现在是(35,31)
2025-11-23 14:28:15,071 - back_corridor_end - INFO - [back_corridor_end.py:74] - isDotAlive:点(35, 31)是活的
2025-11-23 14:28:15,071 - back_corridor_end - INFO - [back_corridor_end.py:57] - 现在是(36,31)
2025-11-23 14:28:15,071 - back_corridor_end - INFO - [back_corridor_end.py:74] - isDotAlive:点(36, 31)是活的
2025-11-23 14:28:15,071 - back_corridor_end - INFO - [back_corridor_end.py:57] - 现在是(37,31)
2025-11-23 14:28:15,071 - back_corridor_end - INFO - [back_corridor_end.py:74] - isDotAlive:点(37, 31)是活的
2025-11-23 14:28:15,071 - back_corridor_end - INFO - [back_corridor_end.py:57] - 现在是(37,30)
2025-11-23 14:28:15,071 - back_corridor_end - INFO - [back_corridor_end.py:74] - isDotAlive:点(37, 30)是活的
2025-11-23 14:28:15,071 - back_corridor_end - INFO - [back_corridor_end.py:57] - 现在是(37,29)
2025-11-23 14:28:15,071 - back_corridor_end - INFO - [back_corridor_end.py:74] - isDotAlive:点(37, 29)是活的
2025-11-23 14:28:15,071 - back_corridor_end - INFO - [back_corridor_end.py:57] - 现在是(36,29)
2025-11-23 14:28:15,071 - back_corridor_end - INFO - [back_corridor_end.py:74] - isDotAlive:点(36, 29)是活的
2025-11-23 14:28:15,071 - back_corridor_end - INFO - [back_corridor_end.py:57] - 现在是(35,29)
2025-11-23 14:28:15,071 - back_corridor_end - INFO - [back_corridor_end.py:74] - isDotAlive:点(35, 29)是活的
2025-11-23 14:28:15,071 - back_corridor_end - INFO - [back_corridor_end.py:57] - 现在是(35,28)
2025-11-23 14:28:15,071 - back_corridor_end - INFO - [back_corridor_end.py:74] - isDotAlive:点(35, 28)是活的
2025-11-23 14:28:15,071 - back_corridor_end - INFO - [back_corridor_end.py:57] - 现在是(35,27)
2025-11-23 14:28:15,071 - back_corridor_end - INFO - [back_corridor_end.py:74] - isDotAlive:点(35, 27)是活的
2025-11-23 14:28:15,072 - back_corridor_end - INFO - [back_corridor_end.py:57] - 现在是(34,27)
2025-11-23 14:28:15,072 - back_corridor_end - INFO - [back_corridor_end.py:74] - isDotAlive:点(34, 27)是活的
2025-11-23 14:28:15,072 - back_corridor_end - INFO - [back_corridor_end.py:57] - 现在是(33,27)
2025-11-23 14:28:15,072 - back_corridor_end - INFO - [back_corridor_end.py:74] - isDotAlive:点(33, 27)是活的
2025-11-23 14:28:15,072 - back_corridor_end - INFO - [back_corridor_end.py:57] - 现在是(33,28)
2025-11-23 14:28:15,072 - back_corridor_end - INFO - [back_corridor_end.py:74] - isDotAlive:点(33, 28)是活的
2025-11-23 14:28:15,072 - back_corridor_end - INFO - [back_corridor_end.py:57] - 现在是(33,29)
2025-11-23 14:28:15,072 - back_corridor_end - INFO - [back_corridor_end.py:74] - isDotAlive:点(33, 29)是活的
2025-11-23 14:28:15,072 - back_corridor_end - INFO - [back_corridor_end.py:57] - 现在是(32,29)
2025-11-23 14:28:15,072 - back_corridor_end - INFO - [back_corridor_end.py:74] - isDotAlive:点(32, 29)是活的
2025-11-23 14:28:15,072 - back_corridor_end - INFO - [back_corridor_end.py:57] - 现在是(31,29)
2025-11-23 14:28:15,072 - back_corridor_end - INFO - [back_corridor_end.py:74] - isDotAlive:点(31, 29)是活的
2025-11-23 14:28:15,072 - back_corridor_end - INFO - [back_corridor_end.py:57] - 现在是(30,29)
2025-11-23 14:28:15,072 - back_corridor_end - INFO - [back_corridor_end.py:74] - isDotAlive:点(30, 29)是活的
2025-11-23 14:28:15,072 - back_corridor_end - INFO - [back_corridor_end.py:57] - 现在是(29,29)
2025-11-23 14:28:15,072 - back_corridor_end - INFO - [back_corridor_end.py:57] - 现在是(29,30)
2025-11-23 14:28:15,072 - back_corridor_end - INFO - [back_corridor_end.py:57] - 现在是(29,31)
2025-11-23 14:28:15,072 - back_corridor_end - INFO - [back_corridor_end.py:57] - 现在是(30,31)
2025-11-23 14:28:15,072 - back_corridor_end - INFO - [back_corridor_end.py:57] - 现在是(31,31)
2025-11-23 14:28:15,072 - back_corridor_end - INFO - [back_corridor_end.py:80] - isDotAlive:发现死路上的点(31, 31)
2025-11-23 14:28:15,073 - back_corridor_end - INFO - [back_corridor_end.py:57] - 现在是(30,31)
2025-11-23 14:28:15,073 - back_corridor_end - INFO - [back_corridor_end.py:80] - isDotAlive:发现死路上的点(30, 31)
2025-11-23 14:28:15,073 - back_corridor_end - INFO - [back_corridor_end.py:57] - 现在是(29,31)
2025-11-23 14:28:15,073 - back_corridor_end - INFO - [back_corridor_end.py:80] - isDotAlive:发现死路上的点(29, 31)
2025-11-23 14:28:15,073 - back_corridor_end - INFO - [back_corridor_end.py:57] - 现在是(29,30)
2025-11-23 14:28:15,073 - back_corridor_end - INFO - [back_corridor_end.py:80] - isDotAlive:发现死路上的点(29, 30)
2025-11-23 14:28:15,073 - back_corridor_end - INFO - [back_corridor_end.py:57] - 现在是(29,29)
2025-11-23 14:28:15,073 - back_corridor_end - INFO - [back_corridor_end.py:74] - isDotAlive:点(29, 29)是活的
2025-11-23 14:28:15,073 - back_corridor_end - INFO - [back_corridor_end.py:57] - 现在是(28,29)
2025-11-23 14:28:15,073 - back_corridor_end - INFO - [back_corridor_end.py:74] - isDotAlive:点(28, 29)是活的
2025-11-23 14:28:15,073 - back_corridor_end - INFO - [back_corridor_end.py:57] - 现在是(27,29)
2025-11-23 14:28:15,073 - back_corridor_end - INFO - [back_corridor_end.py:74] - isDotAlive:点(27, 29)是活的
2025-11-23 14:28:15,073 - back_corridor_end - INFO - [back_corridor_end.py:57] - 现在是(26,29)
2025-11-23 14:28:15,073 - back_corridor_end - INFO - [back_corridor_end.py:74] - isDotAlive:点(26, 29)是活的
2025-11-23 14:28:15,073 - back_corridor_end - INFO - [back_corridor_end.py:57] - 现在是(25,29)
2025-11-23 14:28:15,073 - back_corridor_end - INFO - [back_corridor_end.py:57] - 现在是(25,30)
2025-11-23 14:28:15,073 - back_corridor_end - INFO - [back_corridor_end.py:57] - 现在是(25,31)
2025-11-23 14:28:15,073 - back_corridor_end - INFO - [back_corridor_end.py:57] - 现在是(26,31)
2025-11-23 14:28:15,073 - back_corridor_end - INFO - [back_corridor_end.py:57] - 现在是(27,31)
2025-11-23 14:28:15,073 - back_corridor_end - INFO - [back_corridor_end.py:80] - isDotAlive:发现死路上的点(27, 31)
2025-11-23 14:28:15,073 - back_corridor_end - INFO - [back_corridor_end.py:57] - 现在是(26,31)
2025-11-23 14:28:15,074 - back_corridor_end - INFO - [back_corridor_end.py:80] - isDotAlive:发现死路上的点(26, 31)
2025-11-23 14:28:15,074 - back_corridor_end - INFO - [back_corridor_end.py:57] - 现在是(25,31)
2025-11-23 14:28:15,074 - back_corridor_end - INFO - [back_corridor_end.py:80] - isDotAlive:发现死路上的点(25, 31)
2025-11-23 14:28:15,074 - back_corridor_end - INFO - [back_corridor_end.py:57] - 现在是(25,30)
2025-11-23 14:28:15,074 - back_corridor_end - INFO - [back_corridor_end.py:80] - isDotAlive:发现死路上的点(25, 30)
2025-11-23 14:28:15,074 - back_corridor_end - INFO - [back_corridor_end.py:57] - 现在是(25,29)
2025-11-23 14:28:15,074 - back_corridor_end - INFO - [back_corridor_end.py:74] - isDotAlive:点(25, 29)是活的
2025-11-23 14:28:15,074 - back_corridor_end - INFO - [back_corridor_end.py:57] - 现在是(25,28)
2025-11-23 14:28:15,074 - back_corridor_end - INFO - [back_corridor_end.py:74] - isDotAlive:点(25, 28)是活的
2025-11-23 14:28:15,074 - back_corridor_end - INFO - [back_corridor_end.py:57] - 现在是(25,27)
2025-11-23 14:28:15,074 - back_corridor_end - INFO - [back_corridor_end.py:74] - isDotAlive:点(25, 27)是活的
2025-11-23 14:28:15,074 - back_corridor_end - INFO - [back_corridor_end.py:57] - 现在是(24,27)
2025-11-23 14:28:15,074 - back_corridor_end - INFO - [back_corridor_end.py:74] - isDotAlive:点(24, 27)是活的
2025-11-23 14:28:15,074 - back_corridor_end - INFO - [back_corridor_end.py:57] - 现在是(23,27)
2025-11-23 14:28:15,074 - back_corridor_end - INFO - [back_corridor_end.py:57] - 现在是(23,28)
2025-11-23 14:28:15,074 - back_corridor_end - INFO - [back_corridor_end.py:57] - 现在是(23,29)
2025-11-23 14:28:15,074 - back_corridor_end - INFO - [back_corridor_end.py:57] - 现在是(23,30)
2025-11-23 14:28:15,074 - back_corridor_end - INFO - [back_corridor_end.py:57] - 现在是(23,31)
2025-11-23 14:28:15,075 - back_corridor_end - INFO - [back_corridor_end.py:80] - isDotAlive:发现死路上的点(23, 31)
2025-11-23 14:28:15,075 - back_corridor_end - INFO - [back_corridor_end.py:57] - 现在是(23,30)
2025-11-23 14:28:15,075 - back_corridor_end - INFO - [back_corridor_end.py:80] - isDotAlive:发现死路上的点(23, 30)
2025-11-23 14:28:15,075 - back_corridor_end - INFO - [back_corridor_end.py:57] - 现在是(23,29)
2025-11-23 14:28:15,075 - back_corridor_end - INFO - [back_corridor_end.py:80] - isDotAlive:发现死路上的点(23, 29)
2025-11-23 14:28:15,075 - back_corridor_end - INFO - [back_corridor_end.py:57] - 现在是(23,28)
2025-11-23 14:28:15,075 - back_corridor_end - INFO - [back_corridor_end.py:80] - isDotAlive:发现死路上的点(23, 28)
2025-11-23 14:28:15,075 - back_corridor_end - INFO - [back_corridor_end.py:57] - 现在是(23,27)
2025-11-23 14:28:15,075 - back_corridor_end - INFO - [back_corridor_end.py:74] - isDotAlive:点(23, 27)是活的
2025-11-23 14:28:15,075 - back_corridor_end - INFO - [back_corridor_end.py:57] - 现在是(23,26)
2025-11-23 14:28:15,075 - back_corridor_end - INFO - [back_corridor_end.py:74] - isDotAlive:点(23, 26)是活的
2025-11-23 14:28:15,075 - back_corridor_end - INFO - [back_corridor_end.py:57] - 现在是(23,25)
2025-11-23 14:28:15,075 - back_corridor_end - INFO - [back_corridor_end.py:74] - isDotAlive:点(23, 25)是活的
2025-11-23 14:28:15,075 - back_corridor_end - INFO - [back_corridor_end.py:57] - 现在是(23,24)
2025-11-23 14:28:15,075 - back_corridor_end - INFO - [back_corridor_end.py:57] - 现在是(23,23)
2025-11-23 14:28:15,075 - back_corridor_end - INFO - [back_corridor_end.py:57] - 现在是(24,23)
2025-11-23 14:28:15,075 - back_corridor_end - INFO - [back_corridor_end.py:57] - 现在是(25,23)
2025-11-23 14:28:15,075 - back_corridor_end - INFO - [back_corridor_end.py:57] - 现在是(26,23)
2025-11-23 14:28:15,075 - back_corridor_end - INFO - [back_corridor_end.py:57] - 现在是(27,23)
2025-11-23 14:28:15,075 - back_corridor_end - INFO - [back_corridor_end.py:57] - 现在是(27,24)
2025-11-23 14:28:15,075 - back_corridor_end - INFO - [back_corridor_end.py:57] - 现在是(27,25)
2025-11-23 14:28:15,076 - back_corridor_end - INFO - [back_corridor_end.py:57] - 现在是(27,26)
2025-11-23 14:28:15,076 - back_corridor_end - INFO - [back_corridor_end.py:57] - 现在是(27,27)
2025-11-23 14:28:15,076 - back_corridor_end - INFO - [back_corridor_end.py:57] - 现在是(28,27)
2025-11-23 14:28:15,076 - back_corridor_end - INFO - [back_corridor_end.py:57] - 现在是(29,27)
2025-11-23 14:28:15,076 - back_corridor_end - INFO - [back_corridor_end.py:57] - 现在是(30,27)
2025-11-23 14:28:15,076 - back_corridor_end - INFO - [back_corridor_end.py:57] - 现在是(31,27)
2025-11-23 14:28:15,076 - back_corridor_end - INFO - [back_corridor_end.py:80] - isDotAlive:发现死路上的点(31, 27)
2025-11-23 14:28:15,076 - back_corridor_end - INFO - [back_corridor_end.py:57] - 现在是(30,27)
2025-11-23 14:28:15,076 - back_corridor_end - INFO - [back_corridor_end.py:80] - isDotAlive:发现死路上的点(30, 27)
2025-11-23 14:28:15,076 - back_corridor_end - INFO - [back_corridor_end.py:57] - 现在是(29,27)
2025-11-23 14:28:15,076 - back_corridor_end - INFO - [back_corridor_end.py:57] - 现在是(29,26)
2025-11-23 14:28:15,076 - back_corridor_end - INFO - [back_corridor_end.py:57] - 现在是(29,25)
2025-11-23 14:28:15,076 - back_corridor_end - INFO - [back_corridor_end.py:57] - 现在是(29,24)
2025-11-23 14:28:15,076 - back_corridor_end - INFO - [back_corridor_end.py:57] - 现在是(29,23)
2025-11-23 14:28:15,076 - back_corridor_end - INFO - [back_corridor_end.py:80] - isDotAlive:发现死路上的点(29, 23)
2025-11-23 14:28:15,076 - back_corridor_end - INFO - [back_corridor_end.py:57] - 现在是(29,24)
2025-11-23 14:28:15,076 - back_corridor_end - INFO - [back_corridor_end.py:80] - isDotAlive:发现死路上的点(29, 24)
2025-11-23 14:28:15,076 - back_corridor_end - INFO - [back_corridor_end.py:57] - 现在是(29,25)
2025-11-23 14:28:15,076 - back_corridor_end - INFO - [back_corridor_end.py:80] - isDotAlive:发现死路上的点(29, 25)
2025-11-23 14:28:15,076 - back_corridor_end - INFO - [back_corridor_end.py:57] - 现在是(29,26)
2025-11-23 14:28:15,077 - back_corridor_end - INFO - [back_corridor_end.py:80] - isDotAlive:发现死路上的点(29, 26)
2025-11-23 14:28:15,077 - back_corridor_end - INFO - [back_corridor_end.py:57] - 现在是(29,27)
2025-11-23 14:28:15,077 - back_corridor_end - INFO - [back_corridor_end.py:80] - isDotAlive:发现死路上的点(29, 27)
2025-11-23 14:28:15,077 - back_corridor_end - INFO - [back_corridor_end.py:57] - 现在是(28,27)
2025-11-23 14:28:15,077 - back_corridor_end - INFO - [back_corridor_end.py:80] - isDotAlive:发现死路上的点(28, 27)
2025-11-23 14:28:15,077 - back_corridor_end - INFO - [back_corridor_end.py:57] - 现在是(27,27)
2025-11-23 14:28:15,077 - back_corridor_end - INFO - [back_corridor_end.py:80] - isDotAlive:发现死路上的点(27, 27)
2025-11-23 14:28:15,077 - back_corridor_end - INFO - [back_corridor_end.py:57] - 现在是(27,26)
2025-11-23 14:28:15,077 - back_corridor_end - INFO - [back_corridor_end.py:80] - isDotAlive:发现死路上的点(27, 26)
2025-11-23 14:28:15,077 - back_corridor_end - INFO - [back_corridor_end.py:57] - 现在是(27,25)
2025-11-23 14:28:15,077 - back_corridor_end - INFO - [back_corridor_end.py:57] - 现在是(26,25)
2025-11-23 14:28:15,077 - back_corridor_end - INFO - [back_corridor_end.py:57] - 现在是(25,25)
2025-11-23 14:28:15,077 - back_corridor_end - INFO - [back_corridor_end.py:80] - isDotAlive:发现死路上的点(25, 25)
2025-11-23 14:28:15,077 - back_corridor_end - INFO - [back_corridor_end.py:57] - 现在是(26,25)
2025-11-23 14:28:15,077 - back_corridor_end - INFO - [back_corridor_end.py:80] - isDotAlive:发现死路上的点(26, 25)
2025-11-23 14:28:15,077 - back_corridor_end - INFO - [back_corridor_end.py:57] - 现在是(27,25)
2025-11-23 14:28:15,077 - back_corridor_end - INFO - [back_corridor_end.py:80] - isDotAlive:发现死路上的点(27, 25)
2025-11-23 14:28:15,077 - back_corridor_end - INFO - [back_corridor_end.py:57] - 现在是(27,24)
2025-11-23 14:28:15,078 - back_corridor_end - INFO - [back_corridor_end.py:80] - isDotAlive:发现死路上的点(27, 24)
2025-11-23 14:28:15,078 - back_corridor_end - INFO - [back_corridor_end.py:57] - 现在是(27,23)
2025-11-23 14:28:15,078 - back_corridor_end - INFO - [back_corridor_end.py:57] - 现在是(27,22)
2025-11-23 14:28:15,078 - back_corridor_end - INFO - [back_corridor_end.py:57] - 现在是(27,21)
2025-11-23 14:28:15,078 - back_corridor_end - INFO - [back_corridor_end.py:57] - 现在是(26,21)
2025-11-23 14:28:15,078 - back_corridor_end - INFO - [back_corridor_end.py:57] - 现在是(25,21)
2025-11-23 14:28:15,078 - back_corridor_end - INFO - [back_corridor_end.py:74] - isDotAlive:点(25, 21)是活的
2025-11-23 14:28:15,078 - back_corridor_end - INFO - [back_corridor_end.py:57] - 现在是(26,21)
2025-11-23 14:28:15,078 - back_corridor_end - INFO - [back_corridor_end.py:74] - isDotAlive:点(26, 21)是活的
2025-11-23 14:28:15,078 - back_corridor_end - INFO - [back_corridor_end.py:57] - 现在是(27,21)
2025-11-23 14:28:15,078 - back_corridor_end - INFO - [back_corridor_end.py:74] - isDotAlive:点(27, 21)是活的
2025-11-23 14:28:15,078 - back_corridor_end - INFO - [back_corridor_end.py:57] - 现在是(27,22)
2025-11-23 14:28:15,078 - back_corridor_end - INFO - [back_corridor_end.py:74] - isDotAlive:点(27, 22)是活的
2025-11-23 14:28:15,078 - back_corridor_end - INFO - [back_corridor_end.py:57] - 现在是(27,23)
2025-11-23 14:28:15,078 - back_corridor_end - INFO - [back_corridor_end.py:74] - isDotAlive:点(27, 23)是活的
2025-11-23 14:28:15,078 - back_corridor_end - INFO - [back_corridor_end.py:57] - 现在是(26,23)
2025-11-23 14:28:15,078 - back_corridor_end - INFO - [back_corridor_end.py:74] - isDotAlive:点(26, 23)是活的
2025-11-23 14:28:15,078 - back_corridor_end - INFO - [back_corridor_end.py:57] - 现在是(25,23)
2025-11-23 14:28:15,078 - back_corridor_end - INFO - [back_corridor_end.py:74] - isDotAlive:点(25, 23)是活的
2025-11-23 14:28:15,078 - back_corridor_end - INFO - [back_corridor_end.py:57] - 现在是(24,23)
2025-11-23 14:28:15,078 - back_corridor_end - INFO - [back_corridor_end.py:74] - isDotAlive:点(24, 23)是活的
2025-11-23 14:28:15,079 - back_corridor_end - INFO - [back_corridor_end.py:57] - 现在是(23,23)
2025-11-23 14:28:15,079 - back_corridor_end - INFO - [back_corridor_end.py:74] - isDotAlive:点(23, 23)是活的
2025-11-23 14:28:15,079 - back_corridor_end - INFO - [back_corridor_end.py:57] - 现在是(23,24)
2025-11-23 14:28:15,079 - back_corridor_end - INFO - [back_corridor_end.py:74] - isDotAlive:点(23, 24)是活的
2025-11-23 14:28:15,079 - back_corridor_end - INFO - [back_corridor_end.py:57] - 现在是(22,24)
2025-11-23 14:28:15,079 - back_corridor_end - INFO - [back_corridor_end.py:74] - isDotAlive:点(22, 24)是活的
2025-11-23 14:28:15,079 - back_corridor_end - INFO - [back_corridor_end.py:46] - dfs从(16,25)开始
2025-11-23 14:28:15,079 - back_corridor_end - INFO - [back_corridor_end.py:57] - 现在是(16,25)
2025-11-23 14:28:15,079 - back_corridor_end - INFO - [back_corridor_end.py:57] - 现在是(15,25)
2025-11-23 14:28:15,079 - back_corridor_end - INFO - [back_corridor_end.py:57] - 现在是(14,25)
2025-11-23 14:28:15,079 - back_corridor_end - INFO - [back_corridor_end.py:57] - 现在是(13,25)
2025-11-23 14:28:15,079 - back_corridor_end - INFO - [back_corridor_end.py:57] - 现在是(12,25)
2025-11-23 14:28:15,079 - back_corridor_end - INFO - [back_corridor_end.py:57] - 现在是(11,25)
2025-11-23 14:28:15,079 - back_corridor_end - INFO - [back_corridor_end.py:80] - isDotAlive:发现死路上的点(11, 25)
2025-11-23 14:28:15,079 - back_corridor_end - INFO - [back_corridor_end.py:57] - 现在是(12,25)
2025-11-23 14:28:15,079 - back_corridor_end - INFO - [back_corridor_end.py:74] - isDotAlive:点(12, 25)是活的
2025-11-23 14:28:15,079 - back_corridor_end - INFO - [back_corridor_end.py:57] - 现在是(13,25)
2025-11-23 14:28:15,079 - back_corridor_end - INFO - [back_corridor_end.py:74] - isDotAlive:点(13, 25)是活的
2025-11-23 14:28:15,079 - back_corridor_end - INFO - [back_corridor_end.py:57] - 现在是(14,25)
2025-11-23 14:28:15,079 - back_corridor_end - INFO - [back_corridor_end.py:74] - isDotAlive:点(14, 25)是活的
2025-11-23 14:28:15,079 - back_corridor_end - INFO - [back_corridor_end.py:57] - 现在是(15,25)
2025-11-23 14:28:15,079 - back_corridor_end - INFO - [back_corridor_end.py:57] - 现在是(15,24)
2025-11-23 14:28:15,079 - back_corridor_end - INFO - [back_corridor_end.py:57] - 现在是(15,23)
2025-11-23 14:28:15,079 - back_corridor_end - INFO - [back_corridor_end.py:57] - 现在是(15,22)
2025-11-23 14:28:15,079 - back_corridor_end - INFO - [back_corridor_end.py:57] - 现在是(15,21)
2025-11-23 14:28:15,080 - back_corridor_end - INFO - [back_corridor_end.py:57] - 现在是(16,21)
2025-11-23 14:28:15,080 - back_corridor_end - INFO - [back_corridor_end.py:57] - 现在是(17,21)
2025-11-23 14:28:15,080 - back_corridor_end - INFO - [back_corridor_end.py:80] - isDotAlive:发现死路上的点(17, 21)
2025-11-23 14:28:15,080 - back_corridor_end - INFO - [back_corridor_end.py:57] - 现在是(16,21)
2025-11-23 14:28:15,080 - back_corridor_end - INFO - [back_corridor_end.py:80] - isDotAlive:发现死路上的点(16, 21)
2025-11-23 14:28:15,080 - back_corridor_end - INFO - [back_corridor_end.py:57] - 现在是(15,21)
2025-11-23 14:28:15,080 - back_corridor_end - INFO - [back_corridor_end.py:57] - 现在是(15,20)
2025-11-23 14:28:15,080 - back_corridor_end - INFO - [back_corridor_end.py:57] - 现在是(15,19)
2025-11-23 14:28:15,080 - back_corridor_end - INFO - [back_corridor_end.py:57] - 现在是(14,19)
2025-11-23 14:28:15,080 - back_corridor_end - INFO - [back_corridor_end.py:57] - 现在是(13,19)
2025-11-23 14:28:15,080 - back_corridor_end - INFO - [back_corridor_end.py:57] - 现在是(12,19)
2025-11-23 14:28:15,080 - back_corridor_end - INFO - [back_corridor_end.py:57] - 现在是(11,19)
2025-11-23 14:28:15,080 - back_corridor_end - INFO - [back_corridor_end.py:80] - isDotAlive:发现死路上的点(11, 19)
2025-11-23 14:28:15,080 - back_corridor_end - INFO - [back_corridor_end.py:57] - 现在是(12,19)
2025-11-23 14:28:15,080 - back_corridor_end - INFO - [back_corridor_end.py:80] - isDotAlive:发现死路上的点(12, 19)
2025-11-23 14:28:15,080 - back_corridor_end - INFO - [back_corridor_end.py:57] - 现在是(13,19)
2025-11-23 14:28:15,080 - back_corridor_end - INFO - [back_corridor_end.py:80] - isDotAlive:发现死路上的点(13, 19)
2025-11-23 14:28:15,080 - back_corridor_end - INFO - [back_corridor_end.py:57] - 现在是(14,19)
2025-11-23 14:28:15,080 - back_corridor_end - INFO - [back_corridor_end.py:80] - isDotAlive:发现死路上的点(14, 19)
2025-11-23 14:28:15,080 - back_corridor_end - INFO - [back_corridor_end.py:57] - 现在是(15,19)
2025-11-23 14:28:15,080 - back_corridor_end - INFO - [back_corridor_end.py:74] - isDotAlive:点(15, 19)是活的
2025-11-23 14:28:15,080 - back_corridor_end - INFO - [back_corridor_end.py:57] - 现在是(15,20)
2025-11-23 14:28:15,080 - back_corridor_end - INFO - [back_corridor_end.py:74] - isDotAlive:点(15, 20)是活的
2025-11-23 14:28:15,080 - back_corridor_end - INFO - [back_corridor_end.py:57] - 现在是(15,21)
2025-11-23 14:28:15,080 - back_corridor_end - INFO - [back_corridor_end.py:74] - isDotAlive:点(15, 21)是活的
2025-11-23 14:28:15,080 - back_corridor_end - INFO - [back_corridor_end.py:57] - 现在是(15,22)
2025-11-23 14:28:15,081 - back_corridor_end - INFO - [back_corridor_end.py:74] - isDotAlive:点(15, 22)是活的
2025-11-23 14:28:15,081 - back_corridor_end - INFO - [back_corridor_end.py:57] - 现在是(15,23)
2025-11-23 14:28:15,081 - back_corridor_end - INFO - [back_corridor_end.py:74] - isDotAlive:点(15, 23)是活的
2025-11-23 14:28:15,081 - back_corridor_end - INFO - [back_corridor_end.py:57] - 现在是(15,24)
2025-11-23 14:28:15,081 - back_corridor_end - INFO - [back_corridor_end.py:74] - isDotAlive:点(15, 24)是活的
2025-11-23 14:28:15,081 - back_corridor_end - INFO - [back_corridor_end.py:57] - 现在是(15,25)
2025-11-23 14:28:15,081 - back_corridor_end - INFO - [back_corridor_end.py:74] - isDotAlive:点(15, 25)是活的
2025-11-23 14:28:15,081 - back_corridor_end - INFO - [back_corridor_end.py:57] - 现在是(16,25)
2025-11-23 14:28:15,081 - back_corridor_end - INFO - [back_corridor_end.py:74] - isDotAlive:点(16, 25)是活的
2025-11-23 14:28:15,081 - back_corridor_end - INFO - [back_corridor_end.py:46] - dfs从(21,22)开始
2025-11-23 14:28:15,081 - back_corridor_end - INFO - [back_corridor_end.py:57] - 现在是(21,22)
2025-11-23 14:28:15,081 - back_corridor_end - INFO - [back_corridor_end.py:57] - 现在是(21,21)
2025-11-23 14:28:15,081 - back_corridor_end - INFO - [back_corridor_end.py:74] - isDotAlive:点(21, 21)是活的
2025-11-23 14:28:15,081 - back_corridor_end - INFO - [back_corridor_end.py:57] - 现在是(21,22)
2025-11-23 14:28:15,081 - back_corridor_end - INFO - [back_corridor_end.py:74] - isDotAlive:点(21, 22)是活的
2025-11-23 14:28:15,081 - back_corridor_end - INFO - [back_corridor_end.py:46] - dfs从(19,22)开始
2025-11-23 14:28:15,081 - back_corridor_end - INFO - [back_corridor_end.py:57] - 现在是(19,22)
2025-11-23 14:28:15,081 - back_corridor_end - INFO - [back_corridor_end.py:57] - 现在是(19,21)
2025-11-23 14:28:15,081 - back_corridor_end - INFO - [back_corridor_end.py:74] - isDotAlive:点(19, 21)是活的
2025-11-23 14:28:15,081 - back_corridor_end - INFO - [back_corridor_end.py:57] - 现在是(19,22)
2025-11-23 14:28:15,081 - back_corridor_end - INFO - [back_corridor_end.py:74] - isDotAlive:点(19, 22)是活的
2025-11-23 14:28:15,081 - back_corridor_end - INFO - [back_corridor_end.py:46] - dfs从(20,30)开始
2025-11-23 14:28:15,081 - back_corridor_end - INFO - [back_corridor_end.py:57] - 现在是(20,30)
2025-11-23 14:28:15,081 - back_corridor_end - INFO - [back_corridor_end.py:57] - 现在是(20,31)
2025-11-23 14:28:15,081 - back_corridor_end - INFO - [back_corridor_end.py:57] - 现在是(21,31)
2025-11-23 14:28:15,081 - back_corridor_end - INFO - [back_corridor_end.py:80] - isDotAlive:发现死路上的点(21, 31)
2025-11-23 14:28:15,082 - back_corridor_end - INFO - [back_corridor_end.py:57] - 现在是(20,31)
2025-11-23 14:28:15,082 - back_corridor_end - INFO - [back_corridor_end.py:57] - 现在是(19,31)
2025-11-23 14:28:15,082 - back_corridor_end - INFO - [back_corridor_end.py:57] - 现在是(19,32)
2025-11-23 14:28:15,082 - back_corridor_end - INFO - [back_corridor_end.py:57] - 现在是(19,33)
2025-11-23 14:28:15,082 - back_corridor_end - INFO - [back_corridor_end.py:57] - 现在是(19,34)
2025-11-23 14:28:15,082 - back_corridor_end - INFO - [back_corridor_end.py:57] - 现在是(19,35)
2025-11-23 14:28:15,082 - back_corridor_end - INFO - [back_corridor_end.py:74] - isDotAlive:点(19, 35)是活的
2025-11-23 14:28:15,082 - back_corridor_end - INFO - [back_corridor_end.py:57] - 现在是(19,34)
2025-11-23 14:28:15,082 - back_corridor_end - INFO - [back_corridor_end.py:74] - isDotAlive:点(19, 34)是活的
2025-11-23 14:28:15,082 - back_corridor_end - INFO - [back_corridor_end.py:57] - 现在是(19,33)
2025-11-23 14:28:15,082 - back_corridor_end - INFO - [back_corridor_end.py:57] - 现在是(18,33)
2025-11-23 14:28:15,082 - back_corridor_end - INFO - [back_corridor_end.py:57] - 现在是(17,33)
2025-11-23 14:28:15,082 - back_corridor_end - INFO - [back_corridor_end.py:57] - 现在是(17,34)
2025-11-23 14:28:15,082 - back_corridor_end - INFO - [back_corridor_end.py:57] - 现在是(17,35)
2025-11-23 14:28:15,082 - back_corridor_end - INFO - [back_corridor_end.py:57] - 现在是(17,36)
2025-11-23 14:28:15,082 - back_corridor_end - INFO - [back_corridor_end.py:57] - 现在是(17,37)
2025-11-23 14:28:15,082 - back_corridor_end - INFO - [back_corridor_end.py:57] - 现在是(16,37)
2025-11-23 14:28:15,082 - back_corridor_end - INFO - [back_corridor_end.py:57] - 现在是(15,37)
2025-11-23 14:28:15,082 - back_corridor_end - INFO - [back_corridor_end.py:57] - 现在是(14,37)
2025-11-23 14:28:15,082 - back_corridor_end - INFO - [back_corridor_end.py:57] - 现在是(13,37)
2025-11-23 14:28:15,082 - back_corridor_end - INFO - [back_corridor_end.py:80] - isDotAlive:发现死路上的点(13, 37)
2025-11-23 14:28:15,082 - back_corridor_end - INFO - [back_corridor_end.py:57] - 现在是(14,37)
2025-11-23 14:28:15,082 - back_corridor_end - INFO - [back_corridor_end.py:80] - isDotAlive:发现死路上的点(14, 37)
2025-11-23 14:28:15,082 - back_corridor_end - INFO - [back_corridor_end.py:57] - 现在是(15,37)
2025-11-23 14:28:15,082 - back_corridor_end - INFO - [back_corridor_end.py:57] - 现在是(15,36)
2025-11-23 14:28:15,082 - back_corridor_end - INFO - [back_corridor_end.py:57] - 现在是(15,35)
2025-11-23 14:28:15,083 - back_corridor_end - INFO - [back_corridor_end.py:57] - 现在是(14,35)
2025-11-23 14:28:15,083 - back_corridor_end - INFO - [back_corridor_end.py:57] - 现在是(13,35)
2025-11-23 14:28:15,083 - back_corridor_end - INFO - [back_corridor_end.py:57] - 现在是(13,34)
2025-11-23 14:28:15,083 - back_corridor_end - INFO - [back_corridor_end.py:57] - 现在是(13,33)
2025-11-23 14:28:15,083 - back_corridor_end - INFO - [back_corridor_end.py:57] - 现在是(12,33)
2025-11-23 14:28:15,083 - back_corridor_end - INFO - [back_corridor_end.py:57] - 现在是(11,33)
2025-11-23 14:28:15,083 - back_corridor_end - INFO - [back_corridor_end.py:57] - 现在是(11,34)
2025-11-23 14:28:15,083 - back_corridor_end - INFO - [back_corridor_end.py:57] - 现在是(11,35)
2025-11-23 14:28:15,083 - back_corridor_end - INFO - [back_corridor_end.py:57] - 现在是(11,36)
2025-11-23 14:28:15,083 - back_corridor_end - INFO - [back_corridor_end.py:57] - 现在是(11,37)
2025-11-23 14:28:15,083 - back_corridor_end - INFO - [back_corridor_end.py:57] - 现在是(11,38)
2025-11-23 14:28:15,083 - back_corridor_end - INFO - [back_corridor_end.py:57] - 现在是(11,39)
2025-11-23 14:28:15,083 - back_corridor_end - INFO - [back_corridor_end.py:57] - 现在是(11,40)
2025-11-23 14:28:15,083 - back_corridor_end - INFO - [back_corridor_end.py:57] - 现在是(11,41)
2025-11-23 14:28:15,083 - back_corridor_end - INFO - [back_corridor_end.py:57] - 现在是(11,42)
2025-11-23 14:28:15,083 - back_corridor_end - INFO - [back_corridor_end.py:57] - 现在是(11,43)
2025-11-23 14:28:15,083 - back_corridor_end - INFO - [back_corridor_end.py:57] - 现在是(11,44)
2025-11-23 14:28:15,083 - back_corridor_end - INFO - [back_corridor_end.py:57] - 现在是(11,45)
2025-11-23 14:28:15,083 - back_corridor_end - INFO - [back_corridor_end.py:80] - isDotAlive:发现死路上的点(11, 45)
2025-11-23 14:28:15,083 - back_corridor_end - INFO - [back_corridor_end.py:57] - 现在是(11,44)
2025-11-23 14:28:15,083 - back_corridor_end - INFO - [back_corridor_end.py:80] - isDotAlive:发现死路上的点(11, 44)
2025-11-23 14:28:15,083 - back_corridor_end - INFO - [back_corridor_end.py:57] - 现在是(11,43)
2025-11-23 14:28:15,083 - back_corridor_end - INFO - [back_corridor_end.py:80] - isDotAlive:发现死路上的点(11, 43)
2025-11-23 14:28:15,083 - back_corridor_end - INFO - [back_corridor_end.py:57] - 现在是(11,42)
2025-11-23 14:28:15,083 - back_corridor_end - INFO - [back_corridor_end.py:80] - isDotAlive:发现死路上的点(11, 42)
2025-11-23 14:28:15,083 - back_corridor_end - INFO - [back_corridor_end.py:57] - 现在是(11,41)
2025-11-23 14:28:15,084 - back_corridor_end - INFO - [back_corridor_end.py:80] - isDotAlive:发现死路上的点(11, 41)
2025-11-23 14:28:15,084 - back_corridor_end - INFO - [back_corridor_end.py:57] - 现在是(11,40)
2025-11-23 14:28:15,084 - back_corridor_end - INFO - [back_corridor_end.py:80] - isDotAlive:发现死路上的点(11, 40)
2025-11-23 14:28:15,084 - back_corridor_end - INFO - [back_corridor_end.py:57] - 现在是(11,39)
2025-11-23 14:28:15,084 - back_corridor_end - INFO - [back_corridor_end.py:80] - isDotAlive:发现死路上的点(11, 39)
2025-11-23 14:28:15,084 - back_corridor_end - INFO - [back_corridor_end.py:57] - 现在是(11,38)
2025-11-23 14:28:15,084 - back_corridor_end - INFO - [back_corridor_end.py:80] - isDotAlive:发现死路上的点(11, 38)
2025-11-23 14:28:15,084 - back_corridor_end - INFO - [back_corridor_end.py:57] - 现在是(11,37)
2025-11-23 14:28:15,084 - back_corridor_end - INFO - [back_corridor_end.py:57] - 现在是(10,37)
2025-11-23 14:28:15,084 - back_corridor_end - INFO - [back_corridor_end.py:57] - 现在是(9,37)
2025-11-23 14:28:15,084 - back_corridor_end - INFO - [back_corridor_end.py:57] - 现在是(9,38)
2025-11-23 14:28:15,084 - back_corridor_end - INFO - [back_corridor_end.py:57] - 现在是(9,39)
2025-11-23 14:28:15,084 - back_corridor_end - INFO - [back_corridor_end.py:57] - 现在是(9,40)
2025-11-23 14:28:15,084 - back_corridor_end - INFO - [back_corridor_end.py:57] - 现在是(9,41)
2025-11-23 14:28:15,084 - back_corridor_end - INFO - [back_corridor_end.py:57] - 现在是(9,42)
2025-11-23 14:28:15,084 - back_corridor_end - INFO - [back_corridor_end.py:57] - 现在是(9,43)
2025-11-23 14:28:15,084 - back_corridor_end - INFO - [back_corridor_end.py:57] - 现在是(9,44)
2025-11-23 14:28:15,084 - back_corridor_end - INFO - [back_corridor_end.py:57] - 现在是(9,45)
2025-11-23 14:28:15,084 - back_corridor_end - INFO - [back_corridor_end.py:57] - 现在是(9,46)
2025-11-23 14:28:15,084 - back_corridor_end - INFO - [back_corridor_end.py:57] - 现在是(9,47)
2025-11-23 14:28:15,084 - back_corridor_end - INFO - [back_corridor_end.py:57] - 现在是(9,48)
2025-11-23 14:28:15,084 - back_corridor_end - INFO - [back_corridor_end.py:57] - 现在是(9,49)
2025-11-23 14:28:15,084 - back_corridor_end - INFO - [back_corridor_end.py:57] - 现在是(9,50)
2025-11-23 14:28:15,084 - back_corridor_end - INFO - [back_corridor_end.py:57] - 现在是(9,51)
2025-11-23 14:28:15,084 - back_corridor_end - INFO - [back_corridor_end.py:74] - isDotAlive:点(9, 51)是活的
2025-11-23 14:28:15,084 - back_corridor_end - INFO - [back_corridor_end.py:57] - 现在是(9,50)
2025-11-23 14:28:15,084 - back_corridor_end - INFO - [back_corridor_end.py:74] - isDotAlive:点(9, 50)是活的
2025-11-23 14:28:15,085 - back_corridor_end - INFO - [back_corridor_end.py:57] - 现在是(9,49)
2025-11-23 14:28:15,085 - back_corridor_end - INFO - [back_corridor_end.py:74] - isDotAlive:点(9, 49)是活的
2025-11-23 14:28:15,085 - back_corridor_end - INFO - [back_corridor_end.py:57] - 现在是(9,48)
2025-11-23 14:28:15,085 - back_corridor_end - INFO - [back_corridor_end.py:74] - isDotAlive:点(9, 48)是活的
2025-11-23 14:28:15,085 - back_corridor_end - INFO - [back_corridor_end.py:57] - 现在是(9,47)
2025-11-23 14:28:15,085 - back_corridor_end - INFO - [back_corridor_end.py:57] - 现在是(8,47)
2025-11-23 14:28:15,085 - back_corridor_end - INFO - [back_corridor_end.py:57] - 现在是(7,47)
2025-11-23 14:28:15,085 - back_corridor_end - INFO - [back_corridor_end.py:57] - 现在是(7,48)
2025-11-23 14:28:15,085 - back_corridor_end - INFO - [back_corridor_end.py:57] - 现在是(7,49)
2025-11-23 14:28:15,085 - back_corridor_end - INFO - [back_corridor_end.py:57] - 现在是(6,49)
2025-11-23 14:28:15,085 - back_corridor_end - INFO - [back_corridor_end.py:57] - 现在是(5,49)
2025-11-23 14:28:15,085 - back_corridor_end - INFO - [back_corridor_end.py:57] - 现在是(5,50)
2025-11-23 14:28:15,085 - back_corridor_end - INFO - [back_corridor_end.py:57] - 现在是(5,51)
2025-11-23 14:28:15,085 - back_corridor_end - INFO - [back_corridor_end.py:57] - 现在是(6,51)
2025-11-23 14:28:15,085 - back_corridor_end - INFO - [back_corridor_end.py:57] - 现在是(7,51)
2025-11-23 14:28:15,085 - back_corridor_end - INFO - [back_corridor_end.py:74] - isDotAlive:点(7, 51)是活的
2025-11-23 14:28:15,085 - back_corridor_end - INFO - [back_corridor_end.py:57] - 现在是(6,51)
2025-11-23 14:28:15,085 - back_corridor_end - INFO - [back_corridor_end.py:74] - isDotAlive:点(6, 51)是活的
2025-11-23 14:28:15,085 - back_corridor_end - INFO - [back_corridor_end.py:57] - 现在是(5,51)
2025-11-23 14:28:15,085 - back_corridor_end - INFO - [back_corridor_end.py:57] - 现在是(5,52)
2025-11-23 14:28:15,085 - back_corridor_end - INFO - [back_corridor_end.py:57] - 现在是(5,53)
2025-11-23 14:28:15,085 - back_corridor_end - INFO - [back_corridor_end.py:57] - 现在是(5,54)
2025-11-23 14:28:15,085 - back_corridor_end - INFO - [back_corridor_end.py:57] - 现在是(5,55)
2025-11-23 14:28:15,085 - back_corridor_end - INFO - [back_corridor_end.py:57] - 现在是(5,56)
2025-11-23 14:28:15,085 - back_corridor_end - INFO - [back_corridor_end.py:57] - 现在是(5,57)
2025-11-23 14:28:15,085 - back_corridor_end - INFO - [back_corridor_end.py:57] - 现在是(5,58)
2025-11-23 14:28:15,086 - back_corridor_end - INFO - [back_corridor_end.py:57] - 现在是(5,59)
2025-11-23 14:28:15,086 - back_corridor_end - INFO - [back_corridor_end.py:57] - 现在是(5,60)
2025-11-23 14:28:15,086 - back_corridor_end - INFO - [back_corridor_end.py:57] - 现在是(5,61)
2025-11-23 14:28:15,086 - back_corridor_end - INFO - [back_corridor_end.py:57] - 现在是(6,61)
2025-11-23 14:28:15,086 - back_corridor_end - INFO - [back_corridor_end.py:57] - 现在是(7,61)
2025-11-23 14:28:15,086 - back_corridor_end - INFO - [back_corridor_end.py:57] - 现在是(8,61)
2025-11-23 14:28:15,086 - back_corridor_end - INFO - [back_corridor_end.py:57] - 现在是(9,61)
2025-11-23 14:28:15,086 - back_corridor_end - INFO - [back_corridor_end.py:74] - isDotAlive:点(9, 61)是活的
2025-11-23 14:28:15,086 - back_corridor_end - INFO - [back_corridor_end.py:57] - 现在是(8,61)
2025-11-23 14:28:15,086 - back_corridor_end - INFO - [back_corridor_end.py:74] - isDotAlive:点(8, 61)是活的
2025-11-23 14:28:15,086 - back_corridor_end - INFO - [back_corridor_end.py:57] - 现在是(7,61)
2025-11-23 14:28:15,086 - back_corridor_end - INFO - [back_corridor_end.py:74] - isDotAlive:点(7, 61)是活的
2025-11-23 14:28:15,086 - back_corridor_end - INFO - [back_corridor_end.py:57] - 现在是(6,61)
2025-11-23 14:28:15,086 - back_corridor_end - INFO - [back_corridor_end.py:74] - isDotAlive:点(6, 61)是活的
2025-11-23 14:28:15,086 - back_corridor_end - INFO - [back_corridor_end.py:57] - 现在是(5,61)
2025-11-23 14:28:15,086 - back_corridor_end - INFO - [back_corridor_end.py:57] - 现在是(4,61)
2025-11-23 14:28:15,086 - back_corridor_end - INFO - [back_corridor_end.py:57] - 现在是(3,61)
2025-11-23 14:28:15,086 - back_corridor_end - INFO - [back_corridor_end.py:57] - 现在是(2,61)
2025-11-23 14:28:15,086 - back_corridor_end - INFO - [back_corridor_end.py:57] - 现在是(1,61)
2025-11-23 14:28:15,086 - back_corridor_end - INFO - [back_corridor_end.py:57] - 现在是(1,62)
2025-11-23 14:28:15,086 - back_corridor_end - INFO - [back_corridor_end.py:57] - 现在是(1,63)
2025-11-23 14:28:15,086 - back_corridor_end - INFO - [back_corridor_end.py:57] - 现在是(2,63)
2025-11-23 14:28:15,086 - back_corridor_end - INFO - [back_corridor_end.py:57] - 现在是(3,63)
2025-11-23 14:28:15,086 - back_corridor_end - INFO - [back_corridor_end.py:57] - 现在是(4,63)
2025-11-23 14:28:15,086 - back_corridor_end - INFO - [back_corridor_end.py:57] - 现在是(5,63)
2025-11-23 14:28:15,087 - back_corridor_end - INFO - [back_corridor_end.py:57] - 现在是(5,64)
2025-11-23 14:28:15,087 - back_corridor_end - INFO - [back_corridor_end.py:57] - 现在是(5,65)
2025-11-23 14:28:15,087 - back_corridor_end - INFO - [back_corridor_end.py:57] - 现在是(5,66)
2025-11-23 14:28:15,087 - back_corridor_end - INFO - [back_corridor_end.py:57] - 现在是(5,67)
2025-11-23 14:28:15,087 - back_corridor_end - INFO - [back_corridor_end.py:80] - isDotAlive:发现死路上的点(5, 67)
2025-11-23 14:28:15,087 - back_corridor_end - INFO - [back_corridor_end.py:57] - 现在是(5,66)
2025-11-23 14:28:15,087 - back_corridor_end - INFO - [back_corridor_end.py:80] - isDotAlive:发现死路上的点(5, 66)
2025-11-23 14:28:15,087 - back_corridor_end - INFO - [back_corridor_end.py:57] - 现在是(5,65)
2025-11-23 14:28:15,087 - back_corridor_end - INFO - [back_corridor_end.py:80] - isDotAlive:发现死路上的点(5, 65)
2025-11-23 14:28:15,087 - back_corridor_end - INFO - [back_corridor_end.py:57] - 现在是(5,64)
2025-11-23 14:28:15,087 - back_corridor_end - INFO - [back_corridor_end.py:80] - isDotAlive:发现死路上的点(5, 64)
2025-11-23 14:28:15,087 - back_corridor_end - INFO - [back_corridor_end.py:57] - 现在是(5,63)
2025-11-23 14:28:15,087 - back_corridor_end - INFO - [back_corridor_end.py:74] - isDotAlive:点(5, 63)是活的
2025-11-23 14:28:15,087 - back_corridor_end - INFO - [back_corridor_end.py:57] - 现在是(4,63)
2025-11-23 14:28:15,087 - back_corridor_end - INFO - [back_corridor_end.py:74] - isDotAlive:点(4, 63)是活的
2025-11-23 14:28:15,087 - back_corridor_end - INFO - [back_corridor_end.py:57] - 现在是(3,63)
2025-11-23 14:28:15,087 - back_corridor_end - INFO - [back_corridor_end.py:57] - 现在是(3,64)
2025-11-23 14:28:15,087 - back_corridor_end - INFO - [back_corridor_end.py:57] - 现在是(3,65)
2025-11-23 14:28:15,087 - back_corridor_end - INFO - [back_corridor_end.py:57] - 现在是(2,65)
2025-11-23 14:28:15,087 - back_corridor_end - INFO - [back_corridor_end.py:57] - 现在是(1,65)
2025-11-23 14:28:15,087 - back_corridor_end - INFO - [back_corridor_end.py:74] - isDotAlive:点(1, 65)是活的
2025-11-23 14:28:15,087 - back_corridor_end - INFO - [back_corridor_end.py:57] - 现在是(2,65)
2025-11-23 14:28:15,087 - back_corridor_end - INFO - [back_corridor_end.py:74] - isDotAlive:点(2, 65)是活的
2025-11-23 14:28:15,087 - back_corridor_end - INFO - [back_corridor_end.py:57] - 现在是(3,65)
2025-11-23 14:28:15,088 - back_corridor_end - INFO - [back_corridor_end.py:74] - isDotAlive:点(3, 65)是活的
2025-11-23 14:28:15,088 - back_corridor_end - INFO - [back_corridor_end.py:57] - 现在是(3,64)
2025-11-23 14:28:15,088 - back_corridor_end - INFO - [back_corridor_end.py:74] - isDotAlive:点(3, 64)是活的
2025-11-23 14:28:15,088 - back_corridor_end - INFO - [back_corridor_end.py:57] - 现在是(3,63)
2025-11-23 14:28:15,088 - back_corridor_end - INFO - [back_corridor_end.py:74] - isDotAlive:点(3, 63)是活的
2025-11-23 14:28:15,088 - back_corridor_end - INFO - [back_corridor_end.py:57] - 现在是(2,63)
2025-11-23 14:28:15,088 - back_corridor_end - INFO - [back_corridor_end.py:74] - isDotAlive:点(2, 63)是活的
2025-11-23 14:28:15,088 - back_corridor_end - INFO - [back_corridor_end.py:57] - 现在是(1,63)
2025-11-23 14:28:15,088 - back_corridor_end - INFO - [back_corridor_end.py:74] - isDotAlive:点(1, 63)是活的
2025-11-23 14:28:15,088 - back_corridor_end - INFO - [back_corridor_end.py:57] - 现在是(1,62)
2025-11-23 14:28:15,088 - back_corridor_end - INFO - [back_corridor_end.py:74] - isDotAlive:点(1, 62)是活的
2025-11-23 14:28:15,088 - back_corridor_end - INFO - [back_corridor_end.py:57] - 现在是(1,61)
2025-11-23 14:28:15,088 - back_corridor_end - INFO - [back_corridor_end.py:57] - 现在是(1,60)
2025-11-23 14:28:15,088 - back_corridor_end - INFO - [back_corridor_end.py:57] - 现在是(1,59)
2025-11-23 14:28:15,088 - back_corridor_end - INFO - [back_corridor_end.py:57] - 现在是(1,58)
2025-11-23 14:28:15,088 - back_corridor_end - INFO - [back_corridor_end.py:57] - 现在是(1,57)
2025-11-23 14:28:15,088 - back_corridor_end - INFO - [back_corridor_end.py:57] - 现在是(2,57)
2025-11-23 14:28:15,088 - back_corridor_end - INFO - [back_corridor_end.py:57] - 现在是(3,57)
2025-11-23 14:28:15,088 - back_corridor_end - INFO - [back_corridor_end.py:80] - isDotAlive:发现死路上的点(3, 57)
2025-11-23 14:28:15,088 - back_corridor_end - INFO - [back_corridor_end.py:57] - 现在是(2,57)
2025-11-23 14:28:15,088 - back_corridor_end - INFO - [back_corridor_end.py:80] - isDotAlive:发现死路上的点(2, 57)
2025-11-23 14:28:15,088 - back_corridor_end - INFO - [back_corridor_end.py:57] - 现在是(1,57)
2025-11-23 14:28:15,088 - back_corridor_end - INFO - [back_corridor_end.py:80] - isDotAlive:发现死路上的点(1, 57)
2025-11-23 14:28:15,088 - back_corridor_end - INFO - [back_corridor_end.py:57] - 现在是(1,58)
2025-11-23 14:28:15,088 - back_corridor_end - INFO - [back_corridor_end.py:80] - isDotAlive:发现死路上的点(1, 58)
2025-11-23 14:28:15,088 - back_corridor_end - INFO - [back_corridor_end.py:57] - 现在是(1,59)
2025-11-23 14:28:15,089 - back_corridor_end - INFO - [back_corridor_end.py:80] - isDotAlive:发现死路上的点(1, 59)
2025-11-23 14:28:15,089 - back_corridor_end - INFO - [back_corridor_end.py:57] - 现在是(1,60)
2025-11-23 14:28:15,089 - back_corridor_end - INFO - [back_corridor_end.py:80] - isDotAlive:发现死路上的点(1, 60)
2025-11-23 14:28:15,089 - back_corridor_end - INFO - [back_corridor_end.py:57] - 现在是(1,61)
2025-11-23 14:28:15,089 - back_corridor_end - INFO - [back_corridor_end.py:74] - isDotAlive:点(1, 61)是活的
2025-11-23 14:28:15,089 - back_corridor_end - INFO - [back_corridor_end.py:57] - 现在是(2,61)
2025-11-23 14:28:15,089 - back_corridor_end - INFO - [back_corridor_end.py:74] - isDotAlive:点(2, 61)是活的
2025-11-23 14:28:15,089 - back_corridor_end - INFO - [back_corridor_end.py:57] - 现在是(3,61)
2025-11-23 14:28:15,089 - back_corridor_end - INFO - [back_corridor_end.py:57] - 现在是(3,60)
2025-11-23 14:28:15,089 - back_corridor_end - INFO - [back_corridor_end.py:57] - 现在是(3,59)
2025-11-23 14:28:15,089 - back_corridor_end - INFO - [back_corridor_end.py:80] - isDotAlive:发现死路上的点(3, 59)
2025-11-23 14:28:15,089 - back_corridor_end - INFO - [back_corridor_end.py:57] - 现在是(3,60)
2025-11-23 14:28:15,089 - back_corridor_end - INFO - [back_corridor_end.py:80] - isDotAlive:发现死路上的点(3, 60)
2025-11-23 14:28:15,089 - back_corridor_end - INFO - [back_corridor_end.py:57] - 现在是(3,61)
2025-11-23 14:28:15,089 - back_corridor_end - INFO - [back_corridor_end.py:74] - isDotAlive:点(3, 61)是活的
2025-11-23 14:28:15,089 - back_corridor_end - INFO - [back_corridor_end.py:57] - 现在是(4,61)
2025-11-23 14:28:15,089 - back_corridor_end - INFO - [back_corridor_end.py:74] - isDotAlive:点(4, 61)是活的
2025-11-23 14:28:15,089 - back_corridor_end - INFO - [back_corridor_end.py:57] - 现在是(5,61)
2025-11-23 14:28:15,089 - back_corridor_end - INFO - [back_corridor_end.py:74] - isDotAlive:点(5, 61)是活的
2025-11-23 14:28:15,089 - back_corridor_end - INFO - [back_corridor_end.py:57] - 现在是(5,60)
2025-11-23 14:28:15,089 - back_corridor_end - INFO - [back_corridor_end.py:74] - isDotAlive:点(5, 60)是活的
2025-11-23 14:28:15,089 - back_corridor_end - INFO - [back_corridor_end.py:57] - 现在是(5,59)
2025-11-23 14:28:15,089 - back_corridor_end - INFO - [back_corridor_end.py:74] - isDotAlive:点(5, 59)是活的
2025-11-23 14:28:15,089 - back_corridor_end - INFO - [back_corridor_end.py:57] - 现在是(5,58)
2025-11-23 14:28:15,089 - back_corridor_end - INFO - [back_corridor_end.py:74] - isDotAlive:点(5, 58)是活的
2025-11-23 14:28:15,089 - back_corridor_end - INFO - [back_corridor_end.py:57] - 现在是(5,57)
2025-11-23 14:28:15,090 - back_corridor_end - INFO - [back_corridor_end.py:74] - isDotAlive:点(5, 57)是活的
2025-11-23 14:28:15,090 - back_corridor_end - INFO - [back_corridor_end.py:57] - 现在是(5,56)
2025-11-23 14:28:15,090 - back_corridor_end - INFO - [back_corridor_end.py:74] - isDotAlive:点(5, 56)是活的
2025-11-23 14:28:15,090 - back_corridor_end - INFO - [back_corridor_end.py:57] - 现在是(5,55)
2025-11-23 14:28:15,090 - back_corridor_end - INFO - [back_corridor_end.py:74] - isDotAlive:点(5, 55)是活的
2025-11-23 14:28:15,090 - back_corridor_end - INFO - [back_corridor_end.py:57] - 现在是(5,54)
2025-11-23 14:28:15,090 - back_corridor_end - INFO - [back_corridor_end.py:74] - isDotAlive:点(5, 54)是活的
2025-11-23 14:28:15,090 - back_corridor_end - INFO - [back_corridor_end.py:57] - 现在是(5,53)
2025-11-23 14:28:15,090 - back_corridor_end - INFO - [back_corridor_end.py:74] - isDotAlive:点(5, 53)是活的
2025-11-23 14:28:15,090 - back_corridor_end - INFO - [back_corridor_end.py:57] - 现在是(5,52)
2025-11-23 14:28:15,090 - back_corridor_end - INFO - [back_corridor_end.py:74] - isDotAlive:点(5, 52)是活的
2025-11-23 14:28:15,090 - back_corridor_end - INFO - [back_corridor_end.py:57] - 现在是(5,51)
2025-11-23 14:28:15,090 - back_corridor_end - INFO - [back_corridor_end.py:74] - isDotAlive:点(5, 51)是活的
2025-11-23 14:28:15,090 - back_corridor_end - INFO - [back_corridor_end.py:57] - 现在是(5,50)
2025-11-23 14:28:15,090 - back_corridor_end - INFO - [back_corridor_end.py:74] - isDotAlive:点(5, 50)是活的
2025-11-23 14:28:15,090 - back_corridor_end - INFO - [back_corridor_end.py:57] - 现在是(5,49)
2025-11-23 14:28:15,090 - back_corridor_end - INFO - [back_corridor_end.py:57] - 现在是(5,48)
2025-11-23 14:28:15,090 - back_corridor_end - INFO - [back_corridor_end.py:57] - 现在是(5,47)
2025-11-23 14:28:15,090 - back_corridor_end - INFO - [back_corridor_end.py:57] - 现在是(5,46)
2025-11-23 14:28:15,090 - back_corridor_end - INFO - [back_corridor_end.py:57] - 现在是(5,45)
2025-11-23 14:28:15,090 - back_corridor_end - INFO - [back_corridor_end.py:57] - 现在是(4,45)
2025-11-23 14:28:15,090 - back_corridor_end - INFO - [back_corridor_end.py:57] - 现在是(3,45)
2025-11-23 14:28:15,090 - back_corridor_end - INFO - [back_corridor_end.py:57] - 现在是(2,45)
2025-11-23 14:28:15,090 - back_corridor_end - INFO - [back_corridor_end.py:57] - 现在是(1,45)
2025-11-23 14:28:15,090 - back_corridor_end - INFO - [back_corridor_end.py:57] - 现在是(1,44)
2025-11-23 14:28:15,090 - back_corridor_end - INFO - [back_corridor_end.py:57] - 现在是(1,43)
2025-11-23 14:28:15,091 - back_corridor_end - INFO - [back_corridor_end.py:57] - 现在是(1,42)
2025-11-23 14:28:15,091 - back_corridor_end - INFO - [back_corridor_end.py:57] - 现在是(1,41)
2025-11-23 14:28:15,091 - back_corridor_end - INFO - [back_corridor_end.py:57] - 现在是(2,41)
2025-11-23 14:28:15,091 - back_corridor_end - INFO - [back_corridor_end.py:57] - 现在是(3,41)
2025-11-23 14:28:15,091 - back_corridor_end - INFO - [back_corridor_end.py:57] - 现在是(3,42)
2025-11-23 14:28:15,091 - back_corridor_end - INFO - [back_corridor_end.py:57] - 现在是(3,43)
2025-11-23 14:28:15,091 - back_corridor_end - INFO - [back_corridor_end.py:57] - 现在是(4,43)
2025-11-23 14:28:15,091 - back_corridor_end - INFO - [back_corridor_end.py:57] - 现在是(5,43)
2025-11-23 14:28:15,091 - back_corridor_end - INFO - [back_corridor_end.py:80] - isDotAlive:发现死路上的点(5, 43)
2025-11-23 14:28:15,091 - back_corridor_end - INFO - [back_corridor_end.py:57] - 现在是(4,43)
2025-11-23 14:28:15,091 - back_corridor_end - INFO - [back_corridor_end.py:80] - isDotAlive:发现死路上的点(4, 43)
2025-11-23 14:28:15,091 - back_corridor_end - INFO - [back_corridor_end.py:57] - 现在是(3,43)
2025-11-23 14:28:15,091 - back_corridor_end - INFO - [back_corridor_end.py:80] - isDotAlive:发现死路上的点(3, 43)
2025-11-23 14:28:15,091 - back_corridor_end - INFO - [back_corridor_end.py:57] - 现在是(3,42)
2025-11-23 14:28:15,091 - back_corridor_end - INFO - [back_corridor_end.py:80] - isDotAlive:发现死路上的点(3, 42)
2025-11-23 14:28:15,091 - back_corridor_end - INFO - [back_corridor_end.py:57] - 现在是(3,41)
2025-11-23 14:28:15,091 - back_corridor_end - INFO - [back_corridor_end.py:80] - isDotAlive:发现死路上的点(3, 41)
2025-11-23 14:28:15,091 - back_corridor_end - INFO - [back_corridor_end.py:57] - 现在是(2,41)
2025-11-23 14:28:15,091 - back_corridor_end - INFO - [back_corridor_end.py:80] - isDotAlive:发现死路上的点(2, 41)
2025-11-23 14:28:15,091 - back_corridor_end - INFO - [back_corridor_end.py:57] - 现在是(1,41)
2025-11-23 14:28:15,091 - back_corridor_end - INFO - [back_corridor_end.py:80] - isDotAlive:发现死路上的点(1, 41)
2025-11-23 14:28:15,091 - back_corridor_end - INFO - [back_corridor_end.py:57] - 现在是(1,42)
2025-11-23 14:28:15,091 - back_corridor_end - INFO - [back_corridor_end.py:80] - isDotAlive:发现死路上的点(1, 42)
2025-11-23 14:28:15,091 - back_corridor_end - INFO - [back_corridor_end.py:57] - 现在是(1,43)
2025-11-23 14:28:15,091 - back_corridor_end - INFO - [back_corridor_end.py:80] - isDotAlive:发现死路上的点(1, 43)
2025-11-23 14:28:15,091 - back_corridor_end - INFO - [back_corridor_end.py:57] - 现在是(1,44)
2025-11-23 14:28:15,092 - back_corridor_end - INFO - [back_corridor_end.py:80] - isDotAlive:发现死路上的点(1, 44)
2025-11-23 14:28:15,092 - back_corridor_end - INFO - [back_corridor_end.py:57] - 现在是(1,45)
2025-11-23 14:28:15,092 - back_corridor_end - INFO - [back_corridor_end.py:80] - isDotAlive:发现死路上的点(1, 45)
2025-11-23 14:28:15,092 - back_corridor_end - INFO - [back_corridor_end.py:57] - 现在是(2,45)
2025-11-23 14:28:15,092 - back_corridor_end - INFO - [back_corridor_end.py:80] - isDotAlive:发现死路上的点(2, 45)
2025-11-23 14:28:15,092 - back_corridor_end - INFO - [back_corridor_end.py:57] - 现在是(3,45)
2025-11-23 14:28:15,092 - back_corridor_end - INFO - [back_corridor_end.py:80] - isDotAlive:发现死路上的点(3, 45)
2025-11-23 14:28:15,092 - back_corridor_end - INFO - [back_corridor_end.py:57] - 现在是(4,45)
2025-11-23 14:28:15,092 - back_corridor_end - INFO - [back_corridor_end.py:80] - isDotAlive:发现死路上的点(4, 45)
2025-11-23 14:28:15,092 - back_corridor_end - INFO - [back_corridor_end.py:57] - 现在是(5,45)
2025-11-23 14:28:15,092 - back_corridor_end - INFO - [back_corridor_end.py:80] - isDotAlive:发现死路上的点(5, 45)
2025-11-23 14:28:15,092 - back_corridor_end - INFO - [back_corridor_end.py:57] - 现在是(5,46)
2025-11-23 14:28:15,092 - back_corridor_end - INFO - [back_corridor_end.py:80] - isDotAlive:发现死路上的点(5, 46)
2025-11-23 14:28:15,092 - back_corridor_end - INFO - [back_corridor_end.py:57] - 现在是(5,47)
2025-11-23 14:28:15,092 - back_corridor_end - INFO - [back_corridor_end.py:80] - isDotAlive:发现死路上的点(5, 47)
2025-11-23 14:28:15,092 - back_corridor_end - INFO - [back_corridor_end.py:57] - 现在是(5,48)
2025-11-23 14:28:15,092 - back_corridor_end - INFO - [back_corridor_end.py:80] - isDotAlive:发现死路上的点(5, 48)
2025-11-23 14:28:15,092 - back_corridor_end - INFO - [back_corridor_end.py:57] - 现在是(5,49)
2025-11-23 14:28:15,092 - back_corridor_end - INFO - [back_corridor_end.py:74] - isDotAlive:点(5, 49)是活的
2025-11-23 14:28:15,092 - back_corridor_end - INFO - [back_corridor_end.py:57] - 现在是(6,49)
2025-11-23 14:28:15,092 - back_corridor_end - INFO - [back_corridor_end.py:74] - isDotAlive:点(6, 49)是活的
2025-11-23 14:28:15,092 - back_corridor_end - INFO - [back_corridor_end.py:57] - 现在是(7,49)
2025-11-23 14:28:15,092 - back_corridor_end - INFO - [back_corridor_end.py:74] - isDotAlive:点(7, 49)是活的
2025-11-23 14:28:15,092 - back_corridor_end - INFO - [back_corridor_end.py:57] - 现在是(7,48)
2025-11-23 14:28:15,092 - back_corridor_end - INFO - [back_corridor_end.py:74] - isDotAlive:点(7, 48)是活的
2025-11-23 14:28:15,093 - back_corridor_end - INFO - [back_corridor_end.py:57] - 现在是(7,47)
2025-11-23 14:28:15,093 - back_corridor_end - INFO - [back_corridor_end.py:74] - isDotAlive:点(7, 47)是活的
2025-11-23 14:28:15,093 - back_corridor_end - INFO - [back_corridor_end.py:57] - 现在是(8,47)
2025-11-23 14:28:15,093 - back_corridor_end - INFO - [back_corridor_end.py:74] - isDotAlive:点(8, 47)是活的
2025-11-23 14:28:15,093 - back_corridor_end - INFO - [back_corridor_end.py:57] - 现在是(9,47)
2025-11-23 14:28:15,093 - back_corridor_end - INFO - [back_corridor_end.py:74] - isDotAlive:点(9, 47)是活的
2025-11-23 14:28:15,093 - back_corridor_end - INFO - [back_corridor_end.py:57] - 现在是(9,46)
2025-11-23 14:28:15,093 - back_corridor_end - INFO - [back_corridor_end.py:74] - isDotAlive:点(9, 46)是活的
2025-11-23 14:28:15,093 - back_corridor_end - INFO - [back_corridor_end.py:57] - 现在是(9,45)
2025-11-23 14:28:15,093 - back_corridor_end - INFO - [back_corridor_end.py:57] - 现在是(8,45)
2025-11-23 14:28:15,093 - back_corridor_end - INFO - [back_corridor_end.py:57] - 现在是(7,45)
2025-11-23 14:28:15,093 - back_corridor_end - INFO - [back_corridor_end.py:57] - 现在是(7,44)
2025-11-23 14:28:15,093 - back_corridor_end - INFO - [back_corridor_end.py:57] - 现在是(7,43)
2025-11-23 14:28:15,093 - back_corridor_end - INFO - [back_corridor_end.py:57] - 现在是(7,42)
2025-11-23 14:28:15,093 - back_corridor_end - INFO - [back_corridor_end.py:57] - 现在是(7,41)
2025-11-23 14:28:15,093 - back_corridor_end - INFO - [back_corridor_end.py:57] - 现在是(6,41)
2025-11-23 14:28:15,093 - back_corridor_end - INFO - [back_corridor_end.py:57] - 现在是(5,41)
2025-11-23 14:28:15,093 - back_corridor_end - INFO - [back_corridor_end.py:57] - 现在是(5,40)
2025-11-23 14:28:15,093 - back_corridor_end - INFO - [back_corridor_end.py:57] - 现在是(5,39)
2025-11-23 14:28:15,093 - back_corridor_end - INFO - [back_corridor_end.py:57] - 现在是(4,39)
2025-11-23 14:28:15,093 - back_corridor_end - INFO - [back_corridor_end.py:57] - 现在是(3,39)
2025-11-23 14:28:15,093 - back_corridor_end - INFO - [back_corridor_end.py:57] - 现在是(2,39)
2025-11-23 14:28:15,093 - back_corridor_end - INFO - [back_corridor_end.py:57] - 现在是(1,39)
2025-11-23 14:28:15,093 - back_corridor_end - INFO - [back_corridor_end.py:57] - 现在是(1,38)
2025-11-23 14:28:15,093 - back_corridor_end - INFO - [back_corridor_end.py:57] - 现在是(1,37)
2025-11-23 14:28:15,093 - back_corridor_end - INFO - [back_corridor_end.py:57] - 现在是(1,36)
2025-11-23 14:28:15,094 - back_corridor_end - INFO - [back_corridor_end.py:57] - 现在是(1,35)
2025-11-23 14:28:15,094 - back_corridor_end - INFO - [back_corridor_end.py:57] - 现在是(1,34)
2025-11-23 14:28:15,094 - back_corridor_end - INFO - [back_corridor_end.py:57] - 现在是(1,33)
2025-11-23 14:28:15,094 - back_corridor_end - INFO - [back_corridor_end.py:57] - 现在是(2,33)
2025-11-23 14:28:15,094 - back_corridor_end - INFO - [back_corridor_end.py:57] - 现在是(3,33)
2025-11-23 14:28:15,094 - back_corridor_end - INFO - [back_corridor_end.py:57] - 现在是(3,32)
2025-11-23 14:28:15,094 - back_corridor_end - INFO - [back_corridor_end.py:57] - 现在是(3,31)
2025-11-23 14:28:15,094 - back_corridor_end - INFO - [back_corridor_end.py:57] - 现在是(2,31)
2025-11-23 14:28:15,094 - back_corridor_end - INFO - [back_corridor_end.py:57] - 现在是(1,31)
2025-11-23 14:28:15,094 - back_corridor_end - INFO - [back_corridor_end.py:80] - isDotAlive:发现死路上的点(1, 31)
2025-11-23 14:28:15,094 - back_corridor_end - INFO - [back_corridor_end.py:57] - 现在是(2,31)
2025-11-23 14:28:15,094 - back_corridor_end - INFO - [back_corridor_end.py:80] - isDotAlive:发现死路上的点(2, 31)
2025-11-23 14:28:15,094 - back_corridor_end - INFO - [back_corridor_end.py:57] - 现在是(3,31)
2025-11-23 14:28:15,094 - back_corridor_end - INFO - [back_corridor_end.py:57] - 现在是(3,30)
2025-11-23 14:28:15,094 - back_corridor_end - INFO - [back_corridor_end.py:57] - 现在是(3,29)
2025-11-23 14:28:15,094 - back_corridor_end - INFO - [back_corridor_end.py:57] - 现在是(2,29)
2025-11-23 14:28:15,094 - back_corridor_end - INFO - [back_corridor_end.py:57] - 现在是(1,29)
2025-11-23 14:28:15,094 - back_corridor_end - INFO - [back_corridor_end.py:57] - 现在是(1,28)
2025-11-23 14:28:15,094 - back_corridor_end - INFO - [back_corridor_end.py:57] - 现在是(1,27)
2025-11-23 14:28:15,094 - back_corridor_end - INFO - [back_corridor_end.py:57] - 现在是(2,27)
2025-11-23 14:28:15,094 - back_corridor_end - INFO - [back_corridor_end.py:57] - 现在是(3,27)
2025-11-23 14:28:15,094 - back_corridor_end - INFO - [back_corridor_end.py:57] - 现在是(3,26)
2025-11-23 14:28:15,094 - back_corridor_end - INFO - [back_corridor_end.py:57] - 现在是(3,25)
2025-11-23 14:28:15,094 - back_corridor_end - INFO - [back_corridor_end.py:80] - isDotAlive:发现死路上的点(3, 25)
2025-11-23 14:28:15,094 - back_corridor_end - INFO - [back_corridor_end.py:57] - 现在是(3,26)
2025-11-23 14:28:15,094 - back_corridor_end - INFO - [back_corridor_end.py:80] - isDotAlive:发现死路上的点(3, 26)
2025-11-23 14:28:15,095 - back_corridor_end - INFO - [back_corridor_end.py:57] - 现在是(3,27)
2025-11-23 14:28:15,095 - back_corridor_end - INFO - [back_corridor_end.py:80] - isDotAlive:发现死路上的点(3, 27)
2025-11-23 14:28:15,095 - back_corridor_end - INFO - [back_corridor_end.py:57] - 现在是(2,27)
2025-11-23 14:28:15,095 - back_corridor_end - INFO - [back_corridor_end.py:80] - isDotAlive:发现死路上的点(2, 27)
2025-11-23 14:28:15,095 - back_corridor_end - INFO - [back_corridor_end.py:57] - 现在是(1,27)
2025-11-23 14:28:15,095 - back_corridor_end - INFO - [back_corridor_end.py:57] - 现在是(1,26)
2025-11-23 14:28:15,095 - back_corridor_end - INFO - [back_corridor_end.py:57] - 现在是(1,25)
2025-11-23 14:28:15,095 - back_corridor_end - INFO - [back_corridor_end.py:57] - 现在是(1,24)
2025-11-23 14:28:15,095 - back_corridor_end - INFO - [back_corridor_end.py:57] - 现在是(1,23)
2025-11-23 14:28:15,095 - back_corridor_end - INFO - [back_corridor_end.py:57] - 现在是(1,22)
2025-11-23 14:28:15,095 - back_corridor_end - INFO - [back_corridor_end.py:57] - 现在是(1,21)
2025-11-23 14:28:15,095 - back_corridor_end - INFO - [back_corridor_end.py:57] - 现在是(1,20)
2025-11-23 14:28:15,095 - back_corridor_end - INFO - [back_corridor_end.py:57] - 现在是(1,19)
2025-11-23 14:28:15,095 - back_corridor_end - INFO - [back_corridor_end.py:57] - 现在是(2,19)
2025-11-23 14:28:15,095 - back_corridor_end - INFO - [back_corridor_end.py:57] - 现在是(3,19)
2025-11-23 14:28:15,095 - back_corridor_end - INFO - [back_corridor_end.py:57] - 现在是(3,20)
2025-11-23 14:28:15,095 - back_corridor_end - INFO - [back_corridor_end.py:57] - 现在是(3,21)
2025-11-23 14:28:15,095 - back_corridor_end - INFO - [back_corridor_end.py:57] - 现在是(4,21)
2025-11-23 14:28:15,095 - back_corridor_end - INFO - [back_corridor_end.py:57] - 现在是(5,21)
2025-11-23 14:28:15,095 - back_corridor_end - INFO - [back_corridor_end.py:57] - 现在是(6,21)
2025-11-23 14:28:15,095 - back_corridor_end - INFO - [back_corridor_end.py:57] - 现在是(7,21)
2025-11-23 14:28:15,095 - back_corridor_end - INFO - [back_corridor_end.py:74] - isDotAlive:点(7, 21)是活的
2025-11-23 14:28:15,095 - back_corridor_end - INFO - [back_corridor_end.py:57] - 现在是(6,21)
2025-11-23 14:28:15,095 - back_corridor_end - INFO - [back_corridor_end.py:74] - isDotAlive:点(6, 21)是活的
2025-11-23 14:28:15,095 - back_corridor_end - INFO - [back_corridor_end.py:57] - 现在是(5,21)
2025-11-23 14:28:15,095 - back_corridor_end - INFO - [back_corridor_end.py:57] - 现在是(5,20)
2025-11-23 14:28:15,096 - back_corridor_end - INFO - [back_corridor_end.py:57] - 现在是(5,19)
2025-11-23 14:28:15,096 - back_corridor_end - INFO - [back_corridor_end.py:57] - 现在是(5,18)
2025-11-23 14:28:15,096 - back_corridor_end - INFO - [back_corridor_end.py:57] - 现在是(5,17)
2025-11-23 14:28:15,096 - back_corridor_end - INFO - [back_corridor_end.py:57] - 现在是(6,17)
2025-11-23 14:28:15,096 - back_corridor_end - INFO - [back_corridor_end.py:57] - 现在是(7,17)
2025-11-23 14:28:15,096 - back_corridor_end - INFO - [back_corridor_end.py:57] - 现在是(7,18)
2025-11-23 14:28:15,096 - back_corridor_end - INFO - [back_corridor_end.py:57] - 现在是(7,19)
2025-11-23 14:28:15,096 - back_corridor_end - INFO - [back_corridor_end.py:57] - 现在是(8,19)
2025-11-23 14:28:15,096 - back_corridor_end - INFO - [back_corridor_end.py:57] - 现在是(9,19)
2025-11-23 14:28:15,096 - back_corridor_end - INFO - [back_corridor_end.py:74] - isDotAlive:点(9, 19)是活的
2025-11-23 14:28:15,096 - back_corridor_end - INFO - [back_corridor_end.py:57] - 现在是(8,19)
2025-11-23 14:28:15,096 - back_corridor_end - INFO - [back_corridor_end.py:74] - isDotAlive:点(8, 19)是活的
2025-11-23 14:28:15,096 - back_corridor_end - INFO - [back_corridor_end.py:57] - 现在是(7,19)
2025-11-23 14:28:15,096 - back_corridor_end - INFO - [back_corridor_end.py:74] - isDotAlive:点(7, 19)是活的
2025-11-23 14:28:15,096 - back_corridor_end - INFO - [back_corridor_end.py:57] - 现在是(7,18)
2025-11-23 14:28:15,096 - back_corridor_end - INFO - [back_corridor_end.py:74] - isDotAlive:点(7, 18)是活的
2025-11-23 14:28:15,096 - back_corridor_end - INFO - [back_corridor_end.py:57] - 现在是(7,17)
2025-11-23 14:28:15,096 - back_corridor_end - INFO - [back_corridor_end.py:74] - isDotAlive:点(7, 17)是活的
2025-11-23 14:28:15,096 - back_corridor_end - INFO - [back_corridor_end.py:57] - 现在是(6,17)
2025-11-23 14:28:15,096 - back_corridor_end - INFO - [back_corridor_end.py:74] - isDotAlive:点(6, 17)是活的
2025-11-23 14:28:15,096 - back_corridor_end - INFO - [back_corridor_end.py:57] - 现在是(5,17)
2025-11-23 14:28:15,096 - back_corridor_end - INFO - [back_corridor_end.py:57] - 现在是(4,17)
2025-11-23 14:28:15,096 - back_corridor_end - INFO - [back_corridor_end.py:57] - 现在是(3,17)
2025-11-23 14:28:15,096 - back_corridor_end - INFO - [back_corridor_end.py:80] - isDotAlive:发现死路上的点(3, 17)
2025-11-23 14:28:15,096 - back_corridor_end - INFO - [back_corridor_end.py:57] - 现在是(4,17)
2025-11-23 14:28:15,096 - back_corridor_end - INFO - [back_corridor_end.py:74] - isDotAlive:点(4, 17)是活的
2025-11-23 14:28:15,097 - back_corridor_end - INFO - [back_corridor_end.py:57] - 现在是(5,17)
2025-11-23 14:28:15,097 - back_corridor_end - INFO - [back_corridor_end.py:74] - isDotAlive:点(5, 17)是活的
2025-11-23 14:28:15,097 - back_corridor_end - INFO - [back_corridor_end.py:57] - 现在是(5,18)
2025-11-23 14:28:15,097 - back_corridor_end - INFO - [back_corridor_end.py:74] - isDotAlive:点(5, 18)是活的
2025-11-23 14:28:15,097 - back_corridor_end - INFO - [back_corridor_end.py:57] - 现在是(5,19)
2025-11-23 14:28:15,097 - back_corridor_end - INFO - [back_corridor_end.py:74] - isDotAlive:点(5, 19)是活的
2025-11-23 14:28:15,097 - back_corridor_end - INFO - [back_corridor_end.py:57] - 现在是(5,20)
2025-11-23 14:28:15,097 - back_corridor_end - INFO - [back_corridor_end.py:74] - isDotAlive:点(5, 20)是活的
2025-11-23 14:28:15,097 - back_corridor_end - INFO - [back_corridor_end.py:57] - 现在是(5,21)
2025-11-23 14:28:15,097 - back_corridor_end - INFO - [back_corridor_end.py:74] - isDotAlive:点(5, 21)是活的
2025-11-23 14:28:15,097 - back_corridor_end - INFO - [back_corridor_end.py:57] - 现在是(4,21)
2025-11-23 14:28:15,097 - back_corridor_end - INFO - [back_corridor_end.py:74] - isDotAlive:点(4, 21)是活的
2025-11-23 14:28:15,097 - back_corridor_end - INFO - [back_corridor_end.py:57] - 现在是(3,21)
2025-11-23 14:28:15,097 - back_corridor_end - INFO - [back_corridor_end.py:74] - isDotAlive:点(3, 21)是活的
2025-11-23 14:28:15,097 - back_corridor_end - INFO - [back_corridor_end.py:57] - 现在是(3,20)
2025-11-23 14:28:15,097 - back_corridor_end - INFO - [back_corridor_end.py:74] - isDotAlive:点(3, 20)是活的
2025-11-23 14:28:15,097 - back_corridor_end - INFO - [back_corridor_end.py:57] - 现在是(3,19)
2025-11-23 14:28:15,097 - back_corridor_end - INFO - [back_corridor_end.py:74] - isDotAlive:点(3, 19)是活的
2025-11-23 14:28:15,097 - back_corridor_end - INFO - [back_corridor_end.py:57] - 现在是(2,19)
2025-11-23 14:28:15,097 - back_corridor_end - INFO - [back_corridor_end.py:74] - isDotAlive:点(2, 19)是活的
2025-11-23 14:28:15,097 - back_corridor_end - INFO - [back_corridor_end.py:57] - 现在是(1,19)
2025-11-23 14:28:15,097 - back_corridor_end - INFO - [back_corridor_end.py:57] - 现在是(1,18)
2025-11-23 14:28:15,097 - back_corridor_end - INFO - [back_corridor_end.py:57] - 现在是(1,17)
2025-11-23 14:28:15,097 - back_corridor_end - INFO - [back_corridor_end.py:57] - 现在是(1,16)
2025-11-23 14:28:15,097 - back_corridor_end - INFO - [back_corridor_end.py:57] - 现在是(1,15)
2025-11-23 14:28:15,097 - back_corridor_end - INFO - [back_corridor_end.py:80] - isDotAlive:发现死路上的点(1, 15)
2025-11-23 14:28:15,098 - back_corridor_end - INFO - [back_corridor_end.py:57] - 现在是(1,16)
2025-11-23 14:28:15,098 - back_corridor_end - INFO - [back_corridor_end.py:80] - isDotAlive:发现死路上的点(1, 16)
2025-11-23 14:28:15,098 - back_corridor_end - INFO - [back_corridor_end.py:57] - 现在是(1,17)
2025-11-23 14:28:15,098 - back_corridor_end - INFO - [back_corridor_end.py:80] - isDotAlive:发现死路上的点(1, 17)
2025-11-23 14:28:15,098 - back_corridor_end - INFO - [back_corridor_end.py:57] - 现在是(1,18)
2025-11-23 14:28:15,098 - back_corridor_end - INFO - [back_corridor_end.py:80] - isDotAlive:发现死路上的点(1, 18)
2025-11-23 14:28:15,098 - back_corridor_end - INFO - [back_corridor_end.py:57] - 现在是(1,19)
2025-11-23 14:28:15,098 - back_corridor_end - INFO - [back_corridor_end.py:74] - isDotAlive:点(1, 19)是活的
2025-11-23 14:28:15,098 - back_corridor_end - INFO - [back_corridor_end.py:57] - 现在是(1,20)
2025-11-23 14:28:15,098 - back_corridor_end - INFO - [back_corridor_end.py:74] - isDotAlive:点(1, 20)是活的
2025-11-23 14:28:15,098 - back_corridor_end - INFO - [back_corridor_end.py:57] - 现在是(1,21)
2025-11-23 14:28:15,098 - back_corridor_end - INFO - [back_corridor_end.py:74] - isDotAlive:点(1, 21)是活的
2025-11-23 14:28:15,098 - back_corridor_end - INFO - [back_corridor_end.py:57] - 现在是(1,22)
2025-11-23 14:28:15,098 - back_corridor_end - INFO - [back_corridor_end.py:74] - isDotAlive:点(1, 22)是活的
2025-11-23 14:28:15,098 - back_corridor_end - INFO - [back_corridor_end.py:57] - 现在是(1,23)
2025-11-23 14:28:15,098 - back_corridor_end - INFO - [back_corridor_end.py:74] - isDotAlive:点(1, 23)是活的
2025-11-23 14:28:15,098 - back_corridor_end - INFO - [back_corridor_end.py:57] - 现在是(1,24)
2025-11-23 14:28:15,098 - back_corridor_end - INFO - [back_corridor_end.py:74] - isDotAlive:点(1, 24)是活的
2025-11-23 14:28:15,098 - back_corridor_end - INFO - [back_corridor_end.py:57] - 现在是(1,25)
2025-11-23 14:28:15,098 - back_corridor_end - INFO - [back_corridor_end.py:74] - isDotAlive:点(1, 25)是活的
2025-11-23 14:28:15,098 - back_corridor_end - INFO - [back_corridor_end.py:57] - 现在是(1,26)
2025-11-23 14:28:15,098 - back_corridor_end - INFO - [back_corridor_end.py:74] - isDotAlive:点(1, 26)是活的
2025-11-23 14:28:15,098 - back_corridor_end - INFO - [back_corridor_end.py:57] - 现在是(1,27)
2025-11-23 14:28:15,098 - back_corridor_end - INFO - [back_corridor_end.py:74] - isDotAlive:点(1, 27)是活的
2025-11-23 14:28:15,098 - back_corridor_end - INFO - [back_corridor_end.py:57] - 现在是(1,28)
2025-11-23 14:28:15,099 - back_corridor_end - INFO - [back_corridor_end.py:74] - isDotAlive:点(1, 28)是活的
2025-11-23 14:28:15,099 - back_corridor_end - INFO - [back_corridor_end.py:57] - 现在是(1,29)
2025-11-23 14:28:15,099 - back_corridor_end - INFO - [back_corridor_end.py:74] - isDotAlive:点(1, 29)是活的
2025-11-23 14:28:15,099 - back_corridor_end - INFO - [back_corridor_end.py:57] - 现在是(2,29)
2025-11-23 14:28:15,099 - back_corridor_end - INFO - [back_corridor_end.py:74] - isDotAlive:点(2, 29)是活的
2025-11-23 14:28:15,099 - back_corridor_end - INFO - [back_corridor_end.py:57] - 现在是(3,29)
2025-11-23 14:28:15,099 - back_corridor_end - INFO - [back_corridor_end.py:74] - isDotAlive:点(3, 29)是活的
2025-11-23 14:28:15,099 - back_corridor_end - INFO - [back_corridor_end.py:57] - 现在是(3,30)
2025-11-23 14:28:15,099 - back_corridor_end - INFO - [back_corridor_end.py:74] - isDotAlive:点(3, 30)是活的
2025-11-23 14:28:15,099 - back_corridor_end - INFO - [back_corridor_end.py:57] - 现在是(3,31)
2025-11-23 14:28:15,099 - back_corridor_end - INFO - [back_corridor_end.py:74] - isDotAlive:点(3, 31)是活的
2025-11-23 14:28:15,099 - back_corridor_end - INFO - [back_corridor_end.py:57] - 现在是(3,32)
2025-11-23 14:28:15,099 - back_corridor_end - INFO - [back_corridor_end.py:74] - isDotAlive:点(3, 32)是活的
2025-11-23 14:28:15,099 - back_corridor_end - INFO - [back_corridor_end.py:57] - 现在是(3,33)
2025-11-23 14:28:15,099 - back_corridor_end - INFO - [back_corridor_end.py:74] - isDotAlive:点(3, 33)是活的
2025-11-23 14:28:15,099 - back_corridor_end - INFO - [back_corridor_end.py:57] - 现在是(2,33)
2025-11-23 14:28:15,099 - back_corridor_end - INFO - [back_corridor_end.py:74] - isDotAlive:点(2, 33)是活的
2025-11-23 14:28:15,099 - back_corridor_end - INFO - [back_corridor_end.py:57] - 现在是(1,33)
2025-11-23 14:28:15,099 - back_corridor_end - INFO - [back_corridor_end.py:74] - isDotAlive:点(1, 33)是活的
2025-11-23 14:28:15,099 - back_corridor_end - INFO - [back_corridor_end.py:57] - 现在是(1,34)
2025-11-23 14:28:15,099 - back_corridor_end - INFO - [back_corridor_end.py:74] - isDotAlive:点(1, 34)是活的
2025-11-23 14:28:15,099 - back_corridor_end - INFO - [back_corridor_end.py:57] - 现在是(1,35)
2025-11-23 14:28:15,099 - back_corridor_end - INFO - [back_corridor_end.py:74] - isDotAlive:点(1, 35)是活的
2025-11-23 14:28:15,100 - back_corridor_end - INFO - [back_corridor_end.py:57] - 现在是(1,36)
2025-11-23 14:28:15,100 - back_corridor_end - INFO - [back_corridor_end.py:74] - isDotAlive:点(1, 36)是活的
2025-11-23 14:28:15,100 - back_corridor_end - INFO - [back_corridor_end.py:57] - 现在是(1,37)
2025-11-23 14:28:15,100 - back_corridor_end - INFO - [back_corridor_end.py:74] - isDotAlive:点(1, 37)是活的
2025-11-23 14:28:15,100 - back_corridor_end - INFO - [back_corridor_end.py:57] - 现在是(1,38)
2025-11-23 14:28:15,100 - back_corridor_end - INFO - [back_corridor_end.py:74] - isDotAlive:点(1, 38)是活的
2025-11-23 14:28:15,100 - back_corridor_end - INFO - [back_corridor_end.py:57] - 现在是(1,39)
2025-11-23 14:28:15,100 - back_corridor_end - INFO - [back_corridor_end.py:74] - isDotAlive:点(1, 39)是活的
2025-11-23 14:28:15,100 - back_corridor_end - INFO - [back_corridor_end.py:57] - 现在是(2,39)
2025-11-23 14:28:15,100 - back_corridor_end - INFO - [back_corridor_end.py:74] - isDotAlive:点(2, 39)是活的
2025-11-23 14:28:15,100 - back_corridor_end - INFO - [back_corridor_end.py:57] - 现在是(3,39)
2025-11-23 14:28:15,100 - back_corridor_end - INFO - [back_corridor_end.py:74] - isDotAlive:点(3, 39)是活的
2025-11-23 14:28:15,100 - back_corridor_end - INFO - [back_corridor_end.py:57] - 现在是(4,39)
2025-11-23 14:28:15,100 - back_corridor_end - INFO - [back_corridor_end.py:74] - isDotAlive:点(4, 39)是活的
2025-11-23 14:28:15,100 - back_corridor_end - INFO - [back_corridor_end.py:57] - 现在是(5,39)
2025-11-23 14:28:15,100 - back_corridor_end - INFO - [back_corridor_end.py:74] - isDotAlive:点(5, 39)是活的
2025-11-23 14:28:15,100 - back_corridor_end - INFO - [back_corridor_end.py:57] - 现在是(5,40)
2025-11-23 14:28:15,100 - back_corridor_end - INFO - [back_corridor_end.py:74] - isDotAlive:点(5, 40)是活的
2025-11-23 14:28:15,100 - back_corridor_end - INFO - [back_corridor_end.py:57] - 现在是(5,41)
2025-11-23 14:28:15,100 - back_corridor_end - INFO - [back_corridor_end.py:74] - isDotAlive:点(5, 41)是活的
2025-11-23 14:28:15,100 - back_corridor_end - INFO - [back_corridor_end.py:57] - 现在是(6,41)
2025-11-23 14:28:15,100 - back_corridor_end - INFO - [back_corridor_end.py:74] - isDotAlive:点(6, 41)是活的
2025-11-23 14:28:15,100 - back_corridor_end - INFO - [back_corridor_end.py:57] - 现在是(7,41)
2025-11-23 14:28:15,100 - back_corridor_end - INFO - [back_corridor_end.py:74] - isDotAlive:点(7, 41)是活的
2025-11-23 14:28:15,101 - back_corridor_end - INFO - [back_corridor_end.py:57] - 现在是(7,42)
2025-11-23 14:28:15,101 - back_corridor_end - INFO - [back_corridor_end.py:74] - isDotAlive:点(7, 42)是活的
2025-11-23 14:28:15,101 - back_corridor_end - INFO - [back_corridor_end.py:57] - 现在是(7,43)
2025-11-23 14:28:15,101 - back_corridor_end - INFO - [back_corridor_end.py:74] - isDotAlive:点(7, 43)是活的
2025-11-23 14:28:15,101 - back_corridor_end - INFO - [back_corridor_end.py:57] - 现在是(7,44)
2025-11-23 14:28:15,101 - back_corridor_end - INFO - [back_corridor_end.py:74] - isDotAlive:点(7, 44)是活的
2025-11-23 14:28:15,101 - back_corridor_end - INFO - [back_corridor_end.py:57] - 现在是(7,45)
2025-11-23 14:28:15,101 - back_corridor_end - INFO - [back_corridor_end.py:74] - isDotAlive:点(7, 45)是活的
2025-11-23 14:28:15,101 - back_corridor_end - INFO - [back_corridor_end.py:57] - 现在是(8,45)
2025-11-23 14:28:15,101 - back_corridor_end - INFO - [back_corridor_end.py:74] - isDotAlive:点(8, 45)是活的
2025-11-23 14:28:15,101 - back_corridor_end - INFO - [back_corridor_end.py:57] - 现在是(9,45)
2025-11-23 14:28:15,101 - back_corridor_end - INFO - [back_corridor_end.py:74] - isDotAlive:点(9, 45)是活的
2025-11-23 14:28:15,101 - back_corridor_end - INFO - [back_corridor_end.py:57] - 现在是(9,44)
2025-11-23 14:28:15,101 - back_corridor_end - INFO - [back_corridor_end.py:74] - isDotAlive:点(9, 44)是活的
2025-11-23 14:28:15,101 - back_corridor_end - INFO - [back_corridor_end.py:57] - 现在是(9,43)
2025-11-23 14:28:15,101 - back_corridor_end - INFO - [back_corridor_end.py:74] - isDotAlive:点(9, 43)是活的
2025-11-23 14:28:15,101 - back_corridor_end - INFO - [back_corridor_end.py:57] - 现在是(9,42)
2025-11-23 14:28:15,101 - back_corridor_end - INFO - [back_corridor_end.py:74] - isDotAlive:点(9, 42)是活的
2025-11-23 14:28:15,101 - back_corridor_end - INFO - [back_corridor_end.py:57] - 现在是(9,41)
2025-11-23 14:28:15,101 - back_corridor_end - INFO - [back_corridor_end.py:74] - isDotAlive:点(9, 41)是活的
2025-11-23 14:28:15,101 - back_corridor_end - INFO - [back_corridor_end.py:57] - 现在是(9,40)
2025-11-23 14:28:15,101 - back_corridor_end - INFO - [back_corridor_end.py:74] - isDotAlive:点(9, 40)是活的
2025-11-23 14:28:15,102 - back_corridor_end - INFO - [back_corridor_end.py:57] - 现在是(9,39)
2025-11-23 14:28:15,102 - back_corridor_end - INFO - [back_corridor_end.py:57] - 现在是(8,39)
2025-11-23 14:28:15,102 - back_corridor_end - INFO - [back_corridor_end.py:57] - 现在是(7,39)
2025-11-23 14:28:15,102 - back_corridor_end - INFO - [back_corridor_end.py:57] - 现在是(7,38)
2025-11-23 14:28:15,102 - back_corridor_end - INFO - [back_corridor_end.py:57] - 现在是(7,37)
2025-11-23 14:28:15,102 - back_corridor_end - INFO - [back_corridor_end.py:57] - 现在是(6,37)
2025-11-23 14:28:15,102 - back_corridor_end - INFO - [back_corridor_end.py:57] - 现在是(5,37)
2025-11-23 14:28:15,102 - back_corridor_end - INFO - [back_corridor_end.py:57] - 现在是(4,37)
2025-11-23 14:28:15,102 - back_corridor_end - INFO - [back_corridor_end.py:57] - 现在是(3,37)
2025-11-23 14:28:15,102 - back_corridor_end - INFO - [back_corridor_end.py:57] - 现在是(3,36)
2025-11-23 14:28:15,102 - back_corridor_end - INFO - [back_corridor_end.py:57] - 现在是(3,35)
2025-11-23 14:28:15,102 - back_corridor_end - INFO - [back_corridor_end.py:80] - isDotAlive:发现死路上的点(3, 35)
2025-11-23 14:28:15,102 - back_corridor_end - INFO - [back_corridor_end.py:57] - 现在是(3,36)
2025-11-23 14:28:15,102 - back_corridor_end - INFO - [back_corridor_end.py:80] - isDotAlive:发现死路上的点(3, 36)
2025-11-23 14:28:15,102 - back_corridor_end - INFO - [back_corridor_end.py:57] - 现在是(3,37)
2025-11-23 14:28:15,102 - back_corridor_end - INFO - [back_corridor_end.py:80] - isDotAlive:发现死路上的点(3, 37)
2025-11-23 14:28:15,102 - back_corridor_end - INFO - [back_corridor_end.py:57] - 现在是(4,37)
2025-11-23 14:28:15,102 - back_corridor_end - INFO - [back_corridor_end.py:80] - isDotAlive:发现死路上的点(4, 37)
2025-11-23 14:28:15,102 - back_corridor_end - INFO - [back_corridor_end.py:57] - 现在是(5,37)
2025-11-23 14:28:15,102 - back_corridor_end - INFO - [back_corridor_end.py:80] - isDotAlive:发现死路上的点(5, 37)
2025-11-23 14:28:15,102 - back_corridor_end - INFO - [back_corridor_end.py:57] - 现在是(6,37)
2025-11-23 14:28:15,102 - back_corridor_end - INFO - [back_corridor_end.py:80] - isDotAlive:发现死路上的点(6, 37)
2025-11-23 14:28:15,102 - back_corridor_end - INFO - [back_corridor_end.py:57] - 现在是(7,37)
2025-11-23 14:28:15,102 - back_corridor_end - INFO - [back_corridor_end.py:80] - isDotAlive:发现死路上的点(7, 37)
2025-11-23 14:28:15,102 - back_corridor_end - INFO - [back_corridor_end.py:57] - 现在是(7,38)
2025-11-23 14:28:15,103 - back_corridor_end - INFO - [back_corridor_end.py:80] - isDotAlive:发现死路上的点(7, 38)
2025-11-23 14:28:15,103 - back_corridor_end - INFO - [back_corridor_end.py:57] - 现在是(7,39)
2025-11-23 14:28:15,103 - back_corridor_end - INFO - [back_corridor_end.py:80] - isDotAlive:发现死路上的点(7, 39)
2025-11-23 14:28:15,103 - back_corridor_end - INFO - [back_corridor_end.py:57] - 现在是(8,39)
2025-11-23 14:28:15,103 - back_corridor_end - INFO - [back_corridor_end.py:80] - isDotAlive:发现死路上的点(8, 39)
2025-11-23 14:28:15,103 - back_corridor_end - INFO - [back_corridor_end.py:57] - 现在是(9,39)
2025-11-23 14:28:15,103 - back_corridor_end - INFO - [back_corridor_end.py:74] - isDotAlive:点(9, 39)是活的
2025-11-23 14:28:15,103 - back_corridor_end - INFO - [back_corridor_end.py:57] - 现在是(9,38)
2025-11-23 14:28:15,103 - back_corridor_end - INFO - [back_corridor_end.py:74] - isDotAlive:点(9, 38)是活的
2025-11-23 14:28:15,103 - back_corridor_end - INFO - [back_corridor_end.py:57] - 现在是(9,37)
2025-11-23 14:28:15,103 - back_corridor_end - INFO - [back_corridor_end.py:74] - isDotAlive:点(9, 37)是活的
2025-11-23 14:28:15,103 - back_corridor_end - INFO - [back_corridor_end.py:57] - 现在是(10,37)
2025-11-23 14:28:15,103 - back_corridor_end - INFO - [back_corridor_end.py:74] - isDotAlive:点(10, 37)是活的
2025-11-23 14:28:15,103 - back_corridor_end - INFO - [back_corridor_end.py:57] - 现在是(11,37)
2025-11-23 14:28:15,103 - back_corridor_end - INFO - [back_corridor_end.py:74] - isDotAlive:点(11, 37)是活的
2025-11-23 14:28:15,103 - back_corridor_end - INFO - [back_corridor_end.py:57] - 现在是(11,36)
2025-11-23 14:28:15,103 - back_corridor_end - INFO - [back_corridor_end.py:74] - isDotAlive:点(11, 36)是活的
2025-11-23 14:28:15,103 - back_corridor_end - INFO - [back_corridor_end.py:57] - 现在是(11,35)
2025-11-23 14:28:15,103 - back_corridor_end - INFO - [back_corridor_end.py:74] - isDotAlive:点(11, 35)是活的
2025-11-23 14:28:15,103 - back_corridor_end - INFO - [back_corridor_end.py:57] - 现在是(11,34)
2025-11-23 14:28:15,103 - back_corridor_end - INFO - [back_corridor_end.py:74] - isDotAlive:点(11, 34)是活的
2025-11-23 14:28:15,103 - back_corridor_end - INFO - [back_corridor_end.py:57] - 现在是(11,33)
2025-11-23 14:28:15,104 - back_corridor_end - INFO - [back_corridor_end.py:57] - 现在是(11,32)
2025-11-23 14:28:15,104 - back_corridor_end - INFO - [back_corridor_end.py:57] - 现在是(11,31)
2025-11-23 14:28:15,104 - back_corridor_end - INFO - [back_corridor_end.py:57] - 现在是(11,30)
2025-11-23 14:28:15,104 - back_corridor_end - INFO - [back_corridor_end.py:57] - 现在是(11,29)
2025-11-23 14:28:15,104 - back_corridor_end - INFO - [back_corridor_end.py:57] - 现在是(10,29)
2025-11-23 14:28:15,104 - back_corridor_end - INFO - [back_corridor_end.py:57] - 现在是(9,29)
2025-11-23 14:28:15,104 - back_corridor_end - INFO - [back_corridor_end.py:57] - 现在是(9,28)
2025-11-23 14:28:15,104 - back_corridor_end - INFO - [back_corridor_end.py:57] - 现在是(9,27)
2025-11-23 14:28:15,104 - back_corridor_end - INFO - [back_corridor_end.py:57] - 现在是(10,27)
2025-11-23 14:28:15,104 - back_corridor_end - INFO - [back_corridor_end.py:57] - 现在是(11,27)
2025-11-23 14:28:15,104 - back_corridor_end - INFO - [back_corridor_end.py:80] - isDotAlive:发现死路上的点(11, 27)
2025-11-23 14:28:15,104 - back_corridor_end - INFO - [back_corridor_end.py:57] - 现在是(10,27)
2025-11-23 14:28:15,104 - back_corridor_end - INFO - [back_corridor_end.py:80] - isDotAlive:发现死路上的点(10, 27)
2025-11-23 14:28:15,104 - back_corridor_end - INFO - [back_corridor_end.py:57] - 现在是(9,27)
2025-11-23 14:28:15,104 - back_corridor_end - INFO - [back_corridor_end.py:57] - 现在是(9,26)
2025-11-23 14:28:15,104 - back_corridor_end - INFO - [back_corridor_end.py:57] - 现在是(9,25)
2025-11-23 14:28:15,104 - back_corridor_end - INFO - [back_corridor_end.py:80] - isDotAlive:发现死路上的点(9, 25)
2025-11-23 14:28:15,104 - back_corridor_end - INFO - [back_corridor_end.py:57] - 现在是(9,26)
2025-11-23 14:28:15,104 - back_corridor_end - INFO - [back_corridor_end.py:80] - isDotAlive:发现死路上的点(9, 26)
2025-11-23 14:28:15,104 - back_corridor_end - INFO - [back_corridor_end.py:57] - 现在是(9,27)
2025-11-23 14:28:15,104 - back_corridor_end - INFO - [back_corridor_end.py:80] - isDotAlive:发现死路上的点(9, 27)
2025-11-23 14:28:15,104 - back_corridor_end - INFO - [back_corridor_end.py:57] - 现在是(9,28)
2025-11-23 14:28:15,104 - back_corridor_end - INFO - [back_corridor_end.py:74] - isDotAlive:点(9, 28)是活的
2025-11-23 14:28:15,105 - back_corridor_end - INFO - [back_corridor_end.py:57] - 现在是(9,29)
2025-11-23 14:28:15,105 - back_corridor_end - INFO - [back_corridor_end.py:74] - isDotAlive:点(9, 29)是活的
2025-11-23 14:28:15,105 - back_corridor_end - INFO - [back_corridor_end.py:57] - 现在是(10,29)
2025-11-23 14:28:15,105 - back_corridor_end - INFO - [back_corridor_end.py:74] - isDotAlive:点(10, 29)是活的
2025-11-23 14:28:15,105 - back_corridor_end - INFO - [back_corridor_end.py:57] - 现在是(11,29)
2025-11-23 14:28:15,105 - back_corridor_end - INFO - [back_corridor_end.py:74] - isDotAlive:点(11, 29)是活的
2025-11-23 14:28:15,105 - back_corridor_end - INFO - [back_corridor_end.py:57] - 现在是(11,30)
2025-11-23 14:28:15,105 - back_corridor_end - INFO - [back_corridor_end.py:74] - isDotAlive:点(11, 30)是活的
2025-11-23 14:28:15,105 - back_corridor_end - INFO - [back_corridor_end.py:57] - 现在是(11,31)
2025-11-23 14:28:15,105 - back_corridor_end - INFO - [back_corridor_end.py:74] - isDotAlive:点(11, 31)是活的
2025-11-23 14:28:15,105 - back_corridor_end - INFO - [back_corridor_end.py:57] - 现在是(11,32)
2025-11-23 14:28:15,105 - back_corridor_end - INFO - [back_corridor_end.py:74] - isDotAlive:点(11, 32)是活的
2025-11-23 14:28:15,105 - back_corridor_end - INFO - [back_corridor_end.py:57] - 现在是(11,33)
2025-11-23 14:28:15,105 - back_corridor_end - INFO - [back_corridor_end.py:74] - isDotAlive:点(11, 33)是活的
2025-11-23 14:28:15,105 - back_corridor_end - INFO - [back_corridor_end.py:57] - 现在是(12,33)
2025-11-23 14:28:15,105 - back_corridor_end - INFO - [back_corridor_end.py:74] - isDotAlive:点(12, 33)是活的
2025-11-23 14:28:15,105 - back_corridor_end - INFO - [back_corridor_end.py:57] - 现在是(13,33)
2025-11-23 14:28:15,105 - back_corridor_end - INFO - [back_corridor_end.py:74] - isDotAlive:点(13, 33)是活的
2025-11-23 14:28:15,105 - back_corridor_end - INFO - [back_corridor_end.py:57] - 现在是(13,34)
2025-11-23 14:28:15,105 - back_corridor_end - INFO - [back_corridor_end.py:74] - isDotAlive:点(13, 34)是活的
2025-11-23 14:28:15,105 - back_corridor_end - INFO - [back_corridor_end.py:57] - 现在是(13,35)
2025-11-23 14:28:15,105 - back_corridor_end - INFO - [back_corridor_end.py:74] - isDotAlive:点(13, 35)是活的
2025-11-23 14:28:15,105 - back_corridor_end - INFO - [back_corridor_end.py:57] - 现在是(14,35)
2025-11-23 14:28:15,106 - back_corridor_end - INFO - [back_corridor_end.py:74] - isDotAlive:点(14, 35)是活的
2025-11-23 14:28:15,106 - back_corridor_end - INFO - [back_corridor_end.py:57] - 现在是(15,35)
2025-11-23 14:28:15,106 - back_corridor_end - INFO - [back_corridor_end.py:74] - isDotAlive:点(15, 35)是活的
2025-11-23 14:28:15,106 - back_corridor_end - INFO - [back_corridor_end.py:57] - 现在是(15,36)
2025-11-23 14:28:15,106 - back_corridor_end - INFO - [back_corridor_end.py:74] - isDotAlive:点(15, 36)是活的
2025-11-23 14:28:15,106 - back_corridor_end - INFO - [back_corridor_end.py:57] - 现在是(15,37)
2025-11-23 14:28:15,106 - back_corridor_end - INFO - [back_corridor_end.py:74] - isDotAlive:点(15, 37)是活的
2025-11-23 14:28:15,106 - back_corridor_end - INFO - [back_corridor_end.py:57] - 现在是(16,37)
2025-11-23 14:28:15,106 - back_corridor_end - INFO - [back_corridor_end.py:74] - isDotAlive:点(16, 37)是活的
2025-11-23 14:28:15,106 - back_corridor_end - INFO - [back_corridor_end.py:57] - 现在是(17,37)
2025-11-23 14:28:15,106 - back_corridor_end - INFO - [back_corridor_end.py:74] - isDotAlive:点(17, 37)是活的
2025-11-23 14:28:15,106 - back_corridor_end - INFO - [back_corridor_end.py:57] - 现在是(17,36)
2025-11-23 14:28:15,106 - back_corridor_end - INFO - [back_corridor_end.py:74] - isDotAlive:点(17, 36)是活的
2025-11-23 14:28:15,106 - back_corridor_end - INFO - [back_corridor_end.py:57] - 现在是(17,35)
2025-11-23 14:28:15,106 - back_corridor_end - INFO - [back_corridor_end.py:74] - isDotAlive:点(17, 35)是活的
2025-11-23 14:28:15,106 - back_corridor_end - INFO - [back_corridor_end.py:57] - 现在是(17,34)
2025-11-23 14:28:15,106 - back_corridor_end - INFO - [back_corridor_end.py:74] - isDotAlive:点(17, 34)是活的
2025-11-23 14:28:15,106 - back_corridor_end - INFO - [back_corridor_end.py:57] - 现在是(17,33)
2025-11-23 14:28:15,106 - back_corridor_end - INFO - [back_corridor_end.py:57] - 现在是(16,33)
2025-11-23 14:28:15,106 - back_corridor_end - INFO - [back_corridor_end.py:57] - 现在是(15,33)
2025-11-23 14:28:15,106 - back_corridor_end - INFO - [back_corridor_end.py:80] - isDotAlive:发现死路上的点(15, 33)
2025-11-23 14:28:15,106 - back_corridor_end - INFO - [back_corridor_end.py:57] - 现在是(16,33)
2025-11-23 14:28:15,106 - back_corridor_end - INFO - [back_corridor_end.py:80] - isDotAlive:发现死路上的点(16, 33)
2025-11-23 14:28:15,106 - back_corridor_end - INFO - [back_corridor_end.py:57] - 现在是(17,33)
2025-11-23 14:28:15,107 - back_corridor_end - INFO - [back_corridor_end.py:74] - isDotAlive:点(17, 33)是活的
2025-11-23 14:28:15,107 - back_corridor_end - INFO - [back_corridor_end.py:57] - 现在是(18,33)
2025-11-23 14:28:15,107 - back_corridor_end - INFO - [back_corridor_end.py:74] - isDotAlive:点(18, 33)是活的
2025-11-23 14:28:15,107 - back_corridor_end - INFO - [back_corridor_end.py:57] - 现在是(19,33)
2025-11-23 14:28:15,107 - back_corridor_end - INFO - [back_corridor_end.py:74] - isDotAlive:点(19, 33)是活的
2025-11-23 14:28:15,107 - back_corridor_end - INFO - [back_corridor_end.py:57] - 现在是(19,32)
2025-11-23 14:28:15,107 - back_corridor_end - INFO - [back_corridor_end.py:74] - isDotAlive:点(19, 32)是活的
2025-11-23 14:28:15,107 - back_corridor_end - INFO - [back_corridor_end.py:57] - 现在是(19,31)
2025-11-23 14:28:15,107 - back_corridor_end - INFO - [back_corridor_end.py:57] - 现在是(18,31)
2025-11-23 14:28:15,107 - back_corridor_end - INFO - [back_corridor_end.py:57] - 现在是(17,31)
2025-11-23 14:28:15,107 - back_corridor_end - INFO - [back_corridor_end.py:80] - isDotAlive:发现死路上的点(17, 31)
2025-11-23 14:28:15,107 - back_corridor_end - INFO - [back_corridor_end.py:57] - 现在是(18,31)
2025-11-23 14:28:15,107 - back_corridor_end - INFO - [back_corridor_end.py:80] - isDotAlive:发现死路上的点(18, 31)
2025-11-23 14:28:15,107 - back_corridor_end - INFO - [back_corridor_end.py:57] - 现在是(19,31)
2025-11-23 14:28:15,107 - back_corridor_end - INFO - [back_corridor_end.py:74] - isDotAlive:点(19, 31)是活的
2025-11-23 14:28:15,107 - back_corridor_end - INFO - [back_corridor_end.py:57] - 现在是(20,31)
2025-11-23 14:28:15,107 - back_corridor_end - INFO - [back_corridor_end.py:74] - isDotAlive:点(20, 31)是活的
2025-11-23 14:28:15,107 - back_corridor_end - INFO - [back_corridor_end.py:57] - 现在是(20,30)
2025-11-23 14:28:15,107 - back_corridor_end - INFO - [back_corridor_end.py:74] - isDotAlive:点(20, 30)是活的
2025-11-23 14:28:15,107 - back_corridor_end - INFO - [back_corridor_end.py:46] - dfs从(66,51)开始
2025-11-23 14:28:15,107 - back_corridor_end - INFO - [back_corridor_end.py:57] - 现在是(66,51)
2025-11-23 14:28:15,107 - back_corridor_end - INFO - [back_corridor_end.py:80] - isDotAlive:发现死路上的点(66, 51)
2025-11-23 14:28:15,107 - back_corridor_end - INFO - [back_corridor_end.py:46] - dfs从(62,53)开始
2025-11-23 14:28:15,107 - back_corridor_end - INFO - [back_corridor_end.py:57] - 现在是(62,53)
2025-11-23 14:28:15,107 - back_corridor_end - INFO - [back_corridor_end.py:80] - isDotAlive:发现死路上的点(62, 53)
2025-11-23 14:28:15,108 - back_corridor_end - INFO - [back_corridor_end.py:46] - dfs从(65,54)开始
2025-11-23 14:28:15,108 - back_corridor_end - INFO - [back_corridor_end.py:57] - 现在是(65,54)
2025-11-23 14:28:15,108 - back_corridor_end - INFO - [back_corridor_end.py:80] - isDotAlive:发现死路上的点(65, 54)
2025-11-23 14:28:15,108 - back_corridor_end - INFO - [back_corridor_end.py:46] - dfs从(63,50)开始
2025-11-23 14:28:15,108 - back_corridor_end - INFO - [back_corridor_end.py:57] - 现在是(63,50)
2025-11-23 14:28:15,108 - back_corridor_end - INFO - [back_corridor_end.py:80] - isDotAlive:发现死路上的点(63, 50)
2025-11-23 14:28:15,108 - back_corridor_end - INFO - [back_corridor_end.py:46] - dfs从(4,49)开始
2025-11-23 14:28:15,108 - back_corridor_end - INFO - [back_corridor_end.py:57] - 现在是(4,49)
2025-11-23 14:28:15,108 - back_corridor_end - INFO - [back_corridor_end.py:80] - isDotAlive:发现死路上的点(4, 49)
2025-11-23 14:28:15,108 - back_corridor_end - INFO - [back_corridor_end.py:46] - dfs从(47,50)开始
2025-11-23 14:28:15,108 - back_corridor_end - INFO - [back_corridor_end.py:57] - 现在是(47,50)
2025-11-23 14:28:15,108 - back_corridor_end - INFO - [back_corridor_end.py:57] - 现在是(47,51)
2025-11-23 14:28:15,108 - back_corridor_end - INFO - [back_corridor_end.py:57] - 现在是(47,52)
2025-11-23 14:28:15,108 - back_corridor_end - INFO - [back_corridor_end.py:57] - 现在是(47,53)
2025-11-23 14:28:15,108 - back_corridor_end - INFO - [back_corridor_end.py:57] - 现在是(48,53)
2025-11-23 14:28:15,108 - back_corridor_end - INFO - [back_corridor_end.py:57] - 现在是(49,53)
2025-11-23 14:28:15,108 - back_corridor_end - INFO - [back_corridor_end.py:74] - isDotAlive:点(49, 53)是活的
2025-11-23 14:28:15,108 - back_corridor_end - INFO - [back_corridor_end.py:57] - 现在是(48,53)
2025-11-23 14:28:15,108 - back_corridor_end - INFO - [back_corridor_end.py:74] - isDotAlive:点(48, 53)是活的
2025-11-23 14:28:15,108 - back_corridor_end - INFO - [back_corridor_end.py:57] - 现在是(47,53)
2025-11-23 14:28:15,108 - back_corridor_end - INFO - [back_corridor_end.py:57] - 现在是(47,54)
2025-11-23 14:28:15,108 - back_corridor_end - INFO - [back_corridor_end.py:57] - 现在是(47,55)
2025-11-23 14:28:15,108 - back_corridor_end - INFO - [back_corridor_end.py:57] - 现在是(46,55)
2025-11-23 14:28:15,108 - back_corridor_end - INFO - [back_corridor_end.py:57] - 现在是(45,55)
2025-11-23 14:28:15,108 - back_corridor_end - INFO - [back_corridor_end.py:74] - isDotAlive:点(45, 55)是活的
2025-11-23 14:28:15,108 - back_corridor_end - INFO - [back_corridor_end.py:57] - 现在是(46,55)
2025-11-23 14:28:15,109 - back_corridor_end - INFO - [back_corridor_end.py:74] - isDotAlive:点(46, 55)是活的
2025-11-23 14:28:15,109 - back_corridor_end - INFO - [back_corridor_end.py:57] - 现在是(47,55)
2025-11-23 14:28:15,109 - back_corridor_end - INFO - [back_corridor_end.py:74] - isDotAlive:点(47, 55)是活的
2025-11-23 14:28:15,109 - back_corridor_end - INFO - [back_corridor_end.py:57] - 现在是(47,54)
2025-11-23 14:28:15,109 - back_corridor_end - INFO - [back_corridor_end.py:74] - isDotAlive:点(47, 54)是活的
2025-11-23 14:28:15,109 - back_corridor_end - INFO - [back_corridor_end.py:57] - 现在是(47,53)
2025-11-23 14:28:15,109 - back_corridor_end - INFO - [back_corridor_end.py:57] - 现在是(46,53)
2025-11-23 14:28:15,109 - back_corridor_end - INFO - [back_corridor_end.py:57] - 现在是(45,53)
2025-11-23 14:28:15,109 - back_corridor_end - INFO - [back_corridor_end.py:57] - 现在是(44,53)
2025-11-23 14:28:15,109 - back_corridor_end - INFO - [back_corridor_end.py:57] - 现在是(43,53)
2025-11-23 14:28:15,109 - back_corridor_end - INFO - [back_corridor_end.py:57] - 现在是(42,53)
2025-11-23 14:28:15,109 - back_corridor_end - INFO - [back_corridor_end.py:57] - 现在是(41,53)
2025-11-23 14:28:15,109 - back_corridor_end - INFO - [back_corridor_end.py:57] - 现在是(41,54)
2025-11-23 14:28:15,109 - back_corridor_end - INFO - [back_corridor_end.py:57] - 现在是(41,55)
2025-11-23 14:28:15,109 - back_corridor_end - INFO - [back_corridor_end.py:57] - 现在是(42,55)
2025-11-23 14:28:15,109 - back_corridor_end - INFO - [back_corridor_end.py:57] - 现在是(43,55)
2025-11-23 14:28:15,109 - back_corridor_end - INFO - [back_corridor_end.py:80] - isDotAlive:发现死路上的点(43, 55)
2025-11-23 14:28:15,109 - back_corridor_end - INFO - [back_corridor_end.py:57] - 现在是(42,55)
2025-11-23 14:28:15,109 - back_corridor_end - INFO - [back_corridor_end.py:80] - isDotAlive:发现死路上的点(42, 55)
2025-11-23 14:28:15,109 - back_corridor_end - INFO - [back_corridor_end.py:57] - 现在是(41,55)
2025-11-23 14:28:15,109 - back_corridor_end - INFO - [back_corridor_end.py:74] - isDotAlive:点(41, 55)是活的
2025-11-23 14:28:15,109 - back_corridor_end - INFO - [back_corridor_end.py:57] - 现在是(41,54)
2025-11-23 14:28:15,109 - back_corridor_end - INFO - [back_corridor_end.py:74] - isDotAlive:点(41, 54)是活的
2025-11-23 14:28:15,109 - back_corridor_end - INFO - [back_corridor_end.py:57] - 现在是(41,53)
2025-11-23 14:28:15,109 - back_corridor_end - INFO - [back_corridor_end.py:57] - 现在是(41,52)
2025-11-23 14:28:15,110 - back_corridor_end - INFO - [back_corridor_end.py:57] - 现在是(41,51)
2025-11-23 14:28:15,110 - back_corridor_end - INFO - [back_corridor_end.py:80] - isDotAlive:发现死路上的点(41, 51)
2025-11-23 14:28:15,110 - back_corridor_end - INFO - [back_corridor_end.py:57] - 现在是(41,52)
2025-11-23 14:28:15,110 - back_corridor_end - INFO - [back_corridor_end.py:80] - isDotAlive:发现死路上的点(41, 52)
2025-11-23 14:28:15,110 - back_corridor_end - INFO - [back_corridor_end.py:57] - 现在是(41,53)
2025-11-23 14:28:15,110 - back_corridor_end - INFO - [back_corridor_end.py:74] - isDotAlive:点(41, 53)是活的
2025-11-23 14:28:15,110 - back_corridor_end - INFO - [back_corridor_end.py:57] - 现在是(42,53)
2025-11-23 14:28:15,110 - back_corridor_end - INFO - [back_corridor_end.py:74] - isDotAlive:点(42, 53)是活的
2025-11-23 14:28:15,110 - back_corridor_end - INFO - [back_corridor_end.py:57] - 现在是(43,53)
2025-11-23 14:28:15,110 - back_corridor_end - INFO - [back_corridor_end.py:74] - isDotAlive:点(43, 53)是活的
2025-11-23 14:28:15,110 - back_corridor_end - INFO - [back_corridor_end.py:57] - 现在是(44,53)
2025-11-23 14:28:15,110 - back_corridor_end - INFO - [back_corridor_end.py:74] - isDotAlive:点(44, 53)是活的
2025-11-23 14:28:15,110 - back_corridor_end - INFO - [back_corridor_end.py:57] - 现在是(45,53)
2025-11-23 14:28:15,110 - back_corridor_end - INFO - [back_corridor_end.py:57] - 现在是(45,52)
2025-11-23 14:28:15,110 - back_corridor_end - INFO - [back_corridor_end.py:57] - 现在是(45,51)
2025-11-23 14:28:15,110 - back_corridor_end - INFO - [back_corridor_end.py:57] - 现在是(44,51)
2025-11-23 14:28:15,110 - back_corridor_end - INFO - [back_corridor_end.py:57] - 现在是(43,51)
2025-11-23 14:28:15,110 - back_corridor_end - INFO - [back_corridor_end.py:80] - isDotAlive:发现死路上的点(43, 51)
2025-11-23 14:28:15,110 - back_corridor_end - INFO - [back_corridor_end.py:57] - 现在是(44,51)
2025-11-23 14:28:15,110 - back_corridor_end - INFO - [back_corridor_end.py:80] - isDotAlive:发现死路上的点(44, 51)
2025-11-23 14:28:15,110 - back_corridor_end - INFO - [back_corridor_end.py:57] - 现在是(45,51)
2025-11-23 14:28:15,110 - back_corridor_end - INFO - [back_corridor_end.py:80] - isDotAlive:发现死路上的点(45, 51)
2025-11-23 14:28:15,110 - back_corridor_end - INFO - [back_corridor_end.py:57] - 现在是(45,52)
2025-11-23 14:28:15,110 - back_corridor_end - INFO - [back_corridor_end.py:80] - isDotAlive:发现死路上的点(45, 52)
2025-11-23 14:28:15,110 - back_corridor_end - INFO - [back_corridor_end.py:57] - 现在是(45,53)
2025-11-23 14:28:15,110 - back_corridor_end - INFO - [back_corridor_end.py:74] - isDotAlive:点(45, 53)是活的
2025-11-23 14:28:15,111 - back_corridor_end - INFO - [back_corridor_end.py:57] - 现在是(46,53)
2025-11-23 14:28:15,111 - back_corridor_end - INFO - [back_corridor_end.py:74] - isDotAlive:点(46, 53)是活的
2025-11-23 14:28:15,111 - back_corridor_end - INFO - [back_corridor_end.py:57] - 现在是(47,53)
2025-11-23 14:28:15,111 - back_corridor_end - INFO - [back_corridor_end.py:74] - isDotAlive:点(47, 53)是活的
2025-11-23 14:28:15,111 - back_corridor_end - INFO - [back_corridor_end.py:57] - 现在是(47,52)
2025-11-23 14:28:15,111 - back_corridor_end - INFO - [back_corridor_end.py:74] - isDotAlive:点(47, 52)是活的
2025-11-23 14:28:15,111 - back_corridor_end - INFO - [back_corridor_end.py:57] - 现在是(47,51)
2025-11-23 14:28:15,111 - back_corridor_end - INFO - [back_corridor_end.py:74] - isDotAlive:点(47, 51)是活的
2025-11-23 14:28:15,111 - back_corridor_end - INFO - [back_corridor_end.py:57] - 现在是(47,50)
2025-11-23 14:28:15,111 - back_corridor_end - INFO - [back_corridor_end.py:74] - isDotAlive:点(47, 50)是活的
2025-11-23 14:28:15,111 - back_corridor_end - INFO - [back_corridor_end.py:46] - dfs从(48,49)开始
2025-11-23 14:28:15,111 - back_corridor_end - INFO - [back_corridor_end.py:57] - 现在是(48,49)
2025-11-23 14:28:15,111 - back_corridor_end - INFO - [back_corridor_end.py:57] - 现在是(49,49)
2025-11-23 14:28:15,111 - back_corridor_end - INFO - [back_corridor_end.py:57] - 现在是(49,50)
2025-11-23 14:28:15,111 - back_corridor_end - INFO - [back_corridor_end.py:57] - 现在是(49,51)
2025-11-23 14:28:15,111 - back_corridor_end - INFO - [back_corridor_end.py:80] - isDotAlive:发现死路上的点(49, 51)
2025-11-23 14:28:15,111 - back_corridor_end - INFO - [back_corridor_end.py:57] - 现在是(49,50)
2025-11-23 14:28:15,111 - back_corridor_end - INFO - [back_corridor_end.py:80] - isDotAlive:发现死路上的点(49, 50)
2025-11-23 14:28:15,111 - back_corridor_end - INFO - [back_corridor_end.py:57] - 现在是(49,49)
2025-11-23 14:28:15,111 - back_corridor_end - INFO - [back_corridor_end.py:57] - 现在是(49,48)
2025-11-23 14:28:15,111 - back_corridor_end - INFO - [back_corridor_end.py:57] - 现在是(49,47)
2025-11-23 14:28:15,111 - back_corridor_end - INFO - [back_corridor_end.py:57] - 现在是(50,47)
2025-11-23 14:28:15,111 - back_corridor_end - INFO - [back_corridor_end.py:57] - 现在是(51,47)
2025-11-23 14:28:15,111 - back_corridor_end - INFO - [back_corridor_end.py:57] - 现在是(52,47)
2025-11-23 14:28:15,112 - back_corridor_end - INFO - [back_corridor_end.py:57] - 现在是(53,47)
2025-11-23 14:28:15,112 - back_corridor_end - INFO - [back_corridor_end.py:57] - 现在是(53,48)
2025-11-23 14:28:15,112 - back_corridor_end - INFO - [back_corridor_end.py:57] - 现在是(53,49)
2025-11-23 14:28:15,112 - back_corridor_end - INFO - [back_corridor_end.py:57] - 现在是(52,49)
2025-11-23 14:28:15,112 - back_corridor_end - INFO - [back_corridor_end.py:57] - 现在是(51,49)
2025-11-23 14:28:15,112 - back_corridor_end - INFO - [back_corridor_end.py:80] - isDotAlive:发现死路上的点(51, 49)
2025-11-23 14:28:15,112 - back_corridor_end - INFO - [back_corridor_end.py:57] - 现在是(52,49)
2025-11-23 14:28:15,112 - back_corridor_end - INFO - [back_corridor_end.py:80] - isDotAlive:发现死路上的点(52, 49)
2025-11-23 14:28:15,112 - back_corridor_end - INFO - [back_corridor_end.py:57] - 现在是(53,49)
2025-11-23 14:28:15,112 - back_corridor_end - INFO - [back_corridor_end.py:74] - isDotAlive:点(53, 49)是活的
2025-11-23 14:28:15,112 - back_corridor_end - INFO - [back_corridor_end.py:57] - 现在是(53,48)
2025-11-23 14:28:15,112 - back_corridor_end - INFO - [back_corridor_end.py:74] - isDotAlive:点(53, 48)是活的
2025-11-23 14:28:15,112 - back_corridor_end - INFO - [back_corridor_end.py:57] - 现在是(53,47)
2025-11-23 14:28:15,112 - back_corridor_end - INFO - [back_corridor_end.py:74] - isDotAlive:点(53, 47)是活的
2025-11-23 14:28:15,112 - back_corridor_end - INFO - [back_corridor_end.py:57] - 现在是(52,47)
2025-11-23 14:28:15,112 - back_corridor_end - INFO - [back_corridor_end.py:74] - isDotAlive:点(52, 47)是活的
2025-11-23 14:28:15,112 - back_corridor_end - INFO - [back_corridor_end.py:57] - 现在是(51,47)
2025-11-23 14:28:15,112 - back_corridor_end - INFO - [back_corridor_end.py:74] - isDotAlive:点(51, 47)是活的
2025-11-23 14:28:15,112 - back_corridor_end - INFO - [back_corridor_end.py:57] - 现在是(50,47)
2025-11-23 14:28:15,112 - back_corridor_end - INFO - [back_corridor_end.py:74] - isDotAlive:点(50, 47)是活的
2025-11-23 14:28:15,112 - back_corridor_end - INFO - [back_corridor_end.py:57] - 现在是(49,47)
2025-11-23 14:28:15,112 - back_corridor_end - INFO - [back_corridor_end.py:74] - isDotAlive:点(49, 47)是活的
2025-11-23 14:28:15,112 - back_corridor_end - INFO - [back_corridor_end.py:57] - 现在是(49,48)
2025-11-23 14:28:15,112 - back_corridor_end - INFO - [back_corridor_end.py:74] - isDotAlive:点(49, 48)是活的
2025-11-23 14:28:15,112 - back_corridor_end - INFO - [back_corridor_end.py:57] - 现在是(49,49)
2025-11-23 14:28:15,113 - back_corridor_end - INFO - [back_corridor_end.py:74] - isDotAlive:点(49, 49)是活的
2025-11-23 14:28:15,113 - back_corridor_end - INFO - [back_corridor_end.py:57] - 现在是(48,49)
2025-11-23 14:28:15,113 - back_corridor_end - INFO - [back_corridor_end.py:74] - isDotAlive:点(48, 49)是活的
2025-11-23 14:28:15,113 - back_corridor_end - INFO - [back_corridor_end.py:46] - dfs从(44,49)开始
2025-11-23 14:28:15,113 - back_corridor_end - INFO - [back_corridor_end.py:57] - 现在是(44,49)
2025-11-23 14:28:15,113 - back_corridor_end - INFO - [back_corridor_end.py:80] - isDotAlive:发现死路上的点(44, 49)
2025-11-23 14:28:15,113 - back_corridor_end - INFO - [back_corridor_end.py:46] - dfs从(44,47)开始
2025-11-23 14:28:15,113 - back_corridor_end - INFO - [back_corridor_end.py:57] - 现在是(44,47)
2025-11-23 14:28:15,113 - back_corridor_end - INFO - [back_corridor_end.py:80] - isDotAlive:发现死路上的点(44, 47)
2025-11-23 14:28:15,113 - back_corridor_end - INFO - [back_corridor_end.py:46] - dfs从(47,46)开始
2025-11-23 14:28:15,113 - back_corridor_end - INFO - [back_corridor_end.py:57] - 现在是(47,46)
2025-11-23 14:28:15,113 - back_corridor_end - INFO - [back_corridor_end.py:80] - isDotAlive:发现死路上的点(47, 46)
2025-11-23 14:28:15,113 - back_corridor_end - INFO - [back_corridor_end.py:46] - dfs从(45,46)开始
2025-11-23 14:28:15,113 - back_corridor_end - INFO - [back_corridor_end.py:57] - 现在是(45,46)
2025-11-23 14:28:15,113 - back_corridor_end - INFO - [back_corridor_end.py:57] - 现在是(45,45)
2025-11-23 14:28:15,113 - back_corridor_end - INFO - [back_corridor_end.py:57] - 现在是(45,44)
2025-11-23 14:28:15,113 - back_corridor_end - INFO - [back_corridor_end.py:57] - 现在是(45,43)
2025-11-23 14:28:15,113 - back_corridor_end - INFO - [back_corridor_end.py:74] - isDotAlive:点(45, 43)是活的
2025-11-23 14:28:15,113 - back_corridor_end - INFO - [back_corridor_end.py:57] - 现在是(45,44)
2025-11-23 14:28:15,113 - back_corridor_end - INFO - [back_corridor_end.py:74] - isDotAlive:点(45, 44)是活的
2025-11-23 14:28:15,113 - back_corridor_end - INFO - [back_corridor_end.py:57] - 现在是(45,45)
2025-11-23 14:28:15,113 - back_corridor_end - INFO - [back_corridor_end.py:74] - isDotAlive:点(45, 45)是活的
2025-11-23 14:28:15,113 - back_corridor_end - INFO - [back_corridor_end.py:57] - 现在是(45,46)
2025-11-23 14:28:15,113 - back_corridor_end - INFO - [back_corridor_end.py:74] - isDotAlive:点(45, 46)是活的
2025-11-23 14:28:15,113 - back_corridor_end - INFO - [back_corridor_end.py:46] - dfs从(16,47)开始
2025-11-23 14:28:15,113 - back_corridor_end - INFO - [back_corridor_end.py:57] - 现在是(16,47)
2025-11-23 14:28:15,114 - back_corridor_end - INFO - [back_corridor_end.py:57] - 现在是(17,47)
2025-11-23 14:28:15,114 - back_corridor_end - INFO - [back_corridor_end.py:57] - 现在是(18,47)
2025-11-23 14:28:15,114 - back_corridor_end - INFO - [back_corridor_end.py:57] - 现在是(19,47)
2025-11-23 14:28:15,114 - back_corridor_end - INFO - [back_corridor_end.py:57] - 现在是(20,47)
2025-11-23 14:28:15,114 - back_corridor_end - INFO - [back_corridor_end.py:57] - 现在是(21,47)
2025-11-23 14:28:15,114 - back_corridor_end - INFO - [back_corridor_end.py:57] - 现在是(22,47)
2025-11-23 14:28:15,114 - back_corridor_end - INFO - [back_corridor_end.py:57] - 现在是(23,47)
2025-11-23 14:28:15,114 - back_corridor_end - INFO - [back_corridor_end.py:57] - 现在是(23,46)
2025-11-23 14:28:15,114 - back_corridor_end - INFO - [back_corridor_end.py:57] - 现在是(23,45)
2025-11-23 14:28:15,114 - back_corridor_end - INFO - [back_corridor_end.py:57] - 现在是(24,45)
2025-11-23 14:28:15,114 - back_corridor_end - INFO - [back_corridor_end.py:57] - 现在是(25,45)
2025-11-23 14:28:15,114 - back_corridor_end - INFO - [back_corridor_end.py:57] - 现在是(25,44)
2025-11-23 14:28:15,114 - back_corridor_end - INFO - [back_corridor_end.py:57] - 现在是(25,43)
2025-11-23 14:28:15,114 - back_corridor_end - INFO - [back_corridor_end.py:57] - 现在是(26,43)
2025-11-23 14:28:15,114 - back_corridor_end - INFO - [back_corridor_end.py:57] - 现在是(27,43)
2025-11-23 14:28:15,114 - back_corridor_end - INFO - [back_corridor_end.py:57] - 现在是(27,44)
2025-11-23 14:28:15,114 - back_corridor_end - INFO - [back_corridor_end.py:57] - 现在是(27,45)
2025-11-23 14:28:15,114 - back_corridor_end - INFO - [back_corridor_end.py:57] - 现在是(27,46)
2025-11-23 14:28:15,114 - back_corridor_end - INFO - [back_corridor_end.py:57] - 现在是(27,47)
2025-11-23 14:28:15,114 - back_corridor_end - INFO - [back_corridor_end.py:57] - 现在是(26,47)
2025-11-23 14:28:15,114 - back_corridor_end - INFO - [back_corridor_end.py:57] - 现在是(25,47)
2025-11-23 14:28:15,114 - back_corridor_end - INFO - [back_corridor_end.py:80] - isDotAlive:发现死路上的点(25, 47)
2025-11-23 14:28:15,114 - back_corridor_end - INFO - [back_corridor_end.py:57] - 现在是(26,47)
2025-11-23 14:28:15,114 - back_corridor_end - INFO - [back_corridor_end.py:80] - isDotAlive:发现死路上的点(26, 47)
2025-11-23 14:28:15,114 - back_corridor_end - INFO - [back_corridor_end.py:57] - 现在是(27,47)
2025-11-23 14:28:15,114 - back_corridor_end - INFO - [back_corridor_end.py:80] - isDotAlive:发现死路上的点(27, 47)
2025-11-23 14:28:15,114 - back_corridor_end - INFO - [back_corridor_end.py:57] - 现在是(27,46)
2025-11-23 14:28:15,115 - back_corridor_end - INFO - [back_corridor_end.py:74] - isDotAlive:点(27, 46)是活的
2025-11-23 14:28:15,115 - back_corridor_end - INFO - [back_corridor_end.py:57] - 现在是(27,45)
2025-11-23 14:28:15,115 - back_corridor_end - INFO - [back_corridor_end.py:74] - isDotAlive:点(27, 45)是活的
2025-11-23 14:28:15,115 - back_corridor_end - INFO - [back_corridor_end.py:57] - 现在是(27,44)
2025-11-23 14:28:15,115 - back_corridor_end - INFO - [back_corridor_end.py:74] - isDotAlive:点(27, 44)是活的
2025-11-23 14:28:15,115 - back_corridor_end - INFO - [back_corridor_end.py:57] - 现在是(27,43)
2025-11-23 14:28:15,115 - back_corridor_end - INFO - [back_corridor_end.py:74] - isDotAlive:点(27, 43)是活的
2025-11-23 14:28:15,115 - back_corridor_end - INFO - [back_corridor_end.py:57] - 现在是(26,43)
2025-11-23 14:28:15,115 - back_corridor_end - INFO - [back_corridor_end.py:74] - isDotAlive:点(26, 43)是活的
2025-11-23 14:28:15,115 - back_corridor_end - INFO - [back_corridor_end.py:57] - 现在是(25,43)
2025-11-23 14:28:15,115 - back_corridor_end - INFO - [back_corridor_end.py:57] - 现在是(25,42)
2025-11-23 14:28:15,115 - back_corridor_end - INFO - [back_corridor_end.py:57] - 现在是(25,41)
2025-11-23 14:28:15,115 - back_corridor_end - INFO - [back_corridor_end.py:57] - 现在是(26,41)
2025-11-23 14:28:15,115 - back_corridor_end - INFO - [back_corridor_end.py:57] - 现在是(27,41)
2025-11-23 14:28:15,115 - back_corridor_end - INFO - [back_corridor_end.py:57] - 现在是(28,41)
2025-11-23 14:28:15,115 - back_corridor_end - INFO - [back_corridor_end.py:57] - 现在是(29,41)
2025-11-23 14:28:15,115 - back_corridor_end - INFO - [back_corridor_end.py:57] - 现在是(29,42)
2025-11-23 14:28:15,115 - back_corridor_end - INFO - [back_corridor_end.py:57] - 现在是(29,43)
2025-11-23 14:28:15,115 - back_corridor_end - INFO - [back_corridor_end.py:57] - 现在是(30,43)
2025-11-23 14:28:15,115 - back_corridor_end - INFO - [back_corridor_end.py:57] - 现在是(31,43)
2025-11-23 14:28:15,115 - back_corridor_end - INFO - [back_corridor_end.py:57] - 现在是(31,42)
2025-11-23 14:28:15,115 - back_corridor_end - INFO - [back_corridor_end.py:57] - 现在是(31,41)
2025-11-23 14:28:15,115 - back_corridor_end - INFO - [back_corridor_end.py:80] - isDotAlive:发现死路上的点(31, 41)
2025-11-23 14:28:15,115 - back_corridor_end - INFO - [back_corridor_end.py:57] - 现在是(31,42)
2025-11-23 14:28:15,115 - back_corridor_end - INFO - [back_corridor_end.py:80] - isDotAlive:发现死路上的点(31, 42)
2025-11-23 14:28:15,116 - back_corridor_end - INFO - [back_corridor_end.py:57] - 现在是(31,43)
2025-11-23 14:28:15,116 - back_corridor_end - INFO - [back_corridor_end.py:80] - isDotAlive:发现死路上的点(31, 43)
2025-11-23 14:28:15,116 - back_corridor_end - INFO - [back_corridor_end.py:57] - 现在是(30,43)
2025-11-23 14:28:15,116 - back_corridor_end - INFO - [back_corridor_end.py:80] - isDotAlive:发现死路上的点(30, 43)
2025-11-23 14:28:15,116 - back_corridor_end - INFO - [back_corridor_end.py:57] - 现在是(29,43)
2025-11-23 14:28:15,116 - back_corridor_end - INFO - [back_corridor_end.py:80] - isDotAlive:发现死路上的点(29, 43)
2025-11-23 14:28:15,116 - back_corridor_end - INFO - [back_corridor_end.py:57] - 现在是(29,42)
2025-11-23 14:28:15,116 - back_corridor_end - INFO - [back_corridor_end.py:80] - isDotAlive:发现死路上的点(29, 42)
2025-11-23 14:28:15,116 - back_corridor_end - INFO - [back_corridor_end.py:57] - 现在是(29,41)
2025-11-23 14:28:15,116 - back_corridor_end - INFO - [back_corridor_end.py:80] - isDotAlive:发现死路上的点(29, 41)
2025-11-23 14:28:15,116 - back_corridor_end - INFO - [back_corridor_end.py:57] - 现在是(28,41)
2025-11-23 14:28:15,116 - back_corridor_end - INFO - [back_corridor_end.py:80] - isDotAlive:发现死路上的点(28, 41)
2025-11-23 14:28:15,116 - back_corridor_end - INFO - [back_corridor_end.py:57] - 现在是(27,41)
2025-11-23 14:28:15,116 - back_corridor_end - INFO - [back_corridor_end.py:80] - isDotAlive:发现死路上的点(27, 41)
2025-11-23 14:28:15,116 - back_corridor_end - INFO - [back_corridor_end.py:57] - 现在是(26,41)
2025-11-23 14:28:15,116 - back_corridor_end - INFO - [back_corridor_end.py:80] - isDotAlive:发现死路上的点(26, 41)
2025-11-23 14:28:15,116 - back_corridor_end - INFO - [back_corridor_end.py:57] - 现在是(25,41)
2025-11-23 14:28:15,116 - back_corridor_end - INFO - [back_corridor_end.py:57] - 现在是(24,41)
2025-11-23 14:28:15,116 - back_corridor_end - INFO - [back_corridor_end.py:57] - 现在是(23,41)
2025-11-23 14:28:15,116 - back_corridor_end - INFO - [back_corridor_end.py:57] - 现在是(23,42)
2025-11-23 14:28:15,116 - back_corridor_end - INFO - [back_corridor_end.py:57] - 现在是(23,43)
2025-11-23 14:28:15,116 - back_corridor_end - INFO - [back_corridor_end.py:80] - isDotAlive:发现死路上的点(23, 43)
2025-11-23 14:28:15,116 - back_corridor_end - INFO - [back_corridor_end.py:57] - 现在是(23,42)
2025-11-23 14:28:15,116 - back_corridor_end - INFO - [back_corridor_end.py:80] - isDotAlive:发现死路上的点(23, 42)
2025-11-23 14:28:15,116 - back_corridor_end - INFO - [back_corridor_end.py:57] - 现在是(23,41)
2025-11-23 14:28:15,117 - back_corridor_end - INFO - [back_corridor_end.py:80] - isDotAlive:发现死路上的点(23, 41)
2025-11-23 14:28:15,117 - back_corridor_end - INFO - [back_corridor_end.py:57] - 现在是(24,41)
2025-11-23 14:28:15,117 - back_corridor_end - INFO - [back_corridor_end.py:80] - isDotAlive:发现死路上的点(24, 41)
2025-11-23 14:28:15,117 - back_corridor_end - INFO - [back_corridor_end.py:57] - 现在是(25,41)
2025-11-23 14:28:15,117 - back_corridor_end - INFO - [back_corridor_end.py:74] - isDotAlive:点(25, 41)是活的
2025-11-23 14:28:15,117 - back_corridor_end - INFO - [back_corridor_end.py:57] - 现在是(25,42)
2025-11-23 14:28:15,117 - back_corridor_end - INFO - [back_corridor_end.py:74] - isDotAlive:点(25, 42)是活的
2025-11-23 14:28:15,117 - back_corridor_end - INFO - [back_corridor_end.py:57] - 现在是(25,43)
2025-11-23 14:28:15,117 - back_corridor_end - INFO - [back_corridor_end.py:74] - isDotAlive:点(25, 43)是活的
2025-11-23 14:28:15,117 - back_corridor_end - INFO - [back_corridor_end.py:57] - 现在是(25,44)
2025-11-23 14:28:15,117 - back_corridor_end - INFO - [back_corridor_end.py:74] - isDotAlive:点(25, 44)是活的
2025-11-23 14:28:15,117 - back_corridor_end - INFO - [back_corridor_end.py:57] - 现在是(25,45)
2025-11-23 14:28:15,117 - back_corridor_end - INFO - [back_corridor_end.py:74] - isDotAlive:点(25, 45)是活的
2025-11-23 14:28:15,117 - back_corridor_end - INFO - [back_corridor_end.py:57] - 现在是(24,45)
2025-11-23 14:28:15,117 - back_corridor_end - INFO - [back_corridor_end.py:74] - isDotAlive:点(24, 45)是活的
2025-11-23 14:28:15,117 - back_corridor_end - INFO - [back_corridor_end.py:57] - 现在是(23,45)
2025-11-23 14:28:15,117 - back_corridor_end - INFO - [back_corridor_end.py:74] - isDotAlive:点(23, 45)是活的
2025-11-23 14:28:15,117 - back_corridor_end - INFO - [back_corridor_end.py:57] - 现在是(23,46)
2025-11-23 14:28:15,117 - back_corridor_end - INFO - [back_corridor_end.py:74] - isDotAlive:点(23, 46)是活的
2025-11-23 14:28:15,117 - back_corridor_end - INFO - [back_corridor_end.py:57] - 现在是(23,47)
2025-11-23 14:28:15,117 - back_corridor_end - INFO - [back_corridor_end.py:74] - isDotAlive:点(23, 47)是活的
2025-11-23 14:28:15,117 - back_corridor_end - INFO - [back_corridor_end.py:57] - 现在是(22,47)
2025-11-23 14:28:15,117 - back_corridor_end - INFO - [back_corridor_end.py:74] - isDotAlive:点(22, 47)是活的
2025-11-23 14:28:15,117 - back_corridor_end - INFO - [back_corridor_end.py:57] - 现在是(21,47)
2025-11-23 14:28:15,117 - back_corridor_end - INFO - [back_corridor_end.py:74] - isDotAlive:点(21, 47)是活的
2025-11-23 14:28:15,117 - back_corridor_end - INFO - [back_corridor_end.py:57] - 现在是(20,47)
2025-11-23 14:28:15,118 - back_corridor_end - INFO - [back_corridor_end.py:74] - isDotAlive:点(20, 47)是活的
2025-11-23 14:28:15,118 - back_corridor_end - INFO - [back_corridor_end.py:57] - 现在是(19,47)
2025-11-23 14:28:15,118 - back_corridor_end - INFO - [back_corridor_end.py:57] - 现在是(19,48)
2025-11-23 14:28:15,118 - back_corridor_end - INFO - [back_corridor_end.py:57] - 现在是(19,49)
2025-11-23 14:28:15,118 - back_corridor_end - INFO - [back_corridor_end.py:57] - 现在是(19,50)
2025-11-23 14:28:15,118 - back_corridor_end - INFO - [back_corridor_end.py:57] - 现在是(19,51)
2025-11-23 14:28:15,118 - back_corridor_end - INFO - [back_corridor_end.py:80] - isDotAlive:发现死路上的点(19, 51)
2025-11-23 14:28:15,118 - back_corridor_end - INFO - [back_corridor_end.py:57] - 现在是(19,50)
2025-11-23 14:28:15,118 - back_corridor_end - INFO - [back_corridor_end.py:74] - isDotAlive:点(19, 50)是活的
2025-11-23 14:28:15,118 - back_corridor_end - INFO - [back_corridor_end.py:57] - 现在是(19,49)
2025-11-23 14:28:15,118 - back_corridor_end - INFO - [back_corridor_end.py:74] - isDotAlive:点(19, 49)是活的
2025-11-23 14:28:15,118 - back_corridor_end - INFO - [back_corridor_end.py:57] - 现在是(19,48)
2025-11-23 14:28:15,118 - back_corridor_end - INFO - [back_corridor_end.py:74] - isDotAlive:点(19, 48)是活的
2025-11-23 14:28:15,118 - back_corridor_end - INFO - [back_corridor_end.py:57] - 现在是(19,47)
2025-11-23 14:28:15,118 - back_corridor_end - INFO - [back_corridor_end.py:74] - isDotAlive:点(19, 47)是活的
2025-11-23 14:28:15,118 - back_corridor_end - INFO - [back_corridor_end.py:57] - 现在是(18,47)
2025-11-23 14:28:15,118 - back_corridor_end - INFO - [back_corridor_end.py:74] - isDotAlive:点(18, 47)是活的
2025-11-23 14:28:15,118 - back_corridor_end - INFO - [back_corridor_end.py:57] - 现在是(17,47)
2025-11-23 14:28:15,118 - back_corridor_end - INFO - [back_corridor_end.py:57] - 现在是(17,48)
2025-11-23 14:28:15,118 - back_corridor_end - INFO - [back_corridor_end.py:57] - 现在是(17,49)
2025-11-23 14:28:15,118 - back_corridor_end - INFO - [back_corridor_end.py:74] - isDotAlive:点(17, 49)是活的
2025-11-23 14:28:15,118 - back_corridor_end - INFO - [back_corridor_end.py:57] - 现在是(17,48)
2025-11-23 14:28:15,118 - back_corridor_end - INFO - [back_corridor_end.py:74] - isDotAlive:点(17, 48)是活的
2025-11-23 14:28:15,118 - back_corridor_end - INFO - [back_corridor_end.py:57] - 现在是(17,47)
2025-11-23 14:28:15,118 - back_corridor_end - INFO - [back_corridor_end.py:74] - isDotAlive:点(17, 47)是活的
2025-11-23 14:28:15,118 - back_corridor_end - INFO - [back_corridor_end.py:57] - 现在是(16,47)
2025-11-23 14:28:15,119 - back_corridor_end - INFO - [back_corridor_end.py:74] - isDotAlive:点(16, 47)是活的
2025-11-23 14:28:15,119 - back_corridor_end - INFO - [back_corridor_end.py:46] - dfs从(14,50)开始
2025-11-23 14:28:15,119 - back_corridor_end - INFO - [back_corridor_end.py:57] - 现在是(14,50)
2025-11-23 14:28:15,119 - back_corridor_end - INFO - [back_corridor_end.py:80] - isDotAlive:发现死路上的点(14, 50)
2025-11-23 14:28:15,119 - back_corridor_end - INFO - [back_corridor_end.py:46] - dfs从(14,46)开始
2025-11-23 14:28:15,119 - back_corridor_end - INFO - [back_corridor_end.py:57] - 现在是(14,46)
2025-11-23 14:28:15,119 - back_corridor_end - INFO - [back_corridor_end.py:80] - isDotAlive:发现死路上的点(14, 46)
2025-11-23 14:28:15,119 - back_corridor_end - INFO - [back_corridor_end.py:46] - dfs从(10,49)开始
2025-11-23 14:28:15,119 - back_corridor_end - INFO - [back_corridor_end.py:57] - 现在是(10,49)
2025-11-23 14:28:15,119 - back_corridor_end - INFO - [back_corridor_end.py:80] - isDotAlive:发现死路上的点(10, 49)
2025-11-23 14:28:15,119 - back_corridor_end - INFO - [back_corridor_end.py:46] - dfs从(53,98)开始
2025-11-23 14:28:15,119 - back_corridor_end - INFO - [back_corridor_end.py:57] - 现在是(53,98)
2025-11-23 14:28:15,119 - back_corridor_end - INFO - [back_corridor_end.py:57] - 现在是(53,99)
2025-11-23 14:28:15,119 - back_corridor_end - INFO - [back_corridor_end.py:74] - isDotAlive:点(53, 99)是活的
2025-11-23 14:28:15,119 - back_corridor_end - INFO - [back_corridor_end.py:57] - 现在是(53,98)
2025-11-23 14:28:15,119 - back_corridor_end - INFO - [back_corridor_end.py:74] - isDotAlive:点(53, 98)是活的
2025-11-23 14:28:15,119 - back_corridor_end - INFO - [back_corridor_end.py:46] - dfs从(49,90)开始
2025-11-23 14:28:15,119 - back_corridor_end - INFO - [back_corridor_end.py:57] - 现在是(49,90)
2025-11-23 14:28:15,119 - back_corridor_end - INFO - [back_corridor_end.py:80] - isDotAlive:发现死路上的点(49, 90)
2025-11-23 14:28:15,119 - back_corridor_end - INFO - [back_corridor_end.py:46] - dfs从(51,98)开始
2025-11-23 14:28:15,119 - back_corridor_end - INFO - [back_corridor_end.py:57] - 现在是(51,98)
2025-11-23 14:28:15,119 - back_corridor_end - INFO - [back_corridor_end.py:80] - isDotAlive:发现死路上的点(51, 98)
2025-11-23 14:28:15,119 - back_corridor_end - INFO - [back_corridor_end.py:46] - dfs从(54,95)开始
2025-11-23 14:28:15,119 - back_corridor_end - INFO - [back_corridor_end.py:57] - 现在是(54,95)
2025-11-23 14:28:15,119 - back_corridor_end - INFO - [back_corridor_end.py:57] - 现在是(55,95)
2025-11-23 14:28:15,120 - back_corridor_end - INFO - [back_corridor_end.py:57] - 现在是(55,96)
2025-11-23 14:28:15,120 - back_corridor_end - INFO - [back_corridor_end.py:57] - 现在是(55,97)
2025-11-23 14:28:15,120 - back_corridor_end - INFO - [back_corridor_end.py:57] - 现在是(55,98)
2025-11-23 14:28:15,120 - back_corridor_end - INFO - [back_corridor_end.py:57] - 现在是(55,99)
2025-11-23 14:28:15,120 - back_corridor_end - INFO - [back_corridor_end.py:57] - 现在是(56,99)
2025-11-23 14:28:15,120 - back_corridor_end - INFO - [back_corridor_end.py:57] - 现在是(57,99)
2025-11-23 14:28:15,120 - back_corridor_end - INFO - [back_corridor_end.py:57] - 现在是(57,98)
2025-11-23 14:28:15,120 - back_corridor_end - INFO - [back_corridor_end.py:57] - 现在是(57,97)
2025-11-23 14:28:15,120 - back_corridor_end - INFO - [back_corridor_end.py:57] - 现在是(57,96)
2025-11-23 14:28:15,120 - back_corridor_end - INFO - [back_corridor_end.py:57] - 现在是(57,95)
2025-11-23 14:28:15,120 - back_corridor_end - INFO - [back_corridor_end.py:80] - isDotAlive:发现死路上的点(57, 95)
2025-11-23 14:28:15,120 - back_corridor_end - INFO - [back_corridor_end.py:57] - 现在是(57,96)
2025-11-23 14:28:15,120 - back_corridor_end - INFO - [back_corridor_end.py:80] - isDotAlive:发现死路上的点(57, 96)
2025-11-23 14:28:15,120 - back_corridor_end - INFO - [back_corridor_end.py:57] - 现在是(57,97)
2025-11-23 14:28:15,120 - back_corridor_end - INFO - [back_corridor_end.py:80] - isDotAlive:发现死路上的点(57, 97)
2025-11-23 14:28:15,120 - back_corridor_end - INFO - [back_corridor_end.py:57] - 现在是(57,98)
2025-11-23 14:28:15,120 - back_corridor_end - INFO - [back_corridor_end.py:80] - isDotAlive:发现死路上的点(57, 98)
2025-11-23 14:28:15,120 - back_corridor_end - INFO - [back_corridor_end.py:57] - 现在是(57,99)
2025-11-23 14:28:15,120 - back_corridor_end - INFO - [back_corridor_end.py:74] - isDotAlive:点(57, 99)是活的
2025-11-23 14:28:15,120 - back_corridor_end - INFO - [back_corridor_end.py:57] - 现在是(56,99)
2025-11-23 14:28:15,120 - back_corridor_end - INFO - [back_corridor_end.py:74] - isDotAlive:点(56, 99)是活的
2025-11-23 14:28:15,120 - back_corridor_end - INFO - [back_corridor_end.py:57] - 现在是(55,99)
2025-11-23 14:28:15,120 - back_corridor_end - INFO - [back_corridor_end.py:74] - isDotAlive:点(55, 99)是活的
2025-11-23 14:28:15,120 - back_corridor_end - INFO - [back_corridor_end.py:57] - 现在是(55,98)
2025-11-23 14:28:15,120 - back_corridor_end - INFO - [back_corridor_end.py:74] - isDotAlive:点(55, 98)是活的
2025-11-23 14:28:15,120 - back_corridor_end - INFO - [back_corridor_end.py:57] - 现在是(55,97)
2025-11-23 14:28:15,121 - back_corridor_end - INFO - [back_corridor_end.py:74] - isDotAlive:点(55, 97)是活的
2025-11-23 14:28:15,121 - back_corridor_end - INFO - [back_corridor_end.py:57] - 现在是(55,96)
2025-11-23 14:28:15,121 - back_corridor_end - INFO - [back_corridor_end.py:74] - isDotAlive:点(55, 96)是活的
2025-11-23 14:28:15,121 - back_corridor_end - INFO - [back_corridor_end.py:57] - 现在是(55,95)
2025-11-23 14:28:15,121 - back_corridor_end - INFO - [back_corridor_end.py:57] - 现在是(55,94)
2025-11-23 14:28:15,121 - back_corridor_end - INFO - [back_corridor_end.py:57] - 现在是(55,93)
2025-11-23 14:28:15,121 - back_corridor_end - INFO - [back_corridor_end.py:74] - isDotAlive:点(55, 93)是活的
2025-11-23 14:28:15,121 - back_corridor_end - INFO - [back_corridor_end.py:57] - 现在是(55,94)
2025-11-23 14:28:15,121 - back_corridor_end - INFO - [back_corridor_end.py:74] - isDotAlive:点(55, 94)是活的
2025-11-23 14:28:15,121 - back_corridor_end - INFO - [back_corridor_end.py:57] - 现在是(55,95)
2025-11-23 14:28:15,121 - back_corridor_end - INFO - [back_corridor_end.py:74] - isDotAlive:点(55, 95)是活的
2025-11-23 14:28:15,121 - back_corridor_end - INFO - [back_corridor_end.py:57] - 现在是(54,95)
2025-11-23 14:28:15,121 - back_corridor_end - INFO - [back_corridor_end.py:74] - isDotAlive:点(54, 95)是活的
2025-11-23 14:28:15,121 - back_corridor_end - INFO - [back_corridor_end.py:46] - dfs从(54,91)开始
2025-11-23 14:28:15,121 - back_corridor_end - INFO - [back_corridor_end.py:57] - 现在是(54,91)
2025-11-23 14:28:15,121 - back_corridor_end - INFO - [back_corridor_end.py:57] - 现在是(55,91)
2025-11-23 14:28:15,121 - back_corridor_end - INFO - [back_corridor_end.py:74] - isDotAlive:点(55, 91)是活的
2025-11-23 14:28:15,121 - back_corridor_end - INFO - [back_corridor_end.py:57] - 现在是(54,91)
2025-11-23 14:28:15,121 - back_corridor_end - INFO - [back_corridor_end.py:74] - isDotAlive:点(54, 91)是活的
2025-11-23 14:28:15,121 - back_corridor_end - INFO - [back_corridor_end.py:46] - dfs从(87,50)开始
2025-11-23 14:28:15,121 - back_corridor_end - INFO - [back_corridor_end.py:57] - 现在是(87,50)
2025-11-23 14:28:15,121 - back_corridor_end - INFO - [back_corridor_end.py:80] - isDotAlive:发现死路上的点(87, 50)
2025-11-23 14:28:15,121 - back_corridor_end - INFO - [back_corridor_end.py:46] - dfs从(88,40)开始
2025-11-23 14:28:15,121 - back_corridor_end - INFO - [back_corridor_end.py:57] - 现在是(88,40)
2025-11-23 14:28:15,121 - back_corridor_end - INFO - [back_corridor_end.py:80] - isDotAlive:发现死路上的点(88, 40)
2025-11-23 14:28:15,121 - back_corridor_end - INFO - [back_corridor_end.py:46] - dfs从(84,47)开始
2025-11-23 14:28:15,122 - back_corridor_end - INFO - [back_corridor_end.py:57] - 现在是(84,47)
2025-11-23 14:28:15,122 - back_corridor_end - INFO - [back_corridor_end.py:80] - isDotAlive:发现死路上的点(84, 47)
2025-11-23 14:28:15,122 - back_corridor_end - INFO - [back_corridor_end.py:46] - dfs从(92,45)开始
2025-11-23 14:28:15,122 - back_corridor_end - INFO - [back_corridor_end.py:57] - 现在是(92,45)
2025-11-23 14:28:15,122 - back_corridor_end - INFO - [back_corridor_end.py:57] - 现在是(93,45)
2025-11-23 14:28:15,122 - back_corridor_end - INFO - [back_corridor_end.py:57] - 现在是(93,46)
2025-11-23 14:28:15,122 - back_corridor_end - INFO - [back_corridor_end.py:57] - 现在是(93,47)
2025-11-23 14:28:15,122 - back_corridor_end - INFO - [back_corridor_end.py:57] - 现在是(93,48)
2025-11-23 14:28:15,122 - back_corridor_end - INFO - [back_corridor_end.py:57] - 现在是(93,49)
2025-11-23 14:28:15,122 - back_corridor_end - INFO - [back_corridor_end.py:57] - 现在是(94,49)
2025-11-23 14:28:15,122 - back_corridor_end - INFO - [back_corridor_end.py:57] - 现在是(95,49)
2025-11-23 14:28:15,122 - back_corridor_end - INFO - [back_corridor_end.py:57] - 现在是(96,49)
2025-11-23 14:28:15,122 - back_corridor_end - INFO - [back_corridor_end.py:57] - 现在是(97,49)
2025-11-23 14:28:15,122 - back_corridor_end - INFO - [back_corridor_end.py:57] - 现在是(97,48)
2025-11-23 14:28:15,122 - back_corridor_end - INFO - [back_corridor_end.py:57] - 现在是(97,47)
2025-11-23 14:28:15,122 - back_corridor_end - INFO - [back_corridor_end.py:57] - 现在是(97,46)
2025-11-23 14:28:15,122 - back_corridor_end - INFO - [back_corridor_end.py:57] - 现在是(97,45)
2025-11-23 14:28:15,122 - back_corridor_end - INFO - [back_corridor_end.py:57] - 现在是(98,45)
2025-11-23 14:28:15,122 - back_corridor_end - INFO - [back_corridor_end.py:57] - 现在是(99,45)
2025-11-23 14:28:15,122 - back_corridor_end - INFO - [back_corridor_end.py:57] - 现在是(99,46)
2025-11-23 14:28:15,122 - back_corridor_end - INFO - [back_corridor_end.py:57] - 现在是(99,47)
2025-11-23 14:28:15,122 - back_corridor_end - INFO - [back_corridor_end.py:57] - 现在是(99,48)
2025-11-23 14:28:15,122 - back_corridor_end - INFO - [back_corridor_end.py:57] - 现在是(99,49)
2025-11-23 14:28:15,122 - back_corridor_end - INFO - [back_corridor_end.py:80] - isDotAlive:发现死路上的点(99, 49)
2025-11-23 14:28:15,122 - back_corridor_end - INFO - [back_corridor_end.py:57] - 现在是(99,48)
2025-11-23 14:28:15,122 - back_corridor_end - INFO - [back_corridor_end.py:80] - isDotAlive:发现死路上的点(99, 48)
2025-11-23 14:28:15,123 - back_corridor_end - INFO - [back_corridor_end.py:57] - 现在是(99,47)
2025-11-23 14:28:15,123 - back_corridor_end - INFO - [back_corridor_end.py:80] - isDotAlive:发现死路上的点(99, 47)
2025-11-23 14:28:15,123 - back_corridor_end - INFO - [back_corridor_end.py:57] - 现在是(99,46)
2025-11-23 14:28:15,123 - back_corridor_end - INFO - [back_corridor_end.py:80] - isDotAlive:发现死路上的点(99, 46)
2025-11-23 14:28:15,123 - back_corridor_end - INFO - [back_corridor_end.py:57] - 现在是(99,45)
2025-11-23 14:28:15,123 - back_corridor_end - INFO - [back_corridor_end.py:57] - 现在是(99,44)
2025-11-23 14:28:15,123 - back_corridor_end - INFO - [back_corridor_end.py:57] - 现在是(99,43)
2025-11-23 14:28:15,123 - back_corridor_end - INFO - [back_corridor_end.py:57] - 现在是(98,43)
2025-11-23 14:28:15,123 - back_corridor_end - INFO - [back_corridor_end.py:57] - 现在是(97,43)
2025-11-23 14:28:15,123 - back_corridor_end - INFO - [back_corridor_end.py:80] - isDotAlive:发现死路上的点(97, 43)
2025-11-23 14:28:15,123 - back_corridor_end - INFO - [back_corridor_end.py:57] - 现在是(98,43)
2025-11-23 14:28:15,123 - back_corridor_end - INFO - [back_corridor_end.py:80] - isDotAlive:发现死路上的点(98, 43)
2025-11-23 14:28:15,123 - back_corridor_end - INFO - [back_corridor_end.py:57] - 现在是(99,43)
2025-11-23 14:28:15,123 - back_corridor_end - INFO - [back_corridor_end.py:57] - 现在是(99,42)
2025-11-23 14:28:15,123 - back_corridor_end - INFO - [back_corridor_end.py:57] - 现在是(99,41)
2025-11-23 14:28:15,123 - back_corridor_end - INFO - [back_corridor_end.py:57] - 现在是(99,40)
2025-11-23 14:28:15,123 - back_corridor_end - INFO - [back_corridor_end.py:57] - 现在是(99,39)
2025-11-23 14:28:15,123 - back_corridor_end - INFO - [back_corridor_end.py:74] - isDotAlive:点(99, 39)是活的
2025-11-23 14:28:15,123 - back_corridor_end - INFO - [back_corridor_end.py:57] - 现在是(99,40)
2025-11-23 14:28:15,123 - back_corridor_end - INFO - [back_corridor_end.py:74] - isDotAlive:点(99, 40)是活的
2025-11-23 14:28:15,123 - back_corridor_end - INFO - [back_corridor_end.py:57] - 现在是(99,41)
2025-11-23 14:28:15,123 - back_corridor_end - INFO - [back_corridor_end.py:74] - isDotAlive:点(99, 41)是活的
2025-11-23 14:28:15,123 - back_corridor_end - INFO - [back_corridor_end.py:57] - 现在是(99,42)
2025-11-23 14:28:15,123 - back_corridor_end - INFO - [back_corridor_end.py:74] - isDotAlive:点(99, 42)是活的
2025-11-23 14:28:15,123 - back_corridor_end - INFO - [back_corridor_end.py:57] - 现在是(99,43)
2025-11-23 14:28:15,123 - back_corridor_end - INFO - [back_corridor_end.py:74] - isDotAlive:点(99, 43)是活的
2025-11-23 14:28:15,124 - back_corridor_end - INFO - [back_corridor_end.py:57] - 现在是(99,44)
2025-11-23 14:28:15,124 - back_corridor_end - INFO - [back_corridor_end.py:74] - isDotAlive:点(99, 44)是活的
2025-11-23 14:28:15,124 - back_corridor_end - INFO - [back_corridor_end.py:57] - 现在是(99,45)
2025-11-23 14:28:15,124 - back_corridor_end - INFO - [back_corridor_end.py:74] - isDotAlive:点(99, 45)是活的
2025-11-23 14:28:15,124 - back_corridor_end - INFO - [back_corridor_end.py:57] - 现在是(98,45)
2025-11-23 14:28:15,124 - back_corridor_end - INFO - [back_corridor_end.py:74] - isDotAlive:点(98, 45)是活的
2025-11-23 14:28:15,124 - back_corridor_end - INFO - [back_corridor_end.py:57] - 现在是(97,45)
2025-11-23 14:28:15,124 - back_corridor_end - INFO - [back_corridor_end.py:57] - 现在是(96,45)
2025-11-23 14:28:15,124 - back_corridor_end - INFO - [back_corridor_end.py:57] - 现在是(95,45)
2025-11-23 14:28:15,124 - back_corridor_end - INFO - [back_corridor_end.py:57] - 现在是(95,46)
2025-11-23 14:28:15,124 - back_corridor_end - INFO - [back_corridor_end.py:57] - 现在是(95,47)
2025-11-23 14:28:15,124 - back_corridor_end - INFO - [back_corridor_end.py:80] - isDotAlive:发现死路上的点(95, 47)
2025-11-23 14:28:15,124 - back_corridor_end - INFO - [back_corridor_end.py:57] - 现在是(95,46)
2025-11-23 14:28:15,124 - back_corridor_end - INFO - [back_corridor_end.py:80] - isDotAlive:发现死路上的点(95, 46)
2025-11-23 14:28:15,124 - back_corridor_end - INFO - [back_corridor_end.py:57] - 现在是(95,45)
2025-11-23 14:28:15,124 - back_corridor_end - INFO - [back_corridor_end.py:80] - isDotAlive:发现死路上的点(95, 45)
2025-11-23 14:28:15,124 - back_corridor_end - INFO - [back_corridor_end.py:57] - 现在是(96,45)
2025-11-23 14:28:15,124 - back_corridor_end - INFO - [back_corridor_end.py:80] - isDotAlive:发现死路上的点(96, 45)
2025-11-23 14:28:15,124 - back_corridor_end - INFO - [back_corridor_end.py:57] - 现在是(97,45)
2025-11-23 14:28:15,124 - back_corridor_end - INFO - [back_corridor_end.py:74] - isDotAlive:点(97, 45)是活的
2025-11-23 14:28:15,124 - back_corridor_end - INFO - [back_corridor_end.py:57] - 现在是(97,46)
2025-11-23 14:28:15,124 - back_corridor_end - INFO - [back_corridor_end.py:74] - isDotAlive:点(97, 46)是活的
2025-11-23 14:28:15,124 - back_corridor_end - INFO - [back_corridor_end.py:57] - 现在是(97,47)
2025-11-23 14:28:15,124 - back_corridor_end - INFO - [back_corridor_end.py:74] - isDotAlive:点(97, 47)是活的
2025-11-23 14:28:15,124 - back_corridor_end - INFO - [back_corridor_end.py:57] - 现在是(97,48)
2025-11-23 14:28:15,125 - back_corridor_end - INFO - [back_corridor_end.py:74] - isDotAlive:点(97, 48)是活的
2025-11-23 14:28:15,125 - back_corridor_end - INFO - [back_corridor_end.py:57] - 现在是(97,49)
2025-11-23 14:28:15,125 - back_corridor_end - INFO - [back_corridor_end.py:74] - isDotAlive:点(97, 49)是活的
2025-11-23 14:28:15,125 - back_corridor_end - INFO - [back_corridor_end.py:57] - 现在是(96,49)
2025-11-23 14:28:15,125 - back_corridor_end - INFO - [back_corridor_end.py:74] - isDotAlive:点(96, 49)是活的
2025-11-23 14:28:15,125 - back_corridor_end - INFO - [back_corridor_end.py:57] - 现在是(95,49)
2025-11-23 14:28:15,125 - back_corridor_end - INFO - [back_corridor_end.py:74] - isDotAlive:点(95, 49)是活的
2025-11-23 14:28:15,125 - back_corridor_end - INFO - [back_corridor_end.py:57] - 现在是(94,49)
2025-11-23 14:28:15,125 - back_corridor_end - INFO - [back_corridor_end.py:74] - isDotAlive:点(94, 49)是活的
2025-11-23 14:28:15,125 - back_corridor_end - INFO - [back_corridor_end.py:57] - 现在是(93,49)
2025-11-23 14:28:15,125 - back_corridor_end - INFO - [back_corridor_end.py:74] - isDotAlive:点(93, 49)是活的
2025-11-23 14:28:15,125 - back_corridor_end - INFO - [back_corridor_end.py:57] - 现在是(93,48)
2025-11-23 14:28:15,125 - back_corridor_end - INFO - [back_corridor_end.py:74] - isDotAlive:点(93, 48)是活的
2025-11-23 14:28:15,125 - back_corridor_end - INFO - [back_corridor_end.py:57] - 现在是(93,47)
2025-11-23 14:28:15,125 - back_corridor_end - INFO - [back_corridor_end.py:74] - isDotAlive:点(93, 47)是活的
2025-11-23 14:28:15,125 - back_corridor_end - INFO - [back_corridor_end.py:57] - 现在是(93,46)
2025-11-23 14:28:15,125 - back_corridor_end - INFO - [back_corridor_end.py:74] - isDotAlive:点(93, 46)是活的
2025-11-23 14:28:15,125 - back_corridor_end - INFO - [back_corridor_end.py:57] - 现在是(93,45)
2025-11-23 14:28:15,125 - back_corridor_end - INFO - [back_corridor_end.py:74] - isDotAlive:点(93, 45)是活的
2025-11-23 14:28:15,125 - back_corridor_end - INFO - [back_corridor_end.py:57] - 现在是(92,45)
2025-11-23 14:28:15,125 - back_corridor_end - INFO - [back_corridor_end.py:74] - isDotAlive:点(92, 45)是活的
2025-11-23 14:28:15,125 - back_corridor_end - INFO - [back_corridor_end.py:46] - dfs从(92,41)开始
2025-11-23 14:28:15,125 - back_corridor_end - INFO - [back_corridor_end.py:57] - 现在是(92,41)
2025-11-23 14:28:15,125 - back_corridor_end - INFO - [back_corridor_end.py:80] - isDotAlive:发现死路上的点(92, 41)
2025-11-23 14:28:15,125 - back_corridor_end - INFO - [back_corridor_end.py:46] - dfs从(92,43)开始
2025-11-23 14:28:15,125 - back_corridor_end - INFO - [back_corridor_end.py:57] - 现在是(92,43)
2025-11-23 14:28:15,126 - back_corridor_end - INFO - [back_corridor_end.py:57] - 现在是(93,43)
2025-11-23 14:28:15,126 - back_corridor_end - INFO - [back_corridor_end.py:57] - 现在是(94,43)
2025-11-23 14:28:15,126 - back_corridor_end - INFO - [back_corridor_end.py:57] - 现在是(95,43)
2025-11-23 14:28:15,126 - back_corridor_end - INFO - [back_corridor_end.py:80] - isDotAlive:发现死路上的点(95, 43)
2025-11-23 14:28:15,126 - back_corridor_end - INFO - [back_corridor_end.py:57] - 现在是(94,43)
2025-11-23 14:28:15,126 - back_corridor_end - INFO - [back_corridor_end.py:74] - isDotAlive:点(94, 43)是活的
2025-11-23 14:28:15,126 - back_corridor_end - INFO - [back_corridor_end.py:57] - 现在是(93,43)
2025-11-23 14:28:15,126 - back_corridor_end - INFO - [back_corridor_end.py:74] - isDotAlive:点(93, 43)是活的
2025-11-23 14:28:15,126 - back_corridor_end - INFO - [back_corridor_end.py:57] - 现在是(92,43)
2025-11-23 14:28:15,126 - back_corridor_end - INFO - [back_corridor_end.py:74] - isDotAlive:点(92, 43)是活的
2025-11-23 14:28:15,126 - back_corridor_end - INFO - [back_corridor_end.py:46] - dfs从(89,50)开始
2025-11-23 14:28:15,126 - back_corridor_end - INFO - [back_corridor_end.py:57] - 现在是(89,50)
2025-11-23 14:28:15,126 - back_corridor_end - INFO - [back_corridor_end.py:57] - 现在是(89,51)
2025-11-23 14:28:15,126 - back_corridor_end - INFO - [back_corridor_end.py:57] - 现在是(89,52)
2025-11-23 14:28:15,126 - back_corridor_end - INFO - [back_corridor_end.py:57] - 现在是(89,53)
2025-11-23 14:28:15,126 - back_corridor_end - INFO - [back_corridor_end.py:57] - 现在是(89,54)
2025-11-23 14:28:15,126 - back_corridor_end - INFO - [back_corridor_end.py:57] - 现在是(89,55)
2025-11-23 14:28:15,126 - back_corridor_end - INFO - [back_corridor_end.py:57] - 现在是(88,55)
2025-11-23 14:28:15,126 - back_corridor_end - INFO - [back_corridor_end.py:57] - 现在是(87,55)
2025-11-23 14:28:15,126 - back_corridor_end - INFO - [back_corridor_end.py:74] - isDotAlive:点(87, 55)是活的
2025-11-23 14:28:15,126 - back_corridor_end - INFO - [back_corridor_end.py:57] - 现在是(88,55)
2025-11-23 14:28:15,126 - back_corridor_end - INFO - [back_corridor_end.py:74] - isDotAlive:点(88, 55)是活的
2025-11-23 14:28:15,126 - back_corridor_end - INFO - [back_corridor_end.py:57] - 现在是(89,55)
2025-11-23 14:28:15,126 - back_corridor_end - INFO - [back_corridor_end.py:74] - isDotAlive:点(89, 55)是活的
2025-11-23 14:28:15,126 - back_corridor_end - INFO - [back_corridor_end.py:57] - 现在是(89,54)
2025-11-23 14:28:15,126 - back_corridor_end - INFO - [back_corridor_end.py:74] - isDotAlive:点(89, 54)是活的
2025-11-23 14:28:15,127 - back_corridor_end - INFO - [back_corridor_end.py:57] - 现在是(89,53)
2025-11-23 14:28:15,127 - back_corridor_end - INFO - [back_corridor_end.py:74] - isDotAlive:点(89, 53)是活的
2025-11-23 14:28:15,127 - back_corridor_end - INFO - [back_corridor_end.py:57] - 现在是(89,52)
2025-11-23 14:28:15,127 - back_corridor_end - INFO - [back_corridor_end.py:74] - isDotAlive:点(89, 52)是活的
2025-11-23 14:28:15,127 - back_corridor_end - INFO - [back_corridor_end.py:57] - 现在是(89,51)
2025-11-23 14:28:15,127 - back_corridor_end - INFO - [back_corridor_end.py:74] - isDotAlive:点(89, 51)是活的
2025-11-23 14:28:15,127 - back_corridor_end - INFO - [back_corridor_end.py:57] - 现在是(89,50)
2025-11-23 14:28:15,127 - back_corridor_end - INFO - [back_corridor_end.py:74] - isDotAlive:点(89, 50)是活的
2025-11-23 14:28:15,127 - back_corridor_end - INFO - [back_corridor_end.py:46] - dfs从(91,50)开始
2025-11-23 14:28:15,127 - back_corridor_end - INFO - [back_corridor_end.py:57] - 现在是(91,50)
2025-11-23 14:28:15,127 - back_corridor_end - INFO - [back_corridor_end.py:80] - isDotAlive:发现死路上的点(91, 50)
2025-11-23 14:28:15,127 - back_corridor_end - INFO - [back_corridor_end.py:46] - dfs从(21,12)开始
2025-11-23 14:28:15,127 - back_corridor_end - INFO - [back_corridor_end.py:57] - 现在是(21,12)
2025-11-23 14:28:15,127 - back_corridor_end - INFO - [back_corridor_end.py:80] - isDotAlive:发现死路上的点(21, 12)
2025-11-23 14:28:15,127 - back_corridor_end - INFO - [back_corridor_end.py:46] - dfs从(21,8)开始
2025-11-23 14:28:15,127 - back_corridor_end - INFO - [back_corridor_end.py:57] - 现在是(21,8)
2025-11-23 14:28:15,127 - back_corridor_end - INFO - [back_corridor_end.py:57] - 现在是(21,7)
2025-11-23 14:28:15,127 - back_corridor_end - INFO - [back_corridor_end.py:57] - 现在是(22,7)
2025-11-23 14:28:15,127 - back_corridor_end - INFO - [back_corridor_end.py:57] - 现在是(23,7)
2025-11-23 14:28:15,127 - back_corridor_end - INFO - [back_corridor_end.py:80] - isDotAlive:发现死路上的点(23, 7)
2025-11-23 14:28:15,127 - back_corridor_end - INFO - [back_corridor_end.py:57] - 现在是(22,7)
2025-11-23 14:28:15,127 - back_corridor_end - INFO - [back_corridor_end.py:80] - isDotAlive:发现死路上的点(22, 7)
2025-11-23 14:28:15,127 - back_corridor_end - INFO - [back_corridor_end.py:57] - 现在是(21,7)
2025-11-23 14:28:15,127 - back_corridor_end - INFO - [back_corridor_end.py:57] - 现在是(20,7)
2025-11-23 14:28:15,127 - back_corridor_end - INFO - [back_corridor_end.py:57] - 现在是(19,7)
2025-11-23 14:28:15,127 - back_corridor_end - INFO - [back_corridor_end.py:57] - 现在是(18,7)
2025-11-23 14:28:15,127 - back_corridor_end - INFO - [back_corridor_end.py:57] - 现在是(17,7)
2025-11-23 14:28:15,128 - back_corridor_end - INFO - [back_corridor_end.py:57] - 现在是(17,8)
2025-11-23 14:28:15,128 - back_corridor_end - INFO - [back_corridor_end.py:57] - 现在是(17,9)
2025-11-23 14:28:15,128 - back_corridor_end - INFO - [back_corridor_end.py:57] - 现在是(18,9)
2025-11-23 14:28:15,128 - back_corridor_end - INFO - [back_corridor_end.py:57] - 现在是(19,9)
2025-11-23 14:28:15,128 - back_corridor_end - INFO - [back_corridor_end.py:57] - 现在是(19,10)
2025-11-23 14:28:15,128 - back_corridor_end - INFO - [back_corridor_end.py:57] - 现在是(19,11)
2025-11-23 14:28:15,128 - back_corridor_end - INFO - [back_corridor_end.py:57] - 现在是(18,11)
2025-11-23 14:28:15,128 - back_corridor_end - INFO - [back_corridor_end.py:57] - 现在是(17,11)
2025-11-23 14:28:15,128 - back_corridor_end - INFO - [back_corridor_end.py:57] - 现在是(16,11)
2025-11-23 14:28:15,128 - back_corridor_end - INFO - [back_corridor_end.py:57] - 现在是(15,11)
2025-11-23 14:28:15,128 - back_corridor_end - INFO - [back_corridor_end.py:57] - 现在是(14,11)
2025-11-23 14:28:15,128 - back_corridor_end - INFO - [back_corridor_end.py:57] - 现在是(13,11)
2025-11-23 14:28:15,128 - back_corridor_end - INFO - [back_corridor_end.py:57] - 现在是(12,11)
2025-11-23 14:28:15,128 - back_corridor_end - INFO - [back_corridor_end.py:57] - 现在是(11,11)
2025-11-23 14:28:15,128 - back_corridor_end - INFO - [back_corridor_end.py:74] - isDotAlive:点(11, 11)是活的
2025-11-23 14:28:15,128 - back_corridor_end - INFO - [back_corridor_end.py:57] - 现在是(12,11)
2025-11-23 14:28:15,128 - back_corridor_end - INFO - [back_corridor_end.py:74] - isDotAlive:点(12, 11)是活的
2025-11-23 14:28:15,128 - back_corridor_end - INFO - [back_corridor_end.py:57] - 现在是(13,11)
2025-11-23 14:28:15,128 - back_corridor_end - INFO - [back_corridor_end.py:57] - 现在是(13,10)
2025-11-23 14:28:15,128 - back_corridor_end - INFO - [back_corridor_end.py:57] - 现在是(13,9)
2025-11-23 14:28:15,128 - back_corridor_end - INFO - [back_corridor_end.py:80] - isDotAlive:发现死路上的点(13, 9)
2025-11-23 14:28:15,128 - back_corridor_end - INFO - [back_corridor_end.py:57] - 现在是(13,10)
2025-11-23 14:28:15,128 - back_corridor_end - INFO - [back_corridor_end.py:80] - isDotAlive:发现死路上的点(13, 10)
2025-11-23 14:28:15,128 - back_corridor_end - INFO - [back_corridor_end.py:57] - 现在是(13,11)
2025-11-23 14:28:15,128 - back_corridor_end - INFO - [back_corridor_end.py:74] - isDotAlive:点(13, 11)是活的
2025-11-23 14:28:15,128 - back_corridor_end - INFO - [back_corridor_end.py:57] - 现在是(14,11)
2025-11-23 14:28:15,129 - back_corridor_end - INFO - [back_corridor_end.py:74] - isDotAlive:点(14, 11)是活的
2025-11-23 14:28:15,129 - back_corridor_end - INFO - [back_corridor_end.py:57] - 现在是(15,11)
2025-11-23 14:28:15,129 - back_corridor_end - INFO - [back_corridor_end.py:57] - 现在是(15,10)
2025-11-23 14:28:15,129 - back_corridor_end - INFO - [back_corridor_end.py:57] - 现在是(15,9)
2025-11-23 14:28:15,129 - back_corridor_end - INFO - [back_corridor_end.py:57] - 现在是(15,8)
2025-11-23 14:28:15,129 - back_corridor_end - INFO - [back_corridor_end.py:57] - 现在是(15,7)
2025-11-23 14:28:15,129 - back_corridor_end - INFO - [back_corridor_end.py:57] - 现在是(14,7)
2025-11-23 14:28:15,129 - back_corridor_end - INFO - [back_corridor_end.py:57] - 现在是(13,7)
2025-11-23 14:28:15,129 - back_corridor_end - INFO - [back_corridor_end.py:57] - 现在是(12,7)
2025-11-23 14:28:15,129 - back_corridor_end - INFO - [back_corridor_end.py:57] - 现在是(11,7)
2025-11-23 14:28:15,129 - back_corridor_end - INFO - [back_corridor_end.py:57] - 现在是(11,8)
2025-11-23 14:28:15,129 - back_corridor_end - INFO - [back_corridor_end.py:57] - 现在是(11,9)
2025-11-23 14:28:15,129 - back_corridor_end - INFO - [back_corridor_end.py:57] - 现在是(10,9)
2025-11-23 14:28:15,129 - back_corridor_end - INFO - [back_corridor_end.py:57] - 现在是(9,9)
2025-11-23 14:28:15,129 - back_corridor_end - INFO - [back_corridor_end.py:57] - 现在是(9,10)
2025-11-23 14:28:15,129 - back_corridor_end - INFO - [back_corridor_end.py:57] - 现在是(9,11)
2025-11-23 14:28:15,129 - back_corridor_end - INFO - [back_corridor_end.py:80] - isDotAlive:发现死路上的点(9, 11)
2025-11-23 14:28:15,129 - back_corridor_end - INFO - [back_corridor_end.py:57] - 现在是(9,10)
2025-11-23 14:28:15,129 - back_corridor_end - INFO - [back_corridor_end.py:80] - isDotAlive:发现死路上的点(9, 10)
2025-11-23 14:28:15,129 - back_corridor_end - INFO - [back_corridor_end.py:57] - 现在是(9,9)
2025-11-23 14:28:15,129 - back_corridor_end - INFO - [back_corridor_end.py:57] - 现在是(9,8)
2025-11-23 14:28:15,129 - back_corridor_end - INFO - [back_corridor_end.py:57] - 现在是(9,7)
2025-11-23 14:28:15,129 - back_corridor_end - INFO - [back_corridor_end.py:57] - 现在是(9,6)
2025-11-23 14:28:15,129 - back_corridor_end - INFO - [back_corridor_end.py:57] - 现在是(9,5)
2025-11-23 14:28:15,129 - back_corridor_end - INFO - [back_corridor_end.py:57] - 现在是(9,4)
2025-11-23 14:28:15,129 - back_corridor_end - INFO - [back_corridor_end.py:57] - 现在是(9,3)
2025-11-23 14:28:15,130 - back_corridor_end - INFO - [back_corridor_end.py:57] - 现在是(9,2)
2025-11-23 14:28:15,130 - back_corridor_end - INFO - [back_corridor_end.py:57] - 现在是(9,1)
2025-11-23 14:28:15,130 - back_corridor_end - INFO - [back_corridor_end.py:57] - 现在是(10,1)
2025-11-23 14:28:15,130 - back_corridor_end - INFO - [back_corridor_end.py:57] - 现在是(11,1)
2025-11-23 14:28:15,130 - back_corridor_end - INFO - [back_corridor_end.py:57] - 现在是(12,1)
2025-11-23 14:28:15,130 - back_corridor_end - INFO - [back_corridor_end.py:57] - 现在是(13,1)
2025-11-23 14:28:15,130 - back_corridor_end - INFO - [back_corridor_end.py:80] - isDotAlive:发现死路上的点(13, 1)
2025-11-23 14:28:15,130 - back_corridor_end - INFO - [back_corridor_end.py:57] - 现在是(12,1)
2025-11-23 14:28:15,130 - back_corridor_end - INFO - [back_corridor_end.py:74] - isDotAlive:点(12, 1)是活的
2025-11-23 14:28:15,130 - back_corridor_end - INFO - [back_corridor_end.py:57] - 现在是(11,1)
2025-11-23 14:28:15,130 - back_corridor_end - INFO - [back_corridor_end.py:74] - isDotAlive:点(11, 1)是活的
2025-11-23 14:28:15,130 - back_corridor_end - INFO - [back_corridor_end.py:57] - 现在是(10,1)
2025-11-23 14:28:15,130 - back_corridor_end - INFO - [back_corridor_end.py:74] - isDotAlive:点(10, 1)是活的
2025-11-23 14:28:15,130 - back_corridor_end - INFO - [back_corridor_end.py:57] - 现在是(9,1)
2025-11-23 14:28:15,130 - back_corridor_end - INFO - [back_corridor_end.py:57] - 现在是(8,1)
2025-11-23 14:28:15,130 - back_corridor_end - INFO - [back_corridor_end.py:57] - 现在是(7,1)
2025-11-23 14:28:15,130 - back_corridor_end - INFO - [back_corridor_end.py:57] - 现在是(7,2)
2025-11-23 14:28:15,130 - back_corridor_end - INFO - [back_corridor_end.py:57] - 现在是(7,3)
2025-11-23 14:28:15,130 - back_corridor_end - INFO - [back_corridor_end.py:80] - isDotAlive:发现死路上的点(7, 3)
2025-11-23 14:28:15,130 - back_corridor_end - INFO - [back_corridor_end.py:57] - 现在是(7,2)
2025-11-23 14:28:15,130 - back_corridor_end - INFO - [back_corridor_end.py:80] - isDotAlive:发现死路上的点(7, 2)
2025-11-23 14:28:15,130 - back_corridor_end - INFO - [back_corridor_end.py:57] - 现在是(7,1)
2025-11-23 14:28:15,130 - back_corridor_end - INFO - [back_corridor_end.py:57] - 现在是(6,1)
2025-11-23 14:28:15,130 - back_corridor_end - INFO - [back_corridor_end.py:57] - 现在是(5,1)
2025-11-23 14:28:15,130 - back_corridor_end - INFO - [back_corridor_end.py:57] - 现在是(5,2)
2025-11-23 14:28:15,131 - back_corridor_end - INFO - [back_corridor_end.py:57] - 现在是(5,3)
2025-11-23 14:28:15,131 - back_corridor_end - INFO - [back_corridor_end.py:57] - 现在是(4,3)
2025-11-23 14:28:15,131 - back_corridor_end - INFO - [back_corridor_end.py:57] - 现在是(3,3)
2025-11-23 14:28:15,131 - back_corridor_end - INFO - [back_corridor_end.py:57] - 现在是(3,4)
2025-11-23 14:28:15,131 - back_corridor_end - INFO - [back_corridor_end.py:57] - 现在是(3,5)
2025-11-23 14:28:15,131 - back_corridor_end - INFO - [back_corridor_end.py:57] - 现在是(2,5)
2025-11-23 14:28:15,131 - back_corridor_end - INFO - [back_corridor_end.py:57] - 现在是(1,5)
2025-11-23 14:28:15,131 - back_corridor_end - INFO - [back_corridor_end.py:57] - 现在是(1,6)
2025-11-23 14:28:15,131 - back_corridor_end - INFO - [back_corridor_end.py:57] - 现在是(1,7)
2025-11-23 14:28:15,131 - back_corridor_end - INFO - [back_corridor_end.py:57] - 现在是(2,7)
2025-11-23 14:28:15,131 - back_corridor_end - INFO - [back_corridor_end.py:57] - 现在是(3,7)
2025-11-23 14:28:15,131 - back_corridor_end - INFO - [back_corridor_end.py:57] - 现在是(3,8)
2025-11-23 14:28:15,131 - back_corridor_end - INFO - [back_corridor_end.py:57] - 现在是(3,9)
2025-11-23 14:28:15,131 - back_corridor_end - INFO - [back_corridor_end.py:57] - 现在是(3,10)
2025-11-23 14:28:15,131 - back_corridor_end - INFO - [back_corridor_end.py:57] - 现在是(3,11)
2025-11-23 14:28:15,131 - back_corridor_end - INFO - [back_corridor_end.py:57] - 现在是(2,11)
2025-11-23 14:28:15,131 - back_corridor_end - INFO - [back_corridor_end.py:57] - 现在是(1,11)
2025-11-23 14:28:15,131 - back_corridor_end - INFO - [back_corridor_end.py:57] - 现在是(1,12)
2025-11-23 14:28:15,131 - back_corridor_end - INFO - [back_corridor_end.py:57] - 现在是(1,13)
2025-11-23 14:28:15,131 - back_corridor_end - INFO - [back_corridor_end.py:74] - isDotAlive:点(1, 13)是活的
2025-11-23 14:28:15,131 - back_corridor_end - INFO - [back_corridor_end.py:57] - 现在是(1,12)
2025-11-23 14:28:15,131 - back_corridor_end - INFO - [back_corridor_end.py:74] - isDotAlive:点(1, 12)是活的
2025-11-23 14:28:15,131 - back_corridor_end - INFO - [back_corridor_end.py:57] - 现在是(1,11)
2025-11-23 14:28:15,131 - back_corridor_end - INFO - [back_corridor_end.py:74] - isDotAlive:点(1, 11)是活的
2025-11-23 14:28:15,131 - back_corridor_end - INFO - [back_corridor_end.py:57] - 现在是(2,11)
2025-11-23 14:28:15,131 - back_corridor_end - INFO - [back_corridor_end.py:74] - isDotAlive:点(2, 11)是活的
2025-11-23 14:28:15,131 - back_corridor_end - INFO - [back_corridor_end.py:57] - 现在是(3,11)
2025-11-23 14:28:15,132 - back_corridor_end - INFO - [back_corridor_end.py:74] - isDotAlive:点(3, 11)是活的
2025-11-23 14:28:15,132 - back_corridor_end - INFO - [back_corridor_end.py:57] - 现在是(3,10)
2025-11-23 14:28:15,132 - back_corridor_end - INFO - [back_corridor_end.py:74] - isDotAlive:点(3, 10)是活的
2025-11-23 14:28:15,132 - back_corridor_end - INFO - [back_corridor_end.py:57] - 现在是(3,9)
2025-11-23 14:28:15,132 - back_corridor_end - INFO - [back_corridor_end.py:74] - isDotAlive:点(3, 9)是活的
2025-11-23 14:28:15,132 - back_corridor_end - INFO - [back_corridor_end.py:57] - 现在是(3,8)
2025-11-23 14:28:15,132 - back_corridor_end - INFO - [back_corridor_end.py:74] - isDotAlive:点(3, 8)是活的
2025-11-23 14:28:15,132 - back_corridor_end - INFO - [back_corridor_end.py:57] - 现在是(3,7)
2025-11-23 14:28:15,132 - back_corridor_end - INFO - [back_corridor_end.py:74] - isDotAlive:点(3, 7)是活的
2025-11-23 14:28:15,132 - back_corridor_end - INFO - [back_corridor_end.py:57] - 现在是(2,7)
2025-11-23 14:28:15,132 - back_corridor_end - INFO - [back_corridor_end.py:74] - isDotAlive:点(2, 7)是活的
2025-11-23 14:28:15,132 - back_corridor_end - INFO - [back_corridor_end.py:57] - 现在是(1,7)
2025-11-23 14:28:15,132 - back_corridor_end - INFO - [back_corridor_end.py:74] - isDotAlive:点(1, 7)是活的
2025-11-23 14:28:15,132 - back_corridor_end - INFO - [back_corridor_end.py:57] - 现在是(1,6)
2025-11-23 14:28:15,132 - back_corridor_end - INFO - [back_corridor_end.py:74] - isDotAlive:点(1, 6)是活的
2025-11-23 14:28:15,132 - back_corridor_end - INFO - [back_corridor_end.py:57] - 现在是(1,5)
2025-11-23 14:28:15,132 - back_corridor_end - INFO - [back_corridor_end.py:74] - isDotAlive:点(1, 5)是活的
2025-11-23 14:28:15,132 - back_corridor_end - INFO - [back_corridor_end.py:57] - 现在是(2,5)
2025-11-23 14:28:15,132 - back_corridor_end - INFO - [back_corridor_end.py:74] - isDotAlive:点(2, 5)是活的
2025-11-23 14:28:15,132 - back_corridor_end - INFO - [back_corridor_end.py:57] - 现在是(3,5)
2025-11-23 14:28:15,132 - back_corridor_end - INFO - [back_corridor_end.py:74] - isDotAlive:点(3, 5)是活的
2025-11-23 14:28:15,132 - back_corridor_end - INFO - [back_corridor_end.py:57] - 现在是(3,4)
2025-11-23 14:28:15,132 - back_corridor_end - INFO - [back_corridor_end.py:74] - isDotAlive:点(3, 4)是活的
2025-11-23 14:28:15,132 - back_corridor_end - INFO - [back_corridor_end.py:57] - 现在是(3,3)
2025-11-23 14:28:15,132 - back_corridor_end - INFO - [back_corridor_end.py:57] - 现在是(2,3)
2025-11-23 14:28:15,133 - back_corridor_end - INFO - [back_corridor_end.py:57] - 现在是(1,3)
2025-11-23 14:28:15,133 - back_corridor_end - INFO - [back_corridor_end.py:57] - 现在是(1,2)
2025-11-23 14:28:15,133 - back_corridor_end - INFO - [back_corridor_end.py:57] - 现在是(1,1)
2025-11-23 14:28:15,133 - back_corridor_end - INFO - [back_corridor_end.py:80] - isDotAlive:发现死路上的点(1, 1)
2025-11-23 14:28:15,133 - back_corridor_end - INFO - [back_corridor_end.py:57] - 现在是(1,2)
2025-11-23 14:28:15,133 - back_corridor_end - INFO - [back_corridor_end.py:80] - isDotAlive:发现死路上的点(1, 2)
2025-11-23 14:28:15,133 - back_corridor_end - INFO - [back_corridor_end.py:57] - 现在是(1,3)
2025-11-23 14:28:15,133 - back_corridor_end - INFO - [back_corridor_end.py:80] - isDotAlive:发现死路上的点(1, 3)
2025-11-23 14:28:15,133 - back_corridor_end - INFO - [back_corridor_end.py:57] - 现在是(2,3)
2025-11-23 14:28:15,133 - back_corridor_end - INFO - [back_corridor_end.py:80] - isDotAlive:发现死路上的点(2, 3)
2025-11-23 14:28:15,133 - back_corridor_end - INFO - [back_corridor_end.py:57] - 现在是(3,3)
2025-11-23 14:28:15,133 - back_corridor_end - INFO - [back_corridor_end.py:74] - isDotAlive:点(3, 3)是活的
2025-11-23 14:28:15,133 - back_corridor_end - INFO - [back_corridor_end.py:57] - 现在是(4,3)
2025-11-23 14:28:15,133 - back_corridor_end - INFO - [back_corridor_end.py:74] - isDotAlive:点(4, 3)是活的
2025-11-23 14:28:15,133 - back_corridor_end - INFO - [back_corridor_end.py:57] - 现在是(5,3)
2025-11-23 14:28:15,133 - back_corridor_end - INFO - [back_corridor_end.py:74] - isDotAlive:点(5, 3)是活的
2025-11-23 14:28:15,133 - back_corridor_end - INFO - [back_corridor_end.py:57] - 现在是(5,2)
2025-11-23 14:28:15,133 - back_corridor_end - INFO - [back_corridor_end.py:74] - isDotAlive:点(5, 2)是活的
2025-11-23 14:28:15,133 - back_corridor_end - INFO - [back_corridor_end.py:57] - 现在是(5,1)
2025-11-23 14:28:15,133 - back_corridor_end - INFO - [back_corridor_end.py:57] - 现在是(4,1)
2025-11-23 14:28:15,133 - back_corridor_end - INFO - [back_corridor_end.py:57] - 现在是(3,1)
2025-11-23 14:28:15,133 - back_corridor_end - INFO - [back_corridor_end.py:80] - isDotAlive:发现死路上的点(3, 1)
2025-11-23 14:28:15,133 - back_corridor_end - INFO - [back_corridor_end.py:57] - 现在是(4,1)
2025-11-23 14:28:15,133 - back_corridor_end - INFO - [back_corridor_end.py:80] - isDotAlive:发现死路上的点(4, 1)
2025-11-23 14:28:15,133 - back_corridor_end - INFO - [back_corridor_end.py:57] - 现在是(5,1)
2025-11-23 14:28:15,133 - back_corridor_end - INFO - [back_corridor_end.py:74] - isDotAlive:点(5, 1)是活的
2025-11-23 14:28:15,134 - back_corridor_end - INFO - [back_corridor_end.py:57] - 现在是(6,1)
2025-11-23 14:28:15,134 - back_corridor_end - INFO - [back_corridor_end.py:74] - isDotAlive:点(6, 1)是活的
2025-11-23 14:28:15,134 - back_corridor_end - INFO - [back_corridor_end.py:57] - 现在是(7,1)
2025-11-23 14:28:15,134 - back_corridor_end - INFO - [back_corridor_end.py:74] - isDotAlive:点(7, 1)是活的
2025-11-23 14:28:15,134 - back_corridor_end - INFO - [back_corridor_end.py:57] - 现在是(8,1)
2025-11-23 14:28:15,134 - back_corridor_end - INFO - [back_corridor_end.py:74] - isDotAlive:点(8, 1)是活的
2025-11-23 14:28:15,134 - back_corridor_end - INFO - [back_corridor_end.py:57] - 现在是(9,1)
2025-11-23 14:28:15,134 - back_corridor_end - INFO - [back_corridor_end.py:74] - isDotAlive:点(9, 1)是活的
2025-11-23 14:28:15,134 - back_corridor_end - INFO - [back_corridor_end.py:57] - 现在是(9,2)
2025-11-23 14:28:15,134 - back_corridor_end - INFO - [back_corridor_end.py:74] - isDotAlive:点(9, 2)是活的
2025-11-23 14:28:15,134 - back_corridor_end - INFO - [back_corridor_end.py:57] - 现在是(9,3)
2025-11-23 14:28:15,134 - back_corridor_end - INFO - [back_corridor_end.py:74] - isDotAlive:点(9, 3)是活的
2025-11-23 14:28:15,134 - back_corridor_end - INFO - [back_corridor_end.py:57] - 现在是(9,4)
2025-11-23 14:28:15,134 - back_corridor_end - INFO - [back_corridor_end.py:74] - isDotAlive:点(9, 4)是活的
2025-11-23 14:28:15,134 - back_corridor_end - INFO - [back_corridor_end.py:57] - 现在是(9,5)
2025-11-23 14:28:15,134 - back_corridor_end - INFO - [back_corridor_end.py:74] - isDotAlive:点(9, 5)是活的
2025-11-23 14:28:15,134 - back_corridor_end - INFO - [back_corridor_end.py:57] - 现在是(9,6)
2025-11-23 14:28:15,134 - back_corridor_end - INFO - [back_corridor_end.py:74] - isDotAlive:点(9, 6)是活的
2025-11-23 14:28:15,134 - back_corridor_end - INFO - [back_corridor_end.py:57] - 现在是(9,7)
2025-11-23 14:28:15,134 - back_corridor_end - INFO - [back_corridor_end.py:74] - isDotAlive:点(9, 7)是活的
2025-11-23 14:28:15,134 - back_corridor_end - INFO - [back_corridor_end.py:57] - 现在是(9,8)
2025-11-23 14:28:15,134 - back_corridor_end - INFO - [back_corridor_end.py:74] - isDotAlive:点(9, 8)是活的
2025-11-23 14:28:15,134 - back_corridor_end - INFO - [back_corridor_end.py:57] - 现在是(9,9)
2025-11-23 14:28:15,134 - back_corridor_end - INFO - [back_corridor_end.py:74] - isDotAlive:点(9, 9)是活的
2025-11-23 14:28:15,134 - back_corridor_end - INFO - [back_corridor_end.py:57] - 现在是(10,9)
2025-11-23 14:28:15,135 - back_corridor_end - INFO - [back_corridor_end.py:74] - isDotAlive:点(10, 9)是活的
2025-11-23 14:28:15,135 - back_corridor_end - INFO - [back_corridor_end.py:57] - 现在是(11,9)
2025-11-23 14:28:15,135 - back_corridor_end - INFO - [back_corridor_end.py:74] - isDotAlive:点(11, 9)是活的
2025-11-23 14:28:15,135 - back_corridor_end - INFO - [back_corridor_end.py:57] - 现在是(11,8)
2025-11-23 14:28:15,135 - back_corridor_end - INFO - [back_corridor_end.py:74] - isDotAlive:点(11, 8)是活的
2025-11-23 14:28:15,135 - back_corridor_end - INFO - [back_corridor_end.py:57] - 现在是(11,7)
2025-11-23 14:28:15,135 - back_corridor_end - INFO - [back_corridor_end.py:74] - isDotAlive:点(11, 7)是活的
2025-11-23 14:28:15,135 - back_corridor_end - INFO - [back_corridor_end.py:57] - 现在是(12,7)
2025-11-23 14:28:15,135 - back_corridor_end - INFO - [back_corridor_end.py:74] - isDotAlive:点(12, 7)是活的
2025-11-23 14:28:15,135 - back_corridor_end - INFO - [back_corridor_end.py:57] - 现在是(13,7)
2025-11-23 14:28:15,135 - back_corridor_end - INFO - [back_corridor_end.py:74] - isDotAlive:点(13, 7)是活的
2025-11-23 14:28:15,135 - back_corridor_end - INFO - [back_corridor_end.py:57] - 现在是(14,7)
2025-11-23 14:28:15,135 - back_corridor_end - INFO - [back_corridor_end.py:74] - isDotAlive:点(14, 7)是活的
2025-11-23 14:28:15,135 - back_corridor_end - INFO - [back_corridor_end.py:57] - 现在是(15,7)
2025-11-23 14:28:15,135 - back_corridor_end - INFO - [back_corridor_end.py:74] - isDotAlive:点(15, 7)是活的
2025-11-23 14:28:15,135 - back_corridor_end - INFO - [back_corridor_end.py:57] - 现在是(15,8)
2025-11-23 14:28:15,135 - back_corridor_end - INFO - [back_corridor_end.py:74] - isDotAlive:点(15, 8)是活的
2025-11-23 14:28:15,135 - back_corridor_end - INFO - [back_corridor_end.py:57] - 现在是(15,9)
2025-11-23 14:28:15,135 - back_corridor_end - INFO - [back_corridor_end.py:74] - isDotAlive:点(15, 9)是活的
2025-11-23 14:28:15,135 - back_corridor_end - INFO - [back_corridor_end.py:57] - 现在是(15,10)
2025-11-23 14:28:15,135 - back_corridor_end - INFO - [back_corridor_end.py:74] - isDotAlive:点(15, 10)是活的
2025-11-23 14:28:15,135 - back_corridor_end - INFO - [back_corridor_end.py:57] - 现在是(15,11)
2025-11-23 14:28:15,135 - back_corridor_end - INFO - [back_corridor_end.py:74] - isDotAlive:点(15, 11)是活的
2025-11-23 14:28:15,135 - back_corridor_end - INFO - [back_corridor_end.py:57] - 现在是(16,11)
2025-11-23 14:28:15,135 - back_corridor_end - INFO - [back_corridor_end.py:74] - isDotAlive:点(16, 11)是活的
2025-11-23 14:28:15,136 - back_corridor_end - INFO - [back_corridor_end.py:57] - 现在是(17,11)
2025-11-23 14:28:15,136 - back_corridor_end - INFO - [back_corridor_end.py:74] - isDotAlive:点(17, 11)是活的
2025-11-23 14:28:15,136 - back_corridor_end - INFO - [back_corridor_end.py:57] - 现在是(18,11)
2025-11-23 14:28:15,136 - back_corridor_end - INFO - [back_corridor_end.py:74] - isDotAlive:点(18, 11)是活的
2025-11-23 14:28:15,136 - back_corridor_end - INFO - [back_corridor_end.py:57] - 现在是(19,11)
2025-11-23 14:28:15,136 - back_corridor_end - INFO - [back_corridor_end.py:74] - isDotAlive:点(19, 11)是活的
2025-11-23 14:28:15,136 - back_corridor_end - INFO - [back_corridor_end.py:57] - 现在是(19,10)
2025-11-23 14:28:15,136 - back_corridor_end - INFO - [back_corridor_end.py:74] - isDotAlive:点(19, 10)是活的
2025-11-23 14:28:15,136 - back_corridor_end - INFO - [back_corridor_end.py:57] - 现在是(19,9)
2025-11-23 14:28:15,136 - back_corridor_end - INFO - [back_corridor_end.py:74] - isDotAlive:点(19, 9)是活的
2025-11-23 14:28:15,136 - back_corridor_end - INFO - [back_corridor_end.py:57] - 现在是(18,9)
2025-11-23 14:28:15,136 - back_corridor_end - INFO - [back_corridor_end.py:74] - isDotAlive:点(18, 9)是活的
2025-11-23 14:28:15,136 - back_corridor_end - INFO - [back_corridor_end.py:57] - 现在是(17,9)
2025-11-23 14:28:15,136 - back_corridor_end - INFO - [back_corridor_end.py:74] - isDotAlive:点(17, 9)是活的
2025-11-23 14:28:15,136 - back_corridor_end - INFO - [back_corridor_end.py:57] - 现在是(17,8)
2025-11-23 14:28:15,136 - back_corridor_end - INFO - [back_corridor_end.py:74] - isDotAlive:点(17, 8)是活的
2025-11-23 14:28:15,136 - back_corridor_end - INFO - [back_corridor_end.py:57] - 现在是(17,7)
2025-11-23 14:28:15,136 - back_corridor_end - INFO - [back_corridor_end.py:74] - isDotAlive:点(17, 7)是活的
2025-11-23 14:28:15,136 - back_corridor_end - INFO - [back_corridor_end.py:57] - 现在是(18,7)
2025-11-23 14:28:15,136 - back_corridor_end - INFO - [back_corridor_end.py:74] - isDotAlive:点(18, 7)是活的
2025-11-23 14:28:15,136 - back_corridor_end - INFO - [back_corridor_end.py:57] - 现在是(19,7)
2025-11-23 14:28:15,136 - back_corridor_end - INFO - [back_corridor_end.py:74] - isDotAlive:点(19, 7)是活的
2025-11-23 14:28:15,136 - back_corridor_end - INFO - [back_corridor_end.py:57] - 现在是(20,7)
2025-11-23 14:28:15,136 - back_corridor_end - INFO - [back_corridor_end.py:74] - isDotAlive:点(20, 7)是活的
2025-11-23 14:28:15,136 - back_corridor_end - INFO - [back_corridor_end.py:57] - 现在是(21,7)
2025-11-23 14:28:15,136 - back_corridor_end - INFO - [back_corridor_end.py:57] - 现在是(21,6)
2025-11-23 14:28:15,137 - back_corridor_end - INFO - [back_corridor_end.py:57] - 现在是(21,5)
2025-11-23 14:28:15,137 - back_corridor_end - INFO - [back_corridor_end.py:57] - 现在是(21,4)
2025-11-23 14:28:15,137 - back_corridor_end - INFO - [back_corridor_end.py:57] - 现在是(21,3)
2025-11-23 14:28:15,137 - back_corridor_end - INFO - [back_corridor_end.py:57] - 现在是(22,3)
2025-11-23 14:28:15,137 - back_corridor_end - INFO - [back_corridor_end.py:57] - 现在是(23,3)
2025-11-23 14:28:15,137 - back_corridor_end - INFO - [back_corridor_end.py:57] - 现在是(23,4)
2025-11-23 14:28:15,137 - back_corridor_end - INFO - [back_corridor_end.py:57] - 现在是(23,5)
2025-11-23 14:28:15,137 - back_corridor_end - INFO - [back_corridor_end.py:80] - isDotAlive:发现死路上的点(23, 5)
2025-11-23 14:28:15,137 - back_corridor_end - INFO - [back_corridor_end.py:57] - 现在是(23,4)
2025-11-23 14:28:15,137 - back_corridor_end - INFO - [back_corridor_end.py:80] - isDotAlive:发现死路上的点(23, 4)
2025-11-23 14:28:15,137 - back_corridor_end - INFO - [back_corridor_end.py:57] - 现在是(23,3)
2025-11-23 14:28:15,137 - back_corridor_end - INFO - [back_corridor_end.py:57] - 现在是(23,2)
2025-11-23 14:28:15,137 - back_corridor_end - INFO - [back_corridor_end.py:57] - 现在是(23,1)
2025-11-23 14:28:15,137 - back_corridor_end - INFO - [back_corridor_end.py:57] - 现在是(24,1)
2025-11-23 14:28:15,137 - back_corridor_end - INFO - [back_corridor_end.py:57] - 现在是(25,1)
2025-11-23 14:28:15,137 - back_corridor_end - INFO - [back_corridor_end.py:57] - 现在是(25,2)
2025-11-23 14:28:15,137 - back_corridor_end - INFO - [back_corridor_end.py:57] - 现在是(25,3)
2025-11-23 14:28:15,137 - back_corridor_end - INFO - [back_corridor_end.py:57] - 现在是(25,4)
2025-11-23 14:28:15,137 - back_corridor_end - INFO - [back_corridor_end.py:57] - 现在是(25,5)
2025-11-23 14:28:15,137 - back_corridor_end - INFO - [back_corridor_end.py:57] - 现在是(26,5)
2025-11-23 14:28:15,137 - back_corridor_end - INFO - [back_corridor_end.py:57] - 现在是(27,5)
2025-11-23 14:28:15,137 - back_corridor_end - INFO - [back_corridor_end.py:57] - 现在是(27,6)
2025-11-23 14:28:15,137 - back_corridor_end - INFO - [back_corridor_end.py:57] - 现在是(27,7)
2025-11-23 14:28:15,137 - back_corridor_end - INFO - [back_corridor_end.py:57] - 现在是(26,7)
2025-11-23 14:28:15,137 - back_corridor_end - INFO - [back_corridor_end.py:57] - 现在是(25,7)
2025-11-23 14:28:15,138 - back_corridor_end - INFO - [back_corridor_end.py:80] - isDotAlive:发现死路上的点(25, 7)
2025-11-23 14:28:15,138 - back_corridor_end - INFO - [back_corridor_end.py:57] - 现在是(26,7)
2025-11-23 14:28:15,138 - back_corridor_end - INFO - [back_corridor_end.py:80] - isDotAlive:发现死路上的点(26, 7)
2025-11-23 14:28:15,138 - back_corridor_end - INFO - [back_corridor_end.py:57] - 现在是(27,7)
2025-11-23 14:28:15,138 - back_corridor_end - INFO - [back_corridor_end.py:80] - isDotAlive:发现死路上的点(27, 7)
2025-11-23 14:28:15,138 - back_corridor_end - INFO - [back_corridor_end.py:57] - 现在是(27,6)
2025-11-23 14:28:15,138 - back_corridor_end - INFO - [back_corridor_end.py:80] - isDotAlive:发现死路上的点(27, 6)
2025-11-23 14:28:15,138 - back_corridor_end - INFO - [back_corridor_end.py:57] - 现在是(27,5)
2025-11-23 14:28:15,138 - back_corridor_end - INFO - [back_corridor_end.py:57] - 现在是(27,4)
2025-11-23 14:28:15,138 - back_corridor_end - INFO - [back_corridor_end.py:57] - 现在是(27,3)
2025-11-23 14:28:15,138 - back_corridor_end - INFO - [back_corridor_end.py:57] - 现在是(27,2)
2025-11-23 14:28:15,138 - back_corridor_end - INFO - [back_corridor_end.py:57] - 现在是(27,1)
2025-11-23 14:28:15,138 - back_corridor_end - INFO - [back_corridor_end.py:80] - isDotAlive:发现死路上的点(27, 1)
2025-11-23 14:28:15,138 - back_corridor_end - INFO - [back_corridor_end.py:57] - 现在是(27,2)
2025-11-23 14:28:15,138 - back_corridor_end - INFO - [back_corridor_end.py:80] - isDotAlive:发现死路上的点(27, 2)
2025-11-23 14:28:15,138 - back_corridor_end - INFO - [back_corridor_end.py:57] - 现在是(27,3)
2025-11-23 14:28:15,138 - back_corridor_end - INFO - [back_corridor_end.py:74] - isDotAlive:点(27, 3)是活的
2025-11-23 14:28:15,138 - back_corridor_end - INFO - [back_corridor_end.py:57] - 现在是(27,4)
2025-11-23 14:28:15,138 - back_corridor_end - INFO - [back_corridor_end.py:74] - isDotAlive:点(27, 4)是活的
2025-11-23 14:28:15,138 - back_corridor_end - INFO - [back_corridor_end.py:57] - 现在是(27,5)
2025-11-23 14:28:15,138 - back_corridor_end - INFO - [back_corridor_end.py:74] - isDotAlive:点(27, 5)是活的
2025-11-23 14:28:15,138 - back_corridor_end - INFO - [back_corridor_end.py:57] - 现在是(26,5)
2025-11-23 14:28:15,138 - back_corridor_end - INFO - [back_corridor_end.py:74] - isDotAlive:点(26, 5)是活的
2025-11-23 14:28:15,138 - back_corridor_end - INFO - [back_corridor_end.py:57] - 现在是(25,5)
2025-11-23 14:28:15,138 - back_corridor_end - INFO - [back_corridor_end.py:74] - isDotAlive:点(25, 5)是活的
2025-11-23 14:28:15,138 - back_corridor_end - INFO - [back_corridor_end.py:57] - 现在是(25,4)
2025-11-23 14:28:15,139 - back_corridor_end - INFO - [back_corridor_end.py:74] - isDotAlive:点(25, 4)是活的
2025-11-23 14:28:15,139 - back_corridor_end - INFO - [back_corridor_end.py:57] - 现在是(25,3)
2025-11-23 14:28:15,139 - back_corridor_end - INFO - [back_corridor_end.py:74] - isDotAlive:点(25, 3)是活的
2025-11-23 14:28:15,139 - back_corridor_end - INFO - [back_corridor_end.py:57] - 现在是(25,2)
2025-11-23 14:28:15,139 - back_corridor_end - INFO - [back_corridor_end.py:74] - isDotAlive:点(25, 2)是活的
2025-11-23 14:28:15,139 - back_corridor_end - INFO - [back_corridor_end.py:57] - 现在是(25,1)
2025-11-23 14:28:15,139 - back_corridor_end - INFO - [back_corridor_end.py:74] - isDotAlive:点(25, 1)是活的
2025-11-23 14:28:15,139 - back_corridor_end - INFO - [back_corridor_end.py:57] - 现在是(24,1)
2025-11-23 14:28:15,139 - back_corridor_end - INFO - [back_corridor_end.py:74] - isDotAlive:点(24, 1)是活的
2025-11-23 14:28:15,139 - back_corridor_end - INFO - [back_corridor_end.py:57] - 现在是(23,1)
2025-11-23 14:28:15,139 - back_corridor_end - INFO - [back_corridor_end.py:57] - 现在是(22,1)
2025-11-23 14:28:15,139 - back_corridor_end - INFO - [back_corridor_end.py:57] - 现在是(21,1)
2025-11-23 14:28:15,139 - back_corridor_end - INFO - [back_corridor_end.py:57] - 现在是(20,1)
2025-11-23 14:28:15,139 - back_corridor_end - INFO - [back_corridor_end.py:57] - 现在是(19,1)
2025-11-23 14:28:15,139 - back_corridor_end - INFO - [back_corridor_end.py:57] - 现在是(18,1)
2025-11-23 14:28:15,139 - back_corridor_end - INFO - [back_corridor_end.py:57] - 现在是(17,1)
2025-11-23 14:28:15,139 - back_corridor_end - INFO - [back_corridor_end.py:57] - 现在是(16,1)
2025-11-23 14:28:15,139 - back_corridor_end - INFO - [back_corridor_end.py:57] - 现在是(15,1)
2025-11-23 14:28:15,139 - back_corridor_end - INFO - [back_corridor_end.py:80] - isDotAlive:发现死路上的点(15, 1)
2025-11-23 14:28:15,139 - back_corridor_end - INFO - [back_corridor_end.py:57] - 现在是(16,1)
2025-11-23 14:28:15,139 - back_corridor_end - INFO - [back_corridor_end.py:80] - isDotAlive:发现死路上的点(16, 1)
2025-11-23 14:28:15,139 - back_corridor_end - INFO - [back_corridor_end.py:57] - 现在是(17,1)
2025-11-23 14:28:15,139 - back_corridor_end - INFO - [back_corridor_end.py:80] - isDotAlive:发现死路上的点(17, 1)
2025-11-23 14:28:15,139 - back_corridor_end - INFO - [back_corridor_end.py:57] - 现在是(18,1)
2025-11-23 14:28:15,139 - back_corridor_end - INFO - [back_corridor_end.py:80] - isDotAlive:发现死路上的点(18, 1)
2025-11-23 14:28:15,140 - back_corridor_end - INFO - [back_corridor_end.py:57] - 现在是(19,1)
2025-11-23 14:28:15,140 - back_corridor_end - INFO - [back_corridor_end.py:80] - isDotAlive:发现死路上的点(19, 1)
2025-11-23 14:28:15,140 - back_corridor_end - INFO - [back_corridor_end.py:57] - 现在是(20,1)
2025-11-23 14:28:15,140 - back_corridor_end - INFO - [back_corridor_end.py:80] - isDotAlive:发现死路上的点(20, 1)
2025-11-23 14:28:15,140 - back_corridor_end - INFO - [back_corridor_end.py:57] - 现在是(21,1)
2025-11-23 14:28:15,140 - back_corridor_end - INFO - [back_corridor_end.py:80] - isDotAlive:发现死路上的点(21, 1)
2025-11-23 14:28:15,140 - back_corridor_end - INFO - [back_corridor_end.py:57] - 现在是(22,1)
2025-11-23 14:28:15,140 - back_corridor_end - INFO - [back_corridor_end.py:80] - isDotAlive:发现死路上的点(22, 1)
2025-11-23 14:28:15,140 - back_corridor_end - INFO - [back_corridor_end.py:57] - 现在是(23,1)
2025-11-23 14:28:15,140 - back_corridor_end - INFO - [back_corridor_end.py:74] - isDotAlive:点(23, 1)是活的
2025-11-23 14:28:15,140 - back_corridor_end - INFO - [back_corridor_end.py:57] - 现在是(23,2)
2025-11-23 14:28:15,140 - back_corridor_end - INFO - [back_corridor_end.py:74] - isDotAlive:点(23, 2)是活的
2025-11-23 14:28:15,140 - back_corridor_end - INFO - [back_corridor_end.py:57] - 现在是(23,3)
2025-11-23 14:28:15,140 - back_corridor_end - INFO - [back_corridor_end.py:74] - isDotAlive:点(23, 3)是活的
2025-11-23 14:28:15,140 - back_corridor_end - INFO - [back_corridor_end.py:57] - 现在是(22,3)
2025-11-23 14:28:15,140 - back_corridor_end - INFO - [back_corridor_end.py:74] - isDotAlive:点(22, 3)是活的
2025-11-23 14:28:15,140 - back_corridor_end - INFO - [back_corridor_end.py:57] - 现在是(21,3)
2025-11-23 14:28:15,140 - back_corridor_end - INFO - [back_corridor_end.py:74] - isDotAlive:点(21, 3)是活的
2025-11-23 14:28:15,140 - back_corridor_end - INFO - [back_corridor_end.py:57] - 现在是(21,4)
2025-11-23 14:28:15,140 - back_corridor_end - INFO - [back_corridor_end.py:74] - isDotAlive:点(21, 4)是活的
2025-11-23 14:28:15,140 - back_corridor_end - INFO - [back_corridor_end.py:57] - 现在是(21,5)
2025-11-23 14:28:15,140 - back_corridor_end - INFO - [back_corridor_end.py:74] - isDotAlive:点(21, 5)是活的
2025-11-23 14:28:15,140 - back_corridor_end - INFO - [back_corridor_end.py:57] - 现在是(21,6)
2025-11-23 14:28:15,140 - back_corridor_end - INFO - [back_corridor_end.py:74] - isDotAlive:点(21, 6)是活的
2025-11-23 14:28:15,140 - back_corridor_end - INFO - [back_corridor_end.py:57] - 现在是(21,7)
2025-11-23 14:28:15,140 - back_corridor_end - INFO - [back_corridor_end.py:74] - isDotAlive:点(21, 7)是活的
2025-11-23 14:28:15,141 - back_corridor_end - INFO - [back_corridor_end.py:57] - 现在是(21,8)
2025-11-23 14:28:15,141 - back_corridor_end - INFO - [back_corridor_end.py:74] - isDotAlive:点(21, 8)是活的
2025-11-23 14:28:15,141 - back_corridor_end - INFO - [back_corridor_end.py:46] - dfs从(27,12)开始
2025-11-23 14:28:15,141 - back_corridor_end - INFO - [back_corridor_end.py:57] - 现在是(27,12)
2025-11-23 14:28:15,141 - back_corridor_end - INFO - [back_corridor_end.py:57] - 现在是(27,13)
2025-11-23 14:28:15,141 - back_corridor_end - INFO - [back_corridor_end.py:57] - 现在是(28,13)
2025-11-23 14:28:15,141 - back_corridor_end - INFO - [back_corridor_end.py:57] - 现在是(29,13)
2025-11-23 14:28:15,141 - back_corridor_end - INFO - [back_corridor_end.py:57] - 现在是(29,14)
2025-11-23 14:28:15,141 - back_corridor_end - INFO - [back_corridor_end.py:57] - 现在是(29,15)
2025-11-23 14:28:15,141 - back_corridor_end - INFO - [back_corridor_end.py:57] - 现在是(28,15)
2025-11-23 14:28:15,141 - back_corridor_end - INFO - [back_corridor_end.py:57] - 现在是(27,15)
2025-11-23 14:28:15,141 - back_corridor_end - INFO - [back_corridor_end.py:74] - isDotAlive:点(27, 15)是活的
2025-11-23 14:28:15,141 - back_corridor_end - INFO - [back_corridor_end.py:57] - 现在是(28,15)
2025-11-23 14:28:15,141 - back_corridor_end - INFO - [back_corridor_end.py:74] - isDotAlive:点(28, 15)是活的
2025-11-23 14:28:15,141 - back_corridor_end - INFO - [back_corridor_end.py:57] - 现在是(29,15)
2025-11-23 14:28:15,141 - back_corridor_end - INFO - [back_corridor_end.py:74] - isDotAlive:点(29, 15)是活的
2025-11-23 14:28:15,141 - back_corridor_end - INFO - [back_corridor_end.py:57] - 现在是(29,14)
2025-11-23 14:28:15,141 - back_corridor_end - INFO - [back_corridor_end.py:74] - isDotAlive:点(29, 14)是活的
2025-11-23 14:28:15,141 - back_corridor_end - INFO - [back_corridor_end.py:57] - 现在是(29,13)
2025-11-23 14:28:15,141 - back_corridor_end - INFO - [back_corridor_end.py:57] - 现在是(29,12)
2025-11-23 14:28:15,141 - back_corridor_end - INFO - [back_corridor_end.py:57] - 现在是(29,11)
2025-11-23 14:28:15,141 - back_corridor_end - INFO - [back_corridor_end.py:57] - 现在是(30,11)
2025-11-23 14:28:15,141 - back_corridor_end - INFO - [back_corridor_end.py:57] - 现在是(31,11)
2025-11-23 14:28:15,141 - back_corridor_end - INFO - [back_corridor_end.py:57] - 现在是(31,12)
2025-11-23 14:28:15,141 - back_corridor_end - INFO - [back_corridor_end.py:57] - 现在是(31,13)
2025-11-23 14:28:15,141 - back_corridor_end - INFO - [back_corridor_end.py:74] - isDotAlive:点(31, 13)是活的
2025-11-23 14:28:15,142 - back_corridor_end - INFO - [back_corridor_end.py:57] - 现在是(31,12)
2025-11-23 14:28:15,142 - back_corridor_end - INFO - [back_corridor_end.py:74] - isDotAlive:点(31, 12)是活的
2025-11-23 14:28:15,142 - back_corridor_end - INFO - [back_corridor_end.py:57] - 现在是(31,11)
2025-11-23 14:28:15,142 - back_corridor_end - INFO - [back_corridor_end.py:57] - 现在是(31,10)
2025-11-23 14:28:15,142 - back_corridor_end - INFO - [back_corridor_end.py:57] - 现在是(31,9)
2025-11-23 14:28:15,142 - back_corridor_end - INFO - [back_corridor_end.py:57] - 现在是(30,9)
2025-11-23 14:28:15,142 - back_corridor_end - INFO - [back_corridor_end.py:57] - 现在是(29,9)
2025-11-23 14:28:15,142 - back_corridor_end - INFO - [back_corridor_end.py:80] - isDotAlive:发现死路上的点(29, 9)
2025-11-23 14:28:15,142 - back_corridor_end - INFO - [back_corridor_end.py:57] - 现在是(30,9)
2025-11-23 14:28:15,142 - back_corridor_end - INFO - [back_corridor_end.py:80] - isDotAlive:发现死路上的点(30, 9)
2025-11-23 14:28:15,142 - back_corridor_end - INFO - [back_corridor_end.py:57] - 现在是(31,9)
2025-11-23 14:28:15,142 - back_corridor_end - INFO - [back_corridor_end.py:80] - isDotAlive:发现死路上的点(31, 9)
2025-11-23 14:28:15,142 - back_corridor_end - INFO - [back_corridor_end.py:57] - 现在是(31,10)
2025-11-23 14:28:15,142 - back_corridor_end - INFO - [back_corridor_end.py:80] - isDotAlive:发现死路上的点(31, 10)
2025-11-23 14:28:15,142 - back_corridor_end - INFO - [back_corridor_end.py:57] - 现在是(31,11)
2025-11-23 14:28:15,142 - back_corridor_end - INFO - [back_corridor_end.py:74] - isDotAlive:点(31, 11)是活的
2025-11-23 14:28:15,142 - back_corridor_end - INFO - [back_corridor_end.py:57] - 现在是(30,11)
2025-11-23 14:28:15,142 - back_corridor_end - INFO - [back_corridor_end.py:74] - isDotAlive:点(30, 11)是活的
2025-11-23 14:28:15,142 - back_corridor_end - INFO - [back_corridor_end.py:57] - 现在是(29,11)
2025-11-23 14:28:15,142 - back_corridor_end - INFO - [back_corridor_end.py:74] - isDotAlive:点(29, 11)是活的
2025-11-23 14:28:15,142 - back_corridor_end - INFO - [back_corridor_end.py:57] - 现在是(29,12)
2025-11-23 14:28:15,142 - back_corridor_end - INFO - [back_corridor_end.py:74] - isDotAlive:点(29, 12)是活的
2025-11-23 14:28:15,142 - back_corridor_end - INFO - [back_corridor_end.py:57] - 现在是(29,13)
2025-11-23 14:28:15,142 - back_corridor_end - INFO - [back_corridor_end.py:74] - isDotAlive:点(29, 13)是活的
2025-11-23 14:28:15,142 - back_corridor_end - INFO - [back_corridor_end.py:57] - 现在是(28,13)
2025-11-23 14:28:15,142 - back_corridor_end - INFO - [back_corridor_end.py:74] - isDotAlive:点(28, 13)是活的
2025-11-23 14:28:15,143 - back_corridor_end - INFO - [back_corridor_end.py:57] - 现在是(27,13)
2025-11-23 14:28:15,143 - back_corridor_end - INFO - [back_corridor_end.py:74] - isDotAlive:点(27, 13)是活的
2025-11-23 14:28:15,143 - back_corridor_end - INFO - [back_corridor_end.py:57] - 现在是(27,12)
2025-11-23 14:28:15,143 - back_corridor_end - INFO - [back_corridor_end.py:74] - isDotAlive:点(27, 12)是活的
2025-11-23 14:28:15,143 - back_corridor_end - INFO - [back_corridor_end.py:46] - dfs从(16,71)开始
2025-11-23 14:28:15,143 - back_corridor_end - INFO - [back_corridor_end.py:57] - 现在是(16,71)
2025-11-23 14:28:15,143 - back_corridor_end - INFO - [back_corridor_end.py:80] - isDotAlive:发现死路上的点(16, 71)
2025-11-23 14:28:15,143 - back_corridor_end - INFO - [back_corridor_end.py:46] - dfs从(17,68)开始
2025-11-23 14:28:15,143 - back_corridor_end - INFO - [back_corridor_end.py:57] - 现在是(17,68)
2025-11-23 14:28:15,143 - back_corridor_end - INFO - [back_corridor_end.py:57] - 现在是(17,67)
2025-11-23 14:28:15,143 - back_corridor_end - INFO - [back_corridor_end.py:57] - 现在是(17,66)
2025-11-23 14:28:15,143 - back_corridor_end - INFO - [back_corridor_end.py:57] - 现在是(17,65)
2025-11-23 14:28:15,143 - back_corridor_end - INFO - [back_corridor_end.py:80] - isDotAlive:发现死路上的点(17, 65)
2025-11-23 14:28:15,143 - back_corridor_end - INFO - [back_corridor_end.py:57] - 现在是(17,66)
2025-11-23 14:28:15,143 - back_corridor_end - INFO - [back_corridor_end.py:80] - isDotAlive:发现死路上的点(17, 66)
2025-11-23 14:28:15,143 - back_corridor_end - INFO - [back_corridor_end.py:57] - 现在是(17,67)
2025-11-23 14:28:15,143 - back_corridor_end - INFO - [back_corridor_end.py:74] - isDotAlive:点(17, 67)是活的
2025-11-23 14:28:15,143 - back_corridor_end - INFO - [back_corridor_end.py:57] - 现在是(17,68)
2025-11-23 14:28:15,143 - back_corridor_end - INFO - [back_corridor_end.py:74] - isDotAlive:点(17, 68)是活的
2025-11-23 14:28:15,143 - back_corridor_end - INFO - [back_corridor_end.py:46] - dfs从(81,64)开始
2025-11-23 14:28:15,143 - back_corridor_end - INFO - [back_corridor_end.py:57] - 现在是(81,64)
2025-11-23 14:28:15,143 - back_corridor_end - INFO - [back_corridor_end.py:80] - isDotAlive:发现死路上的点(81, 64)
2025-11-23 14:28:15,143 - back_corridor_end - INFO - [back_corridor_end.py:46] - dfs从(75,72)开始
2025-11-23 14:28:15,143 - back_corridor_end - INFO - [back_corridor_end.py:57] - 现在是(75,72)
2025-11-23 14:28:15,143 - back_corridor_end - INFO - [back_corridor_end.py:80] - isDotAlive:发现死路上的点(75, 72)
2025-11-23 14:28:15,143 - back_corridor_end - INFO - [back_corridor_end.py:46] - dfs从(82,66)开始
2025-11-23 14:28:15,144 - back_corridor_end - INFO - [back_corridor_end.py:57] - 现在是(82,66)
2025-11-23 14:28:15,144 - back_corridor_end - INFO - [back_corridor_end.py:57] - 现在是(83,66)
2025-11-23 14:28:15,144 - back_corridor_end - INFO - [back_corridor_end.py:57] - 现在是(83,67)
2025-11-23 14:28:15,144 - back_corridor_end - INFO - [back_corridor_end.py:57] - 现在是(83,68)
2025-11-23 14:28:15,144 - back_corridor_end - INFO - [back_corridor_end.py:57] - 现在是(83,69)
2025-11-23 14:28:15,144 - back_corridor_end - INFO - [back_corridor_end.py:80] - isDotAlive:发现死路上的点(83, 69)
2025-11-23 14:28:15,144 - back_corridor_end - INFO - [back_corridor_end.py:57] - 现在是(83,68)
2025-11-23 14:28:15,144 - back_corridor_end - INFO - [back_corridor_end.py:80] - isDotAlive:发现死路上的点(83, 68)
2025-11-23 14:28:15,144 - back_corridor_end - INFO - [back_corridor_end.py:57] - 现在是(83,67)
2025-11-23 14:28:15,144 - back_corridor_end - INFO - [back_corridor_end.py:74] - isDotAlive:点(83, 67)是活的
2025-11-23 14:28:15,144 - back_corridor_end - INFO - [back_corridor_end.py:57] - 现在是(83,66)
2025-11-23 14:28:15,144 - back_corridor_end - INFO - [back_corridor_end.py:57] - 现在是(83,65)
2025-11-23 14:28:15,144 - back_corridor_end - INFO - [back_corridor_end.py:74] - isDotAlive:点(83, 65)是活的
2025-11-23 14:28:15,144 - back_corridor_end - INFO - [back_corridor_end.py:57] - 现在是(83,66)
2025-11-23 14:28:15,144 - back_corridor_end - INFO - [back_corridor_end.py:74] - isDotAlive:点(83, 66)是活的
2025-11-23 14:28:15,144 - back_corridor_end - INFO - [back_corridor_end.py:57] - 现在是(82,66)
2025-11-23 14:28:15,144 - back_corridor_end - INFO - [back_corridor_end.py:74] - isDotAlive:点(82, 66)是活的
2025-11-23 14:28:15,144 - back_corridor_end - INFO - [back_corridor_end.py:46] - dfs从(74,69)开始
2025-11-23 14:28:15,144 - back_corridor_end - INFO - [back_corridor_end.py:57] - 现在是(74,69)
2025-11-23 14:28:15,144 - back_corridor_end - INFO - [back_corridor_end.py:80] - isDotAlive:发现死路上的点(74, 69)
2025-11-23 14:28:15,144 - back_corridor_end - INFO - [back_corridor_end.py:46] - dfs从(74,66)开始
2025-11-23 14:28:15,144 - back_corridor_end - INFO - [back_corridor_end.py:57] - 现在是(74,66)
2025-11-23 14:28:15,144 - back_corridor_end - INFO - [back_corridor_end.py:80] - isDotAlive:发现死路上的点(74, 66)
2025-11-23 14:28:15,144 - back_corridor_end - INFO - [back_corridor_end.py:46] - dfs从(82,71)开始
2025-11-23 14:28:15,144 - back_corridor_end - INFO - [back_corridor_end.py:57] - 现在是(82,71)
2025-11-23 14:28:15,144 - back_corridor_end - INFO - [back_corridor_end.py:57] - 现在是(83,71)
2025-11-23 14:28:15,145 - back_corridor_end - INFO - [back_corridor_end.py:57] - 现在是(83,72)
2025-11-23 14:28:15,145 - back_corridor_end - INFO - [back_corridor_end.py:57] - 现在是(83,73)
2025-11-23 14:28:15,145 - back_corridor_end - INFO - [back_corridor_end.py:80] - isDotAlive:发现死路上的点(83, 73)
2025-11-23 14:28:15,145 - back_corridor_end - INFO - [back_corridor_end.py:57] - 现在是(83,72)
2025-11-23 14:28:15,145 - back_corridor_end - INFO - [back_corridor_end.py:80] - isDotAlive:发现死路上的点(83, 72)
2025-11-23 14:28:15,145 - back_corridor_end - INFO - [back_corridor_end.py:57] - 现在是(83,71)
2025-11-23 14:28:15,145 - back_corridor_end - INFO - [back_corridor_end.py:74] - isDotAlive:点(83, 71)是活的
2025-11-23 14:28:15,145 - back_corridor_end - INFO - [back_corridor_end.py:57] - 现在是(82,71)
2025-11-23 14:28:15,145 - back_corridor_end - INFO - [back_corridor_end.py:74] - isDotAlive:点(82, 71)是活的
2025-11-23 14:28:15,145 - back_corridor_end - INFO - [back_corridor_end.py:46] - dfs从(31,90)开始
2025-11-23 14:28:15,145 - back_corridor_end - INFO - [back_corridor_end.py:57] - 现在是(31,90)
2025-11-23 14:28:15,145 - back_corridor_end - INFO - [back_corridor_end.py:80] - isDotAlive:发现死路上的点(31, 90)
2025-11-23 14:28:15,145 - back_corridor_end - INFO - [back_corridor_end.py:46] - dfs从(33,96)开始
2025-11-23 14:28:15,145 - back_corridor_end - INFO - [back_corridor_end.py:57] - 现在是(33,96)
2025-11-23 14:28:15,145 - back_corridor_end - INFO - [back_corridor_end.py:80] - isDotAlive:发现死路上的点(33, 96)
2025-11-23 14:28:15,145 - back_corridor_end - INFO - [back_corridor_end.py:46] - dfs从(33,90)开始
2025-11-23 14:28:15,145 - back_corridor_end - INFO - [back_corridor_end.py:57] - 现在是(33,90)
2025-11-23 14:28:15,145 - back_corridor_end - INFO - [back_corridor_end.py:80] - isDotAlive:发现死路上的点(33, 90)
2025-11-23 14:28:15,145 - back_corridor_end - INFO - [back_corridor_end.py:46] - dfs从(40,91)开始
2025-11-23 14:28:15,145 - back_corridor_end - INFO - [back_corridor_end.py:57] - 现在是(40,91)
2025-11-23 14:28:15,145 - back_corridor_end - INFO - [back_corridor_end.py:80] - isDotAlive:发现死路上的点(40, 91)
2025-11-23 14:28:15,145 - back_corridor_end - INFO - [back_corridor_end.py:46] - dfs从(86,64)开始
2025-11-23 14:28:15,145 - back_corridor_end - INFO - [back_corridor_end.py:57] - 现在是(86,64)
2025-11-23 14:28:15,145 - back_corridor_end - INFO - [back_corridor_end.py:80] - isDotAlive:发现死路上的点(86, 64)
2025-11-23 14:28:15,145 - back_corridor_end - INFO - [back_corridor_end.py:46] - dfs从(92,62)开始
2025-11-23 14:28:15,145 - back_corridor_end - INFO - [back_corridor_end.py:57] - 现在是(92,62)
2025-11-23 14:28:15,145 - back_corridor_end - INFO - [back_corridor_end.py:80] - isDotAlive:发现死路上的点(92, 62)
2025-11-23 14:28:15,146 - back_corridor_end - INFO - [back_corridor_end.py:46] - dfs从(92,59)开始
2025-11-23 14:28:15,146 - back_corridor_end - INFO - [back_corridor_end.py:57] - 现在是(92,59)
2025-11-23 14:28:15,146 - back_corridor_end - INFO - [back_corridor_end.py:57] - 现在是(93,59)
2025-11-23 14:28:15,146 - back_corridor_end - INFO - [back_corridor_end.py:57] - 现在是(94,59)
2025-11-23 14:28:15,146 - back_corridor_end - INFO - [back_corridor_end.py:57] - 现在是(95,59)
2025-11-23 14:28:15,146 - back_corridor_end - INFO - [back_corridor_end.py:57] - 现在是(96,59)
2025-11-23 14:28:15,146 - back_corridor_end - INFO - [back_corridor_end.py:57] - 现在是(97,59)
2025-11-23 14:28:15,146 - back_corridor_end - INFO - [back_corridor_end.py:57] - 现在是(98,59)
2025-11-23 14:28:15,146 - back_corridor_end - INFO - [back_corridor_end.py:57] - 现在是(99,59)
2025-11-23 14:28:15,146 - back_corridor_end - INFO - [back_corridor_end.py:57] - 现在是(99,58)
2025-11-23 14:28:15,146 - back_corridor_end - INFO - [back_corridor_end.py:57] - 现在是(99,57)
2025-11-23 14:28:15,146 - back_corridor_end - INFO - [back_corridor_end.py:57] - 现在是(98,57)
2025-11-23 14:28:15,146 - back_corridor_end - INFO - [back_corridor_end.py:57] - 现在是(97,57)
2025-11-23 14:28:15,146 - back_corridor_end - INFO - [back_corridor_end.py:57] - 现在是(96,57)
2025-11-23 14:28:15,146 - back_corridor_end - INFO - [back_corridor_end.py:57] - 现在是(95,57)
2025-11-23 14:28:15,146 - back_corridor_end - INFO - [back_corridor_end.py:57] - 现在是(94,57)
2025-11-23 14:28:15,146 - back_corridor_end - INFO - [back_corridor_end.py:57] - 现在是(93,57)
2025-11-23 14:28:15,146 - back_corridor_end - INFO - [back_corridor_end.py:80] - isDotAlive:发现死路上的点(93, 57)
2025-11-23 14:28:15,146 - back_corridor_end - INFO - [back_corridor_end.py:57] - 现在是(94,57)
2025-11-23 14:28:15,146 - back_corridor_end - INFO - [back_corridor_end.py:74] - isDotAlive:点(94, 57)是活的
2025-11-23 14:28:15,146 - back_corridor_end - INFO - [back_corridor_end.py:57] - 现在是(95,57)
2025-11-23 14:28:15,146 - back_corridor_end - INFO - [back_corridor_end.py:74] - isDotAlive:点(95, 57)是活的
2025-11-23 14:28:15,146 - back_corridor_end - INFO - [back_corridor_end.py:57] - 现在是(96,57)
2025-11-23 14:28:15,146 - back_corridor_end - INFO - [back_corridor_end.py:74] - isDotAlive:点(96, 57)是活的
2025-11-23 14:28:15,146 - back_corridor_end - INFO - [back_corridor_end.py:57] - 现在是(97,57)
2025-11-23 14:28:15,147 - back_corridor_end - INFO - [back_corridor_end.py:74] - isDotAlive:点(97, 57)是活的
2025-11-23 14:28:15,147 - back_corridor_end - INFO - [back_corridor_end.py:57] - 现在是(98,57)
2025-11-23 14:28:15,147 - back_corridor_end - INFO - [back_corridor_end.py:74] - isDotAlive:点(98, 57)是活的
2025-11-23 14:28:15,147 - back_corridor_end - INFO - [back_corridor_end.py:57] - 现在是(99,57)
2025-11-23 14:28:15,147 - back_corridor_end - INFO - [back_corridor_end.py:57] - 现在是(99,56)
2025-11-23 14:28:15,147 - back_corridor_end - INFO - [back_corridor_end.py:57] - 现在是(99,55)
2025-11-23 14:28:15,147 - back_corridor_end - INFO - [back_corridor_end.py:57] - 现在是(98,55)
2025-11-23 14:28:15,147 - back_corridor_end - INFO - [back_corridor_end.py:57] - 现在是(97,55)
2025-11-23 14:28:15,147 - back_corridor_end - INFO - [back_corridor_end.py:80] - isDotAlive:发现死路上的点(97, 55)
2025-11-23 14:28:15,147 - back_corridor_end - INFO - [back_corridor_end.py:57] - 现在是(98,55)
2025-11-23 14:28:15,147 - back_corridor_end - INFO - [back_corridor_end.py:80] - isDotAlive:发现死路上的点(98, 55)
2025-11-23 14:28:15,147 - back_corridor_end - INFO - [back_corridor_end.py:57] - 现在是(99,55)
2025-11-23 14:28:15,147 - back_corridor_end - INFO - [back_corridor_end.py:57] - 现在是(99,54)
2025-11-23 14:28:15,147 - back_corridor_end - INFO - [back_corridor_end.py:57] - 现在是(99,53)
2025-11-23 14:28:15,147 - back_corridor_end - INFO - [back_corridor_end.py:57] - 现在是(98,53)
2025-11-23 14:28:15,147 - back_corridor_end - INFO - [back_corridor_end.py:57] - 现在是(97,53)
2025-11-23 14:28:15,147 - back_corridor_end - INFO - [back_corridor_end.py:80] - isDotAlive:发现死路上的点(97, 53)
2025-11-23 14:28:15,147 - back_corridor_end - INFO - [back_corridor_end.py:57] - 现在是(98,53)
2025-11-23 14:28:15,147 - back_corridor_end - INFO - [back_corridor_end.py:80] - isDotAlive:发现死路上的点(98, 53)
2025-11-23 14:28:15,147 - back_corridor_end - INFO - [back_corridor_end.py:57] - 现在是(99,53)
2025-11-23 14:28:15,147 - back_corridor_end - INFO - [back_corridor_end.py:57] - 现在是(99,52)
2025-11-23 14:28:15,147 - back_corridor_end - INFO - [back_corridor_end.py:57] - 现在是(99,51)
2025-11-23 14:28:15,147 - back_corridor_end - INFO - [back_corridor_end.py:57] - 现在是(98,51)
2025-11-23 14:28:15,147 - back_corridor_end - INFO - [back_corridor_end.py:57] - 现在是(97,51)
2025-11-23 14:28:15,147 - back_corridor_end - INFO - [back_corridor_end.py:80] - isDotAlive:发现死路上的点(97, 51)
2025-11-23 14:28:15,148 - back_corridor_end - INFO - [back_corridor_end.py:57] - 现在是(98,51)
2025-11-23 14:28:15,148 - back_corridor_end - INFO - [back_corridor_end.py:80] - isDotAlive:发现死路上的点(98, 51)
2025-11-23 14:28:15,148 - back_corridor_end - INFO - [back_corridor_end.py:57] - 现在是(99,51)
2025-11-23 14:28:15,148 - back_corridor_end - INFO - [back_corridor_end.py:80] - isDotAlive:发现死路上的点(99, 51)
2025-11-23 14:28:15,148 - back_corridor_end - INFO - [back_corridor_end.py:57] - 现在是(99,52)
2025-11-23 14:28:15,148 - back_corridor_end - INFO - [back_corridor_end.py:80] - isDotAlive:发现死路上的点(99, 52)
2025-11-23 14:28:15,148 - back_corridor_end - INFO - [back_corridor_end.py:57] - 现在是(99,53)
2025-11-23 14:28:15,148 - back_corridor_end - INFO - [back_corridor_end.py:80] - isDotAlive:发现死路上的点(99, 53)
2025-11-23 14:28:15,148 - back_corridor_end - INFO - [back_corridor_end.py:57] - 现在是(99,54)
2025-11-23 14:28:15,148 - back_corridor_end - INFO - [back_corridor_end.py:80] - isDotAlive:发现死路上的点(99, 54)
2025-11-23 14:28:15,148 - back_corridor_end - INFO - [back_corridor_end.py:57] - 现在是(99,55)
2025-11-23 14:28:15,148 - back_corridor_end - INFO - [back_corridor_end.py:80] - isDotAlive:发现死路上的点(99, 55)
2025-11-23 14:28:15,148 - back_corridor_end - INFO - [back_corridor_end.py:57] - 现在是(99,56)
2025-11-23 14:28:15,148 - back_corridor_end - INFO - [back_corridor_end.py:80] - isDotAlive:发现死路上的点(99, 56)
2025-11-23 14:28:15,148 - back_corridor_end - INFO - [back_corridor_end.py:57] - 现在是(99,57)
2025-11-23 14:28:15,148 - back_corridor_end - INFO - [back_corridor_end.py:74] - isDotAlive:点(99, 57)是活的
2025-11-23 14:28:15,148 - back_corridor_end - INFO - [back_corridor_end.py:57] - 现在是(99,58)
2025-11-23 14:28:15,148 - back_corridor_end - INFO - [back_corridor_end.py:74] - isDotAlive:点(99, 58)是活的
2025-11-23 14:28:15,148 - back_corridor_end - INFO - [back_corridor_end.py:57] - 现在是(99,59)
2025-11-23 14:28:15,148 - back_corridor_end - INFO - [back_corridor_end.py:74] - isDotAlive:点(99, 59)是活的
2025-11-23 14:28:15,148 - back_corridor_end - INFO - [back_corridor_end.py:57] - 现在是(98,59)
2025-11-23 14:28:15,148 - back_corridor_end - INFO - [back_corridor_end.py:74] - isDotAlive:点(98, 59)是活的
2025-11-23 14:28:15,148 - back_corridor_end - INFO - [back_corridor_end.py:57] - 现在是(97,59)
2025-11-23 14:28:15,148 - back_corridor_end - INFO - [back_corridor_end.py:74] - isDotAlive:点(97, 59)是活的
2025-11-23 14:28:15,148 - back_corridor_end - INFO - [back_corridor_end.py:57] - 现在是(96,59)
2025-11-23 14:28:15,148 - back_corridor_end - INFO - [back_corridor_end.py:74] - isDotAlive:点(96, 59)是活的
2025-11-23 14:28:15,149 - back_corridor_end - INFO - [back_corridor_end.py:57] - 现在是(95,59)
2025-11-23 14:28:15,149 - back_corridor_end - INFO - [back_corridor_end.py:74] - isDotAlive:点(95, 59)是活的
2025-11-23 14:28:15,149 - back_corridor_end - INFO - [back_corridor_end.py:57] - 现在是(94,59)
2025-11-23 14:28:15,149 - back_corridor_end - INFO - [back_corridor_end.py:74] - isDotAlive:点(94, 59)是活的
2025-11-23 14:28:15,149 - back_corridor_end - INFO - [back_corridor_end.py:57] - 现在是(93,59)
2025-11-23 14:28:15,149 - back_corridor_end - INFO - [back_corridor_end.py:74] - isDotAlive:点(93, 59)是活的
2025-11-23 14:28:15,149 - back_corridor_end - INFO - [back_corridor_end.py:57] - 现在是(92,59)
2025-11-23 14:28:15,149 - back_corridor_end - INFO - [back_corridor_end.py:74] - isDotAlive:点(92, 59)是活的
2025-11-23 14:28:15,149 - back_corridor_end - INFO - [back_corridor_end.py:46] - dfs从(91,56)开始
2025-11-23 14:28:15,149 - back_corridor_end - INFO - [back_corridor_end.py:57] - 现在是(91,56)
2025-11-23 14:28:15,149 - back_corridor_end - INFO - [back_corridor_end.py:80] - isDotAlive:发现死路上的点(91, 56)
2025-11-23 14:28:15,149 - back_corridor_end - INFO - [back_corridor_end.py:46] - dfs从(87,56)开始
2025-11-23 14:28:15,149 - back_corridor_end - INFO - [back_corridor_end.py:57] - 现在是(87,56)
2025-11-23 14:28:15,149 - back_corridor_end - INFO - [back_corridor_end.py:80] - isDotAlive:发现死路上的点(87, 56)
2025-11-23 14:28:15,149 - back_corridor_end - INFO - [back_corridor_end.py:46] - dfs从(85,56)开始
2025-11-23 14:28:15,149 - back_corridor_end - INFO - [back_corridor_end.py:57] - 现在是(85,56)
2025-11-23 14:28:15,149 - back_corridor_end - INFO - [back_corridor_end.py:57] - 现在是(85,55)
2025-11-23 14:28:15,149 - back_corridor_end - INFO - [back_corridor_end.py:74] - isDotAlive:点(85, 55)是活的
2025-11-23 14:28:15,149 - back_corridor_end - INFO - [back_corridor_end.py:57] - 现在是(85,56)
2025-11-23 14:28:15,149 - back_corridor_end - INFO - [back_corridor_end.py:74] - isDotAlive:点(85, 56)是活的
2025-11-23 14:28:15,149 - back_corridor_end - INFO - [back_corridor_end.py:46] - dfs从(82,57)开始
2025-11-23 14:28:15,149 - back_corridor_end - INFO - [back_corridor_end.py:57] - 现在是(82,57)
2025-11-23 14:28:15,149 - back_corridor_end - INFO - [back_corridor_end.py:80] - isDotAlive:发现死路上的点(82, 57)
2025-11-23 14:28:15,149 - back_corridor_end - INFO - [back_corridor_end.py:46] - dfs从(91,64)开始
2025-11-23 14:28:15,150 - back_corridor_end - INFO - [back_corridor_end.py:57] - 现在是(91,64)
2025-11-23 14:28:15,150 - back_corridor_end - INFO - [back_corridor_end.py:80] - isDotAlive:发现死路上的点(91, 64)
2025-11-23 14:28:15,150 - back_corridor_end - INFO - [back_corridor_end.py:46] - dfs从(83,64)开始
2025-11-23 14:28:15,150 - back_corridor_end - INFO - [back_corridor_end.py:57] - 现在是(83,64)
2025-11-23 14:28:15,150 - back_corridor_end - INFO - [back_corridor_end.py:80] - isDotAlive:发现死路上的点(83, 64)
2025-11-23 14:28:15,150 - back_corridor_end - INFO - [back_corridor_end.py:46] - dfs从(10,56)开始
2025-11-23 14:28:15,150 - back_corridor_end - INFO - [back_corridor_end.py:57] - 现在是(10,56)
2025-11-23 14:28:15,150 - back_corridor_end - INFO - [back_corridor_end.py:80] - isDotAlive:发现死路上的点(10, 56)
2025-11-23 14:28:15,150 - back_corridor_end - INFO - [back_corridor_end.py:46] - dfs从(14,50)开始
2025-11-23 14:28:15,150 - back_corridor_end - INFO - [back_corridor_end.py:57] - 现在是(14,50)
2025-11-23 14:28:15,150 - back_corridor_end - INFO - [back_corridor_end.py:80] - isDotAlive:发现死路上的点(14, 50)
2025-11-23 14:28:15,150 - back_corridor_end - INFO - [back_corridor_end.py:46] - dfs从(13,58)开始
2025-11-23 14:28:15,150 - back_corridor_end - INFO - [back_corridor_end.py:57] - 现在是(13,58)
2025-11-23 14:28:15,150 - back_corridor_end - INFO - [back_corridor_end.py:80] - isDotAlive:发现死路上的点(13, 58)
2025-11-23 14:28:15,150 - back_corridor_end - INFO - [back_corridor_end.py:46] - dfs从(18,56)开始
2025-11-23 14:28:15,150 - back_corridor_end - INFO - [back_corridor_end.py:57] - 现在是(18,56)
2025-11-23 14:28:15,150 - back_corridor_end - INFO - [back_corridor_end.py:80] - isDotAlive:发现死路上的点(18, 56)
2025-11-23 14:28:15,150 - back_corridor_end - INFO - [back_corridor_end.py:46] - dfs从(17,50)开始
2025-11-23 14:28:15,150 - back_corridor_end - INFO - [back_corridor_end.py:57] - 现在是(17,50)
2025-11-23 14:28:15,150 - back_corridor_end - INFO - [back_corridor_end.py:80] - isDotAlive:发现死路上的点(17, 50)
2025-11-23 14:28:15,150 - back_corridor_end - INFO - [back_corridor_end.py:46] - dfs从(10,51)开始
2025-11-23 14:28:15,150 - back_corridor_end - INFO - [back_corridor_end.py:57] - 现在是(10,51)
2025-11-23 14:28:15,150 - back_corridor_end - INFO - [back_corridor_end.py:80] - isDotAlive:发现死路上的点(10, 51)
2025-11-23 14:28:15,150 - back_corridor_end - INFO - [back_corridor_end.py:46] - dfs从(17,58)开始
2025-11-23 14:28:15,150 - back_corridor_end - INFO - [back_corridor_end.py:57] - 现在是(17,58)
2025-11-23 14:28:15,150 - back_corridor_end - INFO - [back_corridor_end.py:80] - isDotAlive:发现死路上的点(17, 58)
2025-11-23 14:28:15,151 - back_corridor_end - INFO - [back_corridor_end.py:46] - dfs从(18,53)开始
2025-11-23 14:28:15,151 - back_corridor_end - INFO - [back_corridor_end.py:57] - 现在是(18,53)
2025-11-23 14:28:15,151 - back_corridor_end - INFO - [back_corridor_end.py:57] - 现在是(19,53)
2025-11-23 14:28:15,151 - back_corridor_end - INFO - [back_corridor_end.py:74] - isDotAlive:点(19, 53)是活的
2025-11-23 14:28:15,151 - back_corridor_end - INFO - [back_corridor_end.py:57] - 现在是(18,53)
2025-11-23 14:28:15,151 - back_corridor_end - INFO - [back_corridor_end.py:74] - isDotAlive:点(18, 53)是活的
2025-11-23 14:28:15,151 - back_corridor_end - INFO - [back_corridor_end.py:46] - dfs从(15,58)开始
2025-11-23 14:28:15,151 - back_corridor_end - INFO - [back_corridor_end.py:57] - 现在是(15,58)
2025-11-23 14:28:15,151 - back_corridor_end - INFO - [back_corridor_end.py:57] - 现在是(15,59)
2025-11-23 14:28:15,151 - back_corridor_end - INFO - [back_corridor_end.py:74] - isDotAlive:点(15, 59)是活的
2025-11-23 14:28:15,151 - back_corridor_end - INFO - [back_corridor_end.py:57] - 现在是(15,58)
2025-11-23 14:28:15,151 - back_corridor_end - INFO - [back_corridor_end.py:74] - isDotAlive:点(15, 58)是活的
2025-11-23 14:28:15,151 - back_corridor_end - INFO - [back_corridor_end.py:46] - dfs从(50,35)开始
2025-11-23 14:28:15,151 - back_corridor_end - INFO - [back_corridor_end.py:57] - 现在是(50,35)
2025-11-23 14:28:15,151 - back_corridor_end - INFO - [back_corridor_end.py:80] - isDotAlive:发现死路上的点(50, 35)
2025-11-23 14:28:15,151 - back_corridor_end - INFO - [back_corridor_end.py:46] - dfs从(4,33)开始
2025-11-23 14:28:15,151 - back_corridor_end - INFO - [back_corridor_end.py:57] - 现在是(4,33)
2025-11-23 14:28:15,151 - back_corridor_end - INFO - [back_corridor_end.py:80] - isDotAlive:发现死路上的点(4, 33)
2025-11-23 14:28:15,151 - back_corridor_end - INFO - [back_corridor_end.py:46] - dfs从(6,30)开始
2025-11-23 14:28:15,151 - back_corridor_end - INFO - [back_corridor_end.py:57] - 现在是(6,30)
2025-11-23 14:28:15,151 - back_corridor_end - INFO - [back_corridor_end.py:80] - isDotAlive:发现死路上的点(6, 30)
2025-11-23 14:28:15,151 - back_corridor_end - INFO - [back_corridor_end.py:46] - dfs从(38,20)开始
2025-11-23 14:28:15,151 - back_corridor_end - INFO - [back_corridor_end.py:57] - 现在是(38,20)
2025-11-23 14:28:15,151 - back_corridor_end - INFO - [back_corridor_end.py:57] - 现在是(39,20)
2025-11-23 14:28:15,151 - back_corridor_end - INFO - [back_corridor_end.py:57] - 现在是(39,21)
2025-11-23 14:28:15,151 - back_corridor_end - INFO - [back_corridor_end.py:57] - 现在是(39,22)
2025-11-23 14:28:15,152 - back_corridor_end - INFO - [back_corridor_end.py:57] - 现在是(39,23)
2025-11-23 14:28:15,152 - back_corridor_end - INFO - [back_corridor_end.py:74] - isDotAlive:点(39, 23)是活的
2025-11-23 14:28:15,152 - back_corridor_end - INFO - [back_corridor_end.py:57] - 现在是(39,22)
2025-11-23 14:28:15,152 - back_corridor_end - INFO - [back_corridor_end.py:74] - isDotAlive:点(39, 22)是活的
2025-11-23 14:28:15,152 - back_corridor_end - INFO - [back_corridor_end.py:57] - 现在是(39,21)
2025-11-23 14:28:15,152 - back_corridor_end - INFO - [back_corridor_end.py:74] - isDotAlive:点(39, 21)是活的
2025-11-23 14:28:15,152 - back_corridor_end - INFO - [back_corridor_end.py:57] - 现在是(39,20)
2025-11-23 14:28:15,152 - back_corridor_end - INFO - [back_corridor_end.py:57] - 现在是(39,19)
2025-11-23 14:28:15,152 - back_corridor_end - INFO - [back_corridor_end.py:80] - isDotAlive:发现死路上的点(39, 19)
2025-11-23 14:28:15,152 - back_corridor_end - INFO - [back_corridor_end.py:57] - 现在是(39,20)
2025-11-23 14:28:15,152 - back_corridor_end - INFO - [back_corridor_end.py:74] - isDotAlive:点(39, 20)是活的
2025-11-23 14:28:15,152 - back_corridor_end - INFO - [back_corridor_end.py:57] - 现在是(38,20)
2025-11-23 14:28:15,152 - back_corridor_end - INFO - [back_corridor_end.py:74] - isDotAlive:点(38, 20)是活的
2025-11-23 14:28:15,152 - back_corridor_end - INFO - [back_corridor_end.py:46] - dfs从(30,19)开始
2025-11-23 14:28:15,152 - back_corridor_end - INFO - [back_corridor_end.py:57] - 现在是(30,19)
2025-11-23 14:28:15,152 - back_corridor_end - INFO - [back_corridor_end.py:80] - isDotAlive:发现死路上的点(30, 19)
2025-11-23 14:28:15,152 - back_corridor_end - INFO - [back_corridor_end.py:46] - dfs从(38,25)开始
2025-11-23 14:28:15,152 - back_corridor_end - INFO - [back_corridor_end.py:57] - 现在是(38,25)
2025-11-23 14:28:15,152 - back_corridor_end - INFO - [back_corridor_end.py:80] - isDotAlive:发现死路上的点(38, 25)
2025-11-23 14:28:15,152 - back_corridor_end - INFO - [back_corridor_end.py:46] - dfs从(36,26)开始
2025-11-23 14:28:15,152 - back_corridor_end - INFO - [back_corridor_end.py:57] - 现在是(36,26)
2025-11-23 14:28:15,152 - back_corridor_end - INFO - [back_corridor_end.py:80] - isDotAlive:发现死路上的点(36, 26)
2025-11-23 14:28:15,152 - back_corridor_end - INFO - [back_corridor_end.py:46] - dfs从(31,16)开始
2025-11-23 14:28:15,152 - back_corridor_end - INFO - [back_corridor_end.py:57] - 现在是(31,16)
2025-11-23 14:28:15,152 - back_corridor_end - INFO - [back_corridor_end.py:80] - isDotAlive:发现死路上的点(31, 16)
2025-11-23 14:28:15,153 - back_corridor_end - INFO - [back_corridor_end.py:46] - dfs从(38,17)开始
2025-11-23 14:28:15,153 - back_corridor_end - INFO - [back_corridor_end.py:57] - 现在是(38,17)
2025-11-23 14:28:15,153 - back_corridor_end - INFO - [back_corridor_end.py:57] - 现在是(39,17)
2025-11-23 14:28:15,153 - back_corridor_end - INFO - [back_corridor_end.py:74] - isDotAlive:点(39, 17)是活的
2025-11-23 14:28:15,153 - back_corridor_end - INFO - [back_corridor_end.py:57] - 现在是(38,17)
2025-11-23 14:28:15,153 - back_corridor_end - INFO - [back_corridor_end.py:74] - isDotAlive:点(38, 17)是活的
2025-11-23 14:28:15,153 - back_corridor_end - INFO - [back_corridor_end.py:46] - dfs从(30,21)开始
2025-11-23 14:28:15,153 - back_corridor_end - INFO - [back_corridor_end.py:57] - 现在是(30,21)
2025-11-23 14:28:15,153 - back_corridor_end - INFO - [back_corridor_end.py:57] - 现在是(29,21)
2025-11-23 14:28:15,153 - back_corridor_end - INFO - [back_corridor_end.py:74] - isDotAlive:点(29, 21)是活的
2025-11-23 14:28:15,153 - back_corridor_end - INFO - [back_corridor_end.py:57] - 现在是(30,21)
2025-11-23 14:28:15,153 - back_corridor_end - INFO - [back_corridor_end.py:74] - isDotAlive:点(30, 21)是活的
2025-11-23 14:28:15,153 - back_corridor_end - INFO - [back_corridor_end.py:46] - dfs从(52,81)开始
2025-11-23 14:28:15,153 - back_corridor_end - INFO - [back_corridor_end.py:57] - 现在是(52,81)
2025-11-23 14:28:15,153 - back_corridor_end - INFO - [back_corridor_end.py:80] - isDotAlive:发现死路上的点(52, 81)
2025-11-23 14:28:15,153 - back_corridor_end - INFO - [back_corridor_end.py:46] - dfs从(49,84)开始
2025-11-23 14:28:15,153 - back_corridor_end - INFO - [back_corridor_end.py:57] - 现在是(49,84)
2025-11-23 14:28:15,153 - back_corridor_end - INFO - [back_corridor_end.py:57] - 现在是(49,85)
2025-11-23 14:28:15,153 - back_corridor_end - INFO - [back_corridor_end.py:74] - isDotAlive:点(49, 85)是活的
2025-11-23 14:28:15,153 - back_corridor_end - INFO - [back_corridor_end.py:57] - 现在是(49,84)
2025-11-23 14:28:15,153 - back_corridor_end - INFO - [back_corridor_end.py:74] - isDotAlive:点(49, 84)是活的
2025-11-23 14:28:15,153 - back_corridor_end - INFO - [back_corridor_end.py:46] - dfs从(8,8)开始
2025-11-23 14:28:15,153 - back_corridor_end - INFO - [back_corridor_end.py:57] - 现在是(8,8)
2025-11-23 14:28:15,153 - back_corridor_end - INFO - [back_corridor_end.py:80] - isDotAlive:发现死路上的点(8, 8)
2025-11-23 14:28:15,153 - back_corridor_end - INFO - [back_corridor_end.py:46] - dfs从(5,12)开始
2025-11-23 14:28:15,154 - back_corridor_end - INFO - [back_corridor_end.py:57] - 现在是(5,12)
2025-11-23 14:28:15,154 - back_corridor_end - INFO - [back_corridor_end.py:80] - isDotAlive:发现死路上的点(5, 12)
2025-11-23 14:28:15,154 - back_corridor_end - INFO - [back_corridor_end.py:46] - dfs从(75,40)开始
2025-11-23 14:28:15,154 - back_corridor_end - INFO - [back_corridor_end.py:57] - 现在是(75,40)
2025-11-23 14:28:15,154 - back_corridor_end - INFO - [back_corridor_end.py:80] - isDotAlive:发现死路上的点(75, 40)
2025-11-23 14:28:15,154 - back_corridor_end - INFO - [back_corridor_end.py:46] - dfs从(72,48)开始
2025-11-23 14:28:15,154 - back_corridor_end - INFO - [back_corridor_end.py:57] - 现在是(72,48)
2025-11-23 14:28:15,154 - back_corridor_end - INFO - [back_corridor_end.py:80] - isDotAlive:发现死路上的点(72, 48)
2025-11-23 14:28:15,154 - back_corridor_end - INFO - [back_corridor_end.py:46] - dfs从(12,62)开始
2025-11-23 14:28:15,154 - back_corridor_end - INFO - [back_corridor_end.py:57] - 现在是(12,62)
2025-11-23 14:28:15,154 - back_corridor_end - INFO - [back_corridor_end.py:80] - isDotAlive:发现死路上的点(12, 62)
2025-11-23 14:28:15,154 - back_corridor_end - INFO - [back_corridor_end.py:46] - dfs从(13,68)开始
2025-11-23 14:28:15,154 - back_corridor_end - INFO - [back_corridor_end.py:57] - 现在是(13,68)
2025-11-23 14:28:15,154 - back_corridor_end - INFO - [back_corridor_end.py:80] - isDotAlive:发现死路上的点(13, 68)
2025-11-23 14:28:15,154 - back_corridor_end - INFO - [back_corridor_end.py:46] - dfs从(6,63)开始
2025-11-23 14:28:15,154 - back_corridor_end - INFO - [back_corridor_end.py:57] - 现在是(6,63)
2025-11-23 14:28:15,154 - back_corridor_end - INFO - [back_corridor_end.py:80] - isDotAlive:发现死路上的点(6, 63)
2025-11-23 14:28:15,154 - back_corridor_end - INFO - [back_corridor_end.py:46] - dfs从(7,68)开始
2025-11-23 14:28:15,154 - back_corridor_end - INFO - [back_corridor_end.py:57] - 现在是(7,68)
2025-11-23 14:28:15,154 - back_corridor_end - INFO - [back_corridor_end.py:57] - 现在是(7,69)
2025-11-23 14:28:15,154 - back_corridor_end - INFO - [back_corridor_end.py:57] - 现在是(6,69)
2025-11-23 14:28:15,154 - back_corridor_end - INFO - [back_corridor_end.py:57] - 现在是(5,69)
2025-11-23 14:28:15,154 - back_corridor_end - INFO - [back_corridor_end.py:57] - 现在是(5,70)
2025-11-23 14:28:15,154 - back_corridor_end - INFO - [back_corridor_end.py:57] - 现在是(5,71)
2025-11-23 14:28:15,154 - back_corridor_end - INFO - [back_corridor_end.py:74] - isDotAlive:点(5, 71)是活的
2025-11-23 14:28:15,154 - back_corridor_end - INFO - [back_corridor_end.py:57] - 现在是(5,70)
2025-11-23 14:28:15,155 - back_corridor_end - INFO - [back_corridor_end.py:74] - isDotAlive:点(5, 70)是活的
2025-11-23 14:28:15,155 - back_corridor_end - INFO - [back_corridor_end.py:57] - 现在是(5,69)
2025-11-23 14:28:15,155 - back_corridor_end - INFO - [back_corridor_end.py:74] - isDotAlive:点(5, 69)是活的
2025-11-23 14:28:15,155 - back_corridor_end - INFO - [back_corridor_end.py:57] - 现在是(6,69)
2025-11-23 14:28:15,155 - back_corridor_end - INFO - [back_corridor_end.py:74] - isDotAlive:点(6, 69)是活的
2025-11-23 14:28:15,155 - back_corridor_end - INFO - [back_corridor_end.py:57] - 现在是(7,69)
2025-11-23 14:28:15,155 - back_corridor_end - INFO - [back_corridor_end.py:74] - isDotAlive:点(7, 69)是活的
2025-11-23 14:28:15,155 - back_corridor_end - INFO - [back_corridor_end.py:57] - 现在是(7,68)
2025-11-23 14:28:15,155 - back_corridor_end - INFO - [back_corridor_end.py:74] - isDotAlive:点(7, 68)是活的
2025-11-23 14:28:15,155 - back_corridor_end - INFO - [back_corridor_end.py:46] - dfs从(59,96)开始
2025-11-23 14:28:15,155 - back_corridor_end - INFO - [back_corridor_end.py:57] - 现在是(59,96)
2025-11-23 14:28:15,155 - back_corridor_end - INFO - [back_corridor_end.py:57] - 现在是(59,95)
2025-11-23 14:28:15,155 - back_corridor_end - INFO - [back_corridor_end.py:57] - 现在是(60,95)
2025-11-23 14:28:15,155 - back_corridor_end - INFO - [back_corridor_end.py:57] - 现在是(61,95)
2025-11-23 14:28:15,155 - back_corridor_end - INFO - [back_corridor_end.py:80] - isDotAlive:发现死路上的点(61, 95)
2025-11-23 14:28:15,155 - back_corridor_end - INFO - [back_corridor_end.py:57] - 现在是(60,95)
2025-11-23 14:28:15,155 - back_corridor_end - INFO - [back_corridor_end.py:80] - isDotAlive:发现死路上的点(60, 95)
2025-11-23 14:28:15,155 - back_corridor_end - INFO - [back_corridor_end.py:57] - 现在是(59,95)
2025-11-23 14:28:15,155 - back_corridor_end - INFO - [back_corridor_end.py:74] - isDotAlive:点(59, 95)是活的
2025-11-23 14:28:15,155 - back_corridor_end - INFO - [back_corridor_end.py:57] - 现在是(59,96)
2025-11-23 14:28:15,155 - back_corridor_end - INFO - [back_corridor_end.py:74] - isDotAlive:点(59, 96)是活的
2025-11-23 14:28:15,155 - back_corridor_end - INFO - [back_corridor_end.py:46] - dfs从(58,99)开始
2025-11-23 14:28:15,155 - back_corridor_end - INFO - [back_corridor_end.py:57] - 现在是(58,99)
2025-11-23 14:28:15,155 - back_corridor_end - INFO - [back_corridor_end.py:80] - isDotAlive:发现死路上的点(58, 99)
2025-11-23 14:28:15,155 - back_corridor_end - INFO - [back_corridor_end.py:46] - dfs从(63,96)开始
2025-11-23 14:28:15,155 - back_corridor_end - INFO - [back_corridor_end.py:57] - 现在是(63,96)
2025-11-23 14:28:15,156 - back_corridor_end - INFO - [back_corridor_end.py:57] - 现在是(63,95)
2025-11-23 14:28:15,156 - back_corridor_end - INFO - [back_corridor_end.py:74] - isDotAlive:点(63, 95)是活的
2025-11-23 14:28:15,156 - back_corridor_end - INFO - [back_corridor_end.py:57] - 现在是(63,96)
2025-11-23 14:28:15,156 - back_corridor_end - INFO - [back_corridor_end.py:74] - isDotAlive:点(63, 96)是活的
2025-11-23 14:28:15,156 - back_corridor_end - INFO - [back_corridor_end.py:46] - dfs从(66,99)开始
2025-11-23 14:28:15,156 - back_corridor_end - INFO - [back_corridor_end.py:57] - 现在是(66,99)
2025-11-23 14:28:15,156 - back_corridor_end - INFO - [back_corridor_end.py:80] - isDotAlive:发现死路上的点(66, 99)
2025-11-23 14:28:15,156 - back_corridor_end - INFO - [back_corridor_end.py:46] - dfs从(65,96)开始
2025-11-23 14:28:15,156 - back_corridor_end - INFO - [back_corridor_end.py:57] - 现在是(65,96)
2025-11-23 14:28:15,156 - back_corridor_end - INFO - [back_corridor_end.py:57] - 现在是(65,95)
2025-11-23 14:28:15,156 - back_corridor_end - INFO - [back_corridor_end.py:74] - isDotAlive:点(65, 95)是活的
2025-11-23 14:28:15,156 - back_corridor_end - INFO - [back_corridor_end.py:57] - 现在是(65,96)
2025-11-23 14:28:15,156 - back_corridor_end - INFO - [back_corridor_end.py:74] - isDotAlive:点(65, 96)是活的
2025-11-23 14:28:15,156 - back_corridor_end - INFO - [back_corridor_end.py:46] - dfs从(68,68)开始
2025-11-23 14:28:15,156 - back_corridor_end - INFO - [back_corridor_end.py:57] - 现在是(68,68)
2025-11-23 14:28:15,156 - back_corridor_end - INFO - [back_corridor_end.py:80] - isDotAlive:发现死路上的点(68, 68)
2025-11-23 14:28:15,156 - back_corridor_end - INFO - [back_corridor_end.py:46] - dfs从(74,61)开始
2025-11-23 14:28:15,156 - back_corridor_end - INFO - [back_corridor_end.py:57] - 现在是(74,61)
2025-11-23 14:28:15,156 - back_corridor_end - INFO - [back_corridor_end.py:80] - isDotAlive:发现死路上的点(74, 61)
2025-11-23 14:28:15,156 - back_corridor_end - INFO - [back_corridor_end.py:46] - dfs从(74,66)开始
2025-11-23 14:28:15,156 - back_corridor_end - INFO - [back_corridor_end.py:57] - 现在是(74,66)
2025-11-23 14:28:15,156 - back_corridor_end - INFO - [back_corridor_end.py:80] - isDotAlive:发现死路上的点(74, 66)
2025-11-23 14:28:15,156 - back_corridor_end - INFO - [back_corridor_end.py:46] - dfs从(66,64)开始
2025-11-23 14:28:15,156 - back_corridor_end - INFO - [back_corridor_end.py:57] - 现在是(66,64)
2025-11-23 14:28:15,156 - back_corridor_end - INFO - [back_corridor_end.py:80] - isDotAlive:发现死路上的点(66, 64)
2025-11-23 14:28:15,156 - back_corridor_end - INFO - [back_corridor_end.py:46] - dfs从(56,21)开始
2025-11-23 14:28:15,157 - back_corridor_end - INFO - [back_corridor_end.py:57] - 现在是(56,21)
2025-11-23 14:28:15,157 - back_corridor_end - INFO - [back_corridor_end.py:80] - isDotAlive:发现死路上的点(56, 21)
2025-11-23 14:28:15,157 - back_corridor_end - INFO - [back_corridor_end.py:46] - dfs从(64,20)开始
2025-11-23 14:28:15,157 - back_corridor_end - INFO - [back_corridor_end.py:57] - 现在是(64,20)
2025-11-23 14:28:15,157 - back_corridor_end - INFO - [back_corridor_end.py:80] - isDotAlive:发现死路上的点(64, 20)
2025-11-23 14:28:15,157 - back_corridor_end - INFO - [back_corridor_end.py:46] - dfs从(62,14)开始
2025-11-23 14:28:15,157 - back_corridor_end - INFO - [back_corridor_end.py:57] - 现在是(62,14)
2025-11-23 14:28:15,157 - back_corridor_end - INFO - [back_corridor_end.py:80] - isDotAlive:发现死路上的点(62, 14)
2025-11-23 14:28:15,157 - back_corridor_end - INFO - [back_corridor_end.py:46] - dfs从(61,22)开始
2025-11-23 14:28:15,157 - back_corridor_end - INFO - [back_corridor_end.py:57] - 现在是(61,22)
2025-11-23 14:28:15,157 - back_corridor_end - INFO - [back_corridor_end.py:80] - isDotAlive:发现死路上的点(61, 22)
2025-11-23 14:28:15,157 - back_corridor_end - INFO - [back_corridor_end.py:46] - dfs从(40,55)开始
2025-11-23 14:28:15,157 - back_corridor_end - INFO - [back_corridor_end.py:57] - 现在是(40,55)
2025-11-23 14:28:15,157 - back_corridor_end - INFO - [back_corridor_end.py:80] - isDotAlive:发现死路上的点(40, 55)
2025-11-23 14:28:15,157 - back_corridor_end - INFO - [back_corridor_end.py:46] - dfs从(32,50)开始
2025-11-23 14:28:15,157 - back_corridor_end - INFO - [back_corridor_end.py:57] - 现在是(32,50)
2025-11-23 14:28:15,157 - back_corridor_end - INFO - [back_corridor_end.py:80] - isDotAlive:发现死路上的点(32, 50)
2025-11-23 14:28:15,157 - back_corridor_end - INFO - [back_corridor_end.py:46] - dfs从(40,58)开始
2025-11-23 14:28:15,157 - back_corridor_end - INFO - [back_corridor_end.py:57] - 现在是(40,58)
2025-11-23 14:28:15,157 - back_corridor_end - INFO - [back_corridor_end.py:57] - 现在是(41,58)
2025-11-23 14:28:15,157 - back_corridor_end - INFO - [back_corridor_end.py:57] - 现在是(41,59)
2025-11-23 14:28:15,157 - back_corridor_end - INFO - [back_corridor_end.py:80] - isDotAlive:发现死路上的点(41, 59)
2025-11-23 14:28:15,157 - back_corridor_end - INFO - [back_corridor_end.py:57] - 现在是(41,58)
2025-11-23 14:28:15,157 - back_corridor_end - INFO - [back_corridor_end.py:57] - 现在是(41,57)
2025-11-23 14:28:15,157 - back_corridor_end - INFO - [back_corridor_end.py:80] - isDotAlive:发现死路上的点(41, 57)
2025-11-23 14:28:15,157 - back_corridor_end - INFO - [back_corridor_end.py:57] - 现在是(41,58)
2025-11-23 14:28:15,157 - back_corridor_end - INFO - [back_corridor_end.py:74] - isDotAlive:点(41, 58)是活的
2025-11-23 14:28:15,158 - back_corridor_end - INFO - [back_corridor_end.py:57] - 现在是(40,58)
2025-11-23 14:28:15,158 - back_corridor_end - INFO - [back_corridor_end.py:74] - isDotAlive:点(40, 58)是活的
2025-11-23 14:28:15,158 - back_corridor_end - INFO - [back_corridor_end.py:46] - dfs从(39,60)开始
2025-11-23 14:28:15,158 - back_corridor_end - INFO - [back_corridor_end.py:57] - 现在是(39,60)
2025-11-23 14:28:15,158 - back_corridor_end - INFO - [back_corridor_end.py:57] - 现在是(39,61)
2025-11-23 14:28:15,158 - back_corridor_end - INFO - [back_corridor_end.py:57] - 现在是(40,61)
2025-11-23 14:28:15,158 - back_corridor_end - INFO - [back_corridor_end.py:57] - 现在是(41,61)
2025-11-23 14:28:15,158 - back_corridor_end - INFO - [back_corridor_end.py:74] - isDotAlive:点(41, 61)是活的
2025-11-23 14:28:15,158 - back_corridor_end - INFO - [back_corridor_end.py:57] - 现在是(40,61)
2025-11-23 14:28:15,158 - back_corridor_end - INFO - [back_corridor_end.py:74] - isDotAlive:点(40, 61)是活的
2025-11-23 14:28:15,158 - back_corridor_end - INFO - [back_corridor_end.py:57] - 现在是(39,61)
2025-11-23 14:28:15,158 - back_corridor_end - INFO - [back_corridor_end.py:74] - isDotAlive:点(39, 61)是活的
2025-11-23 14:28:15,158 - back_corridor_end - INFO - [back_corridor_end.py:57] - 现在是(39,60)
2025-11-23 14:28:15,158 - back_corridor_end - INFO - [back_corridor_end.py:74] - isDotAlive:点(39, 60)是活的
2025-11-23 14:28:15,158 - back_corridor_end - INFO - [back_corridor_end.py:46] - dfs从(79,36)开始
2025-11-23 14:28:15,158 - back_corridor_end - INFO - [back_corridor_end.py:57] - 现在是(79,36)
2025-11-23 14:28:15,158 - back_corridor_end - INFO - [back_corridor_end.py:80] - isDotAlive:发现死路上的点(79, 36)
2025-11-23 14:28:15,158 - back_corridor_end - INFO - [back_corridor_end.py:46] - dfs从(75,40)开始
2025-11-23 14:28:15,158 - back_corridor_end - INFO - [back_corridor_end.py:57] - 现在是(75,40)
2025-11-23 14:28:15,158 - back_corridor_end - INFO - [back_corridor_end.py:80] - isDotAlive:发现死路上的点(75, 40)
2025-11-23 14:28:15,158 - back_corridor_end - INFO - [back_corridor_end.py:46] - dfs从(98,1)开始
2025-11-23 14:28:15,158 - back_corridor_end - INFO - [back_corridor_end.py:57] - 现在是(98,1)
2025-11-23 14:28:15,158 - back_corridor_end - INFO - [back_corridor_end.py:57] - 现在是(99,1)
2025-11-23 14:28:15,158 - back_corridor_end - INFO - [back_corridor_end.py:57] - 现在是(99,2)
2025-11-23 14:28:15,158 - back_corridor_end - INFO - [back_corridor_end.py:57] - 现在是(99,3)
2025-11-23 14:28:15,158 - back_corridor_end - INFO - [back_corridor_end.py:80] - isDotAlive:发现死路上的点(99, 3)
2025-11-23 14:28:15,159 - back_corridor_end - INFO - [back_corridor_end.py:57] - 现在是(99,2)
2025-11-23 14:28:15,159 - back_corridor_end - INFO - [back_corridor_end.py:80] - isDotAlive:发现死路上的点(99, 2)
2025-11-23 14:28:15,159 - back_corridor_end - INFO - [back_corridor_end.py:57] - 现在是(99,1)
2025-11-23 14:28:15,159 - back_corridor_end - INFO - [back_corridor_end.py:74] - isDotAlive:点(99, 1)是活的
2025-11-23 14:28:15,159 - back_corridor_end - INFO - [back_corridor_end.py:57] - 现在是(98,1)
2025-11-23 14:28:15,159 - back_corridor_end - INFO - [back_corridor_end.py:74] - isDotAlive:点(98, 1)是活的
2025-11-23 14:28:15,159 - back_corridor_end - INFO - [back_corridor_end.py:46] - dfs从(97,10)开始
2025-11-23 14:28:15,159 - back_corridor_end - INFO - [back_corridor_end.py:57] - 现在是(97,10)
2025-11-23 14:28:15,159 - back_corridor_end - INFO - [back_corridor_end.py:80] - isDotAlive:发现死路上的点(97, 10)
2025-11-23 14:28:15,159 - back_corridor_end - INFO - [back_corridor_end.py:46] - dfs从(88,5)开始
2025-11-23 14:28:15,159 - back_corridor_end - INFO - [back_corridor_end.py:57] - 现在是(88,5)
2025-11-23 14:28:15,159 - back_corridor_end - INFO - [back_corridor_end.py:80] - isDotAlive:发现死路上的点(88, 5)
2025-11-23 14:28:15,159 - back_corridor_end - INFO - [back_corridor_end.py:46] - dfs从(98,7)开始
2025-11-23 14:28:15,159 - back_corridor_end - INFO - [back_corridor_end.py:57] - 现在是(98,7)
2025-11-23 14:28:15,159 - back_corridor_end - INFO - [back_corridor_end.py:57] - 现在是(99,7)
2025-11-23 14:28:15,159 - back_corridor_end - INFO - [back_corridor_end.py:57] - 现在是(99,6)
2025-11-23 14:28:15,159 - back_corridor_end - INFO - [back_corridor_end.py:57] - 现在是(99,5)
2025-11-23 14:28:15,159 - back_corridor_end - INFO - [back_corridor_end.py:80] - isDotAlive:发现死路上的点(99, 5)
2025-11-23 14:28:15,159 - back_corridor_end - INFO - [back_corridor_end.py:57] - 现在是(99,6)
2025-11-23 14:28:15,159 - back_corridor_end - INFO - [back_corridor_end.py:80] - isDotAlive:发现死路上的点(99, 6)
2025-11-23 14:28:15,159 - back_corridor_end - INFO - [back_corridor_end.py:57] - 现在是(99,7)
2025-11-23 14:28:15,159 - back_corridor_end - INFO - [back_corridor_end.py:74] - isDotAlive:点(99, 7)是活的
2025-11-23 14:28:15,159 - back_corridor_end - INFO - [back_corridor_end.py:57] - 现在是(98,7)
2025-11-23 14:28:15,159 - back_corridor_end - INFO - [back_corridor_end.py:74] - isDotAlive:点(98, 7)是活的
2025-11-23 14:28:15,159 - back_corridor_end - INFO - [back_corridor_end.py:46] - dfs从(90,10)开始
2025-11-23 14:28:15,159 - back_corridor_end - INFO - [back_corridor_end.py:57] - 现在是(90,10)
2025-11-23 14:28:15,159 - back_corridor_end - INFO - [back_corridor_end.py:80] - isDotAlive:发现死路上的点(90, 10)
2025-11-23 14:28:15,160 - back_corridor_end - INFO - [back_corridor_end.py:46] - dfs从(98,9)开始
2025-11-23 14:28:15,160 - back_corridor_end - INFO - [back_corridor_end.py:57] - 现在是(98,9)
2025-11-23 14:28:15,160 - back_corridor_end - INFO - [back_corridor_end.py:57] - 现在是(99,9)
2025-11-23 14:28:15,160 - back_corridor_end - INFO - [back_corridor_end.py:57] - 现在是(99,10)
2025-11-23 14:28:15,160 - back_corridor_end - INFO - [back_corridor_end.py:57] - 现在是(99,11)
2025-11-23 14:28:15,160 - back_corridor_end - INFO - [back_corridor_end.py:57] - 现在是(99,12)
2025-11-23 14:28:15,160 - back_corridor_end - INFO - [back_corridor_end.py:57] - 现在是(99,13)
2025-11-23 14:28:15,160 - back_corridor_end - INFO - [back_corridor_end.py:57] - 现在是(99,14)
2025-11-23 14:28:15,160 - back_corridor_end - INFO - [back_corridor_end.py:57] - 现在是(99,15)
2025-11-23 14:28:15,160 - back_corridor_end - INFO - [back_corridor_end.py:57] - 现在是(99,16)
2025-11-23 14:28:15,160 - back_corridor_end - INFO - [back_corridor_end.py:57] - 现在是(99,17)
2025-11-23 14:28:15,160 - back_corridor_end - INFO - [back_corridor_end.py:57] - 现在是(99,18)
2025-11-23 14:28:15,160 - back_corridor_end - INFO - [back_corridor_end.py:57] - 现在是(99,19)
2025-11-23 14:28:15,160 - back_corridor_end - INFO - [back_corridor_end.py:80] - isDotAlive:发现死路上的点(99, 19)
2025-11-23 14:28:15,160 - back_corridor_end - INFO - [back_corridor_end.py:57] - 现在是(99,18)
2025-11-23 14:28:15,160 - back_corridor_end - INFO - [back_corridor_end.py:80] - isDotAlive:发现死路上的点(99, 18)
2025-11-23 14:28:15,160 - back_corridor_end - INFO - [back_corridor_end.py:57] - 现在是(99,17)
2025-11-23 14:28:15,160 - back_corridor_end - INFO - [back_corridor_end.py:74] - isDotAlive:点(99, 17)是活的
2025-11-23 14:28:15,160 - back_corridor_end - INFO - [back_corridor_end.py:57] - 现在是(99,16)
2025-11-23 14:28:15,160 - back_corridor_end - INFO - [back_corridor_end.py:74] - isDotAlive:点(99, 16)是活的
2025-11-23 14:28:15,160 - back_corridor_end - INFO - [back_corridor_end.py:57] - 现在是(99,15)
2025-11-23 14:28:15,160 - back_corridor_end - INFO - [back_corridor_end.py:74] - isDotAlive:点(99, 15)是活的
2025-11-23 14:28:15,160 - back_corridor_end - INFO - [back_corridor_end.py:57] - 现在是(99,14)
2025-11-23 14:28:15,160 - back_corridor_end - INFO - [back_corridor_end.py:74] - isDotAlive:点(99, 14)是活的
2025-11-23 14:28:15,160 - back_corridor_end - INFO - [back_corridor_end.py:57] - 现在是(99,13)
2025-11-23 14:28:15,160 - back_corridor_end - INFO - [back_corridor_end.py:74] - isDotAlive:点(99, 13)是活的
2025-11-23 14:28:15,161 - back_corridor_end - INFO - [back_corridor_end.py:57] - 现在是(99,12)
2025-11-23 14:28:15,161 - back_corridor_end - INFO - [back_corridor_end.py:74] - isDotAlive:点(99, 12)是活的
2025-11-23 14:28:15,161 - back_corridor_end - INFO - [back_corridor_end.py:57] - 现在是(99,11)
2025-11-23 14:28:15,161 - back_corridor_end - INFO - [back_corridor_end.py:74] - isDotAlive:点(99, 11)是活的
2025-11-23 14:28:15,161 - back_corridor_end - INFO - [back_corridor_end.py:57] - 现在是(99,10)
2025-11-23 14:28:15,161 - back_corridor_end - INFO - [back_corridor_end.py:74] - isDotAlive:点(99, 10)是活的
2025-11-23 14:28:15,161 - back_corridor_end - INFO - [back_corridor_end.py:57] - 现在是(99,9)
2025-11-23 14:28:15,161 - back_corridor_end - INFO - [back_corridor_end.py:74] - isDotAlive:点(99, 9)是活的
2025-11-23 14:28:15,161 - back_corridor_end - INFO - [back_corridor_end.py:57] - 现在是(98,9)
2025-11-23 14:28:15,161 - back_corridor_end - INFO - [back_corridor_end.py:74] - isDotAlive:点(98, 9)是活的
2025-11-23 14:28:15,161 - back_corridor_end - INFO - [back_corridor_end.py:46] - dfs从(84,2)开始
2025-11-23 14:28:15,161 - back_corridor_end - INFO - [back_corridor_end.py:57] - 现在是(84,2)
2025-11-23 14:28:15,161 - back_corridor_end - INFO - [back_corridor_end.py:80] - isDotAlive:发现死路上的点(84, 2)
2025-11-23 14:28:15,161 - back_corridor_end - INFO - [back_corridor_end.py:46] - dfs从(78,6)开始
2025-11-23 14:28:15,161 - back_corridor_end - INFO - [back_corridor_end.py:57] - 现在是(78,6)
2025-11-23 14:28:15,161 - back_corridor_end - INFO - [back_corridor_end.py:80] - isDotAlive:发现死路上的点(78, 6)
2025-11-23 14:28:15,161 - back_corridor_end - INFO - [back_corridor_end.py:46] - dfs从(80,94)开始
2025-11-23 14:28:15,161 - back_corridor_end - INFO - [back_corridor_end.py:57] - 现在是(80,94)
2025-11-23 14:28:15,161 - back_corridor_end - INFO - [back_corridor_end.py:57] - 现在是(80,95)
2025-11-23 14:28:15,161 - back_corridor_end - INFO - [back_corridor_end.py:57] - 现在是(81,95)
2025-11-23 14:28:15,161 - back_corridor_end - INFO - [back_corridor_end.py:80] - isDotAlive:发现死路上的点(81, 95)
2025-11-23 14:28:15,161 - back_corridor_end - INFO - [back_corridor_end.py:57] - 现在是(80,95)
2025-11-23 14:28:15,161 - back_corridor_end - INFO - [back_corridor_end.py:57] - 现在是(79,95)
2025-11-23 14:28:15,161 - back_corridor_end - INFO - [back_corridor_end.py:80] - isDotAlive:发现死路上的点(79, 95)
2025-11-23 14:28:15,161 - back_corridor_end - INFO - [back_corridor_end.py:57] - 现在是(80,95)
2025-11-23 14:28:15,162 - back_corridor_end - INFO - [back_corridor_end.py:74] - isDotAlive:点(80, 95)是活的
2025-11-23 14:28:15,162 - back_corridor_end - INFO - [back_corridor_end.py:57] - 现在是(80,94)
2025-11-23 14:28:15,162 - back_corridor_end - INFO - [back_corridor_end.py:74] - isDotAlive:点(80, 94)是活的
2025-11-23 14:28:15,162 - back_corridor_end - INFO - [back_corridor_end.py:46] - dfs从(73,90)开始
2025-11-23 14:28:15,162 - back_corridor_end - INFO - [back_corridor_end.py:57] - 现在是(73,90)
2025-11-23 14:28:15,162 - back_corridor_end - INFO - [back_corridor_end.py:80] - isDotAlive:发现死路上的点(73, 90)
2025-11-23 14:28:15,162 - back_corridor_end - INFO - [back_corridor_end.py:46] - dfs从(77,94)开始
2025-11-23 14:28:15,162 - back_corridor_end - INFO - [back_corridor_end.py:57] - 现在是(77,94)
2025-11-23 14:28:15,162 - back_corridor_end - INFO - [back_corridor_end.py:57] - 现在是(77,95)
2025-11-23 14:28:15,162 - back_corridor_end - INFO - [back_corridor_end.py:74] - isDotAlive:点(77, 95)是活的
2025-11-23 14:28:15,162 - back_corridor_end - INFO - [back_corridor_end.py:57] - 现在是(77,94)
2025-11-23 14:28:15,162 - back_corridor_end - INFO - [back_corridor_end.py:74] - isDotAlive:点(77, 94)是活的
2025-11-23 14:28:15,162 - back_corridor_end - INFO - [back_corridor_end.py:46] - dfs从(87,50)开始
2025-11-23 14:28:15,162 - back_corridor_end - INFO - [back_corridor_end.py:57] - 现在是(87,50)
2025-11-23 14:28:15,162 - back_corridor_end - INFO - [back_corridor_end.py:80] - isDotAlive:发现死路上的点(87, 50)
2025-11-23 14:28:15,162 - back_corridor_end - INFO - [back_corridor_end.py:46] - dfs从(88,53)开始
2025-11-23 14:28:15,162 - back_corridor_end - INFO - [back_corridor_end.py:57] - 现在是(88,53)
2025-11-23 14:28:15,162 - back_corridor_end - INFO - [back_corridor_end.py:80] - isDotAlive:发现死路上的点(88, 53)
2025-11-23 14:28:15,162 - back_corridor_end - INFO - [back_corridor_end.py:46] - dfs从(83,50)开始
2025-11-23 14:28:15,162 - back_corridor_end - INFO - [back_corridor_end.py:57] - 现在是(83,50)
2025-11-23 14:28:15,162 - back_corridor_end - INFO - [back_corridor_end.py:80] - isDotAlive:发现死路上的点(83, 50)
2025-11-23 14:28:15,162 - back_corridor_end - INFO - [back_corridor_end.py:46] - dfs从(82,51)开始
2025-11-23 14:28:15,162 - back_corridor_end - INFO - [back_corridor_end.py:57] - 现在是(82,51)
2025-11-23 14:28:15,162 - back_corridor_end - INFO - [back_corridor_end.py:80] - isDotAlive:发现死路上的点(82, 51)
2025-11-23 14:28:15,162 - back_corridor_end - INFO - [back_corridor_end.py:46] - dfs从(85,54)开始
2025-11-23 14:28:15,162 - back_corridor_end - INFO - [back_corridor_end.py:57] - 现在是(85,54)
2025-11-23 14:28:15,163 - back_corridor_end - INFO - [back_corridor_end.py:80] - isDotAlive:发现死路上的点(85, 54)
2025-11-23 14:28:15,163 - back_corridor_end - INFO - [back_corridor_end.py:46] - dfs从(44,17)开始
2025-11-23 14:28:15,163 - back_corridor_end - INFO - [back_corridor_end.py:57] - 现在是(44,17)
2025-11-23 14:28:15,163 - back_corridor_end - INFO - [back_corridor_end.py:80] - isDotAlive:发现死路上的点(44, 17)
2025-11-23 14:28:15,163 - back_corridor_end - INFO - [back_corridor_end.py:46] - dfs从(40,21)开始
2025-11-23 14:28:15,163 - back_corridor_end - INFO - [back_corridor_end.py:57] - 现在是(40,21)
2025-11-23 14:28:15,163 - back_corridor_end - INFO - [back_corridor_end.py:80] - isDotAlive:发现死路上的点(40, 21)
2025-11-23 14:28:15,163 - back_corridor_end - INFO - [back_corridor_end.py:46] - dfs从(44,23)开始
2025-11-23 14:28:15,163 - back_corridor_end - INFO - [back_corridor_end.py:57] - 现在是(44,23)
2025-11-23 14:28:15,163 - back_corridor_end - INFO - [back_corridor_end.py:57] - 现在是(45,23)
2025-11-23 14:28:15,163 - back_corridor_end - INFO - [back_corridor_end.py:57] - 现在是(45,24)
2025-11-23 14:28:15,163 - back_corridor_end - INFO - [back_corridor_end.py:57] - 现在是(45,25)
2025-11-23 14:28:15,163 - back_corridor_end - INFO - [back_corridor_end.py:57] - 现在是(45,26)
2025-11-23 14:28:15,163 - back_corridor_end - INFO - [back_corridor_end.py:57] - 现在是(45,27)
2025-11-23 14:28:15,163 - back_corridor_end - INFO - [back_corridor_end.py:57] - 现在是(45,28)
2025-11-23 14:28:15,163 - back_corridor_end - INFO - [back_corridor_end.py:57] - 现在是(45,29)
2025-11-23 14:28:15,163 - back_corridor_end - INFO - [back_corridor_end.py:57] - 现在是(45,30)
2025-11-23 14:28:15,163 - back_corridor_end - INFO - [back_corridor_end.py:57] - 现在是(45,31)
2025-11-23 14:28:15,163 - back_corridor_end - INFO - [back_corridor_end.py:57] - 现在是(46,31)
2025-11-23 14:28:15,163 - back_corridor_end - INFO - [back_corridor_end.py:57] - 现在是(47,31)
2025-11-23 14:28:15,163 - back_corridor_end - INFO - [back_corridor_end.py:74] - isDotAlive:点(47, 31)是活的
2025-11-23 14:28:15,163 - back_corridor_end - INFO - [back_corridor_end.py:57] - 现在是(46,31)
2025-11-23 14:28:15,163 - back_corridor_end - INFO - [back_corridor_end.py:74] - isDotAlive:点(46, 31)是活的
2025-11-23 14:28:15,163 - back_corridor_end - INFO - [back_corridor_end.py:57] - 现在是(45,31)
2025-11-23 14:28:15,163 - back_corridor_end - INFO - [back_corridor_end.py:57] - 现在是(45,32)
2025-11-23 14:28:15,164 - back_corridor_end - INFO - [back_corridor_end.py:57] - 现在是(45,33)
2025-11-23 14:28:15,164 - back_corridor_end - INFO - [back_corridor_end.py:57] - 现在是(46,33)
2025-11-23 14:28:15,164 - back_corridor_end - INFO - [back_corridor_end.py:57] - 现在是(47,33)
2025-11-23 14:28:15,164 - back_corridor_end - INFO - [back_corridor_end.py:80] - isDotAlive:发现死路上的点(47, 33)
2025-11-23 14:28:15,164 - back_corridor_end - INFO - [back_corridor_end.py:57] - 现在是(46,33)
2025-11-23 14:28:15,164 - back_corridor_end - INFO - [back_corridor_end.py:80] - isDotAlive:发现死路上的点(46, 33)
2025-11-23 14:28:15,164 - back_corridor_end - INFO - [back_corridor_end.py:57] - 现在是(45,33)
2025-11-23 14:28:15,164 - back_corridor_end - INFO - [back_corridor_end.py:57] - 现在是(45,34)
2025-11-23 14:28:15,164 - back_corridor_end - INFO - [back_corridor_end.py:57] - 现在是(45,35)
2025-11-23 14:28:15,164 - back_corridor_end - INFO - [back_corridor_end.py:57] - 现在是(44,35)
2025-11-23 14:28:15,164 - back_corridor_end - INFO - [back_corridor_end.py:57] - 现在是(43,35)
2025-11-23 14:28:15,164 - back_corridor_end - INFO - [back_corridor_end.py:57] - 现在是(43,34)
2025-11-23 14:28:15,164 - back_corridor_end - INFO - [back_corridor_end.py:57] - 现在是(43,33)
2025-11-23 14:28:15,164 - back_corridor_end - INFO - [back_corridor_end.py:57] - 现在是(43,32)
2025-11-23 14:28:15,164 - back_corridor_end - INFO - [back_corridor_end.py:57] - 现在是(43,31)
2025-11-23 14:28:15,164 - back_corridor_end - INFO - [back_corridor_end.py:80] - isDotAlive:发现死路上的点(43, 31)
2025-11-23 14:28:15,164 - back_corridor_end - INFO - [back_corridor_end.py:57] - 现在是(43,32)
2025-11-23 14:28:15,164 - back_corridor_end - INFO - [back_corridor_end.py:74] - isDotAlive:点(43, 32)是活的
2025-11-23 14:28:15,164 - back_corridor_end - INFO - [back_corridor_end.py:57] - 现在是(43,33)
2025-11-23 14:28:15,164 - back_corridor_end - INFO - [back_corridor_end.py:74] - isDotAlive:点(43, 33)是活的
2025-11-23 14:28:15,164 - back_corridor_end - INFO - [back_corridor_end.py:57] - 现在是(43,34)
2025-11-23 14:28:15,164 - back_corridor_end - INFO - [back_corridor_end.py:74] - isDotAlive:点(43, 34)是活的
2025-11-23 14:28:15,164 - back_corridor_end - INFO - [back_corridor_end.py:57] - 现在是(43,35)
2025-11-23 14:28:15,164 - back_corridor_end - INFO - [back_corridor_end.py:74] - isDotAlive:点(43, 35)是活的
2025-11-23 14:28:15,164 - back_corridor_end - INFO - [back_corridor_end.py:57] - 现在是(44,35)
2025-11-23 14:28:15,164 - back_corridor_end - INFO - [back_corridor_end.py:74] - isDotAlive:点(44, 35)是活的
2025-11-23 14:28:15,165 - back_corridor_end - INFO - [back_corridor_end.py:57] - 现在是(45,35)
2025-11-23 14:28:15,165 - back_corridor_end - INFO - [back_corridor_end.py:74] - isDotAlive:点(45, 35)是活的
2025-11-23 14:28:15,165 - back_corridor_end - INFO - [back_corridor_end.py:57] - 现在是(45,34)
2025-11-23 14:28:15,165 - back_corridor_end - INFO - [back_corridor_end.py:74] - isDotAlive:点(45, 34)是活的
2025-11-23 14:28:15,165 - back_corridor_end - INFO - [back_corridor_end.py:57] - 现在是(45,33)
2025-11-23 14:28:15,165 - back_corridor_end - INFO - [back_corridor_end.py:74] - isDotAlive:点(45, 33)是活的
2025-11-23 14:28:15,165 - back_corridor_end - INFO - [back_corridor_end.py:57] - 现在是(45,32)
2025-11-23 14:28:15,165 - back_corridor_end - INFO - [back_corridor_end.py:74] - isDotAlive:点(45, 32)是活的
2025-11-23 14:28:15,165 - back_corridor_end - INFO - [back_corridor_end.py:57] - 现在是(45,31)
2025-11-23 14:28:15,165 - back_corridor_end - INFO - [back_corridor_end.py:74] - isDotAlive:点(45, 31)是活的
2025-11-23 14:28:15,165 - back_corridor_end - INFO - [back_corridor_end.py:57] - 现在是(45,30)
2025-11-23 14:28:15,165 - back_corridor_end - INFO - [back_corridor_end.py:74] - isDotAlive:点(45, 30)是活的
2025-11-23 14:28:15,165 - back_corridor_end - INFO - [back_corridor_end.py:57] - 现在是(45,29)
2025-11-23 14:28:15,165 - back_corridor_end - INFO - [back_corridor_end.py:57] - 现在是(44,29)
2025-11-23 14:28:15,165 - back_corridor_end - INFO - [back_corridor_end.py:57] - 现在是(43,29)
2025-11-23 14:28:15,165 - back_corridor_end - INFO - [back_corridor_end.py:57] - 现在是(43,28)
2025-11-23 14:28:15,165 - back_corridor_end - INFO - [back_corridor_end.py:57] - 现在是(43,27)
2025-11-23 14:28:15,165 - back_corridor_end - INFO - [back_corridor_end.py:57] - 现在是(43,26)
2025-11-23 14:28:15,165 - back_corridor_end - INFO - [back_corridor_end.py:57] - 现在是(43,25)
2025-11-23 14:28:15,165 - back_corridor_end - INFO - [back_corridor_end.py:80] - isDotAlive:发现死路上的点(43, 25)
2025-11-23 14:28:15,165 - back_corridor_end - INFO - [back_corridor_end.py:57] - 现在是(43,26)
2025-11-23 14:28:15,165 - back_corridor_end - INFO - [back_corridor_end.py:80] - isDotAlive:发现死路上的点(43, 26)
2025-11-23 14:28:15,165 - back_corridor_end - INFO - [back_corridor_end.py:57] - 现在是(43,27)
2025-11-23 14:28:15,165 - back_corridor_end - INFO - [back_corridor_end.py:80] - isDotAlive:发现死路上的点(43, 27)
2025-11-23 14:28:15,165 - back_corridor_end - INFO - [back_corridor_end.py:57] - 现在是(43,28)
2025-11-23 14:28:15,166 - back_corridor_end - INFO - [back_corridor_end.py:80] - isDotAlive:发现死路上的点(43, 28)
2025-11-23 14:28:15,166 - back_corridor_end - INFO - [back_corridor_end.py:57] - 现在是(43,29)
2025-11-23 14:28:15,166 - back_corridor_end - INFO - [back_corridor_end.py:80] - isDotAlive:发现死路上的点(43, 29)
2025-11-23 14:28:15,166 - back_corridor_end - INFO - [back_corridor_end.py:57] - 现在是(44,29)
2025-11-23 14:28:15,166 - back_corridor_end - INFO - [back_corridor_end.py:80] - isDotAlive:发现死路上的点(44, 29)
2025-11-23 14:28:15,166 - back_corridor_end - INFO - [back_corridor_end.py:57] - 现在是(45,29)
2025-11-23 14:28:15,166 - back_corridor_end - INFO - [back_corridor_end.py:74] - isDotAlive:点(45, 29)是活的
2025-11-23 14:28:15,166 - back_corridor_end - INFO - [back_corridor_end.py:57] - 现在是(45,28)
2025-11-23 14:28:15,166 - back_corridor_end - INFO - [back_corridor_end.py:74] - isDotAlive:点(45, 28)是活的
2025-11-23 14:28:15,166 - back_corridor_end - INFO - [back_corridor_end.py:57] - 现在是(45,27)
2025-11-23 14:28:15,166 - back_corridor_end - INFO - [back_corridor_end.py:74] - isDotAlive:点(45, 27)是活的
2025-11-23 14:28:15,166 - back_corridor_end - INFO - [back_corridor_end.py:57] - 现在是(45,26)
2025-11-23 14:28:15,166 - back_corridor_end - INFO - [back_corridor_end.py:74] - isDotAlive:点(45, 26)是活的
2025-11-23 14:28:15,166 - back_corridor_end - INFO - [back_corridor_end.py:57] - 现在是(45,25)
2025-11-23 14:28:15,166 - back_corridor_end - INFO - [back_corridor_end.py:74] - isDotAlive:点(45, 25)是活的
2025-11-23 14:28:15,166 - back_corridor_end - INFO - [back_corridor_end.py:57] - 现在是(45,24)
2025-11-23 14:28:15,166 - back_corridor_end - INFO - [back_corridor_end.py:74] - isDotAlive:点(45, 24)是活的
2025-11-23 14:28:15,166 - back_corridor_end - INFO - [back_corridor_end.py:57] - 现在是(45,23)
2025-11-23 14:28:15,166 - back_corridor_end - INFO - [back_corridor_end.py:74] - isDotAlive:点(45, 23)是活的
2025-11-23 14:28:15,166 - back_corridor_end - INFO - [back_corridor_end.py:57] - 现在是(44,23)
2025-11-23 14:28:15,166 - back_corridor_end - INFO - [back_corridor_end.py:74] - isDotAlive:点(44, 23)是活的
2025-11-23 14:28:15,166 - back_corridor_end - INFO - [back_corridor_end.py:46] - dfs从(40,17)开始
2025-11-23 14:28:15,166 - back_corridor_end - INFO - [back_corridor_end.py:57] - 现在是(40,17)
2025-11-23 14:28:15,166 - back_corridor_end - INFO - [back_corridor_end.py:80] - isDotAlive:发现死路上的点(40, 17)
2025-11-23 14:28:15,166 - back_corridor_end - INFO - [back_corridor_end.py:46] - dfs从(41,24)开始
2025-11-23 14:28:15,166 - back_corridor_end - INFO - [back_corridor_end.py:57] - 现在是(41,24)
2025-11-23 14:28:15,167 - back_corridor_end - INFO - [back_corridor_end.py:80] - isDotAlive:发现死路上的点(41, 24)
2025-11-23 14:28:15,167 - back_corridor_end - INFO - [back_corridor_end.py:46] - dfs从(92,34)开始
2025-11-23 14:28:15,167 - back_corridor_end - INFO - [back_corridor_end.py:57] - 现在是(92,34)
2025-11-23 14:28:15,167 - back_corridor_end - INFO - [back_corridor_end.py:80] - isDotAlive:发现死路上的点(92, 34)
2025-11-23 14:28:15,167 - back_corridor_end - INFO - [back_corridor_end.py:46] - dfs从(94,42)开始
2025-11-23 14:28:15,167 - back_corridor_end - INFO - [back_corridor_end.py:57] - 现在是(94,42)
2025-11-23 14:28:15,167 - back_corridor_end - INFO - [back_corridor_end.py:80] - isDotAlive:发现死路上的点(94, 42)
2025-11-23 14:28:15,167 - back_corridor_end - INFO - [back_corridor_end.py:46] - dfs从(98,39)开始
2025-11-23 14:28:15,167 - back_corridor_end - INFO - [back_corridor_end.py:57] - 现在是(98,39)
2025-11-23 14:28:15,167 - back_corridor_end - INFO - [back_corridor_end.py:80] - isDotAlive:发现死路上的点(98, 39)
2025-11-23 14:28:15,167 - back_corridor_end - INFO - [back_corridor_end.py:46] - dfs从(92,41)开始
2025-11-23 14:28:15,167 - back_corridor_end - INFO - [back_corridor_end.py:57] - 现在是(92,41)
2025-11-23 14:28:15,167 - back_corridor_end - INFO - [back_corridor_end.py:80] - isDotAlive:发现死路上的点(92, 41)
2025-11-23 14:28:15,167 - back_corridor_end - INFO - [back_corridor_end.py:46] - dfs从(29,6)开始
2025-11-23 14:28:15,167 - back_corridor_end - INFO - [back_corridor_end.py:57] - 现在是(29,6)
2025-11-23 14:28:15,167 - back_corridor_end - INFO - [back_corridor_end.py:80] - isDotAlive:发现死路上的点(29, 6)
2025-11-23 14:28:15,167 - back_corridor_end - INFO - [back_corridor_end.py:46] - dfs从(28,3)开始
2025-11-23 14:28:15,167 - back_corridor_end - INFO - [back_corridor_end.py:57] - 现在是(28,3)
2025-11-23 14:28:15,167 - back_corridor_end - INFO - [back_corridor_end.py:80] - isDotAlive:发现死路上的点(28, 3)
2025-11-23 14:28:15,167 - back_corridor_end - INFO - [back_corridor_end.py:46] - dfs从(34,69)开始
2025-11-23 14:28:15,167 - back_corridor_end - INFO - [back_corridor_end.py:57] - 现在是(34,69)
2025-11-23 14:28:15,167 - back_corridor_end - INFO - [back_corridor_end.py:80] - isDotAlive:发现死路上的点(34, 69)
2025-11-23 14:28:15,167 - back_corridor_end - INFO - [back_corridor_end.py:46] - dfs从(26,18)开始
2025-11-23 14:28:15,167 - back_corridor_end - INFO - [back_corridor_end.py:57] - 现在是(26,18)
2025-11-23 14:28:15,167 - back_corridor_end - INFO - [back_corridor_end.py:80] - isDotAlive:发现死路上的点(26, 18)
2025-11-23 14:28:15,167 - back_corridor_end - INFO - [back_corridor_end.py:46] - dfs从(21,12)开始
2025-11-23 14:28:15,167 - back_corridor_end - INFO - [back_corridor_end.py:57] - 现在是(21,12)
2025-11-23 14:28:15,168 - back_corridor_end - INFO - [back_corridor_end.py:80] - isDotAlive:发现死路上的点(21, 12)
2025-11-23 14:28:15,168 - back_corridor_end - INFO - [back_corridor_end.py:46] - dfs从(16,15)开始
2025-11-23 14:28:15,168 - back_corridor_end - INFO - [back_corridor_end.py:57] - 现在是(16,15)
2025-11-23 14:28:15,168 - back_corridor_end - INFO - [back_corridor_end.py:80] - isDotAlive:发现死路上的点(16, 15)
2025-11-23 14:28:15,168 - back_corridor_end - INFO - [back_corridor_end.py:46] - dfs从(26,15)开始
2025-11-23 14:28:15,168 - back_corridor_end - INFO - [back_corridor_end.py:57] - 现在是(26,15)
2025-11-23 14:28:15,168 - back_corridor_end - INFO - [back_corridor_end.py:80] - isDotAlive:发现死路上的点(26, 15)
2025-11-23 14:28:15,168 - back_corridor_end - INFO - [back_corridor_end.py:46] - dfs从(17,12)开始
2025-11-23 14:28:15,168 - back_corridor_end - INFO - [back_corridor_end.py:57] - 现在是(17,12)
2025-11-23 14:28:15,168 - back_corridor_end - INFO - [back_corridor_end.py:80] - isDotAlive:发现死路上的点(17, 12)
2025-11-23 14:28:15,168 - back_corridor_end - INFO - [back_corridor_end.py:46] - dfs从(25,20)开始
2025-11-23 14:28:15,168 - back_corridor_end - INFO - [back_corridor_end.py:57] - 现在是(25,20)
2025-11-23 14:28:15,168 - back_corridor_end - INFO - [back_corridor_end.py:80] - isDotAlive:发现死路上的点(25, 20)
2025-11-23 14:28:15,168 - back_corridor_end - INFO - [back_corridor_end.py:46] - dfs从(23,20)开始
2025-11-23 14:28:15,168 - back_corridor_end - INFO - [back_corridor_end.py:57] - 现在是(23,20)
2025-11-23 14:28:15,168 - back_corridor_end - INFO - [back_corridor_end.py:57] - 现在是(23,21)
2025-11-23 14:28:15,168 - back_corridor_end - INFO - [back_corridor_end.py:74] - isDotAlive:点(23, 21)是活的
2025-11-23 14:28:15,168 - back_corridor_end - INFO - [back_corridor_end.py:57] - 现在是(23,20)
2025-11-23 14:28:15,168 - back_corridor_end - INFO - [back_corridor_end.py:74] - isDotAlive:点(23, 20)是活的
2025-11-23 14:28:15,168 - back_corridor_end - INFO - [back_corridor_end.py:46] - dfs从(16,19)开始
2025-11-23 14:28:15,168 - back_corridor_end - INFO - [back_corridor_end.py:57] - 现在是(16,19)
2025-11-23 14:28:15,168 - back_corridor_end - INFO - [back_corridor_end.py:80] - isDotAlive:发现死路上的点(16, 19)
2025-11-23 14:28:15,168 - back_corridor_end - INFO - [back_corridor_end.py:46] - dfs从(19,20)开始
2025-11-23 14:28:15,168 - back_corridor_end - INFO - [back_corridor_end.py:57] - 现在是(19,20)
2025-11-23 14:28:15,168 - back_corridor_end - INFO - [back_corridor_end.py:80] - isDotAlive:发现死路上的点(19, 20)
2025-11-23 14:28:15,168 - back_corridor_end - INFO - [back_corridor_end.py:46] - dfs从(21,20)开始
2025-11-23 14:28:15,169 - back_corridor_end - INFO - [back_corridor_end.py:57] - 现在是(21,20)
2025-11-23 14:28:15,169 - back_corridor_end - INFO - [back_corridor_end.py:80] - isDotAlive:发现死路上的点(21, 20)
2025-11-23 14:28:15,169 - back_corridor_end - INFO - [back_corridor_end.py:46] - dfs从(54,45)开始
2025-11-23 14:28:15,169 - back_corridor_end - INFO - [back_corridor_end.py:57] - 现在是(54,45)
2025-11-23 14:28:15,169 - back_corridor_end - INFO - [back_corridor_end.py:80] - isDotAlive:发现死路上的点(54, 45)
2025-11-23 14:28:15,169 - back_corridor_end - INFO - [back_corridor_end.py:46] - dfs从(57,50)开始
2025-11-23 14:28:15,169 - back_corridor_end - INFO - [back_corridor_end.py:57] - 现在是(57,50)
2025-11-23 14:28:15,169 - back_corridor_end - INFO - [back_corridor_end.py:80] - isDotAlive:发现死路上的点(57, 50)
2025-11-23 14:28:15,169 - back_corridor_end - INFO - [back_corridor_end.py:46] - dfs从(60,50)开始
2025-11-23 14:28:15,169 - back_corridor_end - INFO - [back_corridor_end.py:57] - 现在是(60,50)
2025-11-23 14:28:15,169 - back_corridor_end - INFO - [back_corridor_end.py:80] - isDotAlive:发现死路上的点(60, 50)
2025-11-23 14:28:15,169 - back_corridor_end - INFO - [back_corridor_end.py:46] - dfs从(63,50)开始
2025-11-23 14:28:15,169 - back_corridor_end - INFO - [back_corridor_end.py:57] - 现在是(63,50)
2025-11-23 14:28:15,169 - back_corridor_end - INFO - [back_corridor_end.py:80] - isDotAlive:发现死路上的点(63, 50)
2025-11-23 14:28:15,169 - back_corridor_end - INFO - [back_corridor_end.py:46] - dfs从(54,47)开始
2025-11-23 14:28:15,169 - back_corridor_end - INFO - [back_corridor_end.py:57] - 现在是(54,47)
2025-11-23 14:28:15,169 - back_corridor_end - INFO - [back_corridor_end.py:80] - isDotAlive:发现死路上的点(54, 47)
2025-11-23 14:28:15,169 - back_corridor_end - INFO - [back_corridor_end.py:46] - dfs从(66,93)开始
2025-11-23 14:28:15,169 - back_corridor_end - INFO - [back_corridor_end.py:57] - 现在是(66,93)
2025-11-23 14:28:15,169 - back_corridor_end - INFO - [back_corridor_end.py:80] - isDotAlive:发现死路上的点(66, 93)
2025-11-23 14:28:15,169 - back_corridor_end - INFO - [back_corridor_end.py:46] - dfs从(66,89)开始
2025-11-23 14:28:15,169 - back_corridor_end - INFO - [back_corridor_end.py:57] - 现在是(66,89)
2025-11-23 14:28:15,169 - back_corridor_end - INFO - [back_corridor_end.py:80] - isDotAlive:发现死路上的点(66, 89)
2025-11-23 14:28:15,169 - back_corridor_end - INFO - [back_corridor_end.py:46] - dfs从(59,94)开始
2025-11-23 14:28:15,169 - back_corridor_end - INFO - [back_corridor_end.py:57] - 现在是(59,94)
2025-11-23 14:28:15,169 - back_corridor_end - INFO - [back_corridor_end.py:80] - isDotAlive:发现死路上的点(59, 94)
2025-11-23 14:28:15,170 - back_corridor_end - INFO - [back_corridor_end.py:46] - dfs从(56,93)开始
2025-11-23 14:28:15,170 - back_corridor_end - INFO - [back_corridor_end.py:57] - 现在是(56,93)
2025-11-23 14:28:15,170 - back_corridor_end - INFO - [back_corridor_end.py:80] - isDotAlive:发现死路上的点(56, 93)
2025-11-23 14:28:15,170 - back_corridor_end - INFO - [back_corridor_end.py:46] - dfs从(65,94)开始
2025-11-23 14:28:15,170 - back_corridor_end - INFO - [back_corridor_end.py:57] - 现在是(65,94)
2025-11-23 14:28:15,170 - back_corridor_end - INFO - [back_corridor_end.py:80] - isDotAlive:发现死路上的点(65, 94)
2025-11-23 14:28:15,170 - back_corridor_end - INFO - [back_corridor_end.py:46] - dfs从(63,94)开始
2025-11-23 14:28:15,170 - back_corridor_end - INFO - [back_corridor_end.py:57] - 现在是(63,94)
2025-11-23 14:28:15,170 - back_corridor_end - INFO - [back_corridor_end.py:80] - isDotAlive:发现死路上的点(63, 94)
2025-11-23 14:28:15,170 - back_corridor_end - INFO - [back_corridor_end.py:46] - dfs从(56,91)开始
2025-11-23 14:28:15,170 - back_corridor_end - INFO - [back_corridor_end.py:57] - 现在是(56,91)
2025-11-23 14:28:15,170 - back_corridor_end - INFO - [back_corridor_end.py:80] - isDotAlive:发现死路上的点(56, 91)
2025-11-23 14:28:15,170 - back_corridor_end - INFO - [back_corridor_end.py:46] - dfs从(80,24)开始
2025-11-23 14:28:15,170 - back_corridor_end - INFO - [back_corridor_end.py:57] - 现在是(80,24)
2025-11-23 14:28:15,170 - back_corridor_end - INFO - [back_corridor_end.py:80] - isDotAlive:发现死路上的点(80, 24)
2025-11-23 14:28:15,170 - back_corridor_end - INFO - [back_corridor_end.py:46] - dfs从(86,64)开始
2025-11-23 14:28:15,170 - back_corridor_end - INFO - [back_corridor_end.py:57] - 现在是(86,64)
2025-11-23 14:28:15,170 - back_corridor_end - INFO - [back_corridor_end.py:80] - isDotAlive:发现死路上的点(86, 64)
2025-11-23 14:28:15,170 - back_corridor_end - INFO - [back_corridor_end.py:46] - dfs从(84,71)开始
2025-11-23 14:28:15,170 - back_corridor_end - INFO - [back_corridor_end.py:57] - 现在是(84,71)
2025-11-23 14:28:15,170 - back_corridor_end - INFO - [back_corridor_end.py:80] - isDotAlive:发现死路上的点(84, 71)
2025-11-23 14:28:15,170 - back_corridor_end - INFO - [back_corridor_end.py:46] - dfs从(84,67)开始
2025-11-23 14:28:15,170 - back_corridor_end - INFO - [back_corridor_end.py:57] - 现在是(84,67)
2025-11-23 14:28:15,170 - back_corridor_end - INFO - [back_corridor_end.py:80] - isDotAlive:发现死路上的点(84, 67)
2025-11-23 14:28:15,170 - back_corridor_end - INFO - [back_corridor_end.py:46] - dfs从(90,71)开始
2025-11-23 14:28:15,170 - back_corridor_end - INFO - [back_corridor_end.py:57] - 现在是(90,71)
2025-11-23 14:28:15,171 - back_corridor_end - INFO - [back_corridor_end.py:80] - isDotAlive:发现死路上的点(90, 71)
2025-11-23 14:28:15,171 - back_corridor_end - INFO - [back_corridor_end.py:46] - dfs从(56,21)开始
2025-11-23 14:28:15,171 - back_corridor_end - INFO - [back_corridor_end.py:57] - 现在是(56,21)
2025-11-23 14:28:15,171 - back_corridor_end - INFO - [back_corridor_end.py:80] - isDotAlive:发现死路上的点(56, 21)
2025-11-23 14:28:15,171 - back_corridor_end - INFO - [back_corridor_end.py:46] - dfs从(52,17)开始
2025-11-23 14:28:15,171 - back_corridor_end - INFO - [back_corridor_end.py:57] - 现在是(52,17)
2025-11-23 14:28:15,171 - back_corridor_end - INFO - [back_corridor_end.py:80] - isDotAlive:发现死路上的点(52, 17)
2025-11-23 14:28:15,171 - back_corridor_end - INFO - [back_corridor_end.py:46] - dfs从(52,21)开始
2025-11-23 14:28:15,171 - back_corridor_end - INFO - [back_corridor_end.py:57] - 现在是(52,21)
2025-11-23 14:28:15,171 - back_corridor_end - INFO - [back_corridor_end.py:57] - 现在是(51,21)
2025-11-23 14:28:15,171 - back_corridor_end - INFO - [back_corridor_end.py:74] - isDotAlive:点(51, 21)是活的
2025-11-23 14:28:15,171 - back_corridor_end - INFO - [back_corridor_end.py:57] - 现在是(52,21)
2025-11-23 14:28:15,171 - back_corridor_end - INFO - [back_corridor_end.py:74] - isDotAlive:点(52, 21)是活的
2025-11-23 14:28:15,171 - back_corridor_end - INFO - [back_corridor_end.py:46] - dfs从(53,22)开始
2025-11-23 14:28:15,171 - back_corridor_end - INFO - [back_corridor_end.py:57] - 现在是(53,22)
2025-11-23 14:28:15,171 - back_corridor_end - INFO - [back_corridor_end.py:80] - isDotAlive:发现死路上的点(53, 22)
2025-11-23 14:28:15,171 - back_corridor_end - INFO - [back_corridor_end.py:46] - dfs从(8,90)开始
2025-11-23 14:28:15,171 - back_corridor_end - INFO - [back_corridor_end.py:57] - 现在是(8,90)
2025-11-23 14:28:15,171 - back_corridor_end - INFO - [back_corridor_end.py:80] - isDotAlive:发现死路上的点(8, 90)
2025-11-23 14:28:15,171 - back_corridor_end - INFO - [back_corridor_end.py:46] - dfs从(17,96)开始
2025-11-23 14:28:15,171 - back_corridor_end - INFO - [back_corridor_end.py:57] - 现在是(17,96)
2025-11-23 14:28:15,171 - back_corridor_end - INFO - [back_corridor_end.py:80] - isDotAlive:发现死路上的点(17, 96)
2025-11-23 14:28:15,171 - back_corridor_end - INFO - [back_corridor_end.py:46] - dfs从(8,95)开始
2025-11-23 14:28:15,171 - back_corridor_end - INFO - [back_corridor_end.py:57] - 现在是(8,95)
2025-11-23 14:28:15,171 - back_corridor_end - INFO - [back_corridor_end.py:57] - 现在是(7,95)
2025-11-23 14:28:15,171 - back_corridor_end - INFO - [back_corridor_end.py:57] - 现在是(6,95)
2025-11-23 14:28:15,172 - back_corridor_end - INFO - [back_corridor_end.py:57] - 现在是(5,95)
2025-11-23 14:28:15,172 - back_corridor_end - INFO - [back_corridor_end.py:57] - 现在是(5,96)
2025-11-23 14:28:15,172 - back_corridor_end - INFO - [back_corridor_end.py:57] - 现在是(5,97)
2025-11-23 14:28:15,172 - back_corridor_end - INFO - [back_corridor_end.py:57] - 现在是(6,97)
2025-11-23 14:28:15,172 - back_corridor_end - INFO - [back_corridor_end.py:57] - 现在是(7,97)
2025-11-23 14:28:15,172 - back_corridor_end - INFO - [back_corridor_end.py:57] - 现在是(8,97)
2025-11-23 14:28:15,172 - back_corridor_end - INFO - [back_corridor_end.py:57] - 现在是(9,97)
2025-11-23 14:28:15,172 - back_corridor_end - INFO - [back_corridor_end.py:57] - 现在是(10,97)
2025-11-23 14:28:15,172 - back_corridor_end - INFO - [back_corridor_end.py:57] - 现在是(11,97)
2025-11-23 14:28:15,172 - back_corridor_end - INFO - [back_corridor_end.py:80] - isDotAlive:发现死路上的点(11, 97)
2025-11-23 14:28:15,172 - back_corridor_end - INFO - [back_corridor_end.py:57] - 现在是(10,97)
2025-11-23 14:28:15,172 - back_corridor_end - INFO - [back_corridor_end.py:80] - isDotAlive:发现死路上的点(10, 97)
2025-11-23 14:28:15,172 - back_corridor_end - INFO - [back_corridor_end.py:57] - 现在是(9,97)
2025-11-23 14:28:15,172 - back_corridor_end - INFO - [back_corridor_end.py:57] - 现在是(9,98)
2025-11-23 14:28:15,172 - back_corridor_end - INFO - [back_corridor_end.py:57] - 现在是(9,99)
2025-11-23 14:28:15,172 - back_corridor_end - INFO - [back_corridor_end.py:57] - 现在是(10,99)
2025-11-23 14:28:15,172 - back_corridor_end - INFO - [back_corridor_end.py:57] - 现在是(11,99)
2025-11-23 14:28:15,172 - back_corridor_end - INFO - [back_corridor_end.py:80] - isDotAlive:发现死路上的点(11, 99)
2025-11-23 14:28:15,172 - back_corridor_end - INFO - [back_corridor_end.py:57] - 现在是(10,99)
2025-11-23 14:28:15,172 - back_corridor_end - INFO - [back_corridor_end.py:80] - isDotAlive:发现死路上的点(10, 99)
2025-11-23 14:28:15,172 - back_corridor_end - INFO - [back_corridor_end.py:57] - 现在是(9,99)
2025-11-23 14:28:15,172 - back_corridor_end - INFO - [back_corridor_end.py:57] - 现在是(8,99)
2025-11-23 14:28:15,172 - back_corridor_end - INFO - [back_corridor_end.py:57] - 现在是(7,99)
2025-11-23 14:28:15,172 - back_corridor_end - INFO - [back_corridor_end.py:57] - 现在是(6,99)
2025-11-23 14:28:15,172 - back_corridor_end - INFO - [back_corridor_end.py:57] - 现在是(5,99)
2025-11-23 14:28:15,172 - back_corridor_end - INFO - [back_corridor_end.py:80] - isDotAlive:发现死路上的点(5, 99)
2025-11-23 14:28:15,172 - back_corridor_end - INFO - [back_corridor_end.py:57] - 现在是(6,99)
2025-11-23 14:28:15,173 - back_corridor_end - INFO - [back_corridor_end.py:80] - isDotAlive:发现死路上的点(6, 99)
2025-11-23 14:28:15,173 - back_corridor_end - INFO - [back_corridor_end.py:57] - 现在是(7,99)
2025-11-23 14:28:15,173 - back_corridor_end - INFO - [back_corridor_end.py:80] - isDotAlive:发现死路上的点(7, 99)
2025-11-23 14:28:15,173 - back_corridor_end - INFO - [back_corridor_end.py:57] - 现在是(8,99)
2025-11-23 14:28:15,173 - back_corridor_end - INFO - [back_corridor_end.py:80] - isDotAlive:发现死路上的点(8, 99)
2025-11-23 14:28:15,173 - back_corridor_end - INFO - [back_corridor_end.py:57] - 现在是(9,99)
2025-11-23 14:28:15,173 - back_corridor_end - INFO - [back_corridor_end.py:80] - isDotAlive:发现死路上的点(9, 99)
2025-11-23 14:28:15,173 - back_corridor_end - INFO - [back_corridor_end.py:57] - 现在是(9,98)
2025-11-23 14:28:15,173 - back_corridor_end - INFO - [back_corridor_end.py:80] - isDotAlive:发现死路上的点(9, 98)
2025-11-23 14:28:15,173 - back_corridor_end - INFO - [back_corridor_end.py:57] - 现在是(9,97)
2025-11-23 14:28:15,173 - back_corridor_end - INFO - [back_corridor_end.py:80] - isDotAlive:发现死路上的点(9, 97)
2025-11-23 14:28:15,173 - back_corridor_end - INFO - [back_corridor_end.py:57] - 现在是(8,97)
2025-11-23 14:28:15,173 - back_corridor_end - INFO - [back_corridor_end.py:80] - isDotAlive:发现死路上的点(8, 97)
2025-11-23 14:28:15,173 - back_corridor_end - INFO - [back_corridor_end.py:57] - 现在是(7,97)
2025-11-23 14:28:15,173 - back_corridor_end - INFO - [back_corridor_end.py:80] - isDotAlive:发现死路上的点(7, 97)
2025-11-23 14:28:15,173 - back_corridor_end - INFO - [back_corridor_end.py:57] - 现在是(6,97)
2025-11-23 14:28:15,173 - back_corridor_end - INFO - [back_corridor_end.py:80] - isDotAlive:发现死路上的点(6, 97)
2025-11-23 14:28:15,173 - back_corridor_end - INFO - [back_corridor_end.py:57] - 现在是(5,97)
2025-11-23 14:28:15,173 - back_corridor_end - INFO - [back_corridor_end.py:57] - 现在是(4,97)
2025-11-23 14:28:15,173 - back_corridor_end - INFO - [back_corridor_end.py:57] - 现在是(3,97)
2025-11-23 14:28:15,173 - back_corridor_end - INFO - [back_corridor_end.py:57] - 现在是(2,97)
2025-11-23 14:28:15,173 - back_corridor_end - INFO - [back_corridor_end.py:57] - 现在是(1,97)
2025-11-23 14:28:15,173 - back_corridor_end - INFO - [back_corridor_end.py:57] - 现在是(1,98)
2025-11-23 14:28:15,173 - back_corridor_end - INFO - [back_corridor_end.py:57] - 现在是(1,99)
2025-11-23 14:28:15,174 - back_corridor_end - INFO - [back_corridor_end.py:57] - 现在是(2,99)
2025-11-23 14:28:15,174 - back_corridor_end - INFO - [back_corridor_end.py:57] - 现在是(3,99)
2025-11-23 14:28:15,174 - back_corridor_end - INFO - [back_corridor_end.py:80] - isDotAlive:发现死路上的点(3, 99)
2025-11-23 14:28:15,174 - back_corridor_end - INFO - [back_corridor_end.py:57] - 现在是(2,99)
2025-11-23 14:28:15,174 - back_corridor_end - INFO - [back_corridor_end.py:80] - isDotAlive:发现死路上的点(2, 99)
2025-11-23 14:28:15,174 - back_corridor_end - INFO - [back_corridor_end.py:57] - 现在是(1,99)
2025-11-23 14:28:15,174 - back_corridor_end - INFO - [back_corridor_end.py:80] - isDotAlive:发现死路上的点(1, 99)
2025-11-23 14:28:15,174 - back_corridor_end - INFO - [back_corridor_end.py:57] - 现在是(1,98)
2025-11-23 14:28:15,174 - back_corridor_end - INFO - [back_corridor_end.py:80] - isDotAlive:发现死路上的点(1, 98)
2025-11-23 14:28:15,174 - back_corridor_end - INFO - [back_corridor_end.py:57] - 现在是(1,97)
2025-11-23 14:28:15,174 - back_corridor_end - INFO - [back_corridor_end.py:80] - isDotAlive:发现死路上的点(1, 97)
2025-11-23 14:28:15,174 - back_corridor_end - INFO - [back_corridor_end.py:57] - 现在是(2,97)
2025-11-23 14:28:15,174 - back_corridor_end - INFO - [back_corridor_end.py:80] - isDotAlive:发现死路上的点(2, 97)
2025-11-23 14:28:15,174 - back_corridor_end - INFO - [back_corridor_end.py:57] - 现在是(3,97)
2025-11-23 14:28:15,174 - back_corridor_end - INFO - [back_corridor_end.py:80] - isDotAlive:发现死路上的点(3, 97)
2025-11-23 14:28:15,174 - back_corridor_end - INFO - [back_corridor_end.py:57] - 现在是(4,97)
2025-11-23 14:28:15,174 - back_corridor_end - INFO - [back_corridor_end.py:80] - isDotAlive:发现死路上的点(4, 97)
2025-11-23 14:28:15,174 - back_corridor_end - INFO - [back_corridor_end.py:57] - 现在是(5,97)
2025-11-23 14:28:15,174 - back_corridor_end - INFO - [back_corridor_end.py:80] - isDotAlive:发现死路上的点(5, 97)
2025-11-23 14:28:15,174 - back_corridor_end - INFO - [back_corridor_end.py:57] - 现在是(5,96)
2025-11-23 14:28:15,174 - back_corridor_end - INFO - [back_corridor_end.py:80] - isDotAlive:发现死路上的点(5, 96)
2025-11-23 14:28:15,174 - back_corridor_end - INFO - [back_corridor_end.py:57] - 现在是(5,95)
2025-11-23 14:28:15,174 - back_corridor_end - INFO - [back_corridor_end.py:80] - isDotAlive:发现死路上的点(5, 95)
2025-11-23 14:28:15,174 - back_corridor_end - INFO - [back_corridor_end.py:57] - 现在是(6,95)
2025-11-23 14:28:15,174 - back_corridor_end - INFO - [back_corridor_end.py:80] - isDotAlive:发现死路上的点(6, 95)
2025-11-23 14:28:15,174 - back_corridor_end - INFO - [back_corridor_end.py:57] - 现在是(7,95)
2025-11-23 14:28:15,175 - back_corridor_end - INFO - [back_corridor_end.py:57] - 现在是(7,94)
2025-11-23 14:28:15,175 - back_corridor_end - INFO - [back_corridor_end.py:57] - 现在是(7,93)
2025-11-23 14:28:15,175 - back_corridor_end - INFO - [back_corridor_end.py:57] - 现在是(6,93)
2025-11-23 14:28:15,175 - back_corridor_end - INFO - [back_corridor_end.py:57] - 现在是(5,93)
2025-11-23 14:28:15,175 - back_corridor_end - INFO - [back_corridor_end.py:57] - 现在是(4,93)
2025-11-23 14:28:15,175 - back_corridor_end - INFO - [back_corridor_end.py:57] - 现在是(3,93)
2025-11-23 14:28:15,175 - back_corridor_end - INFO - [back_corridor_end.py:57] - 现在是(3,94)
2025-11-23 14:28:15,175 - back_corridor_end - INFO - [back_corridor_end.py:57] - 现在是(3,95)
2025-11-23 14:28:15,175 - back_corridor_end - INFO - [back_corridor_end.py:57] - 现在是(2,95)
2025-11-23 14:28:15,175 - back_corridor_end - INFO - [back_corridor_end.py:57] - 现在是(1,95)
2025-11-23 14:28:15,175 - back_corridor_end - INFO - [back_corridor_end.py:80] - isDotAlive:发现死路上的点(1, 95)
2025-11-23 14:28:15,175 - back_corridor_end - INFO - [back_corridor_end.py:57] - 现在是(2,95)
2025-11-23 14:28:15,175 - back_corridor_end - INFO - [back_corridor_end.py:80] - isDotAlive:发现死路上的点(2, 95)
2025-11-23 14:28:15,175 - back_corridor_end - INFO - [back_corridor_end.py:57] - 现在是(3,95)
2025-11-23 14:28:15,175 - back_corridor_end - INFO - [back_corridor_end.py:80] - isDotAlive:发现死路上的点(3, 95)
2025-11-23 14:28:15,175 - back_corridor_end - INFO - [back_corridor_end.py:57] - 现在是(3,94)
2025-11-23 14:28:15,175 - back_corridor_end - INFO - [back_corridor_end.py:80] - isDotAlive:发现死路上的点(3, 94)
2025-11-23 14:28:15,175 - back_corridor_end - INFO - [back_corridor_end.py:57] - 现在是(3,93)
2025-11-23 14:28:15,175 - back_corridor_end - INFO - [back_corridor_end.py:80] - isDotAlive:发现死路上的点(3, 93)
2025-11-23 14:28:15,175 - back_corridor_end - INFO - [back_corridor_end.py:57] - 现在是(4,93)
2025-11-23 14:28:15,175 - back_corridor_end - INFO - [back_corridor_end.py:80] - isDotAlive:发现死路上的点(4, 93)
2025-11-23 14:28:15,175 - back_corridor_end - INFO - [back_corridor_end.py:57] - 现在是(5,93)
2025-11-23 14:28:15,175 - back_corridor_end - INFO - [back_corridor_end.py:80] - isDotAlive:发现死路上的点(5, 93)
2025-11-23 14:28:15,175 - back_corridor_end - INFO - [back_corridor_end.py:57] - 现在是(6,93)
2025-11-23 14:28:15,175 - back_corridor_end - INFO - [back_corridor_end.py:80] - isDotAlive:发现死路上的点(6, 93)
2025-11-23 14:28:15,175 - back_corridor_end - INFO - [back_corridor_end.py:57] - 现在是(7,93)
2025-11-23 14:28:15,176 - back_corridor_end - INFO - [back_corridor_end.py:74] - isDotAlive:点(7, 93)是活的
2025-11-23 14:28:15,176 - back_corridor_end - INFO - [back_corridor_end.py:57] - 现在是(7,94)
2025-11-23 14:28:15,176 - back_corridor_end - INFO - [back_corridor_end.py:74] - isDotAlive:点(7, 94)是活的
2025-11-23 14:28:15,176 - back_corridor_end - INFO - [back_corridor_end.py:57] - 现在是(7,95)
2025-11-23 14:28:15,176 - back_corridor_end - INFO - [back_corridor_end.py:74] - isDotAlive:点(7, 95)是活的
2025-11-23 14:28:15,176 - back_corridor_end - INFO - [back_corridor_end.py:57] - 现在是(8,95)
2025-11-23 14:28:15,176 - back_corridor_end - INFO - [back_corridor_end.py:74] - isDotAlive:点(8, 95)是活的
2025-11-23 14:28:15,176 - back_corridor_end - INFO - [back_corridor_end.py:46] - dfs从(50,89)开始
2025-11-23 14:28:15,176 - back_corridor_end - INFO - [back_corridor_end.py:57] - 现在是(50,89)
2025-11-23 14:28:15,176 - back_corridor_end - INFO - [back_corridor_end.py:80] - isDotAlive:发现死路上的点(50, 89)
2025-11-23 14:28:15,176 - back_corridor_end - INFO - [back_corridor_end.py:46] - dfs从(44,89)开始
2025-11-23 14:28:15,176 - back_corridor_end - INFO - [back_corridor_end.py:57] - 现在是(44,89)
2025-11-23 14:28:15,176 - back_corridor_end - INFO - [back_corridor_end.py:80] - isDotAlive:发现死路上的点(44, 89)
2025-11-23 14:28:15,176 - back_corridor_end - INFO - [back_corridor_end.py:46] - dfs从(49,90)开始
2025-11-23 14:28:15,176 - back_corridor_end - INFO - [back_corridor_end.py:57] - 现在是(49,90)
2025-11-23 14:28:15,176 - back_corridor_end - INFO - [back_corridor_end.py:80] - isDotAlive:发现死路上的点(49, 90)
2025-11-23 14:28:15,176 - back_corridor_end - INFO - [back_corridor_end.py:46] - dfs从(49,86)开始
2025-11-23 14:28:15,176 - back_corridor_end - INFO - [back_corridor_end.py:57] - 现在是(49,86)
2025-11-23 14:28:15,176 - back_corridor_end - INFO - [back_corridor_end.py:80] - isDotAlive:发现死路上的点(49, 86)
2025-11-23 14:28:15,176 - back_corridor_end - INFO - [back_corridor_end.py:46] - dfs从(12,2)开始
2025-11-23 14:28:15,176 - back_corridor_end - INFO - [back_corridor_end.py:57] - 现在是(12,2)
2025-11-23 14:28:15,176 - back_corridor_end - INFO - [back_corridor_end.py:80] - isDotAlive:发现死路上的点(12, 2)
2025-11-23 14:28:15,176 - back_corridor_end - INFO - [back_corridor_end.py:46] - dfs从(77,96)开始
2025-11-23 14:28:15,176 - back_corridor_end - INFO - [back_corridor_end.py:57] - 现在是(77,96)
2025-11-23 14:28:15,177 - back_corridor_end - INFO - [back_corridor_end.py:80] - isDotAlive:发现死路上的点(77, 96)
2025-11-23 14:28:15,177 - back_corridor_end - INFO - [back_corridor_end.py:46] - dfs从(76,99)开始
2025-11-23 14:28:15,177 - back_corridor_end - INFO - [back_corridor_end.py:57] - 现在是(76,99)
2025-11-23 14:28:15,177 - back_corridor_end - INFO - [back_corridor_end.py:80] - isDotAlive:发现死路上的点(76, 99)
2025-11-23 14:28:15,177 - back_corridor_end - INFO - [back_corridor_end.py:46] - dfs从(84,99)开始
2025-11-23 14:28:15,177 - back_corridor_end - INFO - [back_corridor_end.py:57] - 现在是(84,99)
2025-11-23 14:28:15,177 - back_corridor_end - INFO - [back_corridor_end.py:57] - 现在是(85,99)
2025-11-23 14:28:15,177 - back_corridor_end - INFO - [back_corridor_end.py:74] - isDotAlive:点(85, 99)是活的
2025-11-23 14:28:15,177 - back_corridor_end - INFO - [back_corridor_end.py:57] - 现在是(84,99)
2025-11-23 14:28:15,177 - back_corridor_end - INFO - [back_corridor_end.py:74] - isDotAlive:点(84, 99)是活的
2025-11-23 14:28:15,177 - back_corridor_end - INFO - [back_corridor_end.py:46] - dfs从(80,96)开始
2025-11-23 14:28:15,177 - back_corridor_end - INFO - [back_corridor_end.py:57] - 现在是(80,96)
2025-11-23 14:28:15,177 - back_corridor_end - INFO - [back_corridor_end.py:80] - isDotAlive:发现死路上的点(80, 96)
2025-11-23 14:28:15,177 - back_corridor_end - INFO - [back_corridor_end.py:46] - dfs从(84,97)开始
2025-11-23 14:28:15,177 - back_corridor_end - INFO - [back_corridor_end.py:57] - 现在是(84,97)
2025-11-23 14:28:15,177 - back_corridor_end - INFO - [back_corridor_end.py:57] - 现在是(85,97)
2025-11-23 14:28:15,177 - back_corridor_end - INFO - [back_corridor_end.py:74] - isDotAlive:点(85, 97)是活的
2025-11-23 14:28:15,177 - back_corridor_end - INFO - [back_corridor_end.py:57] - 现在是(84,97)
2025-11-23 14:28:15,177 - back_corridor_end - INFO - [back_corridor_end.py:74] - isDotAlive:点(84, 97)是活的
2025-11-23 14:28:15,177 - back_corridor_end - INFO - [back_corridor_end.py:46] - dfs从(12,62)开始
2025-11-23 14:28:15,177 - back_corridor_end - INFO - [back_corridor_end.py:57] - 现在是(12,62)
2025-11-23 14:28:15,177 - back_corridor_end - INFO - [back_corridor_end.py:80] - isDotAlive:发现死路上的点(12, 62)
2025-11-23 14:28:15,177 - back_corridor_end - INFO - [back_corridor_end.py:46] - dfs从(13,58)开始
2025-11-23 14:28:15,177 - back_corridor_end - INFO - [back_corridor_end.py:57] - 现在是(13,58)
2025-11-23 14:28:15,177 - back_corridor_end - INFO - [back_corridor_end.py:80] - isDotAlive:发现死路上的点(13, 58)
2025-11-23 14:28:15,177 - back_corridor_end - INFO - [back_corridor_end.py:46] - dfs从(10,59)开始
2025-11-23 14:28:15,177 - back_corridor_end - INFO - [back_corridor_end.py:57] - 现在是(10,59)
2025-11-23 14:28:15,178 - back_corridor_end - INFO - [back_corridor_end.py:80] - isDotAlive:发现死路上的点(10, 59)
2025-11-23 14:28:15,178 - back_corridor_end - INFO - [back_corridor_end.py:46] - dfs从(10,61)开始
2025-11-23 14:28:15,178 - back_corridor_end - INFO - [back_corridor_end.py:57] - 现在是(10,61)
2025-11-23 14:28:15,178 - back_corridor_end - INFO - [back_corridor_end.py:80] - isDotAlive:发现死路上的点(10, 61)
2025-11-23 14:28:15,178 - back_corridor_end - INFO - [back_corridor_end.py:46] - dfs从(14,59)开始
2025-11-23 14:28:15,178 - back_corridor_end - INFO - [back_corridor_end.py:57] - 现在是(14,59)
2025-11-23 14:28:15,178 - back_corridor_end - INFO - [back_corridor_end.py:80] - isDotAlive:发现死路上的点(14, 59)
2025-11-23 14:28:15,178 - back_corridor_end - INFO - [back_corridor_end.py:46] - dfs从(14,61)开始
2025-11-23 14:28:15,178 - back_corridor_end - INFO - [back_corridor_end.py:57] - 现在是(14,61)
2025-11-23 14:28:15,178 - back_corridor_end - INFO - [back_corridor_end.py:80] - isDotAlive:发现死路上的点(14, 61)
2025-11-23 14:28:15,178 - back_corridor_end - INFO - [back_corridor_end.py:46] - dfs从(80,80)开始
2025-11-23 14:28:15,178 - back_corridor_end - INFO - [back_corridor_end.py:57] - 现在是(80,80)
2025-11-23 14:28:15,178 - back_corridor_end - INFO - [back_corridor_end.py:80] - isDotAlive:发现死路上的点(80, 80)
2025-11-23 14:28:15,178 - back_corridor_end - INFO - [back_corridor_end.py:46] - dfs从(4,73)开始
2025-11-23 14:28:15,178 - back_corridor_end - INFO - [back_corridor_end.py:57] - 现在是(4,73)
2025-11-23 14:28:15,178 - back_corridor_end - INFO - [back_corridor_end.py:80] - isDotAlive:发现死路上的点(4, 73)
2025-11-23 14:28:15,179 - back_corridor_end - INFO - [back_corridor_end.py:46] - dfs从(10,75)开始
2025-11-23 14:28:15,179 - back_corridor_end - INFO - [back_corridor_end.py:57] - 现在是(10,75)
2025-11-23 14:28:15,179 - back_corridor_end - INFO - [back_corridor_end.py:80] - isDotAlive:发现死路上的点(10, 75)
2025-11-23 14:28:15,179 - back_corridor_end - INFO - [back_corridor_end.py:46] - dfs从(6,76)开始
2025-11-23 14:28:15,179 - back_corridor_end - INFO - [back_corridor_end.py:57] - 现在是(6,76)
2025-11-23 14:28:15,179 - back_corridor_end - INFO - [back_corridor_end.py:80] - isDotAlive:发现死路上的点(6, 76)
2025-11-23 14:28:15,179 - back_corridor_end - INFO - [back_corridor_end.py:46] - dfs从(5,72)开始
2025-11-23 14:28:15,179 - back_corridor_end - INFO - [back_corridor_end.py:57] - 现在是(5,72)
2025-11-23 14:28:15,179 - back_corridor_end - INFO - [back_corridor_end.py:80] - isDotAlive:发现死路上的点(5, 72)
2025-11-23 14:28:15,179 - back_corridor_end - INFO - [back_corridor_end.py:46] - dfs从(7,72)开始
2025-11-23 14:28:15,179 - back_corridor_end - INFO - [back_corridor_end.py:57] - 现在是(7,72)
2025-11-23 14:28:15,179 - back_corridor_end - INFO - [back_corridor_end.py:57] - 现在是(7,71)
2025-11-23 14:28:15,180 - back_corridor_end - INFO - [back_corridor_end.py:74] - isDotAlive:点(7, 71)是活的
2025-11-23 14:28:15,180 - back_corridor_end - INFO - [back_corridor_end.py:57] - 现在是(7,72)
2025-11-23 14:28:15,180 - back_corridor_end - INFO - [back_corridor_end.py:74] - isDotAlive:点(7, 72)是活的
2025-11-23 14:28:15,180 - back_corridor_end - INFO - [back_corridor_end.py:46] - dfs从(4,75)开始
2025-11-23 14:28:15,180 - back_corridor_end - INFO - [back_corridor_end.py:57] - 现在是(4,75)
2025-11-23 14:28:15,180 - back_corridor_end - INFO - [back_corridor_end.py:57] - 现在是(3,75)
2025-11-23 14:28:15,180 - back_corridor_end - INFO - [back_corridor_end.py:57] - 现在是(2,75)
2025-11-23 14:28:15,180 - back_corridor_end - INFO - [back_corridor_end.py:57] - 现在是(1,75)
2025-11-23 14:28:15,180 - back_corridor_end - INFO - [back_corridor_end.py:80] - isDotAlive:发现死路上的点(1, 75)
2025-11-23 14:28:15,181 - back_corridor_end - INFO - [back_corridor_end.py:57] - 现在是(2,75)
2025-11-23 14:28:15,181 - back_corridor_end - INFO - [back_corridor_end.py:74] - isDotAlive:点(2, 75)是活的
2025-11-23 14:28:15,181 - back_corridor_end - INFO - [back_corridor_end.py:57] - 现在是(3,75)
2025-11-23 14:28:15,181 - back_corridor_end - INFO - [back_corridor_end.py:74] - isDotAlive:点(3, 75)是活的
2025-11-23 14:28:15,181 - back_corridor_end - INFO - [back_corridor_end.py:57] - 现在是(4,75)
2025-11-23 14:28:15,181 - back_corridor_end - INFO - [back_corridor_end.py:74] - isDotAlive:点(4, 75)是活的
2025-11-23 14:28:15,181 - back_corridor_end - INFO - [back_corridor_end.py:46] - dfs从(90,92)开始
2025-11-23 14:28:15,181 - back_corridor_end - INFO - [back_corridor_end.py:57] - 现在是(90,92)
2025-11-23 14:28:15,181 - back_corridor_end - INFO - [back_corridor_end.py:57] - 现在是(91,92)
2025-11-23 14:28:15,181 - back_corridor_end - INFO - [back_corridor_end.py:57] - 现在是(91,93)
2025-11-23 14:28:15,181 - back_corridor_end - INFO - [back_corridor_end.py:57] - 现在是(92,93)
2025-11-23 14:28:15,181 - back_corridor_end - INFO - [back_corridor_end.py:57] - 现在是(93,93)
2025-11-23 14:28:15,181 - back_corridor_end - INFO - [back_corridor_end.py:57] - 现在是(93,94)
2025-11-23 14:28:15,181 - back_corridor_end - INFO - [back_corridor_end.py:57] - 现在是(93,95)
2025-11-23 14:28:15,181 - back_corridor_end - INFO - [back_corridor_end.py:57] - 现在是(93,96)
2025-11-23 14:28:15,181 - back_corridor_end - INFO - [back_corridor_end.py:57] - 现在是(93,97)
2025-11-23 14:28:15,181 - back_corridor_end - INFO - [back_corridor_end.py:57] - 现在是(93,98)
2025-11-23 14:28:15,181 - back_corridor_end - INFO - [back_corridor_end.py:57] - 现在是(93,99)
2025-11-23 14:28:15,181 - back_corridor_end - INFO - [back_corridor_end.py:57] - 现在是(94,99)
2025-11-23 14:28:15,181 - back_corridor_end - INFO - [back_corridor_end.py:57] - 现在是(95,99)
2025-11-23 14:28:15,181 - back_corridor_end - INFO - [back_corridor_end.py:57] - 现在是(96,99)
2025-11-23 14:28:15,181 - back_corridor_end - INFO - [back_corridor_end.py:57] - 现在是(97,99)
2025-11-23 14:28:15,181 - back_corridor_end - INFO - [back_corridor_end.py:57] - 现在是(98,99)
2025-11-23 14:28:15,181 - back_corridor_end - INFO - [back_corridor_end.py:57] - 现在是(99,99)
2025-11-23 14:28:15,182 - back_corridor_end - INFO - [back_corridor_end.py:80] - isDotAlive:发现死路上的点(99, 99)
2025-11-23 14:28:15,182 - back_corridor_end - INFO - [back_corridor_end.py:57] - 现在是(98,99)
2025-11-23 14:28:15,182 - back_corridor_end - INFO - [back_corridor_end.py:80] - isDotAlive:发现死路上的点(98, 99)
2025-11-23 14:28:15,182 - back_corridor_end - INFO - [back_corridor_end.py:57] - 现在是(97,99)
2025-11-23 14:28:15,182 - back_corridor_end - INFO - [back_corridor_end.py:57] - 现在是(97,98)
2025-11-23 14:28:15,182 - back_corridor_end - INFO - [back_corridor_end.py:57] - 现在是(97,97)
2025-11-23 14:28:15,182 - back_corridor_end - INFO - [back_corridor_end.py:57] - 现在是(98,97)
2025-11-23 14:28:15,182 - back_corridor_end - INFO - [back_corridor_end.py:57] - 现在是(99,97)
2025-11-23 14:28:15,182 - back_corridor_end - INFO - [back_corridor_end.py:80] - isDotAlive:发现死路上的点(99, 97)
2025-11-23 14:28:15,182 - back_corridor_end - INFO - [back_corridor_end.py:57] - 现在是(98,97)
2025-11-23 14:28:15,182 - back_corridor_end - INFO - [back_corridor_end.py:80] - isDotAlive:发现死路上的点(98, 97)
2025-11-23 14:28:15,182 - back_corridor_end - INFO - [back_corridor_end.py:57] - 现在是(97,97)
2025-11-23 14:28:15,182 - back_corridor_end - INFO - [back_corridor_end.py:80] - isDotAlive:发现死路上的点(97, 97)
2025-11-23 14:28:15,182 - back_corridor_end - INFO - [back_corridor_end.py:57] - 现在是(97,98)
2025-11-23 14:28:15,182 - back_corridor_end - INFO - [back_corridor_end.py:80] - isDotAlive:发现死路上的点(97, 98)
2025-11-23 14:28:15,182 - back_corridor_end - INFO - [back_corridor_end.py:57] - 现在是(97,99)
2025-11-23 14:28:15,182 - back_corridor_end - INFO - [back_corridor_end.py:80] - isDotAlive:发现死路上的点(97, 99)
2025-11-23 14:28:15,182 - back_corridor_end - INFO - [back_corridor_end.py:57] - 现在是(96,99)
2025-11-23 14:28:15,182 - back_corridor_end - INFO - [back_corridor_end.py:80] - isDotAlive:发现死路上的点(96, 99)
2025-11-23 14:28:15,182 - back_corridor_end - INFO - [back_corridor_end.py:57] - 现在是(95,99)
2025-11-23 14:28:15,182 - back_corridor_end - INFO - [back_corridor_end.py:57] - 现在是(95,98)
2025-11-23 14:28:15,182 - back_corridor_end - INFO - [back_corridor_end.py:57] - 现在是(95,97)
2025-11-23 14:28:15,182 - back_corridor_end - INFO - [back_corridor_end.py:57] - 现在是(95,96)
2025-11-23 14:28:15,182 - back_corridor_end - INFO - [back_corridor_end.py:57] - 现在是(95,95)
2025-11-23 14:28:15,182 - back_corridor_end - INFO - [back_corridor_end.py:57] - 现在是(96,95)
2025-11-23 14:28:15,182 - back_corridor_end - INFO - [back_corridor_end.py:57] - 现在是(97,95)
2025-11-23 14:28:15,183 - back_corridor_end - INFO - [back_corridor_end.py:57] - 现在是(98,95)
2025-11-23 14:28:15,183 - back_corridor_end - INFO - [back_corridor_end.py:57] - 现在是(99,95)
2025-11-23 14:28:15,183 - back_corridor_end - INFO - [back_corridor_end.py:57] - 现在是(99,94)
2025-11-23 14:28:15,183 - back_corridor_end - INFO - [back_corridor_end.py:57] - 现在是(99,93)
2025-11-23 14:28:15,183 - back_corridor_end - INFO - [back_corridor_end.py:57] - 现在是(98,93)
2025-11-23 14:28:15,183 - back_corridor_end - INFO - [back_corridor_end.py:57] - 现在是(97,93)
2025-11-23 14:28:15,183 - back_corridor_end - INFO - [back_corridor_end.py:57] - 现在是(96,93)
2025-11-23 14:28:15,183 - back_corridor_end - INFO - [back_corridor_end.py:57] - 现在是(95,93)
2025-11-23 14:28:15,183 - back_corridor_end - INFO - [back_corridor_end.py:57] - 现在是(95,92)
2025-11-23 14:28:15,183 - back_corridor_end - INFO - [back_corridor_end.py:57] - 现在是(95,91)
2025-11-23 14:28:15,183 - back_corridor_end - INFO - [back_corridor_end.py:57] - 现在是(96,91)
2025-11-23 14:28:15,183 - back_corridor_end - INFO - [back_corridor_end.py:57] - 现在是(97,91)
2025-11-23 14:28:15,183 - back_corridor_end - INFO - [back_corridor_end.py:57] - 现在是(98,91)
2025-11-23 14:28:15,183 - back_corridor_end - INFO - [back_corridor_end.py:57] - 现在是(99,91)
2025-11-23 14:28:15,183 - back_corridor_end - INFO - [back_corridor_end.py:57] - 现在是(99,90)
2025-11-23 14:28:15,183 - back_corridor_end - INFO - [back_corridor_end.py:57] - 现在是(99,89)
2025-11-23 14:28:15,183 - back_corridor_end - INFO - [back_corridor_end.py:57] - 现在是(99,88)
2025-11-23 14:28:15,183 - back_corridor_end - INFO - [back_corridor_end.py:57] - 现在是(99,87)
2025-11-23 14:28:15,183 - back_corridor_end - INFO - [back_corridor_end.py:57] - 现在是(98,87)
2025-11-23 14:28:15,183 - back_corridor_end - INFO - [back_corridor_end.py:57] - 现在是(97,87)
2025-11-23 14:28:15,183 - back_corridor_end - INFO - [back_corridor_end.py:57] - 现在是(97,88)
2025-11-23 14:28:15,183 - back_corridor_end - INFO - [back_corridor_end.py:57] - 现在是(97,89)
2025-11-23 14:28:15,183 - back_corridor_end - INFO - [back_corridor_end.py:57] - 现在是(96,89)
2025-11-23 14:28:15,183 - back_corridor_end - INFO - [back_corridor_end.py:57] - 现在是(95,89)
2025-11-23 14:28:15,183 - back_corridor_end - INFO - [back_corridor_end.py:57] - 现在是(94,89)
2025-11-23 14:28:15,183 - back_corridor_end - INFO - [back_corridor_end.py:57] - 现在是(93,89)
2025-11-23 14:28:15,184 - back_corridor_end - INFO - [back_corridor_end.py:57] - 现在是(92,89)
2025-11-23 14:28:15,184 - back_corridor_end - INFO - [back_corridor_end.py:57] - 现在是(91,89)
2025-11-23 14:28:15,184 - back_corridor_end - INFO - [back_corridor_end.py:80] - isDotAlive:发现死路上的点(91, 89)
2025-11-23 14:28:15,184 - back_corridor_end - INFO - [back_corridor_end.py:57] - 现在是(92,89)
2025-11-23 14:28:15,184 - back_corridor_end - INFO - [back_corridor_end.py:80] - isDotAlive:发现死路上的点(92, 89)
2025-11-23 14:28:15,184 - back_corridor_end - INFO - [back_corridor_end.py:57] - 现在是(93,89)
2025-11-23 14:28:15,184 - back_corridor_end - INFO - [back_corridor_end.py:80] - isDotAlive:发现死路上的点(93, 89)
2025-11-23 14:28:15,184 - back_corridor_end - INFO - [back_corridor_end.py:57] - 现在是(94,89)
2025-11-23 14:28:15,184 - back_corridor_end - INFO - [back_corridor_end.py:80] - isDotAlive:发现死路上的点(94, 89)
2025-11-23 14:28:15,184 - back_corridor_end - INFO - [back_corridor_end.py:57] - 现在是(95,89)
2025-11-23 14:28:15,184 - back_corridor_end - INFO - [back_corridor_end.py:80] - isDotAlive:发现死路上的点(95, 89)
2025-11-23 14:28:15,184 - back_corridor_end - INFO - [back_corridor_end.py:57] - 现在是(96,89)
2025-11-23 14:28:15,184 - back_corridor_end - INFO - [back_corridor_end.py:80] - isDotAlive:发现死路上的点(96, 89)
2025-11-23 14:28:15,184 - back_corridor_end - INFO - [back_corridor_end.py:57] - 现在是(97,89)
2025-11-23 14:28:15,184 - back_corridor_end - INFO - [back_corridor_end.py:80] - isDotAlive:发现死路上的点(97, 89)
2025-11-23 14:28:15,184 - back_corridor_end - INFO - [back_corridor_end.py:57] - 现在是(97,88)
2025-11-23 14:28:15,184 - back_corridor_end - INFO - [back_corridor_end.py:80] - isDotAlive:发现死路上的点(97, 88)
2025-11-23 14:28:15,184 - back_corridor_end - INFO - [back_corridor_end.py:57] - 现在是(97,87)
2025-11-23 14:28:15,184 - back_corridor_end - INFO - [back_corridor_end.py:57] - 现在是(97,86)
2025-11-23 14:28:15,184 - back_corridor_end - INFO - [back_corridor_end.py:57] - 现在是(97,85)
2025-11-23 14:28:15,184 - back_corridor_end - INFO - [back_corridor_end.py:74] - isDotAlive:点(97, 85)是活的
2025-11-23 14:28:15,184 - back_corridor_end - INFO - [back_corridor_end.py:57] - 现在是(97,86)
2025-11-23 14:28:15,184 - back_corridor_end - INFO - [back_corridor_end.py:74] - isDotAlive:点(97, 86)是活的
2025-11-23 14:28:15,184 - back_corridor_end - INFO - [back_corridor_end.py:57] - 现在是(97,87)
2025-11-23 14:28:15,184 - back_corridor_end - INFO - [back_corridor_end.py:74] - isDotAlive:点(97, 87)是活的
2025-11-23 14:28:15,184 - back_corridor_end - INFO - [back_corridor_end.py:57] - 现在是(98,87)
2025-11-23 14:28:15,184 - back_corridor_end - INFO - [back_corridor_end.py:74] - isDotAlive:点(98, 87)是活的
2025-11-23 14:28:15,185 - back_corridor_end - INFO - [back_corridor_end.py:57] - 现在是(99,87)
2025-11-23 14:28:15,185 - back_corridor_end - INFO - [back_corridor_end.py:74] - isDotAlive:点(99, 87)是活的
2025-11-23 14:28:15,185 - back_corridor_end - INFO - [back_corridor_end.py:57] - 现在是(99,88)
2025-11-23 14:28:15,185 - back_corridor_end - INFO - [back_corridor_end.py:74] - isDotAlive:点(99, 88)是活的
2025-11-23 14:28:15,185 - back_corridor_end - INFO - [back_corridor_end.py:57] - 现在是(99,89)
2025-11-23 14:28:15,185 - back_corridor_end - INFO - [back_corridor_end.py:74] - isDotAlive:点(99, 89)是活的
2025-11-23 14:28:15,185 - back_corridor_end - INFO - [back_corridor_end.py:57] - 现在是(99,90)
2025-11-23 14:28:15,185 - back_corridor_end - INFO - [back_corridor_end.py:74] - isDotAlive:点(99, 90)是活的
2025-11-23 14:28:15,185 - back_corridor_end - INFO - [back_corridor_end.py:57] - 现在是(99,91)
2025-11-23 14:28:15,185 - back_corridor_end - INFO - [back_corridor_end.py:74] - isDotAlive:点(99, 91)是活的
2025-11-23 14:28:15,185 - back_corridor_end - INFO - [back_corridor_end.py:57] - 现在是(98,91)
2025-11-23 14:28:15,185 - back_corridor_end - INFO - [back_corridor_end.py:74] - isDotAlive:点(98, 91)是活的
2025-11-23 14:28:15,185 - back_corridor_end - INFO - [back_corridor_end.py:57] - 现在是(97,91)
2025-11-23 14:28:15,185 - back_corridor_end - INFO - [back_corridor_end.py:74] - isDotAlive:点(97, 91)是活的
2025-11-23 14:28:15,185 - back_corridor_end - INFO - [back_corridor_end.py:57] - 现在是(96,91)
2025-11-23 14:28:15,185 - back_corridor_end - INFO - [back_corridor_end.py:74] - isDotAlive:点(96, 91)是活的
2025-11-23 14:28:15,185 - back_corridor_end - INFO - [back_corridor_end.py:57] - 现在是(95,91)
2025-11-23 14:28:15,185 - back_corridor_end - INFO - [back_corridor_end.py:74] - isDotAlive:点(95, 91)是活的
2025-11-23 14:28:15,185 - back_corridor_end - INFO - [back_corridor_end.py:57] - 现在是(95,92)
2025-11-23 14:28:15,185 - back_corridor_end - INFO - [back_corridor_end.py:74] - isDotAlive:点(95, 92)是活的
2025-11-23 14:28:15,185 - back_corridor_end - INFO - [back_corridor_end.py:57] - 现在是(95,93)
2025-11-23 14:28:15,185 - back_corridor_end - INFO - [back_corridor_end.py:74] - isDotAlive:点(95, 93)是活的
2025-11-23 14:28:15,185 - back_corridor_end - INFO - [back_corridor_end.py:57] - 现在是(96,93)
2025-11-23 14:28:15,185 - back_corridor_end - INFO - [back_corridor_end.py:74] - isDotAlive:点(96, 93)是活的
2025-11-23 14:28:15,185 - back_corridor_end - INFO - [back_corridor_end.py:57] - 现在是(97,93)
2025-11-23 14:28:15,186 - back_corridor_end - INFO - [back_corridor_end.py:74] - isDotAlive:点(97, 93)是活的
2025-11-23 14:28:15,186 - back_corridor_end - INFO - [back_corridor_end.py:57] - 现在是(98,93)
2025-11-23 14:28:15,186 - back_corridor_end - INFO - [back_corridor_end.py:74] - isDotAlive:点(98, 93)是活的
2025-11-23 14:28:15,186 - back_corridor_end - INFO - [back_corridor_end.py:57] - 现在是(99,93)
2025-11-23 14:28:15,186 - back_corridor_end - INFO - [back_corridor_end.py:74] - isDotAlive:点(99, 93)是活的
2025-11-23 14:28:15,186 - back_corridor_end - INFO - [back_corridor_end.py:57] - 现在是(99,94)
2025-11-23 14:28:15,186 - back_corridor_end - INFO - [back_corridor_end.py:74] - isDotAlive:点(99, 94)是活的
2025-11-23 14:28:15,186 - back_corridor_end - INFO - [back_corridor_end.py:57] - 现在是(99,95)
2025-11-23 14:28:15,186 - back_corridor_end - INFO - [back_corridor_end.py:74] - isDotAlive:点(99, 95)是活的
2025-11-23 14:28:15,186 - back_corridor_end - INFO - [back_corridor_end.py:57] - 现在是(98,95)
2025-11-23 14:28:15,186 - back_corridor_end - INFO - [back_corridor_end.py:74] - isDotAlive:点(98, 95)是活的
2025-11-23 14:28:15,186 - back_corridor_end - INFO - [back_corridor_end.py:57] - 现在是(97,95)
2025-11-23 14:28:15,186 - back_corridor_end - INFO - [back_corridor_end.py:74] - isDotAlive:点(97, 95)是活的
2025-11-23 14:28:15,186 - back_corridor_end - INFO - [back_corridor_end.py:57] - 现在是(96,95)
2025-11-23 14:28:15,186 - back_corridor_end - INFO - [back_corridor_end.py:74] - isDotAlive:点(96, 95)是活的
2025-11-23 14:28:15,186 - back_corridor_end - INFO - [back_corridor_end.py:57] - 现在是(95,95)
2025-11-23 14:28:15,186 - back_corridor_end - INFO - [back_corridor_end.py:74] - isDotAlive:点(95, 95)是活的
2025-11-23 14:28:15,186 - back_corridor_end - INFO - [back_corridor_end.py:57] - 现在是(95,96)
2025-11-23 14:28:15,186 - back_corridor_end - INFO - [back_corridor_end.py:74] - isDotAlive:点(95, 96)是活的
2025-11-23 14:28:15,186 - back_corridor_end - INFO - [back_corridor_end.py:57] - 现在是(95,97)
2025-11-23 14:28:15,186 - back_corridor_end - INFO - [back_corridor_end.py:74] - isDotAlive:点(95, 97)是活的
2025-11-23 14:28:15,186 - back_corridor_end - INFO - [back_corridor_end.py:57] - 现在是(95,98)
2025-11-23 14:28:15,186 - back_corridor_end - INFO - [back_corridor_end.py:74] - isDotAlive:点(95, 98)是活的
2025-11-23 14:28:15,186 - back_corridor_end - INFO - [back_corridor_end.py:57] - 现在是(95,99)
2025-11-23 14:28:15,186 - back_corridor_end - INFO - [back_corridor_end.py:74] - isDotAlive:点(95, 99)是活的
2025-11-23 14:28:15,186 - back_corridor_end - INFO - [back_corridor_end.py:57] - 现在是(94,99)
2025-11-23 14:28:15,187 - back_corridor_end - INFO - [back_corridor_end.py:74] - isDotAlive:点(94, 99)是活的
2025-11-23 14:28:15,187 - back_corridor_end - INFO - [back_corridor_end.py:57] - 现在是(93,99)
2025-11-23 14:28:15,187 - back_corridor_end - INFO - [back_corridor_end.py:57] - 现在是(92,99)
2025-11-23 14:28:15,187 - back_corridor_end - INFO - [back_corridor_end.py:57] - 现在是(91,99)
2025-11-23 14:28:15,187 - back_corridor_end - INFO - [back_corridor_end.py:80] - isDotAlive:发现死路上的点(91, 99)
2025-11-23 14:28:15,187 - back_corridor_end - INFO - [back_corridor_end.py:57] - 现在是(92,99)
2025-11-23 14:28:15,187 - back_corridor_end - INFO - [back_corridor_end.py:80] - isDotAlive:发现死路上的点(92, 99)
2025-11-23 14:28:15,187 - back_corridor_end - INFO - [back_corridor_end.py:57] - 现在是(93,99)
2025-11-23 14:28:15,187 - back_corridor_end - INFO - [back_corridor_end.py:74] - isDotAlive:点(93, 99)是活的
2025-11-23 14:28:15,187 - back_corridor_end - INFO - [back_corridor_end.py:57] - 现在是(93,98)
2025-11-23 14:28:15,187 - back_corridor_end - INFO - [back_corridor_end.py:74] - isDotAlive:点(93, 98)是活的
2025-11-23 14:28:15,187 - back_corridor_end - INFO - [back_corridor_end.py:57] - 现在是(93,97)
2025-11-23 14:28:15,187 - back_corridor_end - INFO - [back_corridor_end.py:74] - isDotAlive:点(93, 97)是活的
2025-11-23 14:28:15,187 - back_corridor_end - INFO - [back_corridor_end.py:57] - 现在是(93,96)
2025-11-23 14:28:15,187 - back_corridor_end - INFO - [back_corridor_end.py:74] - isDotAlive:点(93, 96)是活的
2025-11-23 14:28:15,187 - back_corridor_end - INFO - [back_corridor_end.py:57] - 现在是(93,95)
2025-11-23 14:28:15,187 - back_corridor_end - INFO - [back_corridor_end.py:74] - isDotAlive:点(93, 95)是活的
2025-11-23 14:28:15,187 - back_corridor_end - INFO - [back_corridor_end.py:57] - 现在是(93,94)
2025-11-23 14:28:15,187 - back_corridor_end - INFO - [back_corridor_end.py:74] - isDotAlive:点(93, 94)是活的
2025-11-23 14:28:15,187 - back_corridor_end - INFO - [back_corridor_end.py:57] - 现在是(93,93)
2025-11-23 14:28:15,187 - back_corridor_end - INFO - [back_corridor_end.py:74] - isDotAlive:点(93, 93)是活的
2025-11-23 14:28:15,187 - back_corridor_end - INFO - [back_corridor_end.py:57] - 现在是(92,93)
2025-11-23 14:28:15,187 - back_corridor_end - INFO - [back_corridor_end.py:74] - isDotAlive:点(92, 93)是活的
2025-11-23 14:28:15,187 - back_corridor_end - INFO - [back_corridor_end.py:57] - 现在是(91,93)
2025-11-23 14:28:15,187 - back_corridor_end - INFO - [back_corridor_end.py:57] - 现在是(91,94)
2025-11-23 14:28:15,187 - back_corridor_end - INFO - [back_corridor_end.py:57] - 现在是(91,95)
2025-11-23 14:28:15,188 - back_corridor_end - INFO - [back_corridor_end.py:57] - 现在是(91,96)
2025-11-23 14:28:15,188 - back_corridor_end - INFO - [back_corridor_end.py:57] - 现在是(91,97)
2025-11-23 14:28:15,188 - back_corridor_end - INFO - [back_corridor_end.py:80] - isDotAlive:发现死路上的点(91, 97)
2025-11-23 14:28:15,188 - back_corridor_end - INFO - [back_corridor_end.py:57] - 现在是(91,96)
2025-11-23 14:28:15,188 - back_corridor_end - INFO - [back_corridor_end.py:80] - isDotAlive:发现死路上的点(91, 96)
2025-11-23 14:28:15,188 - back_corridor_end - INFO - [back_corridor_end.py:57] - 现在是(91,95)
2025-11-23 14:28:15,188 - back_corridor_end - INFO - [back_corridor_end.py:80] - isDotAlive:发现死路上的点(91, 95)
2025-11-23 14:28:15,188 - back_corridor_end - INFO - [back_corridor_end.py:57] - 现在是(91,94)
2025-11-23 14:28:15,188 - back_corridor_end - INFO - [back_corridor_end.py:80] - isDotAlive:发现死路上的点(91, 94)
2025-11-23 14:28:15,188 - back_corridor_end - INFO - [back_corridor_end.py:57] - 现在是(91,93)
2025-11-23 14:28:15,188 - back_corridor_end - INFO - [back_corridor_end.py:74] - isDotAlive:点(91, 93)是活的
2025-11-23 14:28:15,188 - back_corridor_end - INFO - [back_corridor_end.py:57] - 现在是(91,92)
2025-11-23 14:28:15,188 - back_corridor_end - INFO - [back_corridor_end.py:57] - 现在是(91,91)
2025-11-23 14:28:15,188 - back_corridor_end - INFO - [back_corridor_end.py:57] - 现在是(92,91)
2025-11-23 14:28:15,188 - back_corridor_end - INFO - [back_corridor_end.py:57] - 现在是(93,91)
2025-11-23 14:28:15,188 - back_corridor_end - INFO - [back_corridor_end.py:80] - isDotAlive:发现死路上的点(93, 91)
2025-11-23 14:28:15,188 - back_corridor_end - INFO - [back_corridor_end.py:57] - 现在是(92,91)
2025-11-23 14:28:15,188 - back_corridor_end - INFO - [back_corridor_end.py:80] - isDotAlive:发现死路上的点(92, 91)
2025-11-23 14:28:15,188 - back_corridor_end - INFO - [back_corridor_end.py:57] - 现在是(91,91)
2025-11-23 14:28:15,188 - back_corridor_end - INFO - [back_corridor_end.py:80] - isDotAlive:发现死路上的点(91, 91)
2025-11-23 14:28:15,188 - back_corridor_end - INFO - [back_corridor_end.py:57] - 现在是(91,92)
2025-11-23 14:28:15,188 - back_corridor_end - INFO - [back_corridor_end.py:74] - isDotAlive:点(91, 92)是活的
2025-11-23 14:28:15,188 - back_corridor_end - INFO - [back_corridor_end.py:57] - 现在是(90,92)
2025-11-23 14:28:15,188 - back_corridor_end - INFO - [back_corridor_end.py:74] - isDotAlive:点(90, 92)是活的
2025-11-23 14:28:15,188 - back_corridor_end - INFO - [back_corridor_end.py:46] - dfs从(86,93)开始
2025-11-23 14:28:15,188 - back_corridor_end - INFO - [back_corridor_end.py:57] - 现在是(86,93)
2025-11-23 14:28:15,189 - back_corridor_end - INFO - [back_corridor_end.py:80] - isDotAlive:发现死路上的点(86, 93)
2025-11-23 14:28:15,189 - back_corridor_end - INFO - [back_corridor_end.py:46] - dfs从(86,97)开始
2025-11-23 14:28:15,189 - back_corridor_end - INFO - [back_corridor_end.py:57] - 现在是(86,97)
2025-11-23 14:28:15,189 - back_corridor_end - INFO - [back_corridor_end.py:80] - isDotAlive:发现死路上的点(86, 97)
2025-11-23 14:28:15,189 - back_corridor_end - INFO - [back_corridor_end.py:46] - dfs从(87,90)开始
2025-11-23 14:28:15,189 - back_corridor_end - INFO - [back_corridor_end.py:57] - 现在是(87,90)
2025-11-23 14:28:15,189 - back_corridor_end - INFO - [back_corridor_end.py:57] - 现在是(87,89)
2025-11-23 14:28:15,189 - back_corridor_end - INFO - [back_corridor_end.py:74] - isDotAlive:点(87, 89)是活的
2025-11-23 14:28:15,189 - back_corridor_end - INFO - [back_corridor_end.py:57] - 现在是(87,90)
2025-11-23 14:28:15,189 - back_corridor_end - INFO - [back_corridor_end.py:74] - isDotAlive:点(87, 90)是活的
2025-11-23 14:28:15,189 - back_corridor_end - INFO - [back_corridor_end.py:46] - dfs从(86,99)开始
2025-11-23 14:28:15,189 - back_corridor_end - INFO - [back_corridor_end.py:57] - 现在是(86,99)
2025-11-23 14:28:15,189 - back_corridor_end - INFO - [back_corridor_end.py:80] - isDotAlive:发现死路上的点(86, 99)
2025-11-23 14:28:15,189 - back_corridor_end - INFO - [back_corridor_end.py:46] - dfs从(42,3)开始
2025-11-23 14:28:15,189 - back_corridor_end - INFO - [back_corridor_end.py:57] - 现在是(42,3)
2025-11-23 14:28:15,189 - back_corridor_end - INFO - [back_corridor_end.py:80] - isDotAlive:发现死路上的点(42, 3)
2025-11-23 14:28:15,189 - back_corridor_end - INFO - [back_corridor_end.py:46] - dfs从(45,4)开始
2025-11-23 14:28:15,189 - back_corridor_end - INFO - [back_corridor_end.py:57] - 现在是(45,4)
2025-11-23 14:28:15,189 - back_corridor_end - INFO - [back_corridor_end.py:80] - isDotAlive:发现死路上的点(45, 4)
2025-11-23 14:28:15,189 - back_corridor_end - INFO - [back_corridor_end.py:46] - dfs从(46,3)开始
2025-11-23 14:28:15,189 - back_corridor_end - INFO - [back_corridor_end.py:57] - 现在是(46,3)
2025-11-23 14:28:15,189 - back_corridor_end - INFO - [back_corridor_end.py:57] - 现在是(47,3)
2025-11-23 14:28:15,189 - back_corridor_end - INFO - [back_corridor_end.py:57] - 现在是(48,3)
2025-11-23 14:28:15,189 - back_corridor_end - INFO - [back_corridor_end.py:57] - 现在是(49,3)
2025-11-23 14:28:15,189 - back_corridor_end - INFO - [back_corridor_end.py:74] - isDotAlive:点(49, 3)是活的
2025-11-23 14:28:15,189 - back_corridor_end - INFO - [back_corridor_end.py:57] - 现在是(48,3)
2025-11-23 14:28:15,190 - back_corridor_end - INFO - [back_corridor_end.py:74] - isDotAlive:点(48, 3)是活的
2025-11-23 14:28:15,190 - back_corridor_end - INFO - [back_corridor_end.py:57] - 现在是(47,3)
2025-11-23 14:28:15,190 - back_corridor_end - INFO - [back_corridor_end.py:57] - 现在是(47,2)
2025-11-23 14:28:15,190 - back_corridor_end - INFO - [back_corridor_end.py:57] - 现在是(47,1)
2025-11-23 14:28:15,190 - back_corridor_end - INFO - [back_corridor_end.py:80] - isDotAlive:发现死路上的点(47, 1)
2025-11-23 14:28:15,190 - back_corridor_end - INFO - [back_corridor_end.py:57] - 现在是(47,2)
2025-11-23 14:28:15,190 - back_corridor_end - INFO - [back_corridor_end.py:80] - isDotAlive:发现死路上的点(47, 2)
2025-11-23 14:28:15,190 - back_corridor_end - INFO - [back_corridor_end.py:57] - 现在是(47,3)
2025-11-23 14:28:15,190 - back_corridor_end - INFO - [back_corridor_end.py:74] - isDotAlive:点(47, 3)是活的
2025-11-23 14:28:15,190 - back_corridor_end - INFO - [back_corridor_end.py:57] - 现在是(46,3)
2025-11-23 14:28:15,190 - back_corridor_end - INFO - [back_corridor_end.py:74] - isDotAlive:点(46, 3)是活的
2025-11-23 14:28:15,190 - back_corridor_end - INFO - [back_corridor_end.py:46] - dfs从(43,4)开始
2025-11-23 14:28:15,190 - back_corridor_end - INFO - [back_corridor_end.py:57] - 现在是(43,4)
2025-11-23 14:28:15,190 - back_corridor_end - INFO - [back_corridor_end.py:80] - isDotAlive:发现死路上的点(43, 4)
2025-11-23 14:28:15,190 - back_corridor_end - INFO - [back_corridor_end.py:46] - dfs从(45,56)开始
2025-11-23 14:28:15,190 - back_corridor_end - INFO - [back_corridor_end.py:57] - 现在是(45,56)
2025-11-23 14:28:15,190 - back_corridor_end - INFO - [back_corridor_end.py:80] - isDotAlive:发现死路上的点(45, 56)
2025-11-23 14:28:15,190 - back_corridor_end - INFO - [back_corridor_end.py:46] - dfs从(44,66)开始
2025-11-23 14:28:15,190 - back_corridor_end - INFO - [back_corridor_end.py:57] - 现在是(44,66)
2025-11-23 14:28:15,190 - back_corridor_end - INFO - [back_corridor_end.py:80] - isDotAlive:发现死路上的点(44, 66)
2025-11-23 14:28:15,190 - back_corridor_end - INFO - [back_corridor_end.py:46] - dfs从(42,63)开始
2025-11-23 14:28:15,190 - back_corridor_end - INFO - [back_corridor_end.py:57] - 现在是(42,63)
2025-11-23 14:28:15,190 - back_corridor_end - INFO - [back_corridor_end.py:80] - isDotAlive:发现死路上的点(42, 63)
2025-11-23 14:28:15,190 - back_corridor_end - INFO - [back_corridor_end.py:46] - dfs从(42,58)开始
2025-11-23 14:28:15,190 - back_corridor_end - INFO - [back_corridor_end.py:57] - 现在是(42,58)
2025-11-23 14:28:15,190 - back_corridor_end - INFO - [back_corridor_end.py:80] - isDotAlive:发现死路上的点(42, 58)
2025-11-23 14:28:15,190 - back_corridor_end - INFO - [back_corridor_end.py:46] - dfs从(42,61)开始
2025-11-23 14:28:15,191 - back_corridor_end - INFO - [back_corridor_end.py:57] - 现在是(42,61)
2025-11-23 14:28:15,191 - back_corridor_end - INFO - [back_corridor_end.py:80] - isDotAlive:发现死路上的点(42, 61)
2025-11-23 14:28:15,191 - back_corridor_end - INFO - [back_corridor_end.py:46] - dfs从(39,76)开始
2025-11-23 14:28:15,191 - back_corridor_end - INFO - [back_corridor_end.py:57] - 现在是(39,76)
2025-11-23 14:28:15,191 - back_corridor_end - INFO - [back_corridor_end.py:80] - isDotAlive:发现死路上的点(39, 76)
2025-11-23 14:28:15,191 - back_corridor_end - INFO - [back_corridor_end.py:46] - dfs从(66,93)开始
2025-11-23 14:28:15,191 - back_corridor_end - INFO - [back_corridor_end.py:57] - 现在是(66,93)
2025-11-23 14:28:15,191 - back_corridor_end - INFO - [back_corridor_end.py:80] - isDotAlive:发现死路上的点(66, 93)
2025-11-23 14:28:15,191 - back_corridor_end - INFO - [back_corridor_end.py:46] - dfs从(68,96)开始
2025-11-23 14:28:15,191 - back_corridor_end - INFO - [back_corridor_end.py:57] - 现在是(68,96)
2025-11-23 14:28:15,191 - back_corridor_end - INFO - [back_corridor_end.py:80] - isDotAlive:发现死路上的点(68, 96)
2025-11-23 14:28:15,191 - back_corridor_end - INFO - [back_corridor_end.py:46] - dfs从(66,95)开始
2025-11-23 14:28:15,191 - back_corridor_end - INFO - [back_corridor_end.py:57] - 现在是(66,95)
2025-11-23 14:28:15,191 - back_corridor_end - INFO - [back_corridor_end.py:80] - isDotAlive:发现死路上的点(66, 95)
2025-11-23 14:28:15,191 - back_corridor_end - INFO - [back_corridor_end.py:46] - dfs从(65,72)开始
2025-11-23 14:28:15,191 - back_corridor_end - INFO - [back_corridor_end.py:57] - 现在是(65,72)
2025-11-23 14:28:15,191 - back_corridor_end - INFO - [back_corridor_end.py:80] - isDotAlive:发现死路上的点(65, 72)
2025-11-23 14:28:15,191 - back_corridor_end - INFO - [back_corridor_end.py:46] - dfs从(68,68)开始
2025-11-23 14:28:15,191 - back_corridor_end - INFO - [back_corridor_end.py:57] - 现在是(68,68)
2025-11-23 14:28:15,191 - back_corridor_end - INFO - [back_corridor_end.py:80] - isDotAlive:发现死路上的点(68, 68)
2025-11-23 14:28:15,191 - back_corridor_end - INFO - [back_corridor_end.py:46] - dfs从(74,69)开始
2025-11-23 14:28:15,191 - back_corridor_end - INFO - [back_corridor_end.py:57] - 现在是(74,69)
2025-11-23 14:28:15,191 - back_corridor_end - INFO - [back_corridor_end.py:80] - isDotAlive:发现死路上的点(74, 69)
2025-11-23 14:28:15,191 - back_corridor_end - INFO - [back_corridor_end.py:46] - dfs从(69,72)开始
2025-11-23 14:28:15,191 - back_corridor_end - INFO - [back_corridor_end.py:57] - 现在是(69,72)
2025-11-23 14:28:15,192 - back_corridor_end - INFO - [back_corridor_end.py:57] - 现在是(69,73)
2025-11-23 14:28:15,192 - back_corridor_end - INFO - [back_corridor_end.py:57] - 现在是(69,74)
2025-11-23 14:28:15,192 - back_corridor_end - INFO - [back_corridor_end.py:57] - 现在是(69,75)
2025-11-23 14:28:15,192 - back_corridor_end - INFO - [back_corridor_end.py:57] - 现在是(70,75)
2025-11-23 14:28:15,192 - back_corridor_end - INFO - [back_corridor_end.py:57] - 现在是(71,75)
2025-11-23 14:28:15,192 - back_corridor_end - INFO - [back_corridor_end.py:57] - 现在是(71,74)
2025-11-23 14:28:15,192 - back_corridor_end - INFO - [back_corridor_end.py:57] - 现在是(71,73)
2025-11-23 14:28:15,192 - back_corridor_end - INFO - [back_corridor_end.py:80] - isDotAlive:发现死路上的点(71, 73)
2025-11-23 14:28:15,192 - back_corridor_end - INFO - [back_corridor_end.py:57] - 现在是(71,74)
2025-11-23 14:28:15,192 - back_corridor_end - INFO - [back_corridor_end.py:80] - isDotAlive:发现死路上的点(71, 74)
2025-11-23 14:28:15,192 - back_corridor_end - INFO - [back_corridor_end.py:57] - 现在是(71,75)
2025-11-23 14:28:15,192 - back_corridor_end - INFO - [back_corridor_end.py:74] - isDotAlive:点(71, 75)是活的
2025-11-23 14:28:15,192 - back_corridor_end - INFO - [back_corridor_end.py:57] - 现在是(70,75)
2025-11-23 14:28:15,192 - back_corridor_end - INFO - [back_corridor_end.py:74] - isDotAlive:点(70, 75)是活的
2025-11-23 14:28:15,192 - back_corridor_end - INFO - [back_corridor_end.py:57] - 现在是(69,75)
2025-11-23 14:28:15,192 - back_corridor_end - INFO - [back_corridor_end.py:74] - isDotAlive:点(69, 75)是活的
2025-11-23 14:28:15,192 - back_corridor_end - INFO - [back_corridor_end.py:57] - 现在是(69,74)
2025-11-23 14:28:15,192 - back_corridor_end - INFO - [back_corridor_end.py:74] - isDotAlive:点(69, 74)是活的
2025-11-23 14:28:15,192 - back_corridor_end - INFO - [back_corridor_end.py:57] - 现在是(69,73)
2025-11-23 14:28:15,192 - back_corridor_end - INFO - [back_corridor_end.py:74] - isDotAlive:点(69, 73)是活的
2025-11-23 14:28:15,192 - back_corridor_end - INFO - [back_corridor_end.py:57] - 现在是(69,72)
2025-11-23 14:28:15,192 - back_corridor_end - INFO - [back_corridor_end.py:74] - isDotAlive:点(69, 72)是活的
2025-11-23 14:28:15,192 - back_corridor_end - INFO - [back_corridor_end.py:46] - dfs从(73,72)开始
2025-11-23 14:28:15,192 - back_corridor_end - INFO - [back_corridor_end.py:57] - 现在是(73,72)
2025-11-23 14:28:15,192 - back_corridor_end - INFO - [back_corridor_end.py:80] - isDotAlive:发现死路上的点(73, 72)
2025-11-23 14:28:15,192 - back_corridor_end - INFO - [back_corridor_end.py:46] - dfs从(12,24)开始
2025-11-23 14:28:15,193 - back_corridor_end - INFO - [back_corridor_end.py:57] - 现在是(12,24)
2025-11-23 14:28:15,193 - back_corridor_end - INFO - [back_corridor_end.py:80] - isDotAlive:发现死路上的点(12, 24)
2025-11-23 14:28:15,193 - back_corridor_end - INFO - [back_corridor_end.py:46] - dfs从(8,21)开始
2025-11-23 14:28:15,193 - back_corridor_end - INFO - [back_corridor_end.py:57] - 现在是(8,21)
2025-11-23 14:28:15,193 - back_corridor_end - INFO - [back_corridor_end.py:80] - isDotAlive:发现死路上的点(8, 21)
2025-11-23 14:28:15,193 - back_corridor_end - INFO - [back_corridor_end.py:46] - dfs从(8,23)开始
2025-11-23 14:28:15,193 - back_corridor_end - INFO - [back_corridor_end.py:57] - 现在是(8,23)
2025-11-23 14:28:15,193 - back_corridor_end - INFO - [back_corridor_end.py:80] - isDotAlive:发现死路上的点(8, 23)
2025-11-23 14:28:15,193 - back_corridor_end - INFO - [back_corridor_end.py:46] - dfs从(21,54)开始
2025-11-23 14:28:15,193 - back_corridor_end - INFO - [back_corridor_end.py:57] - 现在是(21,54)
2025-11-23 14:28:15,193 - back_corridor_end - INFO - [back_corridor_end.py:80] - isDotAlive:发现死路上的点(21, 54)
2025-11-23 14:28:15,193 - back_corridor_end - INFO - [back_corridor_end.py:46] - dfs从(24,53)开始
2025-11-23 14:28:15,193 - back_corridor_end - INFO - [back_corridor_end.py:57] - 现在是(24,53)
2025-11-23 14:28:15,193 - back_corridor_end - INFO - [back_corridor_end.py:80] - isDotAlive:发现死路上的点(24, 53)
2025-11-23 14:28:15,193 - back_corridor_end - INFO - [back_corridor_end.py:46] - dfs从(20,53)开始
2025-11-23 14:28:15,193 - back_corridor_end - INFO - [back_corridor_end.py:57] - 现在是(20,53)
2025-11-23 14:28:15,193 - back_corridor_end - INFO - [back_corridor_end.py:80] - isDotAlive:发现死路上的点(20, 53)
2025-11-23 14:28:15,193 - back_corridor_end - INFO - [back_corridor_end.py:46] - dfs从(20,50)开始
2025-11-23 14:28:15,193 - back_corridor_end - INFO - [back_corridor_end.py:57] - 现在是(20,50)
2025-11-23 14:28:15,193 - back_corridor_end - INFO - [back_corridor_end.py:80] - isDotAlive:发现死路上的点(20, 50)
2025-11-23 14:28:15,193 - back_corridor_end - INFO - [back_corridor_end.py:46] - dfs从(2,13)开始
2025-11-23 14:28:15,193 - back_corridor_end - INFO - [back_corridor_end.py:57] - 现在是(2,13)
2025-11-23 14:28:15,193 - back_corridor_end - INFO - [back_corridor_end.py:80] - isDotAlive:发现死路上的点(2, 13)
2025-11-23 14:28:15,193 - back_corridor_end - INFO - [back_corridor_end.py:46] - dfs从(4,16)开始
2025-11-23 14:28:15,193 - back_corridor_end - INFO - [back_corridor_end.py:57] - 现在是(4,16)
2025-11-23 14:28:15,193 - back_corridor_end - INFO - [back_corridor_end.py:80] - isDotAlive:发现死路上的点(4, 16)
2025-11-23 14:28:15,193 - back_corridor_end - INFO - [back_corridor_end.py:46] - dfs从(8,14)开始
2025-11-23 14:28:15,194 - back_corridor_end - INFO - [back_corridor_end.py:57] - 现在是(8,14)
2025-11-23 14:28:15,194 - back_corridor_end - INFO - [back_corridor_end.py:80] - isDotAlive:发现死路上的点(8, 14)
2025-11-23 14:28:15,194 - back_corridor_end - INFO - [back_corridor_end.py:46] - dfs从(5,12)开始
2025-11-23 14:28:15,194 - back_corridor_end - INFO - [back_corridor_end.py:57] - 现在是(5,12)
2025-11-23 14:28:15,194 - back_corridor_end - INFO - [back_corridor_end.py:80] - isDotAlive:发现死路上的点(5, 12)
2025-11-23 14:28:15,194 - back_corridor_end - INFO - [back_corridor_end.py:46] - dfs从(93,16)开始
2025-11-23 14:28:15,194 - back_corridor_end - INFO - [back_corridor_end.py:57] - 现在是(93,16)
2025-11-23 14:28:15,194 - back_corridor_end - INFO - [back_corridor_end.py:80] - isDotAlive:发现死路上的点(93, 16)
2025-11-23 14:28:15,194 - back_corridor_end - INFO - [back_corridor_end.py:46] - dfs从(97,16)开始
2025-11-23 14:28:15,194 - back_corridor_end - INFO - [back_corridor_end.py:57] - 现在是(97,16)
2025-11-23 14:28:15,194 - back_corridor_end - INFO - [back_corridor_end.py:80] - isDotAlive:发现死路上的点(97, 16)
2025-11-23 14:28:15,194 - back_corridor_end - INFO - [back_corridor_end.py:46] - dfs从(98,17)开始
2025-11-23 14:28:15,194 - back_corridor_end - INFO - [back_corridor_end.py:57] - 现在是(98,17)
2025-11-23 14:28:15,194 - back_corridor_end - INFO - [back_corridor_end.py:80] - isDotAlive:发现死路上的点(98, 17)
2025-11-23 14:28:15,194 - back_corridor_end - INFO - [back_corridor_end.py:46] - dfs从(96,20)开始
2025-11-23 14:28:15,194 - back_corridor_end - INFO - [back_corridor_end.py:57] - 现在是(96,20)
2025-11-23 14:28:15,194 - back_corridor_end - INFO - [back_corridor_end.py:80] - isDotAlive:发现死路上的点(96, 20)
2025-11-23 14:28:15,194 - back_corridor_end - INFO - [back_corridor_end.py:46] - dfs从(21,54)开始
2025-11-23 14:28:15,194 - back_corridor_end - INFO - [back_corridor_end.py:57] - 现在是(21,54)
2025-11-23 14:28:15,194 - back_corridor_end - INFO - [back_corridor_end.py:80] - isDotAlive:发现死路上的点(21, 54)
2025-11-23 14:28:15,194 - back_corridor_end - INFO - [back_corridor_end.py:46] - dfs从(26,58)开始
2025-11-23 14:28:15,194 - back_corridor_end - INFO - [back_corridor_end.py:57] - 现在是(26,58)
2025-11-23 14:28:15,194 - back_corridor_end - INFO - [back_corridor_end.py:80] - isDotAlive:发现死路上的点(26, 58)
2025-11-23 14:28:15,194 - back_corridor_end - INFO - [back_corridor_end.py:46] - dfs从(18,56)开始
2025-11-23 14:28:15,194 - back_corridor_end - INFO - [back_corridor_end.py:57] - 现在是(18,56)
2025-11-23 14:28:15,195 - back_corridor_end - INFO - [back_corridor_end.py:80] - isDotAlive:发现死路上的点(18, 56)
2025-11-23 14:28:15,195 - back_corridor_end - INFO - [back_corridor_end.py:46] - dfs从(19,54)开始
2025-11-23 14:28:15,195 - back_corridor_end - INFO - [back_corridor_end.py:57] - 现在是(19,54)
2025-11-23 14:28:15,195 - back_corridor_end - INFO - [back_corridor_end.py:80] - isDotAlive:发现死路上的点(19, 54)
2025-11-23 14:28:15,195 - back_corridor_end - INFO - [back_corridor_end.py:46] - dfs从(51,46)开始
2025-11-23 14:28:15,195 - back_corridor_end - INFO - [back_corridor_end.py:57] - 现在是(51,46)
2025-11-23 14:28:15,195 - back_corridor_end - INFO - [back_corridor_end.py:80] - isDotAlive:发现死路上的点(51, 46)
2025-11-23 14:28:15,195 - back_corridor_end - INFO - [back_corridor_end.py:46] - dfs从(48,40)开始
2025-11-23 14:28:15,195 - back_corridor_end - INFO - [back_corridor_end.py:57] - 现在是(48,40)
2025-11-23 14:28:15,195 - back_corridor_end - INFO - [back_corridor_end.py:80] - isDotAlive:发现死路上的点(48, 40)
2025-11-23 14:28:15,195 - back_corridor_end - INFO - [back_corridor_end.py:46] - dfs从(52,41)开始
2025-11-23 14:28:15,195 - back_corridor_end - INFO - [back_corridor_end.py:57] - 现在是(52,41)
2025-11-23 14:28:15,195 - back_corridor_end - INFO - [back_corridor_end.py:80] - isDotAlive:发现死路上的点(52, 41)
2025-11-23 14:28:15,195 - back_corridor_end - INFO - [back_corridor_end.py:46] - dfs从(47,46)开始
2025-11-23 14:28:15,195 - back_corridor_end - INFO - [back_corridor_end.py:57] - 现在是(47,46)
2025-11-23 14:28:15,195 - back_corridor_end - INFO - [back_corridor_end.py:80] - isDotAlive:发现死路上的点(47, 46)
2025-11-23 14:28:15,195 - back_corridor_end - INFO - [back_corridor_end.py:46] - dfs从(46,43)开始
2025-11-23 14:28:15,195 - back_corridor_end - INFO - [back_corridor_end.py:57] - 现在是(46,43)
2025-11-23 14:28:15,195 - back_corridor_end - INFO - [back_corridor_end.py:80] - isDotAlive:发现死路上的点(46, 43)
2025-11-23 14:28:15,195 - back_corridor_end - INFO - [back_corridor_end.py:46] - dfs从(46,41)开始
2025-11-23 14:28:15,195 - back_corridor_end - INFO - [back_corridor_end.py:57] - 现在是(46,41)
2025-11-23 14:28:15,195 - back_corridor_end - INFO - [back_corridor_end.py:57] - 现在是(45,41)
2025-11-23 14:28:15,195 - back_corridor_end - INFO - [back_corridor_end.py:57] - 现在是(44,41)
2025-11-23 14:28:15,195 - back_corridor_end - INFO - [back_corridor_end.py:57] - 现在是(43,41)
2025-11-23 14:28:15,195 - back_corridor_end - INFO - [back_corridor_end.py:57] - 现在是(42,41)
2025-11-23 14:28:15,195 - back_corridor_end - INFO - [back_corridor_end.py:57] - 现在是(41,41)
2025-11-23 14:28:15,196 - back_corridor_end - INFO - [back_corridor_end.py:80] - isDotAlive:发现死路上的点(41, 41)
2025-11-23 14:28:15,196 - back_corridor_end - INFO - [back_corridor_end.py:57] - 现在是(42,41)
2025-11-23 14:28:15,196 - back_corridor_end - INFO - [back_corridor_end.py:80] - isDotAlive:发现死路上的点(42, 41)
2025-11-23 14:28:15,196 - back_corridor_end - INFO - [back_corridor_end.py:57] - 现在是(43,41)
2025-11-23 14:28:15,196 - back_corridor_end - INFO - [back_corridor_end.py:74] - isDotAlive:点(43, 41)是活的
2025-11-23 14:28:15,196 - back_corridor_end - INFO - [back_corridor_end.py:57] - 现在是(44,41)
2025-11-23 14:28:15,196 - back_corridor_end - INFO - [back_corridor_end.py:74] - isDotAlive:点(44, 41)是活的
2025-11-23 14:28:15,196 - back_corridor_end - INFO - [back_corridor_end.py:57] - 现在是(45,41)
2025-11-23 14:28:15,196 - back_corridor_end - INFO - [back_corridor_end.py:74] - isDotAlive:点(45, 41)是活的
2025-11-23 14:28:15,196 - back_corridor_end - INFO - [back_corridor_end.py:57] - 现在是(46,41)
2025-11-23 14:28:15,196 - back_corridor_end - INFO - [back_corridor_end.py:74] - isDotAlive:点(46, 41)是活的
2025-11-23 14:28:15,196 - back_corridor_end - INFO - [back_corridor_end.py:46] - dfs从(4,23)开始
2025-11-23 14:28:15,196 - back_corridor_end - INFO - [back_corridor_end.py:57] - 现在是(4,23)
2025-11-23 14:28:15,196 - back_corridor_end - INFO - [back_corridor_end.py:57] - 现在是(3,23)
2025-11-23 14:28:15,196 - back_corridor_end - INFO - [back_corridor_end.py:74] - isDotAlive:点(3, 23)是活的
2025-11-23 14:28:15,196 - back_corridor_end - INFO - [back_corridor_end.py:57] - 现在是(4,23)
2025-11-23 14:28:15,196 - back_corridor_end - INFO - [back_corridor_end.py:74] - isDotAlive:点(4, 23)是活的
2025-11-23 14:28:15,196 - back_corridor_end - INFO - [back_corridor_end.py:46] - dfs从(8,28)开始
2025-11-23 14:28:15,196 - back_corridor_end - INFO - [back_corridor_end.py:57] - 现在是(8,28)
2025-11-23 14:28:15,196 - back_corridor_end - INFO - [back_corridor_end.py:80] - isDotAlive:发现死路上的点(8, 28)
2025-11-23 14:28:15,196 - back_corridor_end - INFO - [back_corridor_end.py:46] - dfs从(6,30)开始
2025-11-23 14:28:15,196 - back_corridor_end - INFO - [back_corridor_end.py:57] - 现在是(6,30)
2025-11-23 14:28:15,196 - back_corridor_end - INFO - [back_corridor_end.py:80] - isDotAlive:发现死路上的点(6, 30)
2025-11-23 14:28:15,196 - back_corridor_end - INFO - [back_corridor_end.py:46] - dfs从(8,23)开始
2025-11-23 14:28:15,196 - back_corridor_end - INFO - [back_corridor_end.py:57] - 现在是(8,23)
2025-11-23 14:28:15,196 - back_corridor_end - INFO - [back_corridor_end.py:80] - isDotAlive:发现死路上的点(8, 23)
2025-11-23 14:28:15,196 - back_corridor_end - INFO - [back_corridor_end.py:46] - dfs从(22,33)开始
2025-11-23 14:28:15,197 - back_corridor_end - INFO - [back_corridor_end.py:57] - 现在是(22,33)
2025-11-23 14:28:15,197 - back_corridor_end - INFO - [back_corridor_end.py:57] - 现在是(21,33)
2025-11-23 14:28:15,197 - back_corridor_end - INFO - [back_corridor_end.py:74] - isDotAlive:点(21, 33)是活的
2025-11-23 14:28:15,197 - back_corridor_end - INFO - [back_corridor_end.py:57] - 现在是(22,33)
2025-11-23 14:28:15,197 - back_corridor_end - INFO - [back_corridor_end.py:74] - isDotAlive:点(22, 33)是活的
2025-11-23 14:28:15,197 - back_corridor_end - INFO - [back_corridor_end.py:46] - dfs从(22,35)开始
2025-11-23 14:28:15,197 - back_corridor_end - INFO - [back_corridor_end.py:57] - 现在是(22,35)
2025-11-23 14:28:15,197 - back_corridor_end - INFO - [back_corridor_end.py:57] - 现在是(21,35)
2025-11-23 14:28:15,197 - back_corridor_end - INFO - [back_corridor_end.py:74] - isDotAlive:点(21, 35)是活的
2025-11-23 14:28:15,197 - back_corridor_end - INFO - [back_corridor_end.py:57] - 现在是(22,35)
2025-11-23 14:28:15,197 - back_corridor_end - INFO - [back_corridor_end.py:74] - isDotAlive:点(22, 35)是活的
2025-11-23 14:28:15,197 - back_corridor_end - INFO - [back_corridor_end.py:46] - dfs从(32,33)开始
2025-11-23 14:28:15,197 - back_corridor_end - INFO - [back_corridor_end.py:57] - 现在是(32,33)
2025-11-23 14:28:15,197 - back_corridor_end - INFO - [back_corridor_end.py:80] - isDotAlive:发现死路上的点(32, 33)
2025-11-23 14:28:15,197 - back_corridor_end - INFO - [back_corridor_end.py:46] - dfs从(31,36)开始
2025-11-23 14:28:15,197 - back_corridor_end - INFO - [back_corridor_end.py:57] - 现在是(31,36)
2025-11-23 14:28:15,197 - back_corridor_end - INFO - [back_corridor_end.py:80] - isDotAlive:发现死路上的点(31, 36)
2025-11-23 14:28:15,197 - back_corridor_end - INFO - [back_corridor_end.py:46] - dfs从(23,36)开始
2025-11-23 14:28:15,197 - back_corridor_end - INFO - [back_corridor_end.py:57] - 现在是(23,36)
2025-11-23 14:28:15,197 - back_corridor_end - INFO - [back_corridor_end.py:57] - 现在是(23,37)
2025-11-23 14:28:15,197 - back_corridor_end - INFO - [back_corridor_end.py:57] - 现在是(23,38)
2025-11-23 14:28:15,197 - back_corridor_end - INFO - [back_corridor_end.py:57] - 现在是(23,39)
2025-11-23 14:28:15,197 - back_corridor_end - INFO - [back_corridor_end.py:80] - isDotAlive:发现死路上的点(23, 39)
2025-11-23 14:28:15,197 - back_corridor_end - INFO - [back_corridor_end.py:57] - 现在是(23,38)
2025-11-23 14:28:15,197 - back_corridor_end - INFO - [back_corridor_end.py:74] - isDotAlive:点(23, 38)是活的
2025-11-23 14:28:15,197 - back_corridor_end - INFO - [back_corridor_end.py:57] - 现在是(23,37)
2025-11-23 14:28:15,198 - back_corridor_end - INFO - [back_corridor_end.py:74] - isDotAlive:点(23, 37)是活的
2025-11-23 14:28:15,198 - back_corridor_end - INFO - [back_corridor_end.py:57] - 现在是(23,36)
2025-11-23 14:28:15,198 - back_corridor_end - INFO - [back_corridor_end.py:74] - isDotAlive:点(23, 36)是活的
2025-11-23 14:28:15,198 - back_corridor_end - INFO - [back_corridor_end.py:46] - dfs从(74,28)开始
2025-11-23 14:28:15,198 - back_corridor_end - INFO - [back_corridor_end.py:57] - 现在是(74,28)
2025-11-23 14:28:15,198 - back_corridor_end - INFO - [back_corridor_end.py:80] - isDotAlive:发现死路上的点(74, 28)
2025-11-23 14:28:15,198 - back_corridor_end - INFO - [back_corridor_end.py:46] - dfs从(72,21)开始
2025-11-23 14:28:15,198 - back_corridor_end - INFO - [back_corridor_end.py:57] - 现在是(72,21)
2025-11-23 14:28:15,198 - back_corridor_end - INFO - [back_corridor_end.py:80] - isDotAlive:发现死路上的点(72, 21)
2025-11-23 14:28:15,198 - back_corridor_end - INFO - [back_corridor_end.py:46] - dfs从(32,45)开始
2025-11-23 14:28:15,198 - back_corridor_end - INFO - [back_corridor_end.py:57] - 现在是(32,45)
2025-11-23 14:28:15,198 - back_corridor_end - INFO - [back_corridor_end.py:80] - isDotAlive:发现死路上的点(32, 45)
2025-11-23 14:28:15,198 - back_corridor_end - INFO - [back_corridor_end.py:46] - dfs从(28,46)开始
2025-11-23 14:28:15,198 - back_corridor_end - INFO - [back_corridor_end.py:57] - 现在是(28,46)
2025-11-23 14:28:15,198 - back_corridor_end - INFO - [back_corridor_end.py:80] - isDotAlive:发现死路上的点(28, 46)
2025-11-23 14:28:15,198 - back_corridor_end - INFO - [back_corridor_end.py:46] - dfs从(94,56)开始
2025-11-23 14:28:15,198 - back_corridor_end - INFO - [back_corridor_end.py:57] - 现在是(94,56)
2025-11-23 14:28:15,198 - back_corridor_end - INFO - [back_corridor_end.py:80] - isDotAlive:发现死路上的点(94, 56)
2025-11-23 14:28:15,198 - back_corridor_end - INFO - [back_corridor_end.py:46] - dfs从(90,51)开始
2025-11-23 14:28:15,198 - back_corridor_end - INFO - [back_corridor_end.py:57] - 现在是(90,51)
2025-11-23 14:28:15,198 - back_corridor_end - INFO - [back_corridor_end.py:80] - isDotAlive:发现死路上的点(90, 51)
2025-11-23 14:28:15,198 - back_corridor_end - INFO - [back_corridor_end.py:46] - dfs从(93,50)开始
2025-11-23 14:28:15,198 - back_corridor_end - INFO - [back_corridor_end.py:57] - 现在是(93,50)
2025-11-23 14:28:15,198 - back_corridor_end - INFO - [back_corridor_end.py:80] - isDotAlive:发现死路上的点(93, 50)
2025-11-23 14:28:15,198 - back_corridor_end - INFO - [back_corridor_end.py:46] - dfs从(91,56)开始
2025-11-23 14:28:15,198 - back_corridor_end - INFO - [back_corridor_end.py:57] - 现在是(91,56)
2025-11-23 14:28:15,199 - back_corridor_end - INFO - [back_corridor_end.py:80] - isDotAlive:发现死路上的点(91, 56)
2025-11-23 14:28:15,199 - back_corridor_end - INFO - [back_corridor_end.py:46] - dfs从(91,50)开始
2025-11-23 14:28:15,199 - back_corridor_end - INFO - [back_corridor_end.py:57] - 现在是(91,50)
2025-11-23 14:28:15,199 - back_corridor_end - INFO - [back_corridor_end.py:80] - isDotAlive:发现死路上的点(91, 50)
2025-11-23 14:28:15,199 - back_corridor_end - INFO - [back_corridor_end.py:46] - dfs从(15,38)开始
2025-11-23 14:28:15,199 - back_corridor_end - INFO - [back_corridor_end.py:57] - 现在是(15,38)
2025-11-23 14:28:15,199 - back_corridor_end - INFO - [back_corridor_end.py:80] - isDotAlive:发现死路上的点(15, 38)
2025-11-23 14:28:15,199 - back_corridor_end - INFO - [back_corridor_end.py:46] - dfs从(14,46)开始
2025-11-23 14:28:15,199 - back_corridor_end - INFO - [back_corridor_end.py:57] - 现在是(14,46)
2025-11-23 14:28:15,199 - back_corridor_end - INFO - [back_corridor_end.py:80] - isDotAlive:发现死路上的点(14, 46)
2025-11-23 14:28:15,199 - back_corridor_end - INFO - [back_corridor_end.py:46] - dfs从(18,44)开始
2025-11-23 14:28:15,199 - back_corridor_end - INFO - [back_corridor_end.py:57] - 现在是(18,44)
2025-11-23 14:28:15,199 - back_corridor_end - INFO - [back_corridor_end.py:80] - isDotAlive:发现死路上的点(18, 44)
2025-11-23 14:28:15,199 - back_corridor_end - INFO - [back_corridor_end.py:46] - dfs从(17,46)开始
2025-11-23 14:28:15,199 - back_corridor_end - INFO - [back_corridor_end.py:57] - 现在是(17,46)
2025-11-23 14:28:15,199 - back_corridor_end - INFO - [back_corridor_end.py:80] - isDotAlive:发现死路上的点(17, 46)
2025-11-23 14:28:15,199 - back_corridor_end - INFO - [back_corridor_end.py:46] - dfs从(65,54)开始
2025-11-23 14:28:15,199 - back_corridor_end - INFO - [back_corridor_end.py:57] - 现在是(65,54)
2025-11-23 14:28:15,199 - back_corridor_end - INFO - [back_corridor_end.py:80] - isDotAlive:发现死路上的点(65, 54)
2025-11-23 14:28:15,199 - back_corridor_end - INFO - [back_corridor_end.py:46] - dfs从(63,58)开始
2025-11-23 14:28:15,199 - back_corridor_end - INFO - [back_corridor_end.py:57] - 现在是(63,58)
2025-11-23 14:28:15,199 - back_corridor_end - INFO - [back_corridor_end.py:80] - isDotAlive:发现死路上的点(63, 58)
2025-11-23 14:28:15,199 - back_corridor_end - INFO - [back_corridor_end.py:46] - dfs从(68,55)开始
2025-11-23 14:28:15,199 - back_corridor_end - INFO - [back_corridor_end.py:57] - 现在是(68,55)
2025-11-23 14:28:15,199 - back_corridor_end - INFO - [back_corridor_end.py:80] - isDotAlive:发现死路上的点(68, 55)
2025-11-23 14:28:15,199 - back_corridor_end - INFO - [back_corridor_end.py:46] - dfs从(54,72)开始
2025-11-23 14:28:15,200 - back_corridor_end - INFO - [back_corridor_end.py:57] - 现在是(54,72)
2025-11-23 14:28:15,200 - back_corridor_end - INFO - [back_corridor_end.py:80] - isDotAlive:发现死路上的点(54, 72)
2025-11-23 14:28:15,200 - back_corridor_end - INFO - [back_corridor_end.py:46] - dfs从(7,80)开始
2025-11-23 14:28:15,200 - back_corridor_end - INFO - [back_corridor_end.py:57] - 现在是(7,80)
2025-11-23 14:28:15,200 - back_corridor_end - INFO - [back_corridor_end.py:80] - isDotAlive:发现死路上的点(7, 80)
2025-11-23 14:28:15,200 - back_corridor_end - INFO - [back_corridor_end.py:46] - dfs从(3,76)开始
2025-11-23 14:28:15,200 - back_corridor_end - INFO - [back_corridor_end.py:57] - 现在是(3,76)
2025-11-23 14:28:15,200 - back_corridor_end - INFO - [back_corridor_end.py:80] - isDotAlive:发现死路上的点(3, 76)
2025-11-23 14:28:15,200 - back_corridor_end - INFO - [back_corridor_end.py:46] - dfs从(6,76)开始
2025-11-23 14:28:15,200 - back_corridor_end - INFO - [back_corridor_end.py:57] - 现在是(6,76)
2025-11-23 14:28:15,200 - back_corridor_end - INFO - [back_corridor_end.py:80] - isDotAlive:发现死路上的点(6, 76)
2025-11-23 14:28:15,200 - back_corridor_end - INFO - [back_corridor_end.py:46] - dfs从(26,85)开始
2025-11-23 14:28:15,200 - back_corridor_end - INFO - [back_corridor_end.py:57] - 现在是(26,85)
2025-11-23 14:28:15,200 - back_corridor_end - INFO - [back_corridor_end.py:80] - isDotAlive:发现死路上的点(26, 85)
2025-11-23 14:28:15,200 - back_corridor_end - INFO - [back_corridor_end.py:46] - dfs从(31,90)开始
2025-11-23 14:28:15,200 - back_corridor_end - INFO - [back_corridor_end.py:57] - 现在是(31,90)
2025-11-23 14:28:15,200 - back_corridor_end - INFO - [back_corridor_end.py:80] - isDotAlive:发现死路上的点(31, 90)
2025-11-23 14:28:15,200 - back_corridor_end - INFO - [back_corridor_end.py:46] - dfs从(7,52)开始
2025-11-23 14:28:15,200 - back_corridor_end - INFO - [back_corridor_end.py:57] - 现在是(7,52)
2025-11-23 14:28:15,200 - back_corridor_end - INFO - [back_corridor_end.py:80] - isDotAlive:发现死路上的点(7, 52)
2025-11-23 14:28:15,200 - back_corridor_end - INFO - [back_corridor_end.py:46] - dfs从(10,56)开始
2025-11-23 14:28:15,200 - back_corridor_end - INFO - [back_corridor_end.py:57] - 现在是(10,56)
2025-11-23 14:28:15,200 - back_corridor_end - INFO - [back_corridor_end.py:80] - isDotAlive:发现死路上的点(10, 56)
2025-11-23 14:28:15,200 - back_corridor_end - INFO - [back_corridor_end.py:46] - dfs从(10,59)开始
2025-11-23 14:28:15,200 - back_corridor_end - INFO - [back_corridor_end.py:57] - 现在是(10,59)
2025-11-23 14:28:15,200 - back_corridor_end - INFO - [back_corridor_end.py:80] - isDotAlive:发现死路上的点(10, 59)
2025-11-23 14:28:15,201 - back_corridor_end - INFO - [back_corridor_end.py:46] - dfs从(52,54)开始
2025-11-23 14:28:15,201 - back_corridor_end - INFO - [back_corridor_end.py:57] - 现在是(52,54)
2025-11-23 14:28:15,201 - back_corridor_end - INFO - [back_corridor_end.py:80] - isDotAlive:发现死路上的点(52, 54)
2025-11-23 14:28:15,201 - back_corridor_end - INFO - [back_corridor_end.py:46] - dfs从(53,50)开始
2025-11-23 14:28:15,201 - back_corridor_end - INFO - [back_corridor_end.py:57] - 现在是(53,50)
2025-11-23 14:28:15,201 - back_corridor_end - INFO - [back_corridor_end.py:80] - isDotAlive:发现死路上的点(53, 50)
2025-11-23 14:28:15,201 - back_corridor_end - INFO - [back_corridor_end.py:46] - dfs从(57,50)开始
2025-11-23 14:28:15,201 - back_corridor_end - INFO - [back_corridor_end.py:57] - 现在是(57,50)
2025-11-23 14:28:15,201 - back_corridor_end - INFO - [back_corridor_end.py:80] - isDotAlive:发现死路上的点(57, 50)
2025-11-23 14:28:15,201 - back_corridor_end - INFO - [back_corridor_end.py:46] - dfs从(50,53)开始
2025-11-23 14:28:15,201 - back_corridor_end - INFO - [back_corridor_end.py:57] - 现在是(50,53)
2025-11-23 14:28:15,201 - back_corridor_end - INFO - [back_corridor_end.py:80] - isDotAlive:发现死路上的点(50, 53)
2025-11-23 14:28:15,201 - back_corridor_end - INFO - [back_corridor_end.py:46] - dfs从(96,83)开始
2025-11-23 14:28:15,201 - back_corridor_end - INFO - [back_corridor_end.py:57] - 现在是(96,83)
2025-11-23 14:28:15,201 - back_corridor_end - INFO - [back_corridor_end.py:80] - isDotAlive:发现死路上的点(96, 83)
2025-11-23 14:28:15,201 - back_corridor_end - INFO - [back_corridor_end.py:46] - dfs从(96,81)开始
2025-11-23 14:28:15,201 - back_corridor_end - INFO - [back_corridor_end.py:57] - 现在是(96,81)
2025-11-23 14:28:15,201 - back_corridor_end - INFO - [back_corridor_end.py:80] - isDotAlive:发现死路上的点(96, 81)
2025-11-23 14:28:15,201 - back_corridor_end - INFO - [back_corridor_end.py:46] - dfs从(99,84)开始
2025-11-23 14:28:15,201 - back_corridor_end - INFO - [back_corridor_end.py:57] - 现在是(99,84)
2025-11-23 14:28:15,201 - back_corridor_end - INFO - [back_corridor_end.py:57] - 现在是(99,85)
2025-11-23 14:28:15,201 - back_corridor_end - INFO - [back_corridor_end.py:74] - isDotAlive:点(99, 85)是活的
2025-11-23 14:28:15,201 - back_corridor_end - INFO - [back_corridor_end.py:57] - 现在是(99,84)
2025-11-23 14:28:15,201 - back_corridor_end - INFO - [back_corridor_end.py:74] - isDotAlive:点(99, 84)是活的
2025-11-23 14:28:15,201 - back_corridor_end - INFO - [back_corridor_end.py:46] - dfs从(97,84)开始
2025-11-23 14:28:15,201 - back_corridor_end - INFO - [back_corridor_end.py:57] - 现在是(97,84)
2025-11-23 14:28:15,201 - back_corridor_end - INFO - [back_corridor_end.py:80] - isDotAlive:发现死路上的点(97, 84)
2025-11-23 14:28:15,202 - back_corridor_end - INFO - [back_corridor_end.py:46] - dfs从(26,93)开始
2025-11-23 14:28:15,202 - back_corridor_end - INFO - [back_corridor_end.py:57] - 现在是(26,93)
2025-11-23 14:28:15,202 - back_corridor_end - INFO - [back_corridor_end.py:80] - isDotAlive:发现死路上的点(26, 93)
2025-11-23 14:28:15,202 - back_corridor_end - INFO - [back_corridor_end.py:46] - dfs从(45,4)开始
2025-11-23 14:28:15,202 - back_corridor_end - INFO - [back_corridor_end.py:57] - 现在是(45,4)
2025-11-23 14:28:15,202 - back_corridor_end - INFO - [back_corridor_end.py:80] - isDotAlive:发现死路上的点(45, 4)
2025-11-23 14:28:15,202 - back_corridor_end - INFO - [back_corridor_end.py:46] - dfs从(44,6)开始
2025-11-23 14:28:15,202 - back_corridor_end - INFO - [back_corridor_end.py:57] - 现在是(44,6)
2025-11-23 14:28:15,202 - back_corridor_end - INFO - [back_corridor_end.py:80] - isDotAlive:发现死路上的点(44, 6)
2025-11-23 14:28:15,202 - back_corridor_end - INFO - [back_corridor_end.py:46] - dfs从(49,4)开始
2025-11-23 14:28:15,202 - back_corridor_end - INFO - [back_corridor_end.py:57] - 现在是(49,4)
2025-11-23 14:28:15,202 - back_corridor_end - INFO - [back_corridor_end.py:80] - isDotAlive:发现死路上的点(49, 4)
2025-11-23 14:28:15,202 - back_corridor_end - INFO - [back_corridor_end.py:46] - dfs从(44,9)开始
2025-11-23 14:28:15,202 - back_corridor_end - INFO - [back_corridor_end.py:57] - 现在是(44,9)
2025-11-23 14:28:15,202 - back_corridor_end - INFO - [back_corridor_end.py:57] - 现在是(43,9)
2025-11-23 14:28:15,202 - back_corridor_end - INFO - [back_corridor_end.py:74] - isDotAlive:点(43, 9)是活的
2025-11-23 14:28:15,202 - back_corridor_end - INFO - [back_corridor_end.py:57] - 现在是(44,9)
2025-11-23 14:28:15,202 - back_corridor_end - INFO - [back_corridor_end.py:74] - isDotAlive:点(44, 9)是活的
2025-11-23 14:28:15,202 - back_corridor_end - INFO - [back_corridor_end.py:46] - dfs从(42,3)开始
2025-11-23 14:28:15,202 - back_corridor_end - INFO - [back_corridor_end.py:57] - 现在是(42,3)
2025-11-23 14:28:15,202 - back_corridor_end - INFO - [back_corridor_end.py:80] - isDotAlive:发现死路上的点(42, 3)
2025-11-23 14:28:15,202 - back_corridor_end - INFO - [back_corridor_end.py:46] - dfs从(39,6)开始
2025-11-23 14:28:15,202 - back_corridor_end - INFO - [back_corridor_end.py:57] - 现在是(39,6)
2025-11-23 14:28:15,202 - back_corridor_end - INFO - [back_corridor_end.py:80] - isDotAlive:发现死路上的点(39, 6)
2025-11-23 14:28:15,202 - back_corridor_end - INFO - [back_corridor_end.py:46] - dfs从(55,28)开始
2025-11-23 14:28:15,202 - back_corridor_end - INFO - [back_corridor_end.py:57] - 现在是(55,28)
2025-11-23 14:28:15,203 - back_corridor_end - INFO - [back_corridor_end.py:80] - isDotAlive:发现死路上的点(55, 28)
2025-11-23 14:28:15,203 - back_corridor_end - INFO - [back_corridor_end.py:46] - dfs从(72,21)开始
2025-11-23 14:28:15,203 - back_corridor_end - INFO - [back_corridor_end.py:57] - 现在是(72,21)
2025-11-23 14:28:15,203 - back_corridor_end - INFO - [back_corridor_end.py:80] - isDotAlive:发现死路上的点(72, 21)
2025-11-23 14:28:15,203 - back_corridor_end - INFO - [back_corridor_end.py:46] - dfs从(64,20)开始
2025-11-23 14:28:15,203 - back_corridor_end - INFO - [back_corridor_end.py:57] - 现在是(64,20)
2025-11-23 14:28:15,203 - back_corridor_end - INFO - [back_corridor_end.py:80] - isDotAlive:发现死路上的点(64, 20)
2025-11-23 14:28:15,203 - back_corridor_end - INFO - [back_corridor_end.py:46] - dfs从(72,19)开始
2025-11-23 14:28:15,203 - back_corridor_end - INFO - [back_corridor_end.py:57] - 现在是(72,19)
2025-11-23 14:28:15,203 - back_corridor_end - INFO - [back_corridor_end.py:80] - isDotAlive:发现死路上的点(72, 19)
2025-11-23 14:28:15,203 - back_corridor_end - INFO - [back_corridor_end.py:46] - dfs从(64,13)开始
2025-11-23 14:28:15,203 - back_corridor_end - INFO - [back_corridor_end.py:57] - 现在是(64,13)
2025-11-23 14:28:15,203 - back_corridor_end - INFO - [back_corridor_end.py:80] - isDotAlive:发现死路上的点(64, 13)
2025-11-23 14:28:15,203 - back_corridor_end - INFO - [back_corridor_end.py:46] - dfs从(69,12)开始
2025-11-23 14:28:15,203 - back_corridor_end - INFO - [back_corridor_end.py:57] - 现在是(69,12)
2025-11-23 14:28:15,203 - back_corridor_end - INFO - [back_corridor_end.py:80] - isDotAlive:发现死路上的点(69, 12)
2025-11-23 14:28:15,203 - back_corridor_end - INFO - [back_corridor_end.py:46] - dfs从(72,79)开始
2025-11-23 14:28:15,203 - back_corridor_end - INFO - [back_corridor_end.py:57] - 现在是(72,79)
2025-11-23 14:28:15,203 - back_corridor_end - INFO - [back_corridor_end.py:80] - isDotAlive:发现死路上的点(72, 79)
2025-11-23 14:28:15,203 - back_corridor_end - INFO - [back_corridor_end.py:46] - dfs从(68,79)开始
2025-11-23 14:28:15,203 - back_corridor_end - INFO - [back_corridor_end.py:57] - 现在是(68,79)
2025-11-23 14:28:15,203 - back_corridor_end - INFO - [back_corridor_end.py:80] - isDotAlive:发现死路上的点(68, 79)
2025-11-23 14:28:15,203 - back_corridor_end - INFO - [back_corridor_end.py:46] - dfs从(71,76)开始
2025-11-23 14:28:15,203 - back_corridor_end - INFO - [back_corridor_end.py:57] - 现在是(71,76)
2025-11-23 14:28:15,203 - back_corridor_end - INFO - [back_corridor_end.py:80] - isDotAlive:发现死路上的点(71, 76)
2025-11-23 14:28:15,203 - back_corridor_end - INFO - [back_corridor_end.py:46] - dfs从(14,26)开始
2025-11-23 14:28:15,203 - back_corridor_end - INFO - [back_corridor_end.py:57] - 现在是(14,26)
2025-11-23 14:28:15,204 - back_corridor_end - INFO - [back_corridor_end.py:80] - isDotAlive:发现死路上的点(14, 26)
2025-11-23 14:28:15,204 - back_corridor_end - INFO - [back_corridor_end.py:46] - dfs从(16,29)开始
2025-11-23 14:28:15,204 - back_corridor_end - INFO - [back_corridor_end.py:57] - 现在是(16,29)
2025-11-23 14:28:15,204 - back_corridor_end - INFO - [back_corridor_end.py:80] - isDotAlive:发现死路上的点(16, 29)
2025-11-23 14:28:15,204 - back_corridor_end - INFO - [back_corridor_end.py:46] - dfs从(13,32)开始
2025-11-23 14:28:15,204 - back_corridor_end - INFO - [back_corridor_end.py:57] - 现在是(13,32)
2025-11-23 14:28:15,204 - back_corridor_end - INFO - [back_corridor_end.py:80] - isDotAlive:发现死路上的点(13, 32)
2025-11-23 14:28:15,204 - back_corridor_end - INFO - [back_corridor_end.py:46] - dfs从(4,70)开始
2025-11-23 14:28:15,204 - back_corridor_end - INFO - [back_corridor_end.py:57] - 现在是(4,70)
2025-11-23 14:28:15,204 - back_corridor_end - INFO - [back_corridor_end.py:80] - isDotAlive:发现死路上的点(4, 70)
2025-11-23 14:28:15,204 - back_corridor_end - INFO - [back_corridor_end.py:46] - dfs从(2,74)开始
2025-11-23 14:28:15,204 - back_corridor_end - INFO - [back_corridor_end.py:57] - 现在是(2,74)
2025-11-23 14:28:15,204 - back_corridor_end - INFO - [back_corridor_end.py:80] - isDotAlive:发现死路上的点(2, 74)
2025-11-23 14:28:15,204 - back_corridor_end - INFO - [back_corridor_end.py:46] - dfs从(1,66)开始
2025-11-23 14:28:15,204 - back_corridor_end - INFO - [back_corridor_end.py:57] - 现在是(1,66)
2025-11-23 14:28:15,204 - back_corridor_end - INFO - [back_corridor_end.py:80] - isDotAlive:发现死路上的点(1, 66)
2025-11-23 14:28:15,204 - back_corridor_end - INFO - [back_corridor_end.py:46] - dfs从(4,73)开始
2025-11-23 14:28:15,204 - back_corridor_end - INFO - [back_corridor_end.py:57] - 现在是(4,73)
2025-11-23 14:28:15,204 - back_corridor_end - INFO - [back_corridor_end.py:80] - isDotAlive:发现死路上的点(4, 73)
2025-11-23 14:28:15,204 - back_corridor_end - INFO - [back_corridor_end.py:46] - dfs从(44,45)开始
2025-11-23 14:28:15,204 - back_corridor_end - INFO - [back_corridor_end.py:57] - 现在是(44,45)
2025-11-23 14:28:15,204 - back_corridor_end - INFO - [back_corridor_end.py:80] - isDotAlive:发现死路上的点(44, 45)
2025-11-23 14:28:15,204 - back_corridor_end - INFO - [back_corridor_end.py:46] - dfs从(40,45)开始
2025-11-23 14:28:15,204 - back_corridor_end - INFO - [back_corridor_end.py:57] - 现在是(40,45)
2025-11-23 14:28:15,204 - back_corridor_end - INFO - [back_corridor_end.py:57] - 现在是(39,45)
2025-11-23 14:28:15,204 - back_corridor_end - INFO - [back_corridor_end.py:74] - isDotAlive:点(39, 45)是活的
2025-11-23 14:28:15,205 - back_corridor_end - INFO - [back_corridor_end.py:57] - 现在是(40,45)
2025-11-23 14:28:15,205 - back_corridor_end - INFO - [back_corridor_end.py:74] - isDotAlive:点(40, 45)是活的
2025-11-23 14:28:15,205 - back_corridor_end - INFO - [back_corridor_end.py:46] - dfs从(44,47)开始
2025-11-23 14:28:15,205 - back_corridor_end - INFO - [back_corridor_end.py:57] - 现在是(44,47)
2025-11-23 14:28:15,205 - back_corridor_end - INFO - [back_corridor_end.py:80] - isDotAlive:发现死路上的点(44, 47)
2025-11-23 14:28:15,205 - back_corridor_end - INFO - [back_corridor_end.py:46] - dfs从(42,48)开始
2025-11-23 14:28:15,205 - back_corridor_end - INFO - [back_corridor_end.py:57] - 现在是(42,48)
2025-11-23 14:28:15,205 - back_corridor_end - INFO - [back_corridor_end.py:80] - isDotAlive:发现死路上的点(42, 48)
2025-11-23 14:28:15,205 - back_corridor_end - INFO - [back_corridor_end.py:46] - dfs从(43,42)开始
2025-11-23 14:28:15,205 - back_corridor_end - INFO - [back_corridor_end.py:57] - 现在是(43,42)
2025-11-23 14:28:15,205 - back_corridor_end - INFO - [back_corridor_end.py:80] - isDotAlive:发现死路上的点(43, 42)
2025-11-23 14:28:15,205 - back_corridor_end - INFO - [back_corridor_end.py:46] - dfs从(42,32)开始
2025-11-23 14:28:15,205 - back_corridor_end - INFO - [back_corridor_end.py:57] - 现在是(42,32)
2025-11-23 14:28:15,205 - back_corridor_end - INFO - [back_corridor_end.py:80] - isDotAlive:发现死路上的点(42, 32)
2025-11-23 14:28:15,205 - back_corridor_end - INFO - [back_corridor_end.py:46] - dfs从(40,34)开始
2025-11-23 14:28:15,205 - back_corridor_end - INFO - [back_corridor_end.py:57] - 现在是(40,34)
2025-11-23 14:28:15,205 - back_corridor_end - INFO - [back_corridor_end.py:80] - isDotAlive:发现死路上的点(40, 34)
2025-11-23 14:28:15,205 - back_corridor_end - INFO - [back_corridor_end.py:46] - dfs从(38,25)开始
2025-11-23 14:28:15,205 - back_corridor_end - INFO - [back_corridor_end.py:57] - 现在是(38,25)
2025-11-23 14:28:15,205 - back_corridor_end - INFO - [back_corridor_end.py:80] - isDotAlive:发现死路上的点(38, 25)
2025-11-23 14:28:15,205 - back_corridor_end - INFO - [back_corridor_end.py:46] - dfs从(39,24)开始
2025-11-23 14:28:15,205 - back_corridor_end - INFO - [back_corridor_end.py:57] - 现在是(39,24)
2025-11-23 14:28:15,205 - back_corridor_end - INFO - [back_corridor_end.py:80] - isDotAlive:发现死路上的点(39, 24)
2025-11-23 14:28:15,205 - back_corridor_end - INFO - [back_corridor_end.py:46] - dfs从(41,24)开始
2025-11-23 14:28:15,205 - back_corridor_end - INFO - [back_corridor_end.py:57] - 现在是(41,24)
2025-11-23 14:28:15,205 - back_corridor_end - INFO - [back_corridor_end.py:80] - isDotAlive:发现死路上的点(41, 24)
2025-11-23 14:28:15,206 - back_corridor_end - INFO - [back_corridor_end.py:46] - dfs从(22,45)开始
2025-11-23 14:28:15,206 - back_corridor_end - INFO - [back_corridor_end.py:57] - 现在是(22,45)
2025-11-23 14:28:15,206 - back_corridor_end - INFO - [back_corridor_end.py:80] - isDotAlive:发现死路上的点(22, 45)
2025-11-23 14:28:15,206 - back_corridor_end - INFO - [back_corridor_end.py:46] - dfs从(18,44)开始
2025-11-23 14:28:15,206 - back_corridor_end - INFO - [back_corridor_end.py:57] - 现在是(18,44)
2025-11-23 14:28:15,206 - back_corridor_end - INFO - [back_corridor_end.py:80] - isDotAlive:发现死路上的点(18, 44)
2025-11-23 14:28:15,206 - back_corridor_end - INFO - [back_corridor_end.py:46] - dfs从(19,36)开始
2025-11-23 14:28:15,206 - back_corridor_end - INFO - [back_corridor_end.py:57] - 现在是(19,36)
2025-11-23 14:28:15,206 - back_corridor_end - INFO - [back_corridor_end.py:80] - isDotAlive:发现死路上的点(19, 36)
2025-11-23 14:28:15,206 - back_corridor_end - INFO - [back_corridor_end.py:46] - dfs从(18,37)开始
2025-11-23 14:28:15,206 - back_corridor_end - INFO - [back_corridor_end.py:57] - 现在是(18,37)
2025-11-23 14:28:15,206 - back_corridor_end - INFO - [back_corridor_end.py:80] - isDotAlive:发现死路上的点(18, 37)
2025-11-23 14:28:15,206 - back_corridor_end - INFO - [back_corridor_end.py:46] - dfs从(22,38)开始
2025-11-23 14:28:15,206 - back_corridor_end - INFO - [back_corridor_end.py:57] - 现在是(22,38)
2025-11-23 14:28:15,206 - back_corridor_end - INFO - [back_corridor_end.py:80] - isDotAlive:发现死路上的点(22, 38)
2025-11-23 14:28:15,206 - back_corridor_end - INFO - [back_corridor_end.py:46] - dfs从(21,36)开始
2025-11-23 14:28:15,206 - back_corridor_end - INFO - [back_corridor_end.py:57] - 现在是(21,36)
2025-11-23 14:28:15,206 - back_corridor_end - INFO - [back_corridor_end.py:80] - isDotAlive:发现死路上的点(21, 36)
2025-11-23 14:28:15,206 - back_corridor_end - INFO - [back_corridor_end.py:46] - dfs从(4,88)开始
2025-11-23 14:28:15,206 - back_corridor_end - INFO - [back_corridor_end.py:57] - 现在是(4,88)
2025-11-23 14:28:15,206 - back_corridor_end - INFO - [back_corridor_end.py:80] - isDotAlive:发现死路上的点(4, 88)
2025-11-23 14:28:15,206 - back_corridor_end - INFO - [back_corridor_end.py:46] - dfs从(8,90)开始
2025-11-23 14:28:15,206 - back_corridor_end - INFO - [back_corridor_end.py:57] - 现在是(8,90)
2025-11-23 14:28:15,206 - back_corridor_end - INFO - [back_corridor_end.py:80] - isDotAlive:发现死路上的点(8, 90)
2025-11-23 14:28:15,206 - back_corridor_end - INFO - [back_corridor_end.py:46] - dfs从(7,92)开始
2025-11-23 14:28:15,206 - back_corridor_end - INFO - [back_corridor_end.py:57] - 现在是(7,92)
2025-11-23 14:28:15,207 - back_corridor_end - INFO - [back_corridor_end.py:80] - isDotAlive:发现死路上的点(7, 92)
2025-11-23 14:28:15,207 - back_corridor_end - INFO - [back_corridor_end.py:46] - dfs从(30,19)开始
2025-11-23 14:28:15,207 - back_corridor_end - INFO - [back_corridor_end.py:57] - 现在是(30,19)
2025-11-23 14:28:15,207 - back_corridor_end - INFO - [back_corridor_end.py:80] - isDotAlive:发现死路上的点(30, 19)
2025-11-23 14:28:15,207 - back_corridor_end - INFO - [back_corridor_end.py:46] - dfs从(27,20)开始
2025-11-23 14:28:15,207 - back_corridor_end - INFO - [back_corridor_end.py:57] - 现在是(27,20)
2025-11-23 14:28:15,207 - back_corridor_end - INFO - [back_corridor_end.py:80] - isDotAlive:发现死路上的点(27, 20)
2025-11-23 14:28:15,207 - back_corridor_end - INFO - [back_corridor_end.py:46] - dfs从(26,18)开始
2025-11-23 14:28:15,207 - back_corridor_end - INFO - [back_corridor_end.py:57] - 现在是(26,18)
2025-11-23 14:28:15,207 - back_corridor_end - INFO - [back_corridor_end.py:80] - isDotAlive:发现死路上的点(26, 18)
2025-11-23 14:28:15,207 - back_corridor_end - INFO - [back_corridor_end.py:46] - dfs从(28,16)开始
2025-11-23 14:28:15,207 - back_corridor_end - INFO - [back_corridor_end.py:57] - 现在是(28,16)
2025-11-23 14:28:15,207 - back_corridor_end - INFO - [back_corridor_end.py:80] - isDotAlive:发现死路上的点(28, 16)
2025-11-23 14:28:15,207 - back_corridor_end - INFO - [back_corridor_end.py:46] - dfs从(29,20)开始
2025-11-23 14:28:15,207 - back_corridor_end - INFO - [back_corridor_end.py:57] - 现在是(29,20)
2025-11-23 14:28:15,207 - back_corridor_end - INFO - [back_corridor_end.py:80] - isDotAlive:发现死路上的点(29, 20)
2025-11-23 14:28:15,207 - back_corridor_end - INFO - [back_corridor_end.py:46] - dfs从(42,63)开始
2025-11-23 14:28:15,207 - back_corridor_end - INFO - [back_corridor_end.py:57] - 现在是(42,63)
2025-11-23 14:28:15,207 - back_corridor_end - INFO - [back_corridor_end.py:80] - isDotAlive:发现死路上的点(42, 63)
2025-11-23 14:28:15,207 - back_corridor_end - INFO - [back_corridor_end.py:46] - dfs从(41,72)开始
2025-11-23 14:28:15,207 - back_corridor_end - INFO - [back_corridor_end.py:57] - 现在是(41,72)
2025-11-23 14:28:15,207 - back_corridor_end - INFO - [back_corridor_end.py:80] - isDotAlive:发现死路上的点(41, 72)
2025-11-23 14:28:15,207 - back_corridor_end - INFO - [back_corridor_end.py:46] - dfs从(39,62)开始
2025-11-23 14:28:15,207 - back_corridor_end - INFO - [back_corridor_end.py:57] - 现在是(39,62)
2025-11-23 14:28:15,207 - back_corridor_end - INFO - [back_corridor_end.py:80] - isDotAlive:发现死路上的点(39, 62)
2025-11-23 14:28:15,207 - back_corridor_end - INFO - [back_corridor_end.py:46] - dfs从(31,36)开始
2025-11-23 14:28:15,207 - back_corridor_end - INFO - [back_corridor_end.py:57] - 现在是(31,36)
2025-11-23 14:28:15,208 - back_corridor_end - INFO - [back_corridor_end.py:80] - isDotAlive:发现死路上的点(31, 36)
2025-11-23 14:28:15,208 - back_corridor_end - INFO - [back_corridor_end.py:46] - dfs从(25,40)开始
2025-11-23 14:28:15,208 - back_corridor_end - INFO - [back_corridor_end.py:57] - 现在是(25,40)
2025-11-23 14:28:15,208 - back_corridor_end - INFO - [back_corridor_end.py:80] - isDotAlive:发现死路上的点(25, 40)
2025-11-23 14:28:15,208 - back_corridor_end - INFO - [back_corridor_end.py:46] - dfs从(24,38)开始
2025-11-23 14:28:15,208 - back_corridor_end - INFO - [back_corridor_end.py:57] - 现在是(24,38)
2025-11-23 14:28:15,208 - back_corridor_end - INFO - [back_corridor_end.py:80] - isDotAlive:发现死路上的点(24, 38)
2025-11-23 14:28:15,208 - back_corridor_end - INFO - [back_corridor_end.py:46] - dfs从(32,38)开始
2025-11-23 14:28:15,208 - back_corridor_end - INFO - [back_corridor_end.py:57] - 现在是(32,38)
2025-11-23 14:28:15,208 - back_corridor_end - INFO - [back_corridor_end.py:80] - isDotAlive:发现死路上的点(32, 38)
2025-11-23 14:28:15,208 - back_corridor_end - INFO - [back_corridor_end.py:46] - dfs从(84,47)开始
2025-11-23 14:28:15,208 - back_corridor_end - INFO - [back_corridor_end.py:57] - 现在是(84,47)
2025-11-23 14:28:15,208 - back_corridor_end - INFO - [back_corridor_end.py:80] - isDotAlive:发现死路上的点(84, 47)
2025-11-23 14:28:15,208 - back_corridor_end - INFO - [back_corridor_end.py:46] - dfs从(80,45)开始
2025-11-23 14:28:15,208 - back_corridor_end - INFO - [back_corridor_end.py:57] - 现在是(80,45)
2025-11-23 14:28:15,208 - back_corridor_end - INFO - [back_corridor_end.py:80] - isDotAlive:发现死路上的点(80, 45)
2025-11-23 14:28:15,208 - back_corridor_end - INFO - [back_corridor_end.py:46] - dfs从(83,50)开始
2025-11-23 14:28:15,208 - back_corridor_end - INFO - [back_corridor_end.py:57] - 现在是(83,50)
2025-11-23 14:28:15,208 - back_corridor_end - INFO - [back_corridor_end.py:80] - isDotAlive:发现死路上的点(83, 50)
2025-11-23 14:28:15,208 - back_corridor_end - INFO - [back_corridor_end.py:46] - dfs从(44,89)开始
2025-11-23 14:28:15,208 - back_corridor_end - INFO - [back_corridor_end.py:57] - 现在是(44,89)
2025-11-23 14:28:15,208 - back_corridor_end - INFO - [back_corridor_end.py:80] - isDotAlive:发现死路上的点(44, 89)
2025-11-23 14:28:15,208 - back_corridor_end - INFO - [back_corridor_end.py:46] - dfs从(44,93)开始
2025-11-23 14:28:15,208 - back_corridor_end - INFO - [back_corridor_end.py:57] - 现在是(44,93)
2025-11-23 14:28:15,208 - back_corridor_end - INFO - [back_corridor_end.py:80] - isDotAlive:发现死路上的点(44, 93)
2025-11-23 14:28:15,208 - back_corridor_end - INFO - [back_corridor_end.py:46] - dfs从(40,91)开始
2025-11-23 14:28:15,209 - back_corridor_end - INFO - [back_corridor_end.py:57] - 现在是(40,91)
2025-11-23 14:28:15,209 - back_corridor_end - INFO - [back_corridor_end.py:80] - isDotAlive:发现死路上的点(40, 91)
2025-11-23 14:28:15,209 - back_corridor_end - INFO - [back_corridor_end.py:46] - dfs从(88,18)开始
2025-11-23 14:28:15,209 - back_corridor_end - INFO - [back_corridor_end.py:57] - 现在是(88,18)
2025-11-23 14:28:15,209 - back_corridor_end - INFO - [back_corridor_end.py:80] - isDotAlive:发现死路上的点(88, 18)
2025-11-23 14:28:15,209 - back_corridor_end - INFO - [back_corridor_end.py:46] - dfs从(82,19)开始
2025-11-23 14:28:15,209 - back_corridor_end - INFO - [back_corridor_end.py:57] - 现在是(82,19)
2025-11-23 14:28:15,209 - back_corridor_end - INFO - [back_corridor_end.py:57] - 现在是(81,19)
2025-11-23 14:28:15,209 - back_corridor_end - INFO - [back_corridor_end.py:74] - isDotAlive:点(81, 19)是活的
2025-11-23 14:28:15,209 - back_corridor_end - INFO - [back_corridor_end.py:57] - 现在是(82,19)
2025-11-23 14:28:15,209 - back_corridor_end - INFO - [back_corridor_end.py:74] - isDotAlive:点(82, 19)是活的
2025-11-23 14:28:15,209 - back_corridor_end - INFO - [back_corridor_end.py:46] - dfs从(82,17)开始
2025-11-23 14:28:15,209 - back_corridor_end - INFO - [back_corridor_end.py:57] - 现在是(82,17)
2025-11-23 14:28:15,209 - back_corridor_end - INFO - [back_corridor_end.py:57] - 现在是(81,17)
2025-11-23 14:28:15,209 - back_corridor_end - INFO - [back_corridor_end.py:74] - isDotAlive:点(81, 17)是活的
2025-11-23 14:28:15,209 - back_corridor_end - INFO - [back_corridor_end.py:57] - 现在是(82,17)
2025-11-23 14:28:15,209 - back_corridor_end - INFO - [back_corridor_end.py:74] - isDotAlive:点(82, 17)是活的
2025-11-23 14:28:15,209 - back_corridor_end - INFO - [back_corridor_end.py:46] - dfs从(96,86)开始
2025-11-23 14:28:15,209 - back_corridor_end - INFO - [back_corridor_end.py:57] - 现在是(96,86)
2025-11-23 14:28:15,209 - back_corridor_end - INFO - [back_corridor_end.py:80] - isDotAlive:发现死路上的点(96, 86)
2025-11-23 14:28:15,209 - back_corridor_end - INFO - [back_corridor_end.py:46] - dfs从(93,82)开始
2025-11-23 14:28:15,209 - back_corridor_end - INFO - [back_corridor_end.py:57] - 现在是(93,82)
2025-11-23 14:28:15,209 - back_corridor_end - INFO - [back_corridor_end.py:80] - isDotAlive:发现死路上的点(93, 82)
2025-11-23 14:28:15,209 - back_corridor_end - INFO - [back_corridor_end.py:46] - dfs从(96,83)开始
2025-11-23 14:28:15,209 - back_corridor_end - INFO - [back_corridor_end.py:57] - 现在是(96,83)
2025-11-23 14:28:15,209 - back_corridor_end - INFO - [back_corridor_end.py:80] - isDotAlive:发现死路上的点(96, 83)
2025-11-23 14:28:15,210 - back_corridor_end - INFO - [back_corridor_end.py:46] - dfs从(93,16)开始
2025-11-23 14:28:15,210 - back_corridor_end - INFO - [back_corridor_end.py:57] - 现在是(93,16)
2025-11-23 14:28:15,210 - back_corridor_end - INFO - [back_corridor_end.py:80] - isDotAlive:发现死路上的点(93, 16)
2025-11-23 14:28:15,210 - back_corridor_end - INFO - [back_corridor_end.py:46] - dfs从(97,16)开始
2025-11-23 14:28:15,210 - back_corridor_end - INFO - [back_corridor_end.py:57] - 现在是(97,16)
2025-11-23 14:28:15,210 - back_corridor_end - INFO - [back_corridor_end.py:80] - isDotAlive:发现死路上的点(97, 16)
2025-11-23 14:28:15,210 - back_corridor_end - INFO - [back_corridor_end.py:46] - dfs从(97,10)开始
2025-11-23 14:28:15,210 - back_corridor_end - INFO - [back_corridor_end.py:57] - 现在是(97,10)
2025-11-23 14:28:15,210 - back_corridor_end - INFO - [back_corridor_end.py:80] - isDotAlive:发现死路上的点(97, 10)
2025-11-23 14:28:15,210 - back_corridor_end - INFO - [back_corridor_end.py:46] - dfs从(92,14)开始
2025-11-23 14:28:15,210 - back_corridor_end - INFO - [back_corridor_end.py:57] - 现在是(92,14)
2025-11-23 14:28:15,210 - back_corridor_end - INFO - [back_corridor_end.py:80] - isDotAlive:发现死路上的点(92, 14)
2025-11-23 14:28:15,210 - back_corridor_end - INFO - [back_corridor_end.py:46] - dfs从(98,15)开始
2025-11-23 14:28:15,210 - back_corridor_end - INFO - [back_corridor_end.py:57] - 现在是(98,15)
2025-11-23 14:28:15,210 - back_corridor_end - INFO - [back_corridor_end.py:80] - isDotAlive:发现死路上的点(98, 15)
2025-11-23 14:28:15,210 - back_corridor_end - INFO - [back_corridor_end.py:46] - dfs从(40,39)开始
2025-11-23 14:28:15,210 - back_corridor_end - INFO - [back_corridor_end.py:57] - 现在是(40,39)
2025-11-23 14:28:15,210 - back_corridor_end - INFO - [back_corridor_end.py:80] - isDotAlive:发现死路上的点(40, 39)
2025-11-23 14:28:15,210 - back_corridor_end - INFO - [back_corridor_end.py:46] - dfs从(48,40)开始
2025-11-23 14:28:15,210 - back_corridor_end - INFO - [back_corridor_end.py:57] - 现在是(48,40)
2025-11-23 14:28:15,210 - back_corridor_end - INFO - [back_corridor_end.py:80] - isDotAlive:发现死路上的点(48, 40)
2025-11-23 14:28:15,210 - back_corridor_end - INFO - [back_corridor_end.py:46] - dfs从(45,40)开始
2025-11-23 14:28:15,210 - back_corridor_end - INFO - [back_corridor_end.py:57] - 现在是(45,40)
2025-11-23 14:28:15,210 - back_corridor_end - INFO - [back_corridor_end.py:80] - isDotAlive:发现死路上的点(45, 40)
2025-11-23 14:28:15,210 - back_corridor_end - INFO - [back_corridor_end.py:46] - dfs从(47,36)开始
2025-11-23 14:28:15,210 - back_corridor_end - INFO - [back_corridor_end.py:57] - 现在是(47,36)
2025-11-23 14:28:15,211 - back_corridor_end - INFO - [back_corridor_end.py:80] - isDotAlive:发现死路上的点(47, 36)
2025-11-23 14:28:15,211 - back_corridor_end - INFO - [back_corridor_end.py:46] - dfs从(44,36)开始
2025-11-23 14:28:15,211 - back_corridor_end - INFO - [back_corridor_end.py:57] - 现在是(44,36)
2025-11-23 14:28:15,211 - back_corridor_end - INFO - [back_corridor_end.py:80] - isDotAlive:发现死路上的点(44, 36)
2025-11-23 14:28:15,211 - back_corridor_end - INFO - [back_corridor_end.py:46] - dfs从(40,37)开始
2025-11-23 14:28:15,211 - back_corridor_end - INFO - [back_corridor_end.py:57] - 现在是(40,37)
2025-11-23 14:28:15,211 - back_corridor_end - INFO - [back_corridor_end.py:57] - 现在是(39,37)
2025-11-23 14:28:15,211 - back_corridor_end - INFO - [back_corridor_end.py:74] - isDotAlive:点(39, 37)是活的
2025-11-23 14:28:15,211 - back_corridor_end - INFO - [back_corridor_end.py:57] - 现在是(40,37)
2025-11-23 14:28:15,211 - back_corridor_end - INFO - [back_corridor_end.py:74] - isDotAlive:点(40, 37)是活的
2025-11-23 14:28:15,211 - back_corridor_end - INFO - [back_corridor_end.py:46] - dfs从(49,30)开始
2025-11-23 14:28:15,211 - back_corridor_end - INFO - [back_corridor_end.py:57] - 现在是(49,30)
2025-11-23 14:28:15,211 - back_corridor_end - INFO - [back_corridor_end.py:80] - isDotAlive:发现死路上的点(49, 30)
2025-11-23 14:28:15,211 - back_corridor_end - INFO - [back_corridor_end.py:46] - dfs从(47,30)开始
2025-11-23 14:28:15,211 - back_corridor_end - INFO - [back_corridor_end.py:57] - 现在是(47,30)
2025-11-23 14:28:15,211 - back_corridor_end - INFO - [back_corridor_end.py:80] - isDotAlive:发现死路上的点(47, 30)
2025-11-23 14:28:15,211 - back_corridor_end - INFO - [back_corridor_end.py:46] - dfs从(47,24)开始
2025-11-23 14:28:15,211 - back_corridor_end - INFO - [back_corridor_end.py:57] - 现在是(47,24)
2025-11-23 14:28:15,211 - back_corridor_end - INFO - [back_corridor_end.py:80] - isDotAlive:发现死路上的点(47, 24)
2025-11-23 14:28:15,211 - back_corridor_end - INFO - [back_corridor_end.py:46] - dfs从(74,11)开始
2025-11-23 14:28:15,211 - back_corridor_end - INFO - [back_corridor_end.py:57] - 现在是(74,11)
2025-11-23 14:28:15,211 - back_corridor_end - INFO - [back_corridor_end.py:80] - isDotAlive:发现死路上的点(74, 11)
2025-11-23 14:28:15,211 - back_corridor_end - INFO - [back_corridor_end.py:46] - dfs从(69,12)开始
2025-11-23 14:28:15,211 - back_corridor_end - INFO - [back_corridor_end.py:57] - 现在是(69,12)
2025-11-23 14:28:15,211 - back_corridor_end - INFO - [back_corridor_end.py:80] - isDotAlive:发现死路上的点(69, 12)
2025-11-23 14:28:15,211 - back_corridor_end - INFO - [back_corridor_end.py:46] - dfs从(69,8)开始
2025-11-23 14:28:15,212 - back_corridor_end - INFO - [back_corridor_end.py:57] - 现在是(69,8)
2025-11-23 14:28:15,212 - back_corridor_end - INFO - [back_corridor_end.py:80] - isDotAlive:发现死路上的点(69, 8)
2025-11-23 14:28:15,212 - back_corridor_end - INFO - [back_corridor_end.py:46] - dfs从(36,11)开始
2025-11-23 14:28:15,212 - back_corridor_end - INFO - [back_corridor_end.py:57] - 现在是(36,11)
2025-11-23 14:28:15,212 - back_corridor_end - INFO - [back_corridor_end.py:80] - isDotAlive:发现死路上的点(36, 11)
2025-11-23 14:28:15,212 - back_corridor_end - INFO - [back_corridor_end.py:46] - dfs从(32,13)开始
2025-11-23 14:28:15,212 - back_corridor_end - INFO - [back_corridor_end.py:57] - 现在是(32,13)
2025-11-23 14:28:15,212 - back_corridor_end - INFO - [back_corridor_end.py:80] - isDotAlive:发现死路上的点(32, 13)
2025-11-23 14:28:15,212 - back_corridor_end - INFO - [back_corridor_end.py:46] - dfs从(68,79)开始
2025-11-23 14:28:15,212 - back_corridor_end - INFO - [back_corridor_end.py:57] - 现在是(68,79)
2025-11-23 14:28:15,212 - back_corridor_end - INFO - [back_corridor_end.py:80] - isDotAlive:发现死路上的点(68, 79)
2025-11-23 14:28:15,212 - back_corridor_end - INFO - [back_corridor_end.py:46] - dfs从(65,72)开始
2025-11-23 14:28:15,212 - back_corridor_end - INFO - [back_corridor_end.py:57] - 现在是(65,72)
2025-11-23 14:28:15,212 - back_corridor_end - INFO - [back_corridor_end.py:80] - isDotAlive:发现死路上的点(65, 72)
2025-11-23 14:28:15,212 - back_corridor_end - INFO - [back_corridor_end.py:46] - dfs从(62,81)开始
2025-11-23 14:28:15,212 - back_corridor_end - INFO - [back_corridor_end.py:57] - 现在是(62,81)
2025-11-23 14:28:15,212 - back_corridor_end - INFO - [back_corridor_end.py:80] - isDotAlive:发现死路上的点(62, 81)
2025-11-23 14:28:15,212 - back_corridor_end - INFO - [back_corridor_end.py:46] - dfs从(68,73)开始
2025-11-23 14:28:15,212 - back_corridor_end - INFO - [back_corridor_end.py:57] - 现在是(68,73)
2025-11-23 14:28:15,212 - back_corridor_end - INFO - [back_corridor_end.py:80] - isDotAlive:发现死路上的点(68, 73)
2025-11-23 14:28:15,212 - back_corridor_end - INFO - [back_corridor_end.py:46] - dfs从(98,61)开始
2025-11-23 14:28:15,212 - back_corridor_end - INFO - [back_corridor_end.py:57] - 现在是(98,61)
2025-11-23 14:28:15,212 - back_corridor_end - INFO - [back_corridor_end.py:80] - isDotAlive:发现死路上的点(98, 61)
2025-11-23 14:28:15,212 - back_corridor_end - INFO - [back_corridor_end.py:46] - dfs从(92,62)开始
2025-11-23 14:28:15,212 - back_corridor_end - INFO - [back_corridor_end.py:57] - 现在是(92,62)
2025-11-23 14:28:15,212 - back_corridor_end - INFO - [back_corridor_end.py:80] - isDotAlive:发现死路上的点(92, 62)
2025-11-23 14:28:15,213 - back_corridor_end - INFO - [back_corridor_end.py:46] - dfs从(95,60)开始
2025-11-23 14:28:15,213 - back_corridor_end - INFO - [back_corridor_end.py:57] - 现在是(95,60)
2025-11-23 14:28:15,213 - back_corridor_end - INFO - [back_corridor_end.py:80] - isDotAlive:发现死路上的点(95, 60)
2025-11-23 14:28:15,213 - back_corridor_end - INFO - [back_corridor_end.py:46] - dfs从(61,8)开始
2025-11-23 14:28:15,213 - back_corridor_end - INFO - [back_corridor_end.py:57] - 现在是(61,8)
2025-11-23 14:28:15,213 - back_corridor_end - INFO - [back_corridor_end.py:80] - isDotAlive:发现死路上的点(61, 8)
2025-11-23 14:28:15,213 - back_corridor_end - INFO - [back_corridor_end.py:46] - dfs从(64,5)开始
2025-11-23 14:28:15,213 - back_corridor_end - INFO - [back_corridor_end.py:57] - 现在是(64,5)
2025-11-23 14:28:15,213 - back_corridor_end - INFO - [back_corridor_end.py:57] - 现在是(65,5)
2025-11-23 14:28:15,213 - back_corridor_end - INFO - [back_corridor_end.py:57] - 现在是(65,4)
2025-11-23 14:28:15,213 - back_corridor_end - INFO - [back_corridor_end.py:57] - 现在是(65,3)
2025-11-23 14:28:15,213 - back_corridor_end - INFO - [back_corridor_end.py:80] - isDotAlive:发现死路上的点(65, 3)
2025-11-23 14:28:15,213 - back_corridor_end - INFO - [back_corridor_end.py:57] - 现在是(65,4)
2025-11-23 14:28:15,213 - back_corridor_end - INFO - [back_corridor_end.py:80] - isDotAlive:发现死路上的点(65, 4)
2025-11-23 14:28:15,213 - back_corridor_end - INFO - [back_corridor_end.py:57] - 现在是(65,5)
2025-11-23 14:28:15,213 - back_corridor_end - INFO - [back_corridor_end.py:74] - isDotAlive:点(65, 5)是活的
2025-11-23 14:28:15,213 - back_corridor_end - INFO - [back_corridor_end.py:57] - 现在是(64,5)
2025-11-23 14:28:15,213 - back_corridor_end - INFO - [back_corridor_end.py:74] - isDotAlive:点(64, 5)是活的
2025-11-23 14:28:15,213 - back_corridor_end - INFO - [back_corridor_end.py:46] - dfs从(9,18)开始
2025-11-23 14:28:15,213 - back_corridor_end - INFO - [back_corridor_end.py:57] - 现在是(9,18)
2025-11-23 14:28:15,213 - back_corridor_end - INFO - [back_corridor_end.py:80] - isDotAlive:发现死路上的点(9, 18)
2025-11-23 14:28:15,213 - back_corridor_end - INFO - [back_corridor_end.py:46] - dfs从(8,17)开始
2025-11-23 14:28:15,213 - back_corridor_end - INFO - [back_corridor_end.py:57] - 现在是(8,17)
2025-11-23 14:28:15,213 - back_corridor_end - INFO - [back_corridor_end.py:80] - isDotAlive:发现死路上的点(8, 17)
2025-11-23 14:28:15,213 - back_corridor_end - INFO - [back_corridor_end.py:46] - dfs从(15,18)开始
2025-11-23 14:28:15,213 - back_corridor_end - INFO - [back_corridor_end.py:57] - 现在是(15,18)
2025-11-23 14:28:15,213 - back_corridor_end - INFO - [back_corridor_end.py:80] - isDotAlive:发现死路上的点(15, 18)
2025-11-23 14:28:15,214 - back_corridor_end - INFO - [back_corridor_end.py:46] - dfs从(16,15)开始
2025-11-23 14:28:15,214 - back_corridor_end - INFO - [back_corridor_end.py:57] - 现在是(16,15)
2025-11-23 14:28:15,214 - back_corridor_end - INFO - [back_corridor_end.py:80] - isDotAlive:发现死路上的点(16, 15)
2025-11-23 14:28:15,214 - back_corridor_end - INFO - [back_corridor_end.py:46] - dfs从(8,14)开始
2025-11-23 14:28:15,214 - back_corridor_end - INFO - [back_corridor_end.py:57] - 现在是(8,14)
2025-11-23 14:28:15,214 - back_corridor_end - INFO - [back_corridor_end.py:80] - isDotAlive:发现死路上的点(8, 14)
2025-11-23 14:28:15,214 - back_corridor_end - INFO - [back_corridor_end.py:46] - dfs从(11,12)开始
2025-11-23 14:28:15,214 - back_corridor_end - INFO - [back_corridor_end.py:57] - 现在是(11,12)
2025-11-23 14:28:15,214 - back_corridor_end - INFO - [back_corridor_end.py:80] - isDotAlive:发现死路上的点(11, 12)
2025-11-23 14:28:15,214 - back_corridor_end - INFO - [back_corridor_end.py:101] - 
0:[(89, 21), (89, 20), (89, 19)]
2025-11-23 14:28:15,214 - back_corridor_end - INFO - [back_corridor_end.py:101] - 
1:[(87, 15), (88, 15)]
2025-11-23 14:28:15,214 - back_corridor_end - INFO - [back_corridor_end.py:101] - 
2:[(87, 11), (88, 11), (89, 11)]
2025-11-23 14:28:15,214 - back_corridor_end - INFO - [back_corridor_end.py:101] - 
3:[(85, 15), (85, 14)]
2025-11-23 14:28:15,214 - back_corridor_end - INFO - [back_corridor_end.py:101] - 
4:[(83, 21), (82, 21), (81, 21), (80, 21), (99, 37), (99, 36), (99, 35), (99, 34), (99, 33), (99, 32), (99, 31), (98, 31), (97, 31), (97, 30), (97, 29), (98, 29), (99, 29), (99, 28), (95, 31), (95, 30), (95, 29), (94, 29), (93, 29), (92, 29), (93, 31), (92, 31), (85, 39), (85, 38), (85, 37), (86, 37), (83, 39), (82, 39), (81, 43), (82, 43), (83, 43), (83, 42), (83, 41), (82, 41), (75, 49), (74, 49), (83, 55), (82, 55), (81, 55), (81, 56)]
2025-11-23 14:28:15,214 - back_corridor_end - INFO - [back_corridor_end.py:101] - 
5:[(81, 59), (80, 59), (81, 61), (80, 61)]
2025-11-23 14:28:15,214 - back_corridor_end - INFO - [back_corridor_end.py:101] - 
6:[(75, 63), (76, 63), (77, 63), (77, 62)]
2025-11-23 14:28:15,214 - back_corridor_end - INFO - [back_corridor_end.py:101] - 
7:[(73, 55), (74, 55), (75, 55), (76, 55)]
2025-11-23 14:28:15,214 - back_corridor_end - INFO - [back_corridor_end.py:101] - 
8:[(73, 57), (74, 57)]
2025-11-23 14:28:15,214 - back_corridor_end - INFO - [back_corridor_end.py:101] - 
9:[(69, 59), (70, 59)]
2025-11-23 14:28:15,214 - back_corridor_end - INFO - [back_corridor_end.py:101] - 
10:[(69, 51), (69, 50), (69, 49), (68, 49), (65, 49), (65, 48), (65, 47), (65, 46), (73, 35), (72, 35), (71, 35), (70, 35), (69, 31), (68, 31), (63, 35), (63, 34), (63, 33), (64, 33), (65, 33), (65, 34), (65, 35), (66, 35), (67, 35), (67, 36), (67, 37), (66, 37), (65, 37), (64, 37), (63, 37), (62, 37), (59, 39), (59, 40), (59, 41), (58, 41)]
2025-11-23 14:28:15,214 - back_corridor_end - INFO - [back_corridor_end.py:101] - 
11:[(51, 39), (52, 39), (51, 37), (52, 37), (53, 37), (53, 38), (53, 39), (53, 40)]
2025-11-23 14:28:15,214 - back_corridor_end - INFO - [back_corridor_end.py:101] - 
12:[(59, 29), (59, 30), (59, 31), (58, 31)]
2025-11-23 14:28:15,214 - back_corridor_end - INFO - [back_corridor_end.py:101] - 
13:[(61, 29), (61, 30)]
2025-11-23 14:28:15,214 - back_corridor_end - INFO - [back_corridor_end.py:101] - 
14:[(63, 29), (63, 30)]
2025-11-23 14:28:15,214 - back_corridor_end - INFO - [back_corridor_end.py:101] - 
15:[(65, 29), (66, 29), (67, 29), (67, 30)]
2025-11-23 14:28:15,215 - back_corridor_end - INFO - [back_corridor_end.py:101] - 
16:[(75, 51), (75, 52)]
2025-11-23 14:28:15,215 - back_corridor_end - INFO - [back_corridor_end.py:101] - 
17:[(79, 43), (79, 44)]
2025-11-23 14:28:15,215 - back_corridor_end - INFO - [back_corridor_end.py:101] - 
18:[(75, 35), (76, 35), (77, 35), (78, 35)]
2025-11-23 14:28:15,215 - back_corridor_end - INFO - [back_corridor_end.py:101] - 
19:[(85, 31), (84, 31), (63, 23), (63, 24), (63, 25), (62, 25), (53, 29), (53, 28), (53, 27), (53, 26), (53, 25), (53, 24), (53, 31), (52, 31)]
2025-11-23 14:28:15,215 - back_corridor_end - INFO - [back_corridor_end.py:101] - 
20:[(71, 23), (71, 24), (71, 25), (70, 25), (65, 23), (65, 24), (65, 25), (66, 25), (67, 23), (67, 24), (67, 25), (68, 25), (69, 23), (69, 24), (69, 25), (69, 26)]
2025-11-23 14:28:15,215 - back_corridor_end - INFO - [back_corridor_end.py:101] - 
21:[(71, 27), (71, 28)]
2025-11-23 14:28:15,215 - back_corridor_end - INFO - [back_corridor_end.py:101] - 
22:[(77, 31), (77, 30), (77, 25), (77, 26), (77, 27), (77, 28), (77, 29), (76, 29), (73, 29)]
2025-11-23 14:28:15,215 - back_corridor_end - INFO - [back_corridor_end.py:101] - 
23:[(79, 31), (80, 31)]
2025-11-23 14:28:15,215 - back_corridor_end - INFO - [back_corridor_end.py:101] - 
24:[(89, 37), (90, 37)]
2025-11-23 14:28:15,215 - back_corridor_end - INFO - [back_corridor_end.py:101] - 
25:[(89, 29), (89, 28), (89, 27), (90, 27)]
2025-11-23 14:28:15,215 - back_corridor_end - INFO - [back_corridor_end.py:101] - 
26:[(99, 21), (99, 22)]
2025-11-23 14:28:15,215 - back_corridor_end - INFO - [back_corridor_end.py:101] - 
27:[(97, 25), (97, 24)]
2025-11-23 14:28:15,215 - back_corridor_end - INFO - [back_corridor_end.py:101] - 
28:[(77, 23), (78, 23)]
2025-11-23 14:28:15,215 - back_corridor_end - INFO - [back_corridor_end.py:101] - 
29:[(77, 21), (77, 20)]
2025-11-23 14:28:15,215 - back_corridor_end - INFO - [back_corridor_end.py:101] - 
30:[(77, 13), (77, 14), (77, 15), (76, 15), (75, 15), (75, 14)]
2025-11-23 14:28:15,215 - back_corridor_end - INFO - [back_corridor_end.py:101] - 
31:[(79, 13), (80, 13), (81, 13), (82, 13)]
2025-11-23 14:28:15,215 - back_corridor_end - INFO - [back_corridor_end.py:101] - 
32:[(81, 7), (82, 7), (83, 7), (84, 7), (87, 9), (87, 8), (87, 7), (87, 6), (87, 1), (86, 1), (85, 1)]
2025-11-23 14:28:15,215 - back_corridor_end - INFO - [back_corridor_end.py:101] - 
33:[(79, 7)]
2025-11-23 14:28:15,215 - back_corridor_end - INFO - [back_corridor_end.py:101] - 
34:[(67, 11), (67, 10), (61, 13)]
2025-11-23 14:28:15,215 - back_corridor_end - INFO - [back_corridor_end.py:101] - 
35:[(51, 19), (50, 19), (49, 23), (48, 23)]
2025-11-23 14:28:15,215 - back_corridor_end - INFO - [back_corridor_end.py:101] - 
36:[(45, 21), (45, 20), (45, 19), (46, 19)]
2025-11-23 14:28:15,215 - back_corridor_end - INFO - [back_corridor_end.py:101] - 
37:[(39, 15), (39, 14)]
2025-11-23 14:28:15,215 - back_corridor_end - INFO - [back_corridor_end.py:101] - 
38:[(37, 1), (37, 2)]
2025-11-23 14:28:15,215 - back_corridor_end - INFO - [back_corridor_end.py:101] - 
39:[(41, 11), (41, 12)]
2025-11-23 14:28:15,215 - back_corridor_end - INFO - [back_corridor_end.py:101] - 
40:[(47, 13), (47, 12), (43, 11), (44, 11), (45, 11), (46, 11), (47, 11), (48, 11), (49, 11), (49, 12), (49, 13), (50, 13), (51, 11), (51, 12), (51, 13), (52, 13), (53, 11), (53, 12), (53, 13), (53, 14)]
2025-11-23 14:28:15,216 - back_corridor_end - INFO - [back_corridor_end.py:101] - 
41:[(55, 11), (55, 10), (59, 9), (59, 8), (59, 7), (58, 7), (51, 3), (52, 3), (65, 1), (64, 1), (61, 1), (62, 1), (63, 1), (63, 2), (63, 3), (62, 3), (61, 3), (60, 3), (59, 5), (59, 4), (57, 3), (58, 3), (59, 3), (59, 2), (59, 1), (58, 1), (57, 1), (56, 1), (55, 1), (54, 1), (49, 1), (50, 1), (51, 1), (52, 1), (53, 1), (53, 2), (53, 3), (54, 3), (55, 3), (55, 4), (55, 5), (56, 5), (57, 5), (57, 6), (57, 7), (56, 7), (55, 7), (55, 8), (55, 9), (56, 9), (57, 9), (57, 10), (57, 11), (58, 11)]
2025-11-23 14:28:15,216 - back_corridor_end - INFO - [back_corridor_end.py:101] - 
42:[(63, 9), (64, 9), (65, 7), (65, 8)]
2025-11-23 14:28:15,216 - back_corridor_end - INFO - [back_corridor_end.py:101] - 
43:[(69, 5), (70, 5), (67, 5), (67, 4), (67, 3), (68, 3), (69, 3), (70, 3), (73, 3), (73, 2), (73, 1), (72, 1), (67, 1), (68, 1), (69, 1), (70, 1), (71, 1), (71, 2), (71, 3), (71, 4)]
2025-11-23 14:28:15,216 - back_corridor_end - INFO - [back_corridor_end.py:101] - 
44:[(37, 27)]
2025-11-23 14:28:15,216 - back_corridor_end - INFO - [back_corridor_end.py:101] - 
45:[(35, 33), (36, 33), (37, 33), (37, 32), (41, 35)]
2025-11-23 14:28:15,216 - back_corridor_end - INFO - [back_corridor_end.py:101] - 
46:[(39, 43), (39, 42), (39, 41), (39, 40)]
2025-11-23 14:28:15,216 - back_corridor_end - INFO - [back_corridor_end.py:101] - 
47:[(35, 39), (36, 39)]
2025-11-23 14:28:15,216 - back_corridor_end - INFO - [back_corridor_end.py:101] - 
48:[(35, 49), (36, 49), (37, 49), (38, 49)]
2025-11-23 14:28:15,216 - back_corridor_end - INFO - [back_corridor_end.py:101] - 
49:[(29, 63), (28, 63), (37, 61), (36, 61), (33, 61), (34, 61), (35, 61), (35, 62), (35, 63), (34, 63), (39, 73), (40, 73)]
2025-11-23 14:28:15,216 - back_corridor_end - INFO - [back_corridor_end.py:101] - 
50:[(53, 75), (52, 75), (47, 81), (47, 80), (45, 79), (46, 79), (43, 77), (44, 77), (45, 77), (46, 77), (49, 73), (48, 73), (47, 73), (47, 74), (47, 75), (47, 76), (47, 77), (47, 78), (47, 79), (48, 79), (49, 79), (50, 79), (51, 79), (51, 78), (51, 77), (50, 77), (49, 77), (49, 76), (49, 75), (50, 75), (51, 75), (51, 74), (51, 73), (52, 73), (53, 73)]
2025-11-23 14:28:15,216 - back_corridor_end - INFO - [back_corridor_end.py:101] - 
51:[(51, 69), (50, 69), (45, 69), (44, 69), (43, 71), (43, 70), (43, 69), (43, 68), (43, 67)]
2025-11-23 14:28:15,216 - back_corridor_end - INFO - [back_corridor_end.py:101] - 
52:[(63, 69), (63, 70), (63, 71), (62, 71), (61, 77), (60, 77), (67, 83), (66, 83), (65, 83), (64, 83), (63, 83), (62, 83), (85, 95), (84, 95), (83, 95), (83, 94), (83, 93), (84, 93)]
2025-11-23 14:28:15,216 - back_corridor_end - INFO - [back_corridor_end.py:101] - 
53:[(83, 85), (82, 85), (77, 81), (77, 82), (77, 83), (78, 83), (75, 81), (75, 80), (85, 75), (84, 75), (83, 75), (82, 75), (81, 73), (81, 74), (81, 75), (80, 75), (79, 77), (79, 76), (79, 75), (79, 74), (79, 73), (78, 73), (77, 73), (77, 74), (77, 75), (77, 76), (77, 77), (76, 77)]
2025-11-23 14:28:15,216 - back_corridor_end - INFO - [back_corridor_end.py:101] - 
54:[(75, 75), (74, 75)]
2025-11-23 14:28:15,216 - back_corridor_end - INFO - [back_corridor_end.py:101] - 
55:[(89, 79), (90, 79)]
2025-11-23 14:28:15,216 - back_corridor_end - INFO - [back_corridor_end.py:101] - 
56:[(97, 77), (97, 76), (99, 77), (99, 76), (99, 75), (99, 74), (97, 71), (97, 70), (97, 69), (98, 69)]
2025-11-23 14:28:15,216 - back_corridor_end - INFO - [back_corridor_end.py:101] - 
57:[(89, 77), (89, 76), (87, 75), (88, 75), (89, 75), (90, 75), (91, 73), (91, 74), (91, 75), (92, 75), (93, 75), (93, 74), (95, 71), (95, 70), (95, 69), (94, 69), (93, 69), (92, 69)]
2025-11-23 14:28:15,216 - back_corridor_end - INFO - [back_corridor_end.py:101] - 
58:[(89, 89), (89, 88), (87, 87), (88, 87)]
2025-11-23 14:28:15,216 - back_corridor_end - INFO - [back_corridor_end.py:101] - 
59:[(83, 91), (83, 90)]
2025-11-23 14:28:15,216 - back_corridor_end - INFO - [back_corridor_end.py:101] - 
60:[(75, 95), (75, 96)]
2025-11-23 14:28:15,216 - back_corridor_end - INFO - [back_corridor_end.py:101] - 
61:[(73, 99), (72, 99)]
2025-11-23 14:28:15,216 - back_corridor_end - INFO - [back_corridor_end.py:101] - 
62:[(75, 87), (75, 88)]
2025-11-23 14:28:15,216 - back_corridor_end - INFO - [back_corridor_end.py:101] - 
63:[(69, 81), (69, 82), (69, 83), (70, 83), (71, 83), (71, 82), (71, 81), (72, 81), (73, 81), (73, 82)]
2025-11-23 14:28:15,216 - back_corridor_end - INFO - [back_corridor_end.py:101] - 
64:[(67, 85), (68, 85)]
2025-11-23 14:28:15,216 - back_corridor_end - INFO - [back_corridor_end.py:101] - 
65:[(55, 83), (55, 82), (57, 79), (56, 79)]
2025-11-23 14:28:15,217 - back_corridor_end - INFO - [back_corridor_end.py:101] - 
66:[(53, 77), (53, 78)]
2025-11-23 14:28:15,217 - back_corridor_end - INFO - [back_corridor_end.py:101] - 
67:[(55, 89), (54, 89), (53, 89), (52, 89)]
2025-11-23 14:28:15,217 - back_corridor_end - INFO - [back_corridor_end.py:101] - 
68:[(53, 83), (53, 84)]
2025-11-23 14:28:15,217 - back_corridor_end - INFO - [back_corridor_end.py:101] - 
69:[(61, 79), (61, 80)]
2025-11-23 14:28:15,217 - back_corridor_end - INFO - [back_corridor_end.py:101] - 
70:[(59, 71), (59, 72), (59, 73), (60, 73)]
2025-11-23 14:28:15,217 - back_corridor_end - INFO - [back_corridor_end.py:101] - 
71:[(65, 67), (65, 66), (65, 63)]
2025-11-23 14:28:15,217 - back_corridor_end - INFO - [back_corridor_end.py:101] - 
72:[(63, 67), (63, 66)]
2025-11-23 14:28:15,217 - back_corridor_end - INFO - [back_corridor_end.py:101] - 
73:[(65, 61), (64, 61), (67, 59), (66, 59), (65, 59), (64, 59)]
2025-11-23 14:28:15,217 - back_corridor_end - INFO - [back_corridor_end.py:101] - 
74:[(59, 65), (59, 64), (57, 65), (57, 64), (59, 57), (60, 57), (61, 57), (61, 56), (61, 55), (61, 54)]
2025-11-23 14:28:15,217 - back_corridor_end - INFO - [back_corridor_end.py:101] - 
75:[(61, 51)]
2025-11-23 14:28:15,217 - back_corridor_end - INFO - [back_corridor_end.py:101] - 
76:[(55, 59), (55, 60), (55, 61), (55, 62), (55, 63), (54, 63), (53, 63), (53, 62), (53, 61), (53, 60), (53, 59), (53, 58), (53, 57), (53, 56), (49, 55), (50, 55), (51, 55)]
2025-11-23 14:28:15,217 - back_corridor_end - INFO - [back_corridor_end.py:101] - 
77:[(57, 67), (57, 68)]
2025-11-23 14:28:15,217 - back_corridor_end - INFO - [back_corridor_end.py:101] - 
78:[(45, 85), (46, 85), (47, 85), (47, 84), (47, 83), (46, 83), (45, 83), (45, 82), (45, 81), (44, 81), (43, 83), (43, 82)]
2025-11-23 14:28:15,217 - back_corridor_end - INFO - [back_corridor_end.py:101] - 
79:[(25, 81), (25, 80), (25, 79), (25, 78), (25, 75), (25, 76), (25, 77), (26, 77), (27, 75), (27, 76), (27, 77), (27, 78), (27, 79), (27, 80), (27, 81), (28, 81), (31, 77), (31, 78), (31, 79), (30, 79), (39, 97), (40, 97)]
2025-11-23 14:28:15,217 - back_corridor_end - INFO - [back_corridor_end.py:101] - 
80:[(47, 91), (46, 91), (45, 91), (45, 92)]
2025-11-23 14:28:15,217 - back_corridor_end - INFO - [back_corridor_end.py:101] - 
81:[(31, 97), (32, 97)]
2025-11-23 14:28:15,217 - back_corridor_end - INFO - [back_corridor_end.py:101] - 
82:[(29, 97), (29, 98)]
2025-11-23 14:28:15,217 - back_corridor_end - INFO - [back_corridor_end.py:101] - 
83:[(21, 99), (22, 99), (19, 99), (18, 99), (17, 99), (17, 98), (13, 97), (13, 98), (13, 99), (14, 99), (15, 99), (15, 98), (15, 97), (16, 97)]
2025-11-23 14:28:15,217 - back_corridor_end - INFO - [back_corridor_end.py:101] - 
84:[(21, 95), (20, 95), (13, 85), (12, 85), (9, 83), (9, 84), (9, 85), (10, 85), (11, 85), (11, 84), (11, 83), (12, 83), (13, 83), (14, 83), (15, 83), (15, 84), (15, 85), (16, 85), (21, 81), (20, 81), (11, 81), (12, 81), (13, 81), (14, 81), (11, 79), (12, 79), (3, 89)]
2025-11-23 14:28:15,217 - back_corridor_end - INFO - [back_corridor_end.py:101] - 
85:[(3, 91), (2, 91), (1, 93), (1, 92), (1, 91), (1, 90), (1, 89), (1, 88), (1, 85), (1, 86), (1, 87), (2, 87)]
2025-11-23 14:28:15,217 - back_corridor_end - INFO - [back_corridor_end.py:101] - 
86:[(11, 73), (12, 73), (13, 73), (14, 73), (15, 73), (15, 74), (15, 75), (14, 75), (13, 75), (12, 75)]
2025-11-23 14:28:15,217 - back_corridor_end - INFO - [back_corridor_end.py:101] - 
87:[(15, 77), (15, 78)]
2025-11-23 14:28:15,217 - back_corridor_end - INFO - [back_corridor_end.py:101] - 
88:[(17, 79), (17, 80)]
2025-11-23 14:28:15,217 - back_corridor_end - INFO - [back_corridor_end.py:101] - 
89:[(23, 91), (22, 91), (21, 93), (21, 92), (21, 91), (21, 90), (21, 89), (21, 88), (21, 85), (21, 86), (21, 87), (22, 87)]
2025-11-23 14:28:15,217 - back_corridor_end - INFO - [back_corridor_end.py:101] - 
90:[(23, 85), (23, 84), (21, 83), (22, 83)]
2025-11-23 14:28:15,217 - back_corridor_end - INFO - [back_corridor_end.py:101] - 
91:[(19, 79), (20, 79), (21, 79), (22, 79)]
2025-11-23 14:28:15,218 - back_corridor_end - INFO - [back_corridor_end.py:101] - 
92:[(35, 83), (34, 83), (27, 83), (28, 83), (29, 83), (30, 83), (31, 83), (32, 83), (33, 83), (33, 84)]
2025-11-23 14:28:15,218 - back_corridor_end - INFO - [back_corridor_end.py:101] - 
93:[(37, 87), (37, 88)]
2025-11-23 14:28:15,218 - back_corridor_end - INFO - [back_corridor_end.py:101] - 
94:[(39, 81), (39, 82)]
2025-11-23 14:28:15,218 - back_corridor_end - INFO - [back_corridor_end.py:101] - 
95:[(35, 75), (34, 75), (31, 75), (32, 75), (33, 75), (33, 74), (31, 73), (32, 73), (33, 73), (34, 73)]
2025-11-23 14:28:15,218 - back_corridor_end - INFO - [back_corridor_end.py:101] - 
96:[(31, 65), (31, 64)]
2025-11-23 14:28:15,218 - back_corridor_end - INFO - [back_corridor_end.py:101] - 
97:[(23, 71), (24, 71), (25, 71), (25, 70), (25, 67), (25, 68), (25, 69), (24, 69), (23, 69), (23, 68), (29, 65), (28, 65), (27, 65), (26, 65), (25, 65), (24, 65), (23, 63), (22, 63), (21, 63), (21, 64), (21, 65), (22, 65), (23, 65), (23, 66), (23, 67), (22, 67), (21, 67), (20, 67), (19, 67), (19, 66), (19, 65), (19, 64)]
2025-11-23 14:28:15,218 - back_corridor_end - INFO - [back_corridor_end.py:101] - 
98:[(11, 69), (10, 69), (9, 69), (9, 70), (9, 71), (10, 71), (11, 71), (12, 71), (13, 71), (13, 70)]
2025-11-23 14:28:15,218 - back_corridor_end - INFO - [back_corridor_end.py:101] - 
99:[(21, 59), (20, 59), (19, 59), (18, 59)]
2025-11-23 14:28:15,218 - back_corridor_end - INFO - [back_corridor_end.py:101] - 
100:[(25, 51), (25, 52)]
2025-11-23 14:28:15,218 - back_corridor_end - INFO - [back_corridor_end.py:101] - 
101:[(25, 49), (26, 49), (27, 49), (28, 49)]
2025-11-23 14:28:15,218 - back_corridor_end - INFO - [back_corridor_end.py:101] - 
102:[(35, 43), (34, 43), (33, 43), (33, 42)]
2025-11-23 14:28:15,218 - back_corridor_end - INFO - [back_corridor_end.py:101] - 
103:[(31, 31), (30, 31), (29, 31), (29, 30)]
2025-11-23 14:28:15,218 - back_corridor_end - INFO - [back_corridor_end.py:101] - 
104:[(27, 31), (26, 31), (25, 31), (25, 30)]
2025-11-23 14:28:15,218 - back_corridor_end - INFO - [back_corridor_end.py:101] - 
105:[(23, 31), (23, 30), (23, 29), (23, 28)]
2025-11-23 14:28:15,218 - back_corridor_end - INFO - [back_corridor_end.py:101] - 
106:[(31, 27), (30, 27), (29, 23), (29, 24), (29, 25), (29, 26), (29, 27), (28, 27), (27, 27), (27, 26), (25, 25), (26, 25), (27, 25), (27, 24)]
2025-11-23 14:28:15,218 - back_corridor_end - INFO - [back_corridor_end.py:101] - 
107:[(11, 25)]
2025-11-23 14:28:15,218 - back_corridor_end - INFO - [back_corridor_end.py:101] - 
108:[(17, 21), (16, 21), (11, 19), (12, 19), (13, 19), (14, 19)]
2025-11-23 14:28:15,218 - back_corridor_end - INFO - [back_corridor_end.py:101] - 
109:[(21, 31)]
2025-11-23 14:28:15,218 - back_corridor_end - INFO - [back_corridor_end.py:101] - 
110:[(13, 37), (14, 37), (11, 45), (11, 44), (11, 43), (11, 42), (11, 41), (11, 40), (11, 39), (11, 38)]
2025-11-23 14:28:15,218 - back_corridor_end - INFO - [back_corridor_end.py:101] - 
111:[(5, 67), (5, 66), (5, 65), (5, 64)]
2025-11-23 14:28:15,218 - back_corridor_end - INFO - [back_corridor_end.py:101] - 
112:[(3, 57), (2, 57), (1, 57), (1, 58), (1, 59), (1, 60)]
2025-11-23 14:28:15,218 - back_corridor_end - INFO - [back_corridor_end.py:101] - 
113:[(3, 59), (3, 60)]
2025-11-23 14:28:15,218 - back_corridor_end - INFO - [back_corridor_end.py:101] - 
114:[(5, 43), (4, 43), (3, 43), (3, 42), (3, 41), (2, 41), (1, 41), (1, 42), (1, 43), (1, 44), (1, 45), (2, 45), (3, 45), (4, 45), (5, 45), (5, 46), (5, 47), (5, 48)]
2025-11-23 14:28:15,218 - back_corridor_end - INFO - [back_corridor_end.py:101] - 
115:[(1, 31), (2, 31), (3, 25), (3, 26), (3, 27), (2, 27)]
2025-11-23 14:28:15,218 - back_corridor_end - INFO - [back_corridor_end.py:101] - 
116:[(3, 17)]
2025-11-23 14:28:15,218 - back_corridor_end - INFO - [back_corridor_end.py:101] - 
117:[(1, 15), (1, 16), (1, 17), (1, 18)]
2025-11-23 14:28:15,219 - back_corridor_end - INFO - [back_corridor_end.py:101] - 
118:[(3, 35), (3, 36), (3, 37), (4, 37), (5, 37), (6, 37), (7, 37), (7, 38), (7, 39), (8, 39)]
2025-11-23 14:28:15,219 - back_corridor_end - INFO - [back_corridor_end.py:101] - 
119:[(11, 27), (10, 27), (9, 25), (9, 26), (9, 27)]
2025-11-23 14:28:15,219 - back_corridor_end - INFO - [back_corridor_end.py:101] - 
120:[(15, 33), (16, 33)]
2025-11-23 14:28:15,219 - back_corridor_end - INFO - [back_corridor_end.py:101] - 
121:[(17, 31), (18, 31)]
2025-11-23 14:28:15,219 - back_corridor_end - INFO - [back_corridor_end.py:101] - 
122:[(43, 55), (42, 55)]
2025-11-23 14:28:15,219 - back_corridor_end - INFO - [back_corridor_end.py:101] - 
123:[(41, 51), (41, 52)]
2025-11-23 14:28:15,219 - back_corridor_end - INFO - [back_corridor_end.py:101] - 
124:[(43, 51), (44, 51), (45, 51), (45, 52)]
2025-11-23 14:28:15,219 - back_corridor_end - INFO - [back_corridor_end.py:101] - 
125:[(49, 51), (49, 50), (51, 49), (52, 49)]
2025-11-23 14:28:15,219 - back_corridor_end - INFO - [back_corridor_end.py:101] - 
126:[(25, 47), (26, 47), (27, 47)]
2025-11-23 14:28:15,219 - back_corridor_end - INFO - [back_corridor_end.py:101] - 
127:[(31, 41), (31, 42), (31, 43), (30, 43), (29, 43), (29, 42), (29, 41), (28, 41), (27, 41), (26, 41), (23, 43), (23, 42), (23, 41), (24, 41)]
2025-11-23 14:28:15,219 - back_corridor_end - INFO - [back_corridor_end.py:101] - 
128:[(19, 51)]
2025-11-23 14:28:15,219 - back_corridor_end - INFO - [back_corridor_end.py:101] - 
129:[(57, 95), (57, 96), (57, 97), (57, 98)]
2025-11-23 14:28:15,219 - back_corridor_end - INFO - [back_corridor_end.py:101] - 
130:[(99, 49), (99, 48), (99, 47), (99, 46), (97, 43), (98, 43)]
2025-11-23 14:28:15,219 - back_corridor_end - INFO - [back_corridor_end.py:101] - 
131:[(95, 47), (95, 46), (95, 45), (96, 45)]
2025-11-23 14:28:15,219 - back_corridor_end - INFO - [back_corridor_end.py:101] - 
132:[(95, 43)]
2025-11-23 14:28:15,219 - back_corridor_end - INFO - [back_corridor_end.py:101] - 
133:[(23, 7), (22, 7)]
2025-11-23 14:28:15,219 - back_corridor_end - INFO - [back_corridor_end.py:101] - 
134:[(13, 9), (13, 10)]
2025-11-23 14:28:15,219 - back_corridor_end - INFO - [back_corridor_end.py:101] - 
135:[(9, 11), (9, 10), (13, 1)]
2025-11-23 14:28:15,219 - back_corridor_end - INFO - [back_corridor_end.py:101] - 
136:[(7, 3), (7, 2)]
2025-11-23 14:28:15,219 - back_corridor_end - INFO - [back_corridor_end.py:101] - 
137:[(1, 1), (1, 2), (1, 3), (2, 3)]
2025-11-23 14:28:15,219 - back_corridor_end - INFO - [back_corridor_end.py:101] - 
138:[(3, 1), (4, 1)]
2025-11-23 14:28:15,219 - back_corridor_end - INFO - [back_corridor_end.py:101] - 
139:[(23, 5), (23, 4), (25, 7), (26, 7), (27, 7), (27, 6), (27, 1), (27, 2)]
2025-11-23 14:28:15,220 - back_corridor_end - INFO - [back_corridor_end.py:101] - 
140:[(15, 1), (16, 1), (17, 1), (18, 1), (19, 1), (20, 1), (21, 1), (22, 1)]
2025-11-23 14:28:15,220 - back_corridor_end - INFO - [back_corridor_end.py:101] - 
141:[(29, 9), (30, 9), (31, 9), (31, 10)]
2025-11-23 14:28:15,220 - back_corridor_end - INFO - [back_corridor_end.py:101] - 
142:[(17, 65), (17, 66)]
2025-11-23 14:28:15,220 - back_corridor_end - INFO - [back_corridor_end.py:101] - 
143:[(83, 69), (83, 68)]
2025-11-23 14:28:15,220 - back_corridor_end - INFO - [back_corridor_end.py:101] - 
144:[(83, 73), (83, 72)]
2025-11-23 14:28:15,220 - back_corridor_end - INFO - [back_corridor_end.py:101] - 
145:[(93, 57)]
2025-11-23 14:28:15,220 - back_corridor_end - INFO - [back_corridor_end.py:101] - 
146:[(97, 55), (98, 55), (97, 53), (98, 53), (97, 51), (98, 51), (99, 51), (99, 52), (99, 53), (99, 54), (99, 55), (99, 56)]
2025-11-23 14:28:15,220 - back_corridor_end - INFO - [back_corridor_end.py:101] - 
147:[(39, 19)]
2025-11-23 14:28:15,220 - back_corridor_end - INFO - [back_corridor_end.py:101] - 
148:[(61, 95), (60, 95)]
2025-11-23 14:28:15,220 - back_corridor_end - INFO - [back_corridor_end.py:101] - 
149:[(41, 59), (41, 57)]
2025-11-23 14:28:15,220 - back_corridor_end - INFO - [back_corridor_end.py:101] - 
150:[(99, 3), (99, 2)]
2025-11-23 14:28:15,220 - back_corridor_end - INFO - [back_corridor_end.py:101] - 
151:[(99, 5), (99, 6)]
2025-11-23 14:28:15,220 - back_corridor_end - INFO - [back_corridor_end.py:101] - 
152:[(99, 19), (99, 18)]
2025-11-23 14:28:15,220 - back_corridor_end - INFO - [back_corridor_end.py:101] - 
153:[(81, 95), (79, 95)]
2025-11-23 14:28:15,220 - back_corridor_end - INFO - [back_corridor_end.py:101] - 
154:[(47, 33), (46, 33), (43, 31)]
2025-11-23 14:28:15,220 - back_corridor_end - INFO - [back_corridor_end.py:101] - 
155:[(43, 25), (43, 26), (43, 27), (43, 28), (43, 29), (44, 29)]
2025-11-23 14:28:15,220 - back_corridor_end - INFO - [back_corridor_end.py:101] - 
156:[(11, 97), (10, 97), (11, 99), (10, 99), (5, 99), (6, 99), (7, 99), (8, 99), (9, 99), (9, 98), (9, 97), (8, 97), (7, 97), (6, 97), (3, 99), (2, 99), (1, 99), (1, 98), (1, 97), (2, 97), (3, 97), (4, 97), (5, 97), (5, 96), (5, 95), (6, 95), (1, 95), (2, 95), (3, 95), (3, 94), (3, 93), (4, 93), (5, 93), (6, 93)]
2025-11-23 14:28:15,220 - back_corridor_end - INFO - [back_corridor_end.py:101] - 
157:[(1, 75)]
2025-11-23 14:28:15,220 - back_corridor_end - INFO - [back_corridor_end.py:101] - 
158:[(99, 99), (98, 99), (99, 97), (98, 97), (97, 97), (97, 98), (97, 99), (96, 99), (91, 89), (92, 89), (93, 89), (94, 89), (95, 89), (96, 89), (97, 89), (97, 88)]
2025-11-23 14:28:15,220 - back_corridor_end - INFO - [back_corridor_end.py:101] - 
159:[(91, 99), (92, 99)]
2025-11-23 14:28:15,220 - back_corridor_end - INFO - [back_corridor_end.py:101] - 
160:[(91, 97), (91, 96), (91, 95), (91, 94)]
2025-11-23 14:28:15,220 - back_corridor_end - INFO - [back_corridor_end.py:101] - 
161:[(93, 91), (92, 91), (91, 91)]
2025-11-23 14:28:15,220 - back_corridor_end - INFO - [back_corridor_end.py:101] - 
162:[(47, 1), (47, 2)]
2025-11-23 14:28:15,220 - back_corridor_end - INFO - [back_corridor_end.py:101] - 
163:[(71, 73), (71, 74)]
2025-11-23 14:28:15,220 - back_corridor_end - INFO - [back_corridor_end.py:101] - 
164:[(41, 41), (42, 41)]
2025-11-23 14:28:15,221 - back_corridor_end - INFO - [back_corridor_end.py:101] - 
165:[(23, 39)]
2025-11-23 14:28:15,221 - back_corridor_end - INFO - [back_corridor_end.py:101] - 
166:[(65, 3), (65, 4)]
