2025-11-23 14:28:14,657 - create_connect_point - INFO - [create_connect_point.py:218] - 正在生成打通房间和道路

2025-11-23 14:28:14,657 - create_connect_point - INFO - [create_connect_point.py:52] - 找到所有连接点

2025-11-23 14:28:14,659 - create_connect_point - INFO - [create_connect_point.py:225] - 
room0:(77,9)-(85,11)
	[(76, 9), (76, 11), (77, 8), (77, 12), (78, 8), (79, 8), (79, 12), (80, 12), (81, 8), (81, 12), (82, 8), (82, 12), (83, 8), (83, 12), (84, 8), (84, 12), (85, 8), (85, 12), (86, 9), (86, 11)]
2025-11-23 14:28:14,659 - create_connect_point - INFO - [create_connect_point.py:225] - 
room1:(17,23)-(21,29)
	[(16, 23), (16, 24), (16, 25), (16, 27), (16, 28), (16, 29), (17, 22), (17, 30), (18, 30), (19, 22), (19, 30), (20, 30), (21, 22), (21, 30), (22, 23), (22, 24), (22, 25), (22, 26), (22, 27), (22, 28), (22, 29)]
2025-11-23 14:28:14,662 - create_connect_point - INFO - [create_connect_point.py:225] - 
room2:(63,51)-(65,53)
	[(62, 51), (62, 53), (63, 50), (63, 54), (64, 54), (65, 50), (65, 54), (66, 51), (66, 52), (66, 53)]
2025-11-23 14:28:14,662 - create_connect_point - INFO - [create_connect_point.py:225] - 
room3:(1,47)-(3,55)
	[(1, 46), (1, 56), (2, 46), (2, 56), (3, 46), (3, 56), (4, 47), (4, 48), (4, 49), (4, 50), (4, 51), (4, 52), (4, 53), (4, 54), (4, 55)]
2025-11-23 14:28:14,662 - create_connect_point - INFO - [create_connect_point.py:225] - 
room4:(45,47)-(47,49)
	[(44, 47), (44, 49), (45, 46), (45, 50), (47, 46), (47, 50), (48, 47), (48, 48), (48, 49)]
2025-11-23 14:28:14,662 - create_connect_point - INFO - [create_connect_point.py:225] - 
room5:(11,47)-(15,49)
	[(10, 47), (10, 48), (10, 49), (11, 46), (11, 50), (12, 50), (13, 46), (13, 50), (14, 46), (14, 50), (15, 46), (15, 50), (16, 47), (16, 48), (16, 49)]
2025-11-23 14:28:14,662 - create_connect_point - INFO - [create_connect_point.py:225] - 
room6:(49,91)-(53,97)
	[(48, 91), (48, 93), (48, 94), (48, 95), (48, 96), (48, 97), (49, 90), (49, 98), (50, 98), (51, 90), (51, 98), (52, 90), (53, 90), (53, 98), (54, 91), (54, 93), (54, 94), (54, 95), (54, 96), (54, 97)]
2025-11-23 14:28:14,662 - create_connect_point - INFO - [create_connect_point.py:225] - 
room7:(85,41)-(91,49)
	[(84, 41), (84, 42), (84, 43), (84, 45), (84, 46), (84, 47), (84, 48), (84, 49), (85, 40), (85, 50), (86, 50), (87, 40), (87, 50), (88, 40), (89, 40), (89, 50), (90, 40), (91, 40), (91, 50), (92, 41), (92, 43), (92, 45), (92, 46), (92, 47), (92, 48), (92, 49)]
2025-11-23 14:28:14,662 - create_connect_point - INFO - [create_connect_point.py:225] - 
room8:(21,9)-(27,11)
	[(20, 9), (20, 10), (20, 11), (21, 8), (21, 12), (22, 8), (22, 12), (23, 8), (23, 12), (24, 12), (25, 8), (25, 12), (26, 8), (27, 8), (27, 12), (28, 9), (28, 11)]
2025-11-23 14:28:14,662 - create_connect_point - INFO - [create_connect_point.py:225] - 
room9:(17,69)-(21,77)
	[(16, 69), (16, 70), (16, 71), (16, 73), (16, 74), (16, 75), (16, 77), (17, 68), (17, 78), (19, 68), (19, 78), (20, 68), (20, 78), (21, 68), (21, 78), (22, 69), (22, 71), (22, 73), (22, 74), (22, 75), (22, 76), (22, 77)]
2025-11-23 14:28:14,662 - create_connect_point - INFO - [create_connect_point.py:225] - 
room10:(75,65)-(81,71)
	[(74, 65), (74, 66), (74, 67), (74, 69), (74, 70), (74, 71), (75, 64), (75, 72), (76, 64), (77, 64), (77, 72), (78, 72), (79, 64), (79, 72), (80, 64), (81, 64), (81, 72), (82, 65), (82, 66), (82, 67), (82, 68), (82, 69), (82, 71)]
2025-11-23 14:28:14,663 - create_connect_point - INFO - [create_connect_point.py:225] - 
room11:(31,91)-(39,95)
	[(30, 91), (30, 92), (30, 93), (30, 94), (30, 95), (31, 90), (31, 96), (32, 96), (33, 90), (33, 96), (34, 90), (34, 96), (35, 90), (35, 96), (36, 90), (36, 96), (37, 90), (37, 96), (38, 90), (39, 90), (39, 96), (40, 91), (40, 92), (40, 93), (40, 95)]
2025-11-23 14:28:14,663 - create_connect_point - INFO - [create_connect_point.py:225] - 
room12:(83,57)-(91,63)
	[(82, 57), (82, 59), (82, 61), (82, 63), (83, 56), (83, 64), (85, 56), (85, 64), (86, 64), (87, 56), (87, 64), (88, 56), (88, 64), (89, 56), (89, 64), (91, 56), (91, 64), (92, 57), (92, 59), (92, 61), (92, 62), (92, 63)]
2025-11-23 14:28:14,663 - create_connect_point - INFO - [create_connect_point.py:225] - 
room13:(11,51)-(17,57)
	[(10, 51), (10, 53), (10, 54), (10, 55), (10, 56), (10, 57), (11, 50), (11, 58), (12, 50), (12, 58), (13, 50), (13, 58), (14, 50), (15, 50), (15, 58), (17, 50), (17, 58), (18, 51), (18, 53), (18, 55), (18, 56), (18, 57)]
2025-11-23 14:28:14,663 - create_connect_point - INFO - [create_connect_point.py:225] - 
room14:(51,33)-(53,35)
	[(50, 33), (50, 34), (50, 35), (51, 32), (51, 36), (52, 32), (52, 36), (53, 32), (53, 36), (54, 33), (54, 34), (54, 35)]
2025-11-23 14:28:14,663 - create_connect_point - INFO - [create_connect_point.py:225] - 
room15:(5,31)-(9,35)
	[(4, 31), (4, 32), (4, 33), (4, 35), (5, 30), (5, 36), (6, 30), (6, 36), (7, 30), (7, 36), (9, 30), (9, 36), (10, 31), (10, 32), (10, 33), (10, 34), (10, 35)]
2025-11-23 14:28:14,663 - create_connect_point - INFO - [create_connect_point.py:225] - 
room16:(31,17)-(37,25)
	[(30, 17), (30, 18), (30, 19), (30, 21), (30, 23), (30, 24), (30, 25), (31, 16), (31, 26), (32, 16), (33, 16), (33, 26), (34, 16), (34, 26), (35, 16), (35, 26), (36, 16), (36, 26), (37, 16), (37, 26), (38, 17), (38, 19), (38, 20), (38, 21), (38, 22), (38, 23), (38, 25)]
2025-11-23 14:28:14,663 - create_connect_point - INFO - [create_connect_point.py:225] - 
room17:(49,81)-(51,83)
	[(48, 81), (48, 83), (49, 80), (49, 84), (50, 80), (51, 80), (51, 84), (52, 81), (52, 83)]
2025-11-23 14:28:14,663 - create_connect_point - INFO - [create_connect_point.py:225] - 
room18:(5,5)-(7,11)
	[(4, 5), (4, 7), (4, 8), (4, 9), (4, 10), (4, 11), (5, 4), (5, 12), (6, 12), (7, 4), (7, 12), (8, 5), (8, 6), (8, 7), (8, 8), (8, 9), (8, 10), (8, 11)]
2025-11-23 14:28:14,663 - create_connect_point - INFO - [create_connect_point.py:225] - 
room19:(69,41)-(75,47)
	[(68, 41), (68, 42), (68, 43), (68, 45), (68, 46), (68, 47), (69, 40), (69, 48), (70, 40), (71, 40), (71, 48), (72, 48), (73, 40), (73, 48), (74, 40), (74, 48), (75, 40), (75, 48), (76, 41), (76, 42), (76, 43), (76, 44), (76, 45), (76, 46), (76, 47)]
2025-11-23 14:28:14,663 - create_connect_point - INFO - [create_connect_point.py:225] - 
room20:(7,63)-(13,67)
	[(6, 63), (6, 64), (6, 65), (6, 66), (6, 67), (7, 62), (7, 68), (8, 62), (9, 62), (9, 68), (10, 68), (11, 62), (11, 68), (12, 62), (13, 62), (13, 68), (14, 63), (14, 64), (14, 65), (14, 66), (14, 67)]
2025-11-23 14:28:14,663 - create_connect_point - INFO - [create_connect_point.py:225] - 
room21:(59,97)-(65,99)
	[(58, 97), (58, 98), (58, 99), (59, 96), (60, 96), (61, 96), (63, 96), (65, 96), (66, 97), (66, 98), (66, 99)]
2025-11-23 14:28:14,663 - create_connect_point - INFO - [create_connect_point.py:225] - 
room22:(67,61)-(73,67)
	[(66, 61), (66, 63), (66, 64), (66, 65), (66, 66), (66, 67), (67, 60), (67, 68), (68, 68), (69, 60), (69, 68), (70, 60), (70, 68), (71, 60), (71, 68), (72, 60), (72, 68), (73, 60), (73, 68), (74, 61), (74, 63), (74, 65), (74, 66), (74, 67)]
2025-11-23 14:28:14,663 - create_connect_point - INFO - [create_connect_point.py:225] - 
room23:(57,15)-(63,21)
	[(56, 15), (56, 17), (56, 18), (56, 19), (56, 20), (56, 21), (57, 14), (57, 22), (58, 14), (58, 22), (59, 14), (59, 22), (60, 22), (61, 14), (61, 22), (62, 14), (63, 14), (63, 22), (64, 15), (64, 16), (64, 17), (64, 18), (64, 19), (64, 20), (64, 21)]
2025-11-23 14:28:14,663 - create_connect_point - INFO - [create_connect_point.py:225] - 
room24:(31,51)-(39,59)
	[(30, 51), (30, 53), (30, 54), (30, 55), (30, 56), (30, 57), (30, 58), (30, 59), (31, 50), (31, 60), (32, 50), (33, 50), (33, 60), (34, 60), (35, 50), (35, 60), (36, 50), (36, 60), (37, 50), (37, 60), (38, 50), (39, 50), (39, 60), (40, 51), (40, 52), (40, 53), (40, 54), (40, 55), (40, 57), (40, 58), (40, 59)]
2025-11-23 14:28:14,663 - create_connect_point - INFO - [create_connect_point.py:225] - 
room25:(73,37)-(79,39)
	[(72, 37), (72, 38), (72, 39), (73, 36), (73, 40), (74, 40), (75, 36), (75, 40), (76, 36), (77, 36), (77, 40), (78, 36), (78, 40), (79, 36), (79, 40), (80, 37), (80, 38), (80, 39)]
2025-11-23 14:28:14,663 - create_connect_point - INFO - [create_connect_point.py:225] - 
room26:(89,1)-(97,9)
	[(88, 1), (88, 3), (88, 4), (88, 5), (88, 6), (88, 7), (88, 8), (88, 9), (89, 10), (90, 10), (91, 10), (93, 10), (94, 10), (95, 10), (96, 10), (97, 10), (98, 1), (98, 2), (98, 3), (98, 5), (98, 6), (98, 7), (98, 9)]
2025-11-23 14:28:14,663 - create_connect_point - INFO - [create_connect_point.py:225] - 
room27:(75,1)-(83,5)
	[(74, 1), (74, 2), (74, 3), (74, 5), (75, 6), (76, 6), (77, 6), (78, 6), (79, 6), (81, 6), (82, 6), (83, 6), (84, 1), (84, 2), (84, 3), (84, 5)]
2025-11-23 14:28:14,664 - create_connect_point - INFO - [create_connect_point.py:225] - 
room28:(73,91)-(81,93)
	[(72, 91), (72, 92), (72, 93), (73, 90), (73, 94), (74, 90), (75, 90), (75, 94), (76, 90), (77, 90), (77, 94), (79, 90), (79, 94), (80, 90), (80, 94), (81, 90), (81, 94), (82, 91), (82, 93)]
2025-11-23 14:28:14,664 - create_connect_point - INFO - [create_connect_point.py:225] - 
room29:(83,51)-(87,53)
	[(82, 51), (82, 52), (82, 53), (83, 50), (83, 54), (85, 50), (85, 54), (86, 50), (87, 50), (87, 54), (88, 51), (88, 52), (88, 53)]
2025-11-23 14:28:14,664 - create_connect_point - INFO - [create_connect_point.py:225] - 
room30:(41,15)-(43,23)
	[(40, 15), (40, 17), (40, 19), (40, 20), (40, 21), (40, 22), (40, 23), (41, 14), (41, 24), (42, 14), (43, 14), (43, 24), (44, 15), (44, 17), (44, 19), (44, 20), (44, 21), (44, 23)]
2025-11-23 14:28:14,664 - create_connect_point - INFO - [create_connect_point.py:225] - 
room31:(93,33)-(97,41)
	[(92, 33), (92, 34), (92, 35), (92, 36), (92, 37), (92, 38), (92, 39), (92, 41), (93, 32), (93, 42), (94, 42), (95, 32), (95, 42), (97, 32), (97, 42), (98, 33), (98, 34), (98, 35), (98, 36), (98, 37), (98, 39), (98, 40), (98, 41)]
2025-11-23 14:28:14,664 - create_connect_point - INFO - [create_connect_point.py:225] - 
room32:(29,1)-(31,5)
	[(28, 1), (28, 2), (28, 3), (28, 4), (28, 5), (29, 6), (30, 6), (31, 6), (32, 1), (32, 2), (32, 3), (32, 4), (32, 5)]
2025-11-23 14:28:14,664 - create_connect_point - INFO - [create_connect_point.py:225] - 
room33:(27,67)-(33,71)
	[(26, 67), (26, 68), (26, 69), (26, 70), (26, 71), (27, 66), (27, 72), (28, 66), (28, 72), (29, 66), (29, 72), (31, 66), (31, 72), (32, 72), (33, 66), (33, 72), (34, 67), (34, 68), (34, 69), (34, 70), (34, 71)]
2025-11-23 14:28:14,664 - create_connect_point - INFO - [create_connect_point.py:225] - 
room34:(17,13)-(25,19)
	[(16, 13), (16, 14), (16, 15), (16, 16), (16, 17), (16, 19), (17, 12), (17, 20), (18, 12), (19, 12), (19, 20), (21, 12), (21, 20), (22, 12), (23, 12), (23, 20), (24, 12), (25, 12), (25, 20), (26, 13), (26, 15), (26, 17), (26, 18), (26, 19)]
2025-11-23 14:28:14,664 - create_connect_point - INFO - [create_connect_point.py:225] - 
room35:(55,43)-(63,49)
	[(54, 43), (54, 44), (54, 45), (54, 47), (54, 48), (54, 49), (55, 42), (55, 50), (56, 42), (56, 50), (57, 42), (57, 50), (58, 42), (59, 42), (59, 50), (60, 50), (61, 42), (61, 50), (62, 42), (63, 42), (63, 50), (64, 43), (64, 44), (64, 45), (64, 46), (64, 47), (64, 48), (64, 49)]
2025-11-23 14:28:14,664 - create_connect_point - INFO - [create_connect_point.py:225] - 
room36:(57,89)-(65,93)
	[(56, 89), (56, 91), (56, 93), (57, 88), (57, 94), (58, 88), (59, 88), (59, 94), (60, 88), (60, 94), (61, 88), (61, 94), (62, 88), (63, 88), (63, 94), (64, 88), (65, 88), (65, 94), (66, 89), (66, 90), (66, 91), (66, 93)]
2025-11-23 14:28:14,664 - create_connect_point - INFO - [create_connect_point.py:225] - 
room37:(79,25)-(87,29)
	[(78, 25), (78, 26), (78, 27), (78, 28), (78, 29), (79, 24), (79, 30), (80, 24), (80, 30), (81, 24), (81, 30), (82, 24), (82, 30), (83, 24), (83, 30), (84, 24), (84, 30), (85, 24), (85, 30), (87, 24), (87, 30), (88, 25), (88, 27), (88, 28), (88, 29)]
2025-11-23 14:28:14,664 - create_connect_point - INFO - [create_connect_point.py:225] - 
room38:(85,65)-(89,73)
	[(84, 65), (84, 66), (84, 67), (84, 68), (84, 69), (84, 71), (84, 72), (84, 73), (85, 64), (85, 74), (86, 64), (87, 64), (87, 74), (88, 64), (88, 74), (89, 64), (89, 74), (90, 65), (90, 66), (90, 67), (90, 68), (90, 69), (90, 70), (90, 71), (90, 73)]
2025-11-23 14:28:14,664 - create_connect_point - INFO - [create_connect_point.py:225] - 
room39:(53,17)-(55,21)
	[(52, 17), (52, 19), (52, 21), (53, 16), (53, 22), (54, 16), (54, 22), (55, 16), (55, 22), (56, 17), (56, 18), (56, 19), (56, 20), (56, 21)]
2025-11-23 14:28:14,664 - create_connect_point - INFO - [create_connect_point.py:225] - 
room40:(9,87)-(17,95)
	[(8, 87), (8, 88), (8, 89), (8, 90), (8, 91), (8, 93), (8, 94), (8, 95), (9, 86), (9, 96), (10, 86), (10, 96), (11, 86), (11, 96), (12, 86), (13, 86), (13, 96), (15, 86), (15, 96), (16, 86), (16, 96), (17, 86), (17, 96), (18, 87), (18, 88), (18, 89), (18, 90), (18, 91), (18, 92), (18, 93), (18, 94), (18, 95)]
2025-11-23 14:28:14,664 - create_connect_point - INFO - [create_connect_point.py:225] - 
room41:(45,87)-(49,89)
	[(44, 87), (44, 88), (44, 89), (45, 86), (45, 90), (46, 86), (46, 90), (47, 86), (47, 90), (49, 86), (49, 90), (50, 87), (50, 88), (50, 89)]
2025-11-23 14:28:14,664 - create_connect_point - INFO - [create_connect_point.py:225] - 
room42:(11,3)-(19,5)
	[(10, 3), (10, 4), (10, 5), (11, 2), (11, 6), (12, 2), (12, 6), (13, 2), (13, 6), (14, 6), (15, 2), (15, 6), (16, 2), (17, 2), (17, 6), (18, 2), (18, 6), (19, 2), (19, 6), (20, 3), (20, 4), (20, 5)]
2025-11-23 14:28:14,664 - create_connect_point - INFO - [create_connect_point.py:225] - 
room43:(77,97)-(83,99)
	[(76, 97), (76, 98), (76, 99), (77, 96), (79, 96), (80, 96), (81, 96), (83, 96), (84, 97), (84, 99)]
2025-11-23 14:28:14,664 - create_connect_point - INFO - [create_connect_point.py:225] - 
room44:(11,59)-(13,61)
	[(10, 59), (10, 61), (11, 58), (11, 62), (12, 58), (12, 62), (13, 58), (13, 62), (14, 59), (14, 61)]
2025-11-23 14:28:14,664 - create_connect_point - INFO - [create_connect_point.py:225] - 
room45:(81,77)-(87,83)
	[(80, 77), (80, 79), (80, 80), (80, 81), (80, 82), (80, 83), (81, 76), (81, 84), (82, 76), (82, 84), (83, 76), (83, 84), (84, 76), (85, 76), (85, 84), (86, 84), (87, 76), (87, 84), (88, 77), (88, 79), (88, 81), (88, 82), (88, 83)]
2025-11-23 14:28:14,664 - create_connect_point - INFO - [create_connect_point.py:225] - 
room46:(5,73)-(9,75)
	[(4, 73), (4, 75), (5, 72), (5, 76), (6, 76), (7, 72), (7, 76), (9, 72), (9, 76), (10, 73), (10, 75)]
2025-11-23 14:28:14,664 - create_connect_point - INFO - [create_connect_point.py:225] - 
room47:(87,91)-(89,99)
	[(86, 91), (86, 92), (86, 93), (86, 95), (86, 97), (86, 99), (87, 90), (89, 90), (90, 91), (90, 92), (90, 93), (90, 94), (90, 95), (90, 96), (90, 97), (90, 99)]
2025-11-23 14:28:14,664 - create_connect_point - INFO - [create_connect_point.py:225] - 
room48:(43,1)-(45,3)
	[(42, 1), (42, 2), (42, 3), (43, 4), (45, 4), (46, 1), (46, 2), (46, 3)]
2025-11-23 14:28:14,664 - create_connect_point - INFO - [create_connect_point.py:225] - 
room49:(43,57)-(51,65)
	[(42, 57), (42, 58), (42, 59), (42, 61), (42, 63), (42, 64), (42, 65), (43, 56), (43, 66), (44, 66), (45, 56), (45, 66), (46, 56), (46, 66), (47, 56), (47, 66), (49, 56), (49, 66), (50, 56), (50, 66), (51, 56), (51, 66), (52, 57), (52, 58), (52, 59), (52, 60), (52, 61), (52, 62), (52, 63), (52, 65)]
2025-11-23 14:28:14,665 - create_connect_point - INFO - [create_connect_point.py:225] - 
room50:(33,77)-(39,79)
	[(32, 77), (32, 78), (32, 79), (33, 76), (33, 80), (34, 76), (34, 80), (35, 76), (35, 80), (36, 80), (37, 76), (37, 80), (38, 76), (39, 76), (39, 80), (40, 77), (40, 78), (40, 79)]
2025-11-23 14:28:14,665 - create_connect_point - INFO - [create_connect_point.py:225] - 
room51:(67,93)-(69,95)
	[(66, 93), (66, 95), (67, 92), (67, 96), (68, 92), (68, 96), (69, 92), (69, 96), (70, 93), (70, 94), (70, 95)]
2025-11-23 14:28:14,665 - create_connect_point - INFO - [create_connect_point.py:225] - 
room52:(65,69)-(73,71)
	[(64, 69), (64, 70), (64, 71), (65, 68), (65, 72), (66, 72), (67, 68), (67, 72), (68, 68), (69, 68), (69, 72), (70, 68), (71, 68), (71, 72), (72, 68), (73, 68), (73, 72), (74, 69), (74, 70), (74, 71)]
2025-11-23 14:28:14,665 - create_connect_point - INFO - [create_connect_point.py:225] - 
room53:(9,21)-(13,23)
	[(8, 21), (8, 23), (9, 20), (9, 24), (11, 20), (11, 24), (12, 20), (12, 24), (13, 20), (13, 24), (14, 21), (14, 22), (14, 23)]
2025-11-23 14:28:14,665 - create_connect_point - INFO - [create_connect_point.py:225] - 
room54:(21,49)-(23,53)
	[(20, 49), (20, 50), (20, 51), (20, 53), (21, 48), (21, 54), (22, 48), (22, 54), (23, 48), (23, 54), (24, 49), (24, 51), (24, 52), (24, 53)]
2025-11-23 14:28:14,665 - create_connect_point - INFO - [create_connect_point.py:225] - 
room55:(3,13)-(7,15)
	[(2, 13), (2, 15), (3, 12), (3, 16), (4, 16), (5, 12), (5, 16), (6, 12), (6, 16), (7, 12), (7, 16), (8, 13), (8, 14), (8, 15)]
2025-11-23 14:28:14,665 - create_connect_point - INFO - [create_connect_point.py:225] - 
room56:(91,17)-(97,19)
	[(90, 17), (90, 18), (90, 19), (91, 16), (91, 20), (92, 20), (93, 16), (93, 20), (94, 16), (94, 20), (95, 16), (95, 20), (96, 16), (96, 20), (97, 16), (97, 20), (98, 17), (98, 18), (98, 19)]
2025-11-23 14:28:14,665 - create_connect_point - INFO - [create_connect_point.py:225] - 
room57:(19,55)-(27,57)
	[(18, 55), (18, 56), (18, 57), (19, 54), (19, 58), (20, 58), (21, 54), (21, 58), (22, 54), (23, 54), (23, 58), (24, 58), (25, 54), (25, 58), (26, 54), (26, 58), (27, 54), (27, 58), (28, 55), (28, 56), (28, 57)]
2025-11-23 14:28:14,665 - create_connect_point - INFO - [create_connect_point.py:225] - 
room58:(47,41)-(51,45)
	[(46, 41), (46, 43), (46, 44), (46, 45), (47, 40), (47, 46), (48, 40), (49, 40), (49, 46), (50, 46), (51, 40), (51, 46), (52, 41), (52, 42), (52, 43), (52, 44), (52, 45)]
2025-11-23 14:28:14,665 - create_connect_point - INFO - [create_connect_point.py:225] - 
room59:(5,23)-(7,29)
	[(4, 23), (4, 25), (4, 26), (4, 27), (4, 29), (5, 22), (5, 30), (6, 22), (6, 30), (7, 22), (7, 30), (8, 23), (8, 25), (8, 26), (8, 27), (8, 28), (8, 29)]
2025-11-23 14:28:14,665 - create_connect_point - INFO - [create_connect_point.py:225] - 
room60:(23,33)-(31,35)
	[(22, 33), (22, 35), (23, 32), (23, 36), (25, 32), (25, 36), (26, 32), (26, 36), (27, 32), (27, 36), (28, 36), (29, 32), (29, 36), (30, 32), (30, 36), (31, 32), (31, 36), (32, 33), (32, 34), (32, 35)]
2025-11-23 14:28:14,665 - create_connect_point - INFO - [create_connect_point.py:225] - 
room61:(73,21)-(75,27)
	[(72, 21), (72, 23), (72, 24), (72, 25), (72, 27), (73, 20), (73, 28), (74, 20), (74, 28), (75, 20), (75, 28), (76, 21), (76, 23), (76, 25), (76, 26), (76, 27)]
2025-11-23 14:28:14,665 - create_connect_point - INFO - [create_connect_point.py:225] - 
room62:(29,45)-(31,47)
	[(28, 45), (28, 46), (28, 47), (29, 44), (29, 48), (30, 44), (30, 48), (31, 44), (31, 48), (32, 45), (32, 47)]
2025-11-23 14:28:14,665 - create_connect_point - INFO - [create_connect_point.py:225] - 
room63:(91,51)-(95,55)
	[(90, 51), (90, 52), (90, 53), (90, 54), (90, 55), (91, 50), (91, 56), (93, 50), (93, 56), (94, 50), (94, 56), (95, 50), (95, 56), (96, 51), (96, 53), (96, 55)]
2025-11-23 14:28:14,665 - create_connect_point - INFO - [create_connect_point.py:225] - 
room64:(13,39)-(17,45)
	[(12, 39), (12, 40), (12, 41), (12, 42), (12, 43), (12, 44), (12, 45), (13, 38), (13, 46), (14, 38), (14, 46), (15, 38), (15, 46), (16, 38), (17, 38), (17, 46), (18, 39), (18, 40), (18, 41), (18, 42), (18, 43), (18, 44), (18, 45)]
2025-11-23 14:28:14,665 - create_connect_point - INFO - [create_connect_point.py:225] - 
room65:(63,55)-(67,57)
	[(62, 55), (62, 56), (62, 57), (63, 54), (63, 58), (64, 54), (64, 58), (65, 54), (65, 58), (66, 58), (67, 54), (67, 58), (68, 55), (68, 56), (68, 57)]
2025-11-23 14:28:14,665 - create_connect_point - INFO - [create_connect_point.py:225] - 
room66:(55,71)-(57,77)
	[(54, 71), (54, 72), (54, 73), (54, 75), (54, 77), (55, 70), (55, 78), (56, 70), (56, 78), (57, 70), (57, 78), (58, 71), (58, 72), (58, 73), (58, 75), (58, 76), (58, 77)]
2025-11-23 14:28:14,665 - create_connect_point - INFO - [create_connect_point.py:225] - 
room67:(1,77)-(7,79)
	[(1, 76), (1, 80), (2, 76), (2, 80), (3, 76), (3, 80), (4, 80), (5, 76), (5, 80), (6, 76), (6, 80), (7, 76), (7, 80), (8, 77), (8, 78), (8, 79)]
2025-11-23 14:28:14,665 - create_connect_point - INFO - [create_connect_point.py:225] - 
room68:(27,85)-(31,89)
	[(26, 85), (26, 86), (26, 87), (26, 89), (27, 84), (27, 90), (28, 84), (28, 90), (29, 84), (29, 90), (30, 84), (31, 84), (31, 90), (32, 85), (32, 86), (32, 87), (32, 89)]
2025-11-23 14:28:14,665 - create_connect_point - INFO - [create_connect_point.py:225] - 
room69:(7,53)-(9,59)
	[(6, 53), (6, 54), (6, 55), (6, 56), (6, 57), (6, 58), (6, 59), (7, 52), (7, 60), (8, 60), (9, 52), (9, 60), (10, 53), (10, 54), (10, 55), (10, 56), (10, 57), (10, 59)]
2025-11-23 14:28:14,665 - create_connect_point - INFO - [create_connect_point.py:225] - 
room70:(51,51)-(57,53)
	[(50, 51), (50, 53), (51, 50), (51, 54), (52, 50), (52, 54), (53, 50), (53, 54), (54, 54), (55, 50), (55, 54), (56, 50), (56, 54), (57, 50), (57, 54), (58, 51), (58, 52), (58, 53)]
2025-11-23 14:28:14,666 - create_connect_point - INFO - [create_connect_point.py:225] - 
room71:(97,79)-(99,83)
	[(96, 79), (96, 80), (96, 81), (96, 83), (97, 78), (97, 84), (99, 78), (99, 84)]
2025-11-23 14:28:14,666 - create_connect_point - INFO - [create_connect_point.py:225] - 
room72:(23,93)-(25,95)
	[(22, 93), (22, 95), (23, 92), (23, 96), (25, 92), (25, 96), (26, 93), (26, 95)]
2025-11-23 14:28:14,666 - create_connect_point - INFO - [create_connect_point.py:225] - 
room73:(45,5)-(53,9)
	[(44, 5), (44, 6), (44, 7), (44, 9), (45, 4), (45, 10), (46, 10), (47, 4), (47, 10), (48, 4), (48, 10), (49, 4), (49, 10), (51, 4), (51, 10), (52, 4), (53, 4), (53, 10), (54, 5), (54, 7), (54, 8), (54, 9)]
2025-11-23 14:28:14,666 - create_connect_point - INFO - [create_connect_point.py:225] - 
room74:(39,1)-(41,5)
	[(38, 1), (38, 2), (38, 3), (38, 4), (38, 5), (39, 6), (40, 6), (41, 6), (42, 1), (42, 2), (42, 3), (42, 5)]
2025-11-23 14:28:14,666 - create_connect_point - INFO - [create_connect_point.py:225] - 
room75:(55,25)-(57,27)
	[(54, 25), (54, 26), (54, 27), (55, 24), (55, 28), (56, 24), (56, 28), (57, 24), (57, 28), (58, 25), (58, 26), (58, 27)]
2025-11-23 14:28:14,666 - create_connect_point - INFO - [create_connect_point.py:225] - 
room76:(65,13)-(71,21)
	[(64, 13), (64, 15), (64, 16), (64, 17), (64, 18), (64, 19), (64, 20), (64, 21), (65, 12), (65, 22), (67, 12), (67, 22), (69, 12), (69, 22), (70, 12), (71, 12), (71, 22), (72, 13), (72, 14), (72, 15), (72, 16), (72, 17), (72, 18), (72, 19), (72, 21)]
2025-11-23 14:28:14,666 - create_connect_point - INFO - [create_connect_point.py:225] - 
room77:(69,77)-(71,79)
	[(68, 77), (68, 78), (68, 79), (69, 76), (69, 80), (70, 76), (71, 76), (71, 80), (72, 77), (72, 78), (72, 79)]
2025-11-23 14:28:14,666 - create_connect_point - INFO - [create_connect_point.py:225] - 
room78:(13,27)-(15,31)
	[(12, 27), (12, 29), (12, 30), (12, 31), (13, 26), (13, 32), (14, 26), (15, 26), (15, 32), (16, 27), (16, 28), (16, 29), (16, 31)]
2025-11-23 14:28:14,666 - create_connect_point - INFO - [create_connect_point.py:225] - 
room79:(1,67)-(3,73)
	[(1, 66), (1, 74), (2, 66), (2, 74), (3, 66), (3, 74), (4, 67), (4, 69), (4, 70), (4, 71), (4, 73)]
2025-11-23 14:28:14,666 - create_connect_point - INFO - [create_connect_point.py:225] - 
room80:(41,43)-(43,47)
	[(40, 43), (40, 45), (40, 47), (41, 42), (41, 48), (42, 42), (42, 48), (43, 42), (43, 48), (44, 43), (44, 44), (44, 45), (44, 47)]
2025-11-23 14:28:14,666 - create_connect_point - INFO - [create_connect_point.py:225] - 
room81:(39,25)-(41,33)
	[(38, 25), (38, 27), (38, 29), (38, 30), (38, 31), (38, 32), (38, 33), (39, 24), (39, 34), (40, 34), (41, 24), (41, 34), (42, 25), (42, 26), (42, 27), (42, 28), (42, 29), (42, 31), (42, 32), (42, 33)]
2025-11-23 14:28:14,666 - create_connect_point - INFO - [create_connect_point.py:225] - 
room82:(19,37)-(21,45)
	[(18, 37), (18, 39), (18, 40), (18, 41), (18, 42), (18, 43), (18, 44), (18, 45), (19, 36), (19, 46), (20, 46), (21, 36), (21, 46), (22, 37), (22, 38), (22, 39), (22, 41), (22, 42), (22, 43), (22, 45)]
2025-11-23 14:28:14,666 - create_connect_point - INFO - [create_connect_point.py:225] - 
room83:(5,83)-(7,91)
	[(4, 83), (4, 84), (4, 85), (4, 86), (4, 87), (4, 88), (4, 89), (4, 91), (5, 82), (5, 92), (6, 82), (6, 92), (7, 82), (7, 92), (8, 83), (8, 84), (8, 85), (8, 87), (8, 88), (8, 89), (8, 90), (8, 91)]
2025-11-23 14:28:14,666 - create_connect_point - INFO - [create_connect_point.py:225] - 
room84:(27,17)-(29,19)
	[(26, 17), (26, 18), (26, 19), (27, 16), (27, 20), (28, 16), (29, 16), (29, 20), (30, 17), (30, 18), (30, 19)]
2025-11-23 14:28:14,666 - create_connect_point - INFO - [create_connect_point.py:225] - 
room85:(37,63)-(41,71)
	[(36, 63), (36, 65), (36, 66), (36, 67), (36, 68), (36, 69), (36, 70), (36, 71), (37, 62), (37, 72), (39, 62), (39, 72), (40, 62), (40, 72), (41, 62), (41, 72), (42, 63), (42, 64), (42, 65), (42, 67), (42, 68), (42, 69), (42, 70), (42, 71)]
2025-11-23 14:28:14,666 - create_connect_point - INFO - [create_connect_point.py:225] - 
room86:(25,37)-(31,39)
	[(24, 37), (24, 38), (24, 39), (25, 36), (25, 40), (26, 36), (26, 40), (27, 36), (27, 40), (28, 36), (28, 40), (29, 36), (29, 40), (30, 36), (31, 36), (31, 40), (32, 37), (32, 38), (32, 39)]
2025-11-23 14:28:14,666 - create_connect_point - INFO - [create_connect_point.py:225] - 
room87:(81,45)-(83,49)
	[(80, 45), (80, 46), (80, 47), (80, 48), (80, 49), (81, 44), (81, 50), (82, 44), (83, 44), (83, 50), (84, 45), (84, 46), (84, 47), (84, 48), (84, 49)]
2025-11-23 14:28:14,666 - create_connect_point - INFO - [create_connect_point.py:225] - 
room88:(41,85)-(43,93)
	[(40, 85), (40, 86), (40, 87), (40, 88), (40, 89), (40, 91), (40, 92), (40, 93), (41, 84), (41, 94), (42, 94), (43, 84), (43, 94), (44, 85), (44, 87), (44, 88), (44, 89), (44, 91), (44, 92), (44, 93)]
2025-11-23 14:28:14,666 - create_connect_point - INFO - [create_connect_point.py:225] - 
room89:(83,17)-(87,19)
	[(82, 17), (82, 19), (83, 16), (83, 20), (85, 16), (85, 20), (86, 20), (87, 16), (87, 20), (88, 17), (88, 18), (88, 19)]
2025-11-23 14:28:14,666 - create_connect_point - INFO - [create_connect_point.py:225] - 
room90:(93,83)-(95,87)
	[(92, 83), (92, 84), (92, 85), (92, 86), (92, 87), (93, 82), (93, 88), (94, 88), (95, 82), (95, 88), (96, 83), (96, 85), (96, 86), (96, 87)]
2025-11-23 14:28:14,666 - create_connect_point - INFO - [create_connect_point.py:225] - 
room91:(93,11)-(97,15)
	[(92, 11), (92, 12), (92, 13), (92, 14), (92, 15), (93, 10), (93, 16), (94, 10), (94, 16), (95, 10), (95, 16), (96, 10), (96, 16), (97, 10), (97, 16), (98, 11), (98, 12), (98, 13), (98, 14), (98, 15)]
2025-11-23 14:28:14,666 - create_connect_point - INFO - [create_connect_point.py:225] - 
room92:(41,37)-(49,39)
	[(40, 37), (40, 39), (41, 36), (41, 40), (42, 40), (43, 36), (43, 40), (44, 36), (44, 40), (45, 36), (45, 40), (47, 36), (47, 40), (48, 36), (48, 40), (49, 36), (49, 40), (50, 37), (50, 39)]
2025-11-23 14:28:14,666 - create_connect_point - INFO - [create_connect_point.py:225] - 
room93:(47,25)-(49,29)
	[(46, 25), (46, 26), (46, 27), (46, 28), (46, 29), (47, 24), (47, 30), (48, 24), (49, 24), (49, 30), (50, 25), (50, 26), (50, 27), (50, 28), (50, 29)]
2025-11-23 14:28:14,667 - create_connect_point - INFO - [create_connect_point.py:225] - 
room94:(69,9)-(73,11)
	[(68, 9), (68, 10), (68, 11), (69, 8), (69, 12), (70, 8), (70, 12), (71, 8), (71, 12), (73, 8), (73, 12), (74, 9), (74, 11)]
2025-11-23 14:28:14,667 - create_connect_point - INFO - [create_connect_point.py:225] - 
room95:(33,9)-(35,13)
	[(32, 9), (32, 10), (32, 11), (32, 12), (32, 13), (33, 8), (33, 14), (34, 8), (34, 14), (35, 8), (35, 14), (36, 9), (36, 11), (36, 12), (36, 13)]
2025-11-23 14:28:14,667 - create_connect_point - INFO - [create_connect_point.py:225] - 
room96:(63,73)-(67,81)
	[(62, 73), (62, 74), (62, 75), (62, 77), (62, 79), (62, 80), (62, 81), (63, 72), (63, 82), (64, 82), (65, 72), (65, 82), (66, 72), (66, 82), (67, 72), (67, 82), (68, 73), (68, 74), (68, 75), (68, 77), (68, 78), (68, 79), (68, 81)]
2025-11-23 14:28:14,667 - create_connect_point - INFO - [create_connect_point.py:225] - 
room97:(93,61)-(97,67)
	[(92, 61), (92, 62), (92, 63), (92, 65), (92, 66), (92, 67), (93, 60), (93, 68), (94, 60), (94, 68), (95, 60), (95, 68), (96, 60), (97, 60), (97, 68), (98, 61), (98, 62), (98, 63), (98, 64), (98, 65), (98, 66), (98, 67)]
2025-11-23 14:28:14,667 - create_connect_point - INFO - [create_connect_point.py:225] - 
room98:(61,5)-(63,7)
	[(60, 5), (60, 7), (61, 4), (61, 8), (62, 4), (63, 4), (63, 8), (64, 5), (64, 7)]
2025-11-23 14:28:14,667 - create_connect_point - INFO - [create_connect_point.py:225] - 
room99:(9,13)-(15,17)
	[(8, 13), (8, 14), (8, 15), (8, 17), (9, 12), (9, 18), (11, 12), (11, 18), (12, 12), (12, 18), (13, 12), (13, 18), (14, 12), (14, 18), (15, 12), (15, 18), (16, 13), (16, 14), (16, 15), (16, 16), (16, 17)]
2025-11-23 14:28:14,667 - create_connect_point - INFO - [create_connect_point.py:169] - 去除多余连接点
2025-11-23 14:28:14,667 - create_connect_point - INFO - [create_connect_point.py:176] - 还存在连接点
2025-11-23 14:28:14,667 - create_connect_point - INFO - [create_connect_point.py:178] - 
可选择房间集合[0, 1, 2, 3, 4, 5, 6, 7, 8, 9, 10, 11, 12, 13, 14, 15, 16, 17, 18, 19, 20, 21, 22, 23, 24, 25, 26, 27, 28, 29, 30, 31, 32, 33, 34, 35, 36, 37, 38, 39, 40, 41, 42, 43, 44, 45, 46, 47, 48, 49, 50, 51, 52, 53, 54, 55, 56, 57, 58, 59, 60, 61, 62, 63, 64, 65, 66, 67, 68, 69, 70, 71, 72, 73, 74, 75, 76, 77, 78, 79, 80, 81, 82, 83, 84, 85, 86, 87, 88, 89, 90, 91, 92, 93, 94, 95, 96, 97, 98, 99]
2025-11-23 14:28:14,667 - create_connect_point - INFO - [create_connect_point.py:180] - 
选择房间80:(41,43)-(43,47)
	[(40, 43), (40, 45), (40, 47), (41, 42), (41, 48), (42, 42), (42, 48), (43, 42), (43, 48), (44, 43), (44, 44), (44, 45), (44, 47)]
2025-11-23 14:28:14,667 - create_connect_point - INFO - [create_connect_point.py:183] - 选择点(44, 45)
2025-11-23 14:28:14,667 - create_connect_point - INFO - [create_connect_point.py:201] - 找到对应path
2025-11-23 14:28:14,667 - create_connect_point - INFO - [create_connect_point.py:120] - 找到与room相连的path，通过邻居点 {(45, 45)}
2025-11-23 14:28:14,667 - create_connect_point - INFO - [create_connect_point.py:136] - 移除了{(44, 45), (44, 43), (44, 44)}，剩下80:[(40, 43), (40, 45), (40, 47), (41, 42), (41, 48), (42, 42), (42, 48), (43, 42), (43, 48), (44, 47)]
2025-11-23 14:28:14,667 - create_connect_point - INFO - [create_connect_point.py:205] - cCPbrap[(44, 45), (44, 43), (44, 44)]
2025-11-23 14:28:14,667 - create_connect_point - INFO - [create_connect_point.py:176] - 还存在连接点
2025-11-23 14:28:14,667 - create_connect_point - INFO - [create_connect_point.py:178] - 
可选择房间集合[0, 1, 2, 3, 4, 5, 6, 7, 8, 9, 10, 11, 12, 13, 14, 15, 16, 17, 18, 19, 20, 21, 22, 23, 24, 25, 26, 27, 28, 29, 30, 31, 32, 33, 34, 35, 36, 37, 38, 39, 40, 41, 42, 43, 44, 45, 46, 47, 48, 49, 50, 51, 52, 53, 54, 55, 56, 57, 58, 59, 60, 61, 62, 63, 64, 65, 66, 67, 68, 69, 70, 71, 72, 73, 74, 75, 76, 77, 78, 79, 80, 81, 82, 83, 84, 85, 86, 87, 88, 89, 90, 91, 92, 93, 94, 95, 96, 97, 98, 99]
2025-11-23 14:28:14,667 - create_connect_point - INFO - [create_connect_point.py:180] - 
选择房间7:(85,41)-(91,49)
	[(84, 41), (84, 42), (84, 43), (84, 45), (84, 46), (84, 47), (84, 48), (84, 49), (85, 40), (85, 50), (86, 50), (87, 40), (87, 50), (88, 40), (89, 40), (89, 50), (90, 40), (91, 40), (91, 50), (92, 41), (92, 43), (92, 45), (92, 46), (92, 47), (92, 48), (92, 49)]
2025-11-23 14:28:14,667 - create_connect_point - INFO - [create_connect_point.py:183] - 选择点(87, 50)
2025-11-23 14:28:14,668 - create_connect_point - INFO - [create_connect_point.py:188] - 
找到对应room29:(83,51)-(87,53)
	[(82, 51), (82, 52), (82, 53), (83, 50), (83, 54), (85, 50), (85, 54), (86, 50), (87, 50), (87, 54), (88, 51), (88, 52), (88, 53)]
2025-11-23 14:28:14,668 - create_connect_point - INFO - [create_connect_point.py:89] - 
移除了{(86, 50), (87, 50), (85, 50)}
剩下7:[(84, 41), (84, 42), (84, 43), (84, 45), (84, 46), (84, 47), (84, 48), (84, 49), (85, 40), (87, 40), (88, 40), (89, 40), (89, 50), (90, 40), (91, 40), (91, 50), (92, 41), (92, 43), (92, 45), (92, 46), (92, 47), (92, 48), (92, 49)]
29:[(82, 51), (82, 52), (82, 53), (83, 50), (83, 54), (85, 54), (87, 54), (88, 51), (88, 52), (88, 53)]
2025-11-23 14:28:14,668 - create_connect_point - INFO - [create_connect_point.py:193] - cCPbrar[(86, 50), (87, 50), (85, 50)]
2025-11-23 14:28:14,668 - create_connect_point - INFO - [create_connect_point.py:176] - 还存在连接点
2025-11-23 14:28:14,668 - create_connect_point - INFO - [create_connect_point.py:178] - 
可选择房间集合[0, 1, 2, 3, 4, 5, 6, 7, 8, 9, 10, 11, 12, 13, 14, 15, 16, 17, 18, 19, 20, 21, 22, 23, 24, 25, 26, 27, 28, 29, 30, 31, 32, 33, 34, 35, 36, 37, 38, 39, 40, 41, 42, 43, 44, 45, 46, 47, 48, 49, 50, 51, 52, 53, 54, 55, 56, 57, 58, 59, 60, 61, 62, 63, 64, 65, 66, 67, 68, 69, 70, 71, 72, 73, 74, 75, 76, 77, 78, 79, 80, 81, 82, 83, 84, 85, 86, 87, 88, 89, 90, 91, 92, 93, 94, 95, 96, 97, 98, 99]
2025-11-23 14:28:14,668 - create_connect_point - INFO - [create_connect_point.py:180] - 
选择房间68:(27,85)-(31,89)
	[(26, 85), (26, 86), (26, 87), (26, 89), (27, 84), (27, 90), (28, 84), (28, 90), (29, 84), (29, 90), (30, 84), (31, 84), (31, 90), (32, 85), (32, 86), (32, 87), (32, 89)]
2025-11-23 14:28:14,668 - create_connect_point - INFO - [create_connect_point.py:183] - 选择点(26, 85)
2025-11-23 14:28:14,668 - create_connect_point - INFO - [create_connect_point.py:201] - 找到对应path
2025-11-23 14:28:14,668 - create_connect_point - INFO - [create_connect_point.py:120] - 找到与room相连的path，通过邻居点 {(25, 85)}
2025-11-23 14:28:14,668 - create_connect_point - INFO - [create_connect_point.py:136] - 移除了{(26, 85), (32, 85), (28, 84), (28, 90), (31, 84), (29, 84), (29, 90), (27, 84), (26, 87), (30, 84), (32, 87), (27, 90), (26, 89), (32, 89), (26, 86), (32, 86)}，剩下68:[(31, 90)]
2025-11-23 14:28:14,668 - create_connect_point - INFO - [create_connect_point.py:205] - cCPbrap[(26, 85), (32, 85), (28, 84), (28, 90), (31, 84), (29, 84), (29, 90), (27, 84), (26, 87), (30, 84), (32, 87), (27, 90), (26, 89), (32, 89), (26, 86), (32, 86)]
2025-11-23 14:28:14,668 - create_connect_point - INFO - [create_connect_point.py:176] - 还存在连接点
2025-11-23 14:28:14,668 - create_connect_point - INFO - [create_connect_point.py:178] - 
可选择房间集合[0, 1, 2, 3, 4, 5, 6, 7, 8, 9, 10, 11, 12, 13, 14, 15, 16, 17, 18, 19, 20, 21, 22, 23, 24, 25, 26, 27, 28, 29, 30, 31, 32, 33, 34, 35, 36, 37, 38, 39, 40, 41, 42, 43, 44, 45, 46, 47, 48, 49, 50, 51, 52, 53, 54, 55, 56, 57, 58, 59, 60, 61, 62, 63, 64, 65, 66, 67, 68, 69, 70, 71, 72, 73, 74, 75, 76, 77, 78, 79, 80, 81, 82, 83, 84, 85, 86, 87, 88, 89, 90, 91, 92, 93, 94, 95, 96, 97, 98, 99]
2025-11-23 14:28:14,668 - create_connect_point - INFO - [create_connect_point.py:180] - 
选择房间78:(13,27)-(15,31)
	[(12, 27), (12, 29), (12, 30), (12, 31), (13, 26), (13, 32), (14, 26), (15, 26), (15, 32), (16, 27), (16, 28), (16, 29), (16, 31)]
2025-11-23 14:28:14,668 - create_connect_point - INFO - [create_connect_point.py:183] - 选择点(14, 26)
2025-11-23 14:28:14,668 - create_connect_point - INFO - [create_connect_point.py:201] - 找到对应path
2025-11-23 14:28:14,668 - create_connect_point - INFO - [create_connect_point.py:120] - 找到与room相连的path，通过邻居点 {(14, 25)}
2025-11-23 14:28:14,668 - create_connect_point - INFO - [create_connect_point.py:136] - 移除了{(13, 26), (14, 26), (15, 26)}，剩下78:[(12, 27), (12, 29), (12, 30), (12, 31), (13, 32), (15, 32), (16, 27), (16, 28), (16, 29), (16, 31)]
2025-11-23 14:28:14,669 - create_connect_point - INFO - [create_connect_point.py:205] - cCPbrap[(13, 26), (14, 26), (15, 26)]
2025-11-23 14:28:14,669 - create_connect_point - INFO - [create_connect_point.py:176] - 还存在连接点
2025-11-23 14:28:14,669 - create_connect_point - INFO - [create_connect_point.py:178] - 
可选择房间集合[0, 1, 2, 3, 4, 5, 6, 7, 8, 9, 10, 11, 12, 13, 14, 15, 16, 17, 18, 19, 20, 21, 22, 23, 24, 25, 26, 27, 28, 29, 30, 31, 32, 33, 34, 35, 36, 37, 38, 39, 40, 41, 42, 43, 44, 45, 46, 47, 48, 49, 50, 51, 52, 53, 54, 55, 56, 57, 58, 59, 60, 61, 62, 63, 64, 65, 66, 67, 68, 69, 70, 71, 72, 73, 74, 75, 76, 77, 78, 79, 80, 81, 82, 83, 84, 85, 86, 87, 88, 89, 90, 91, 92, 93, 94, 95, 96, 97, 98, 99]
2025-11-23 14:28:14,669 - create_connect_point - INFO - [create_connect_point.py:180] - 
选择房间21:(59,97)-(65,99)
	[(58, 97), (58, 98), (58, 99), (59, 96), (60, 96), (61, 96), (63, 96), (65, 96), (66, 97), (66, 98), (66, 99)]
2025-11-23 14:28:14,669 - create_connect_point - INFO - [create_connect_point.py:183] - 选择点(59, 96)
2025-11-23 14:28:14,669 - create_connect_point - INFO - [create_connect_point.py:201] - 找到对应path
2025-11-23 14:28:14,669 - create_connect_point - INFO - [create_connect_point.py:120] - 找到与room相连的path，通过邻居点 {(59, 95)}
2025-11-23 14:28:14,669 - create_connect_point - INFO - [create_connect_point.py:136] - 移除了{(61, 96), (59, 96), (60, 96)}，剩下21:[(58, 97), (58, 98), (58, 99), (63, 96), (65, 96), (66, 97), (66, 98), (66, 99)]
2025-11-23 14:28:14,669 - create_connect_point - INFO - [create_connect_point.py:205] - cCPbrap[(61, 96), (59, 96), (60, 96)]
2025-11-23 14:28:14,669 - create_connect_point - INFO - [create_connect_point.py:176] - 还存在连接点
2025-11-23 14:28:14,669 - create_connect_point - INFO - [create_connect_point.py:178] - 
可选择房间集合[0, 1, 2, 3, 4, 5, 6, 7, 8, 9, 10, 11, 12, 13, 14, 15, 16, 17, 18, 19, 20, 21, 22, 23, 24, 25, 26, 27, 28, 29, 30, 31, 32, 33, 34, 35, 36, 37, 38, 39, 40, 41, 42, 43, 44, 45, 46, 47, 48, 49, 50, 51, 52, 53, 54, 55, 56, 57, 58, 59, 60, 61, 62, 63, 64, 65, 66, 67, 68, 69, 70, 71, 72, 73, 74, 75, 76, 77, 78, 79, 80, 81, 82, 83, 84, 85, 86, 87, 88, 89, 90, 91, 92, 93, 94, 95, 96, 97, 98, 99]
2025-11-23 14:28:14,669 - create_connect_point - INFO - [create_connect_point.py:180] - 
选择房间29:(83,51)-(87,53)
	[(82, 51), (82, 52), (82, 53), (83, 50), (83, 54), (85, 54), (87, 54), (88, 51), (88, 52), (88, 53)]
2025-11-23 14:28:14,669 - create_connect_point - INFO - [create_connect_point.py:183] - 选择点(88, 53)
2025-11-23 14:28:14,669 - create_connect_point - INFO - [create_connect_point.py:201] - 找到对应path
2025-11-23 14:28:14,669 - create_connect_point - INFO - [create_connect_point.py:120] - 找到与room相连的path，通过邻居点 {(89, 53)}
2025-11-23 14:28:14,669 - create_connect_point - INFO - [create_connect_point.py:136] - 移除了{(88, 51), (87, 54), (88, 52), (88, 53)}，剩下29:[(82, 51), (82, 52), (82, 53), (83, 50), (83, 54), (85, 54)]
2025-11-23 14:28:14,669 - create_connect_point - INFO - [create_connect_point.py:205] - cCPbrap[(88, 51), (87, 54), (88, 52), (88, 53)]
2025-11-23 14:28:14,669 - create_connect_point - INFO - [create_connect_point.py:176] - 还存在连接点
2025-11-23 14:28:14,670 - create_connect_point - INFO - [create_connect_point.py:178] - 
可选择房间集合[0, 1, 2, 3, 4, 5, 6, 7, 8, 9, 10, 11, 12, 13, 14, 15, 16, 17, 18, 19, 20, 21, 22, 23, 24, 25, 26, 27, 28, 29, 30, 31, 32, 33, 34, 35, 36, 37, 38, 39, 40, 41, 42, 43, 44, 45, 46, 47, 48, 49, 50, 51, 52, 53, 54, 55, 56, 57, 58, 59, 60, 61, 62, 63, 64, 65, 66, 67, 68, 69, 70, 71, 72, 73, 74, 75, 76, 77, 78, 79, 80, 81, 82, 83, 84, 85, 86, 87, 88, 89, 90, 91, 92, 93, 94, 95, 96, 97, 98, 99]
2025-11-23 14:28:14,670 - create_connect_point - INFO - [create_connect_point.py:180] - 
选择房间24:(31,51)-(39,59)
	[(30, 51), (30, 53), (30, 54), (30, 55), (30, 56), (30, 57), (30, 58), (30, 59), (31, 50), (31, 60), (32, 50), (33, 50), (33, 60), (34, 60), (35, 50), (35, 60), (36, 50), (36, 60), (37, 50), (37, 60), (38, 50), (39, 50), (39, 60), (40, 51), (40, 52), (40, 53), (40, 54), (40, 55), (40, 57), (40, 58), (40, 59)]
2025-11-23 14:28:14,670 - create_connect_point - INFO - [create_connect_point.py:183] - 选择点(40, 55)
2025-11-23 14:28:14,670 - create_connect_point - INFO - [create_connect_point.py:201] - 找到对应path
2025-11-23 14:28:14,670 - create_connect_point - INFO - [create_connect_point.py:120] - 找到与room相连的path，通过邻居点 {(41, 55)}
2025-11-23 14:28:14,670 - create_connect_point - INFO - [create_connect_point.py:136] - 移除了{(40, 52), (40, 55), (40, 51), (40, 54), (40, 53)}，剩下24:[(30, 51), (30, 53), (30, 54), (30, 55), (30, 56), (30, 57), (30, 58), (30, 59), (31, 50), (31, 60), (32, 50), (33, 50), (33, 60), (34, 60), (35, 50), (35, 60), (36, 50), (36, 60), (37, 50), (37, 60), (38, 50), (39, 50), (39, 60), (40, 57), (40, 58), (40, 59)]
2025-11-23 14:28:14,670 - create_connect_point - INFO - [create_connect_point.py:205] - cCPbrap[(40, 52), (40, 55), (40, 51), (40, 54), (40, 53)]
2025-11-23 14:28:14,670 - create_connect_point - INFO - [create_connect_point.py:176] - 还存在连接点
2025-11-23 14:28:14,670 - create_connect_point - INFO - [create_connect_point.py:178] - 
可选择房间集合[0, 1, 2, 3, 4, 5, 6, 7, 8, 9, 10, 11, 12, 13, 14, 15, 16, 17, 18, 19, 20, 21, 22, 23, 24, 25, 26, 27, 28, 29, 30, 31, 32, 33, 34, 35, 36, 37, 38, 39, 40, 41, 42, 43, 44, 45, 46, 47, 48, 49, 50, 51, 52, 53, 54, 55, 56, 57, 58, 59, 60, 61, 62, 63, 64, 65, 66, 67, 68, 69, 70, 71, 72, 73, 74, 75, 76, 77, 78, 79, 80, 81, 82, 83, 84, 85, 86, 87, 88, 89, 90, 91, 92, 93, 94, 95, 96, 97, 98, 99]
2025-11-23 14:28:14,670 - create_connect_point - INFO - [create_connect_point.py:180] - 
选择房间27:(75,1)-(83,5)
	[(74, 1), (74, 2), (74, 3), (74, 5), (75, 6), (76, 6), (77, 6), (78, 6), (79, 6), (81, 6), (82, 6), (83, 6), (84, 1), (84, 2), (84, 3), (84, 5)]
2025-11-23 14:28:14,670 - create_connect_point - INFO - [create_connect_point.py:183] - 选择点(84, 2)
2025-11-23 14:28:14,670 - create_connect_point - INFO - [create_connect_point.py:201] - 找到对应path
2025-11-23 14:28:14,670 - create_connect_point - INFO - [create_connect_point.py:120] - 找到与room相连的path，通过邻居点 {(85, 2)}
2025-11-23 14:28:14,670 - create_connect_point - INFO - [create_connect_point.py:136] - 移除了{(84, 1), (82, 6), (83, 6), (84, 3), (81, 6), (84, 2), (84, 5)}，剩下27:[(74, 1), (74, 2), (74, 3), (74, 5), (75, 6), (76, 6), (77, 6), (78, 6), (79, 6)]
2025-11-23 14:28:14,670 - create_connect_point - INFO - [create_connect_point.py:205] - cCPbrap[(84, 1), (82, 6), (83, 6), (84, 3), (81, 6), (84, 2), (84, 5)]
2025-11-23 14:28:14,670 - create_connect_point - INFO - [create_connect_point.py:176] - 还存在连接点
2025-11-23 14:28:14,670 - create_connect_point - INFO - [create_connect_point.py:178] - 
可选择房间集合[0, 1, 2, 3, 4, 5, 6, 7, 8, 9, 10, 11, 12, 13, 14, 15, 16, 17, 18, 19, 20, 21, 22, 23, 24, 25, 26, 27, 28, 29, 30, 31, 32, 33, 34, 35, 36, 37, 38, 39, 40, 41, 42, 43, 44, 45, 46, 47, 48, 49, 50, 51, 52, 53, 54, 55, 56, 57, 58, 59, 60, 61, 62, 63, 64, 65, 66, 67, 68, 69, 70, 71, 72, 73, 74, 75, 76, 77, 78, 79, 80, 81, 82, 83, 84, 85, 86, 87, 88, 89, 90, 91, 92, 93, 94, 95, 96, 97, 98, 99]
2025-11-23 14:28:14,670 - create_connect_point - INFO - [create_connect_point.py:180] - 
选择房间39:(53,17)-(55,21)
	[(52, 17), (52, 19), (52, 21), (53, 16), (53, 22), (54, 16), (54, 22), (55, 16), (55, 22), (56, 17), (56, 18), (56, 19), (56, 20), (56, 21)]
2025-11-23 14:28:14,670 - create_connect_point - INFO - [create_connect_point.py:183] - 选择点(56, 21)
2025-11-23 14:28:14,671 - create_connect_point - INFO - [create_connect_point.py:188] - 
找到对应room23:(57,15)-(63,21)
	[(56, 15), (56, 17), (56, 18), (56, 19), (56, 20), (56, 21), (57, 14), (57, 22), (58, 14), (58, 22), (59, 14), (59, 22), (60, 22), (61, 14), (61, 22), (62, 14), (63, 14), (63, 22), (64, 15), (64, 16), (64, 17), (64, 18), (64, 19), (64, 20), (64, 21)]
2025-11-23 14:28:14,671 - create_connect_point - INFO - [create_connect_point.py:89] - 
移除了{(56, 20), (56, 17), (56, 19), (56, 18), (56, 21)}
剩下39:[(52, 17), (52, 19), (52, 21), (53, 16), (53, 22), (54, 16), (54, 22), (55, 16), (55, 22)]
23:[(56, 15), (57, 14), (57, 22), (58, 14), (58, 22), (59, 14), (59, 22), (60, 22), (61, 14), (61, 22), (62, 14), (63, 14), (63, 22), (64, 15), (64, 16), (64, 17), (64, 18), (64, 19), (64, 20), (64, 21)]
2025-11-23 14:28:14,671 - create_connect_point - INFO - [create_connect_point.py:193] - cCPbrar[(56, 20), (56, 17), (56, 19), (56, 18), (56, 21)]
2025-11-23 14:28:14,671 - create_connect_point - INFO - [create_connect_point.py:176] - 还存在连接点
2025-11-23 14:28:14,671 - create_connect_point - INFO - [create_connect_point.py:178] - 
可选择房间集合[0, 1, 2, 3, 4, 5, 6, 7, 8, 9, 10, 11, 12, 13, 14, 15, 16, 17, 18, 19, 20, 21, 22, 23, 24, 25, 26, 27, 28, 29, 30, 31, 32, 33, 34, 35, 36, 37, 38, 39, 40, 41, 42, 43, 44, 45, 46, 47, 48, 49, 50, 51, 52, 53, 54, 55, 56, 57, 58, 59, 60, 61, 62, 63, 64, 65, 66, 67, 68, 69, 70, 71, 72, 73, 74, 75, 76, 77, 78, 79, 80, 81, 82, 83, 84, 85, 86, 87, 88, 89, 90, 91, 92, 93, 94, 95, 96, 97, 98, 99]
2025-11-23 14:28:14,671 - create_connect_point - INFO - [create_connect_point.py:180] - 
选择房间7:(85,41)-(91,49)
	[(84, 41), (84, 42), (84, 43), (84, 45), (84, 46), (84, 47), (84, 48), (84, 49), (85, 40), (87, 40), (88, 40), (89, 40), (89, 50), (90, 40), (91, 40), (91, 50), (92, 41), (92, 43), (92, 45), (92, 46), (92, 47), (92, 48), (92, 49)]
2025-11-23 14:28:14,671 - create_connect_point - INFO - [create_connect_point.py:183] - 选择点(88, 40)
2025-11-23 14:28:14,671 - create_connect_point - INFO - [create_connect_point.py:201] - 找到对应path
2025-11-23 14:28:14,671 - create_connect_point - INFO - [create_connect_point.py:120] - 找到与room相连的path，通过邻居点 {(88, 39)}
2025-11-23 14:28:14,671 - create_connect_point - INFO - [create_connect_point.py:136] - 移除了{(90, 40), (85, 40), (84, 43), (91, 40), (84, 42), (87, 40), (84, 41), (88, 40), (89, 40)}，剩下7:[(84, 45), (84, 46), (84, 47), (84, 48), (84, 49), (89, 50), (91, 50), (92, 41), (92, 43), (92, 45), (92, 46), (92, 47), (92, 48), (92, 49)]
2025-11-23 14:28:14,671 - create_connect_point - INFO - [create_connect_point.py:205] - cCPbrap[(90, 40), (85, 40), (84, 43), (91, 40), (84, 42), (87, 40), (84, 41), (88, 40), (89, 40)]
2025-11-23 14:28:14,671 - create_connect_point - INFO - [create_connect_point.py:176] - 还存在连接点
2025-11-23 14:28:14,671 - create_connect_point - INFO - [create_connect_point.py:178] - 
可选择房间集合[0, 1, 2, 3, 4, 5, 6, 7, 8, 9, 10, 11, 12, 13, 14, 15, 16, 17, 18, 19, 20, 21, 22, 23, 24, 25, 26, 27, 28, 29, 30, 31, 32, 33, 34, 35, 36, 37, 38, 39, 40, 41, 42, 43, 44, 45, 46, 47, 48, 49, 50, 51, 52, 53, 54, 55, 56, 57, 58, 59, 60, 61, 62, 63, 64, 65, 66, 67, 68, 69, 70, 71, 72, 73, 74, 75, 76, 77, 78, 79, 80, 81, 82, 83, 84, 85, 86, 87, 88, 89, 90, 91, 92, 93, 94, 95, 96, 97, 98, 99]
2025-11-23 14:28:14,671 - create_connect_point - INFO - [create_connect_point.py:180] - 
选择房间69:(7,53)-(9,59)
	[(6, 53), (6, 54), (6, 55), (6, 56), (6, 57), (6, 58), (6, 59), (7, 52), (7, 60), (8, 60), (9, 52), (9, 60), (10, 53), (10, 54), (10, 55), (10, 56), (10, 57), (10, 59)]
2025-11-23 14:28:14,671 - create_connect_point - INFO - [create_connect_point.py:183] - 选择点(7, 52)
2025-11-23 14:28:14,671 - create_connect_point - INFO - [create_connect_point.py:201] - 找到对应path
2025-11-23 14:28:14,671 - create_connect_point - INFO - [create_connect_point.py:120] - 找到与room相连的path，通过邻居点 {(7, 51)}
2025-11-23 14:28:14,671 - create_connect_point - INFO - [create_connect_point.py:136] - 移除了{(6, 57), (7, 52), (6, 56), (6, 53), (6, 59), (9, 60), (6, 58), (6, 55), (9, 52), (7, 60), (8, 60), (6, 54)}，剩下69:[(10, 53), (10, 54), (10, 55), (10, 56), (10, 57), (10, 59)]
2025-11-23 14:28:14,672 - create_connect_point - INFO - [create_connect_point.py:205] - cCPbrap[(6, 57), (7, 52), (6, 56), (6, 53), (6, 59), (9, 60), (6, 58), (6, 55), (9, 52), (7, 60), (8, 60), (6, 54)]
2025-11-23 14:28:14,672 - create_connect_point - INFO - [create_connect_point.py:176] - 还存在连接点
2025-11-23 14:28:14,672 - create_connect_point - INFO - [create_connect_point.py:178] - 
可选择房间集合[0, 1, 2, 3, 4, 5, 6, 7, 8, 9, 10, 11, 12, 13, 14, 15, 16, 17, 18, 19, 20, 21, 22, 23, 24, 25, 26, 27, 28, 29, 30, 31, 32, 33, 34, 35, 36, 37, 38, 39, 40, 41, 42, 43, 44, 45, 46, 47, 48, 49, 50, 51, 52, 53, 54, 55, 56, 57, 58, 59, 60, 61, 62, 63, 64, 65, 66, 67, 68, 69, 70, 71, 72, 73, 74, 75, 76, 77, 78, 79, 80, 81, 82, 83, 84, 85, 86, 87, 88, 89, 90, 91, 92, 93, 94, 95, 96, 97, 98, 99]
2025-11-23 14:28:14,672 - create_connect_point - INFO - [create_connect_point.py:180] - 
选择房间4:(45,47)-(47,49)
	[(44, 47), (44, 49), (45, 46), (45, 50), (47, 46), (47, 50), (48, 47), (48, 48), (48, 49)]
2025-11-23 14:28:14,672 - create_connect_point - INFO - [create_connect_point.py:183] - 选择点(47, 50)
2025-11-23 14:28:14,672 - create_connect_point - INFO - [create_connect_point.py:201] - 找到对应path
2025-11-23 14:28:14,672 - create_connect_point - INFO - [create_connect_point.py:120] - 找到与room相连的path，通过邻居点 {(47, 51)}
2025-11-23 14:28:14,672 - create_connect_point - INFO - [create_connect_point.py:136] - 移除了{(45, 50), (47, 50)}，剩下4:[(44, 47), (44, 49), (45, 46), (47, 46), (48, 47), (48, 48), (48, 49)]
2025-11-23 14:28:14,672 - create_connect_point - INFO - [create_connect_point.py:205] - cCPbrap[(45, 50), (47, 50)]
2025-11-23 14:28:14,672 - create_connect_point - INFO - [create_connect_point.py:176] - 还存在连接点
2025-11-23 14:28:14,672 - create_connect_point - INFO - [create_connect_point.py:178] - 
可选择房间集合[0, 1, 2, 3, 4, 5, 6, 7, 8, 9, 10, 11, 12, 13, 14, 15, 16, 17, 18, 19, 20, 21, 22, 23, 24, 25, 26, 27, 28, 29, 30, 31, 32, 33, 34, 35, 36, 37, 38, 39, 40, 41, 42, 43, 44, 45, 46, 47, 48, 49, 50, 51, 52, 53, 54, 55, 56, 57, 58, 59, 60, 61, 62, 63, 64, 65, 66, 67, 68, 69, 70, 71, 72, 73, 74, 75, 76, 77, 78, 79, 80, 81, 82, 83, 84, 85, 86, 87, 88, 89, 90, 91, 92, 93, 94, 95, 96, 97, 98, 99]
2025-11-23 14:28:14,672 - create_connect_point - INFO - [create_connect_point.py:180] - 
选择房间48:(43,1)-(45,3)
	[(42, 1), (42, 2), (42, 3), (43, 4), (45, 4), (46, 1), (46, 2), (46, 3)]
2025-11-23 14:28:14,672 - create_connect_point - INFO - [create_connect_point.py:183] - 选择点(42, 3)
2025-11-23 14:28:14,672 - create_connect_point - INFO - [create_connect_point.py:188] - 
找到对应room74:(39,1)-(41,5)
	[(38, 1), (38, 2), (38, 3), (38, 4), (38, 5), (39, 6), (40, 6), (41, 6), (42, 1), (42, 2), (42, 3), (42, 5)]
2025-11-23 14:28:14,672 - create_connect_point - INFO - [create_connect_point.py:89] - 
移除了{(42, 1), (42, 2), (42, 3)}
剩下48:[(43, 4), (45, 4), (46, 1), (46, 2), (46, 3)]
74:[(38, 1), (38, 2), (38, 3), (38, 4), (38, 5), (39, 6), (40, 6), (41, 6), (42, 5)]
2025-11-23 14:28:14,672 - create_connect_point - INFO - [create_connect_point.py:193] - cCPbrar[(42, 1), (42, 2), (42, 3)]
2025-11-23 14:28:14,672 - create_connect_point - INFO - [create_connect_point.py:176] - 还存在连接点
2025-11-23 14:28:14,672 - create_connect_point - INFO - [create_connect_point.py:178] - 
可选择房间集合[0, 1, 2, 3, 4, 5, 6, 7, 8, 9, 10, 11, 12, 13, 14, 15, 16, 17, 18, 19, 20, 21, 22, 23, 24, 25, 26, 27, 28, 29, 30, 31, 32, 33, 34, 35, 36, 37, 38, 39, 40, 41, 42, 43, 44, 45, 46, 47, 48, 49, 50, 51, 52, 53, 54, 55, 56, 57, 58, 59, 60, 61, 62, 63, 64, 65, 66, 67, 68, 69, 70, 71, 72, 73, 74, 75, 76, 77, 78, 79, 80, 81, 82, 83, 84, 85, 86, 87, 88, 89, 90, 91, 92, 93, 94, 95, 96, 97, 98, 99]
2025-11-23 14:28:14,672 - create_connect_point - INFO - [create_connect_point.py:180] - 
选择房间61:(73,21)-(75,27)
	[(72, 21), (72, 23), (72, 24), (72, 25), (72, 27), (73, 20), (73, 28), (74, 20), (74, 28), (75, 20), (75, 28), (76, 21), (76, 23), (76, 25), (76, 26), (76, 27)]
2025-11-23 14:28:14,672 - create_connect_point - INFO - [create_connect_point.py:183] - 选择点(74, 28)
2025-11-23 14:28:14,672 - create_connect_point - INFO - [create_connect_point.py:201] - 找到对应path
2025-11-23 14:28:14,673 - create_connect_point - INFO - [create_connect_point.py:120] - 找到与room相连的path，通过邻居点 {(74, 29)}
2025-11-23 14:28:14,673 - create_connect_point - INFO - [create_connect_point.py:136] - 移除了{(75, 20), (73, 20), (76, 21), (76, 27), (74, 20), (72, 27), (72, 24), (75, 28), (76, 23), (72, 23), (76, 26), (73, 28), (74, 28), (76, 25), (72, 25)}，剩下61:[(72, 21)]
2025-11-23 14:28:14,673 - create_connect_point - INFO - [create_connect_point.py:205] - cCPbrap[(75, 20), (73, 20), (76, 21), (76, 27), (74, 20), (72, 27), (72, 24), (75, 28), (76, 23), (72, 23), (76, 26), (73, 28), (74, 28), (76, 25), (72, 25)]
2025-11-23 14:28:14,673 - create_connect_point - INFO - [create_connect_point.py:176] - 还存在连接点
2025-11-23 14:28:14,673 - create_connect_point - INFO - [create_connect_point.py:178] - 
可选择房间集合[0, 1, 2, 3, 4, 5, 6, 7, 8, 9, 10, 11, 12, 13, 14, 15, 16, 17, 18, 19, 20, 21, 22, 23, 24, 25, 26, 27, 28, 29, 30, 31, 32, 33, 34, 35, 36, 37, 38, 39, 40, 41, 42, 43, 44, 45, 46, 47, 48, 49, 50, 51, 52, 53, 54, 55, 56, 57, 58, 59, 60, 61, 62, 63, 64, 65, 66, 67, 68, 69, 70, 71, 72, 73, 74, 75, 76, 77, 78, 79, 80, 81, 82, 83, 84, 85, 86, 87, 88, 89, 90, 91, 92, 93, 94, 95, 96, 97, 98, 99]
2025-11-23 14:28:14,673 - create_connect_point - INFO - [create_connect_point.py:180] - 
选择房间51:(67,93)-(69,95)
	[(66, 93), (66, 95), (67, 92), (67, 96), (68, 92), (68, 96), (69, 92), (69, 96), (70, 93), (70, 94), (70, 95)]
2025-11-23 14:28:14,673 - create_connect_point - INFO - [create_connect_point.py:183] - 选择点(66, 93)
2025-11-23 14:28:14,673 - create_connect_point - INFO - [create_connect_point.py:188] - 
找到对应room36:(57,89)-(65,93)
	[(56, 89), (56, 91), (56, 93), (57, 88), (57, 94), (58, 88), (59, 88), (59, 94), (60, 88), (60, 94), (61, 88), (61, 94), (62, 88), (63, 88), (63, 94), (64, 88), (65, 88), (65, 94), (66, 89), (66, 90), (66, 91), (66, 93)]
2025-11-23 14:28:14,673 - create_connect_point - INFO - [create_connect_point.py:89] - 
移除了{(66, 93)}
剩下51:[(66, 95), (67, 92), (67, 96), (68, 92), (68, 96), (69, 92), (69, 96), (70, 93), (70, 94), (70, 95)]
36:[(56, 89), (56, 91), (56, 93), (57, 88), (57, 94), (58, 88), (59, 88), (59, 94), (60, 88), (60, 94), (61, 88), (61, 94), (62, 88), (63, 88), (63, 94), (64, 88), (65, 88), (65, 94), (66, 89), (66, 90), (66, 91)]
2025-11-23 14:28:14,673 - create_connect_point - INFO - [create_connect_point.py:193] - cCPbrar[(66, 93)]
2025-11-23 14:28:14,673 - create_connect_point - INFO - [create_connect_point.py:176] - 还存在连接点
2025-11-23 14:28:14,673 - create_connect_point - INFO - [create_connect_point.py:178] - 
可选择房间集合[0, 1, 2, 3, 4, 5, 6, 7, 8, 9, 10, 11, 12, 13, 14, 15, 16, 17, 18, 19, 20, 21, 22, 23, 24, 25, 26, 27, 28, 29, 30, 31, 32, 33, 34, 35, 36, 37, 38, 39, 40, 41, 42, 43, 44, 45, 46, 47, 48, 49, 50, 51, 52, 53, 54, 55, 56, 57, 58, 59, 60, 61, 62, 63, 64, 65, 66, 67, 68, 69, 70, 71, 72, 73, 74, 75, 76, 77, 78, 79, 80, 81, 82, 83, 84, 85, 86, 87, 88, 89, 90, 91, 92, 93, 94, 95, 96, 97, 98, 99]
2025-11-23 14:28:14,673 - create_connect_point - INFO - [create_connect_point.py:180] - 
选择房间2:(63,51)-(65,53)
	[(62, 51), (62, 53), (63, 50), (63, 54), (64, 54), (65, 50), (65, 54), (66, 51), (66, 52), (66, 53)]
2025-11-23 14:28:14,673 - create_connect_point - INFO - [create_connect_point.py:183] - 选择点(66, 51)
2025-11-23 14:28:14,673 - create_connect_point - INFO - [create_connect_point.py:201] - 找到对应path
2025-11-23 14:28:14,673 - create_connect_point - INFO - [create_connect_point.py:120] - 找到与room相连的path，通过邻居点 {(67, 51)}
2025-11-23 14:28:14,673 - create_connect_point - INFO - [create_connect_point.py:136] - 移除了{(66, 51), (66, 52), (65, 50), (66, 53)}，剩下2:[(62, 51), (62, 53), (63, 50), (63, 54), (64, 54), (65, 54)]
2025-11-23 14:28:14,673 - create_connect_point - INFO - [create_connect_point.py:205] - cCPbrap[(66, 51), (66, 52), (65, 50), (66, 53)]
2025-11-23 14:28:14,673 - create_connect_point - INFO - [create_connect_point.py:176] - 还存在连接点
2025-11-23 14:28:14,674 - create_connect_point - INFO - [create_connect_point.py:178] - 
可选择房间集合[0, 1, 2, 3, 4, 5, 6, 7, 8, 9, 10, 11, 12, 13, 14, 15, 16, 17, 18, 19, 20, 21, 22, 23, 24, 25, 26, 27, 28, 29, 30, 31, 32, 33, 34, 35, 36, 37, 38, 39, 40, 41, 42, 43, 44, 45, 46, 47, 48, 49, 50, 51, 52, 53, 54, 55, 56, 57, 58, 59, 60, 61, 62, 63, 64, 65, 66, 67, 68, 69, 70, 71, 72, 73, 74, 75, 76, 77, 78, 79, 80, 81, 82, 83, 84, 85, 86, 87, 88, 89, 90, 91, 92, 93, 94, 95, 96, 97, 98, 99]
2025-11-23 14:28:14,674 - create_connect_point - INFO - [create_connect_point.py:180] - 
选择房间14:(51,33)-(53,35)
	[(50, 33), (50, 34), (50, 35), (51, 32), (51, 36), (52, 32), (52, 36), (53, 32), (53, 36), (54, 33), (54, 34), (54, 35)]
2025-11-23 14:28:14,674 - create_connect_point - INFO - [create_connect_point.py:183] - 选择点(50, 35)
2025-11-23 14:28:14,674 - create_connect_point - INFO - [create_connect_point.py:201] - 找到对应path
2025-11-23 14:28:14,674 - create_connect_point - INFO - [create_connect_point.py:120] - 找到与room相连的path，通过邻居点 {(49, 35)}
2025-11-23 14:28:14,674 - create_connect_point - INFO - [create_connect_point.py:136] - 移除了{(50, 33), (54, 35), (52, 36), (50, 35), (52, 32), (53, 36), (51, 36), (53, 32), (54, 34), (51, 32), (50, 34), (54, 33)}，剩下14:[]
2025-11-23 14:28:14,674 - create_connect_point - INFO - [create_connect_point.py:205] - cCPbrap[(50, 33), (54, 35), (52, 36), (50, 35), (52, 32), (53, 36), (51, 36), (53, 32), (54, 34), (51, 32), (50, 34), (54, 33)]
2025-11-23 14:28:14,674 - create_connect_point - INFO - [create_connect_point.py:176] - 还存在连接点
2025-11-23 14:28:14,674 - create_connect_point - INFO - [create_connect_point.py:178] - 
可选择房间集合[0, 1, 2, 3, 4, 5, 6, 7, 8, 9, 10, 11, 12, 13, 15, 16, 17, 18, 19, 20, 21, 22, 23, 24, 25, 26, 27, 28, 29, 30, 31, 32, 33, 34, 35, 36, 37, 38, 39, 40, 41, 42, 43, 44, 45, 46, 47, 48, 49, 50, 51, 52, 53, 54, 55, 56, 57, 58, 59, 60, 61, 62, 63, 64, 65, 66, 67, 68, 69, 70, 71, 72, 73, 74, 75, 76, 77, 78, 79, 80, 81, 82, 83, 84, 85, 86, 87, 88, 89, 90, 91, 92, 93, 94, 95, 96, 97, 98, 99]
2025-11-23 14:28:14,674 - create_connect_point - INFO - [create_connect_point.py:180] - 
选择房间37:(79,25)-(87,29)
	[(78, 25), (78, 26), (78, 27), (78, 28), (78, 29), (79, 24), (79, 30), (80, 24), (80, 30), (81, 24), (81, 30), (82, 24), (82, 30), (83, 24), (83, 30), (84, 24), (84, 30), (85, 24), (85, 30), (87, 24), (87, 30), (88, 25), (88, 27), (88, 28), (88, 29)]
2025-11-23 14:28:14,674 - create_connect_point - INFO - [create_connect_point.py:183] - 选择点(80, 24)
2025-11-23 14:28:14,674 - create_connect_point - INFO - [create_connect_point.py:201] - 找到对应path
2025-11-23 14:28:14,674 - create_connect_point - INFO - [create_connect_point.py:120] - 找到与room相连的path，通过邻居点 {(80, 23)}
2025-11-23 14:28:14,674 - create_connect_point - INFO - [create_connect_point.py:136] - 移除了{(79, 24), (79, 30), (81, 24), (81, 30), (78, 25), (78, 28), (83, 24), (83, 30), (85, 24), (85, 30), (88, 29), (87, 24), (87, 30), (78, 27), (80, 24), (80, 30), (88, 25), (88, 28), (82, 24), (82, 30), (84, 24), (84, 30), (78, 26), (78, 29), (88, 27)}，剩下37:[]
2025-11-23 14:28:14,674 - create_connect_point - INFO - [create_connect_point.py:205] - cCPbrap[(79, 24), (79, 30), (81, 24), (81, 30), (78, 25), (78, 28), (83, 24), (83, 30), (85, 24), (85, 30), (88, 29), (87, 24), (87, 30), (78, 27), (80, 24), (80, 30), (88, 25), (88, 28), (82, 24), (82, 30), (84, 24), (84, 30), (78, 26), (78, 29), (88, 27)]
2025-11-23 14:28:14,674 - create_connect_point - INFO - [create_connect_point.py:176] - 还存在连接点
2025-11-23 14:28:14,674 - create_connect_point - INFO - [create_connect_point.py:178] - 
可选择房间集合[0, 1, 2, 3, 4, 5, 6, 7, 8, 9, 10, 11, 12, 13, 15, 16, 17, 18, 19, 20, 21, 22, 23, 24, 25, 26, 27, 28, 29, 30, 31, 32, 33, 34, 35, 36, 38, 39, 40, 41, 42, 43, 44, 45, 46, 47, 48, 49, 50, 51, 52, 53, 54, 55, 56, 57, 58, 59, 60, 61, 62, 63, 64, 65, 66, 67, 68, 69, 70, 71, 72, 73, 74, 75, 76, 77, 78, 79, 80, 81, 82, 83, 84, 85, 86, 87, 88, 89, 90, 91, 92, 93, 94, 95, 96, 97, 98, 99]
2025-11-23 14:28:14,674 - create_connect_point - INFO - [create_connect_point.py:180] - 
选择房间6:(49,91)-(53,97)
	[(48, 91), (48, 93), (48, 94), (48, 95), (48, 96), (48, 97), (49, 90), (49, 98), (50, 98), (51, 90), (51, 98), (52, 90), (53, 90), (53, 98), (54, 91), (54, 93), (54, 94), (54, 95), (54, 96), (54, 97)]
2025-11-23 14:28:14,674 - create_connect_point - INFO - [create_connect_point.py:183] - 选择点(53, 98)
2025-11-23 14:28:14,675 - create_connect_point - INFO - [create_connect_point.py:201] - 找到对应path
2025-11-23 14:28:14,675 - create_connect_point - INFO - [create_connect_point.py:120] - 找到与room相连的path，通过邻居点 {(53, 99)}
2025-11-23 14:28:14,675 - create_connect_point - INFO - [create_connect_point.py:136] - 移除了{(53, 98)}，剩下6:[(48, 91), (48, 93), (48, 94), (48, 95), (48, 96), (48, 97), (49, 90), (49, 98), (50, 98), (51, 90), (51, 98), (52, 90), (53, 90), (54, 91), (54, 93), (54, 94), (54, 95), (54, 96), (54, 97)]
2025-11-23 14:28:14,675 - create_connect_point - INFO - [create_connect_point.py:205] - cCPbrap[(53, 98)]
2025-11-23 14:28:14,675 - create_connect_point - INFO - [create_connect_point.py:176] - 还存在连接点
2025-11-23 14:28:14,675 - create_connect_point - INFO - [create_connect_point.py:178] - 
可选择房间集合[0, 1, 2, 3, 4, 5, 6, 7, 8, 9, 10, 11, 12, 13, 15, 16, 17, 18, 19, 20, 21, 22, 23, 24, 25, 26, 27, 28, 29, 30, 31, 32, 33, 34, 35, 36, 38, 39, 40, 41, 42, 43, 44, 45, 46, 47, 48, 49, 50, 51, 52, 53, 54, 55, 56, 57, 58, 59, 60, 61, 62, 63, 64, 65, 66, 67, 68, 69, 70, 71, 72, 73, 74, 75, 76, 77, 78, 79, 80, 81, 82, 83, 84, 85, 86, 87, 88, 89, 90, 91, 92, 93, 94, 95, 96, 97, 98, 99]
2025-11-23 14:28:14,675 - create_connect_point - INFO - [create_connect_point.py:180] - 
选择房间28:(73,91)-(81,93)
	[(72, 91), (72, 92), (72, 93), (73, 90), (73, 94), (74, 90), (75, 90), (75, 94), (76, 90), (77, 90), (77, 94), (79, 90), (79, 94), (80, 90), (80, 94), (81, 90), (81, 94), (82, 91), (82, 93)]
2025-11-23 14:28:14,675 - create_connect_point - INFO - [create_connect_point.py:183] - 选择点(80, 94)
2025-11-23 14:28:14,675 - create_connect_point - INFO - [create_connect_point.py:201] - 找到对应path
2025-11-23 14:28:14,675 - create_connect_point - INFO - [create_connect_point.py:120] - 找到与room相连的path，通过邻居点 {(80, 95)}
2025-11-23 14:28:14,675 - create_connect_point - INFO - [create_connect_point.py:136] - 移除了{(81, 94), (79, 94), (80, 94)}，剩下28:[(72, 91), (72, 92), (72, 93), (73, 90), (73, 94), (74, 90), (75, 90), (75, 94), (76, 90), (77, 90), (77, 94), (79, 90), (80, 90), (81, 90), (82, 91), (82, 93)]
2025-11-23 14:28:14,675 - create_connect_point - INFO - [create_connect_point.py:205] - cCPbrap[(81, 94), (79, 94), (80, 94)]
2025-11-23 14:28:14,675 - create_connect_point - INFO - [create_connect_point.py:176] - 还存在连接点
2025-11-23 14:28:14,675 - create_connect_point - INFO - [create_connect_point.py:178] - 
可选择房间集合[0, 1, 2, 3, 4, 5, 6, 7, 8, 9, 10, 11, 12, 13, 15, 16, 17, 18, 19, 20, 21, 22, 23, 24, 25, 26, 27, 28, 29, 30, 31, 32, 33, 34, 35, 36, 38, 39, 40, 41, 42, 43, 44, 45, 46, 47, 48, 49, 50, 51, 52, 53, 54, 55, 56, 57, 58, 59, 60, 61, 62, 63, 64, 65, 66, 67, 68, 69, 70, 71, 72, 73, 74, 75, 76, 77, 78, 79, 80, 81, 82, 83, 84, 85, 86, 87, 88, 89, 90, 91, 92, 93, 94, 95, 96, 97, 98, 99]
2025-11-23 14:28:14,675 - create_connect_point - INFO - [create_connect_point.py:180] - 
选择房间16:(31,17)-(37,25)
	[(30, 17), (30, 18), (30, 19), (30, 21), (30, 23), (30, 24), (30, 25), (31, 16), (31, 26), (32, 16), (33, 16), (33, 26), (34, 16), (34, 26), (35, 16), (35, 26), (36, 16), (36, 26), (37, 16), (37, 26), (38, 17), (38, 19), (38, 20), (38, 21), (38, 22), (38, 23), (38, 25)]
2025-11-23 14:28:14,675 - create_connect_point - INFO - [create_connect_point.py:183] - 选择点(38, 20)
2025-11-23 14:28:14,675 - create_connect_point - INFO - [create_connect_point.py:201] - 找到对应path
2025-11-23 14:28:14,675 - create_connect_point - INFO - [create_connect_point.py:120] - 找到与room相连的path，通过邻居点 {(39, 20)}
2025-11-23 14:28:14,675 - create_connect_point - INFO - [create_connect_point.py:136] - 移除了{(38, 23), (38, 20), (38, 19), (38, 22), (38, 21)}，剩下16:[(30, 17), (30, 18), (30, 19), (30, 21), (30, 23), (30, 24), (30, 25), (31, 16), (31, 26), (32, 16), (33, 16), (33, 26), (34, 16), (34, 26), (35, 16), (35, 26), (36, 16), (36, 26), (37, 16), (37, 26), (38, 17), (38, 25)]
2025-11-23 14:28:14,676 - create_connect_point - INFO - [create_connect_point.py:205] - cCPbrap[(38, 23), (38, 20), (38, 19), (38, 22), (38, 21)]
2025-11-23 14:28:14,676 - create_connect_point - INFO - [create_connect_point.py:176] - 还存在连接点
2025-11-23 14:28:14,676 - create_connect_point - INFO - [create_connect_point.py:178] - 
可选择房间集合[0, 1, 2, 3, 4, 5, 6, 7, 8, 9, 10, 11, 12, 13, 15, 16, 17, 18, 19, 20, 21, 22, 23, 24, 25, 26, 27, 28, 29, 30, 31, 32, 33, 34, 35, 36, 38, 39, 40, 41, 42, 43, 44, 45, 46, 47, 48, 49, 50, 51, 52, 53, 54, 55, 56, 57, 58, 59, 60, 61, 62, 63, 64, 65, 66, 67, 68, 69, 70, 71, 72, 73, 74, 75, 76, 77, 78, 79, 80, 81, 82, 83, 84, 85, 86, 87, 88, 89, 90, 91, 92, 93, 94, 95, 96, 97, 98, 99]
2025-11-23 14:28:14,676 - create_connect_point - INFO - [create_connect_point.py:180] - 
选择房间57:(19,55)-(27,57)
	[(18, 55), (18, 56), (18, 57), (19, 54), (19, 58), (20, 58), (21, 54), (21, 58), (22, 54), (23, 54), (23, 58), (24, 58), (25, 54), (25, 58), (26, 54), (26, 58), (27, 54), (27, 58), (28, 55), (28, 56), (28, 57)]
2025-11-23 14:28:14,676 - create_connect_point - INFO - [create_connect_point.py:183] - 选择点(21, 54)
2025-11-23 14:28:14,676 - create_connect_point - INFO - [create_connect_point.py:188] - 
找到对应room54:(21,49)-(23,53)
	[(20, 49), (20, 50), (20, 51), (20, 53), (21, 48), (21, 54), (22, 48), (22, 54), (23, 48), (23, 54), (24, 49), (24, 51), (24, 52), (24, 53)]
2025-11-23 14:28:14,676 - create_connect_point - INFO - [create_connect_point.py:89] - 
移除了{(21, 54), (22, 54), (23, 54)}
剩下57:[(18, 55), (18, 56), (18, 57), (19, 54), (19, 58), (20, 58), (21, 58), (23, 58), (24, 58), (25, 54), (25, 58), (26, 54), (26, 58), (27, 54), (27, 58), (28, 55), (28, 56), (28, 57)]
54:[(20, 49), (20, 50), (20, 51), (20, 53), (21, 48), (22, 48), (23, 48), (24, 49), (24, 51), (24, 52), (24, 53)]
2025-11-23 14:28:14,676 - create_connect_point - INFO - [create_connect_point.py:193] - cCPbrar[(21, 54), (22, 54), (23, 54)]
2025-11-23 14:28:14,676 - create_connect_point - INFO - [create_connect_point.py:176] - 还存在连接点
2025-11-23 14:28:14,676 - create_connect_point - INFO - [create_connect_point.py:178] - 
可选择房间集合[0, 1, 2, 3, 4, 5, 6, 7, 8, 9, 10, 11, 12, 13, 15, 16, 17, 18, 19, 20, 21, 22, 23, 24, 25, 26, 27, 28, 29, 30, 31, 32, 33, 34, 35, 36, 38, 39, 40, 41, 42, 43, 44, 45, 46, 47, 48, 49, 50, 51, 52, 53, 54, 55, 56, 57, 58, 59, 60, 61, 62, 63, 64, 65, 66, 67, 68, 69, 70, 71, 72, 73, 74, 75, 76, 77, 78, 79, 80, 81, 82, 83, 84, 85, 86, 87, 88, 89, 90, 91, 92, 93, 94, 95, 96, 97, 98, 99]
2025-11-23 14:28:14,676 - create_connect_point - INFO - [create_connect_point.py:180] - 
选择房间1:(17,23)-(21,29)
	[(16, 23), (16, 24), (16, 25), (16, 27), (16, 28), (16, 29), (17, 22), (17, 30), (18, 30), (19, 22), (19, 30), (20, 30), (21, 22), (21, 30), (22, 23), (22, 24), (22, 25), (22, 26), (22, 27), (22, 28), (22, 29)]
2025-11-23 14:28:14,676 - create_connect_point - INFO - [create_connect_point.py:183] - 选择点(16, 29)
2025-11-23 14:28:14,676 - create_connect_point - INFO - [create_connect_point.py:188] - 
找到对应room78:(13,27)-(15,31)
	[(12, 27), (12, 29), (12, 30), (12, 31), (13, 32), (15, 32), (16, 27), (16, 28), (16, 29), (16, 31)]
2025-11-23 14:28:14,676 - create_connect_point - INFO - [create_connect_point.py:89] - 
移除了{(16, 27), (16, 28), (16, 29)}
剩下1:[(16, 23), (16, 24), (16, 25), (17, 22), (17, 30), (18, 30), (19, 22), (19, 30), (20, 30), (21, 22), (21, 30), (22, 23), (22, 24), (22, 25), (22, 26), (22, 27), (22, 28), (22, 29)]
78:[(12, 27), (12, 29), (12, 30), (12, 31), (13, 32), (15, 32), (16, 31)]
2025-11-23 14:28:14,676 - create_connect_point - INFO - [create_connect_point.py:193] - cCPbrar[(16, 27), (16, 28), (16, 29)]
2025-11-23 14:28:14,676 - create_connect_point - INFO - [create_connect_point.py:176] - 还存在连接点
2025-11-23 14:28:14,676 - create_connect_point - INFO - [create_connect_point.py:178] - 
可选择房间集合[0, 1, 2, 3, 4, 5, 6, 7, 8, 9, 10, 11, 12, 13, 15, 16, 17, 18, 19, 20, 21, 22, 23, 24, 25, 26, 27, 28, 29, 30, 31, 32, 33, 34, 35, 36, 38, 39, 40, 41, 42, 43, 44, 45, 46, 47, 48, 49, 50, 51, 52, 53, 54, 55, 56, 57, 58, 59, 60, 61, 62, 63, 64, 65, 66, 67, 68, 69, 70, 71, 72, 73, 74, 75, 76, 77, 78, 79, 80, 81, 82, 83, 84, 85, 86, 87, 88, 89, 90, 91, 92, 93, 94, 95, 96, 97, 98, 99]
2025-11-23 14:28:14,676 - create_connect_point - INFO - [create_connect_point.py:180] - 
选择房间61:(73,21)-(75,27)
	[(72, 21)]
2025-11-23 14:28:14,676 - create_connect_point - INFO - [create_connect_point.py:183] - 选择点(72, 21)
2025-11-23 14:28:14,677 - create_connect_point - INFO - [create_connect_point.py:188] - 
找到对应room76:(65,13)-(71,21)
	[(64, 13), (64, 15), (64, 16), (64, 17), (64, 18), (64, 19), (64, 20), (64, 21), (65, 12), (65, 22), (67, 12), (67, 22), (69, 12), (69, 22), (70, 12), (71, 12), (71, 22), (72, 13), (72, 14), (72, 15), (72, 16), (72, 17), (72, 18), (72, 19), (72, 21)]
2025-11-23 14:28:14,677 - create_connect_point - INFO - [create_connect_point.py:89] - 
移除了{(72, 21)}
剩下61:[]
76:[(64, 13), (64, 15), (64, 16), (64, 17), (64, 18), (64, 19), (64, 20), (64, 21), (65, 12), (65, 22), (67, 12), (67, 22), (69, 12), (69, 22), (70, 12), (71, 12), (71, 22), (72, 13), (72, 14), (72, 15), (72, 16), (72, 17), (72, 18), (72, 19)]
2025-11-23 14:28:14,677 - create_connect_point - INFO - [create_connect_point.py:193] - cCPbrar[(72, 21)]
2025-11-23 14:28:14,677 - create_connect_point - INFO - [create_connect_point.py:176] - 还存在连接点
2025-11-23 14:28:14,677 - create_connect_point - INFO - [create_connect_point.py:178] - 
可选择房间集合[0, 1, 2, 3, 4, 5, 6, 7, 8, 9, 10, 11, 12, 13, 15, 16, 17, 18, 19, 20, 21, 22, 23, 24, 25, 26, 27, 28, 29, 30, 31, 32, 33, 34, 35, 36, 38, 39, 40, 41, 42, 43, 44, 45, 46, 47, 48, 49, 50, 51, 52, 53, 54, 55, 56, 57, 58, 59, 60, 62, 63, 64, 65, 66, 67, 68, 69, 70, 71, 72, 73, 74, 75, 76, 77, 78, 79, 80, 81, 82, 83, 84, 85, 86, 87, 88, 89, 90, 91, 92, 93, 94, 95, 96, 97, 98, 99]
2025-11-23 14:28:14,677 - create_connect_point - INFO - [create_connect_point.py:180] - 
选择房间79:(1,67)-(3,73)
	[(1, 66), (1, 74), (2, 66), (2, 74), (3, 66), (3, 74), (4, 67), (4, 69), (4, 70), (4, 71), (4, 73)]
2025-11-23 14:28:14,677 - create_connect_point - INFO - [create_connect_point.py:183] - 选择点(4, 70)
2025-11-23 14:28:14,677 - create_connect_point - INFO - [create_connect_point.py:201] - 找到对应path
2025-11-23 14:28:14,677 - create_connect_point - INFO - [create_connect_point.py:120] - 找到与room相连的path，通过邻居点 {(5, 70)}
2025-11-23 14:28:14,677 - create_connect_point - INFO - [create_connect_point.py:136] - 移除了{(4, 71), (4, 69), (4, 70)}，剩下79:[(1, 66), (1, 74), (2, 66), (2, 74), (3, 66), (3, 74), (4, 67), (4, 73)]
2025-11-23 14:28:14,677 - create_connect_point - INFO - [create_connect_point.py:205] - cCPbrap[(4, 71), (4, 69), (4, 70)]
2025-11-23 14:28:14,677 - create_connect_point - INFO - [create_connect_point.py:176] - 还存在连接点
2025-11-23 14:28:14,677 - create_connect_point - INFO - [create_connect_point.py:178] - 
可选择房间集合[0, 1, 2, 3, 4, 5, 6, 7, 8, 9, 10, 11, 12, 13, 15, 16, 17, 18, 19, 20, 21, 22, 23, 24, 25, 26, 27, 28, 29, 30, 31, 32, 33, 34, 35, 36, 38, 39, 40, 41, 42, 43, 44, 45, 46, 47, 48, 49, 50, 51, 52, 53, 54, 55, 56, 57, 58, 59, 60, 62, 63, 64, 65, 66, 67, 68, 69, 70, 71, 72, 73, 74, 75, 76, 77, 78, 79, 80, 81, 82, 83, 84, 85, 86, 87, 88, 89, 90, 91, 92, 93, 94, 95, 96, 97, 98, 99]
2025-11-23 14:28:14,677 - create_connect_point - INFO - [create_connect_point.py:180] - 
选择房间0:(77,9)-(85,11)
	[(76, 9), (76, 11), (77, 8), (77, 12), (78, 8), (79, 8), (79, 12), (80, 12), (81, 8), (81, 12), (82, 8), (82, 12), (83, 8), (83, 12), (84, 8), (84, 12), (85, 8), (85, 12), (86, 9), (86, 11)]
2025-11-23 14:28:14,677 - create_connect_point - INFO - [create_connect_point.py:183] - 选择点(84, 12)
2025-11-23 14:28:14,677 - create_connect_point - INFO - [create_connect_point.py:201] - 找到对应path
2025-11-23 14:28:14,677 - create_connect_point - INFO - [create_connect_point.py:120] - 找到与room相连的path，通过邻居点 {(84, 13)}
2025-11-23 14:28:14,677 - create_connect_point - INFO - [create_connect_point.py:136] - 移除了{(77, 12), (86, 11), (76, 11), (82, 12), (83, 12), (84, 12), (79, 12), (85, 12), (80, 12), (81, 12)}，剩下0:[(76, 9), (77, 8), (78, 8), (79, 8), (81, 8), (82, 8), (83, 8), (84, 8), (85, 8), (86, 9)]
2025-11-23 14:28:14,677 - create_connect_point - INFO - [create_connect_point.py:205] - cCPbrap[(77, 12), (86, 11), (76, 11), (82, 12), (83, 12), (84, 12), (79, 12), (85, 12), (80, 12), (81, 12)]
2025-11-23 14:28:14,677 - create_connect_point - INFO - [create_connect_point.py:176] - 还存在连接点
2025-11-23 14:28:14,678 - create_connect_point - INFO - [create_connect_point.py:178] - 
可选择房间集合[0, 1, 2, 3, 4, 5, 6, 7, 8, 9, 10, 11, 12, 13, 15, 16, 17, 18, 19, 20, 21, 22, 23, 24, 25, 26, 27, 28, 29, 30, 31, 32, 33, 34, 35, 36, 38, 39, 40, 41, 42, 43, 44, 45, 46, 47, 48, 49, 50, 51, 52, 53, 54, 55, 56, 57, 58, 59, 60, 62, 63, 64, 65, 66, 67, 68, 69, 70, 71, 72, 73, 74, 75, 76, 77, 78, 79, 80, 81, 82, 83, 84, 85, 86, 87, 88, 89, 90, 91, 92, 93, 94, 95, 96, 97, 98, 99]
2025-11-23 14:28:14,678 - create_connect_point - INFO - [create_connect_point.py:180] - 
选择房间41:(45,87)-(49,89)
	[(44, 87), (44, 88), (44, 89), (45, 86), (45, 90), (46, 86), (46, 90), (47, 86), (47, 90), (49, 86), (49, 90), (50, 87), (50, 88), (50, 89)]
2025-11-23 14:28:14,678 - create_connect_point - INFO - [create_connect_point.py:183] - 选择点(50, 89)
2025-11-23 14:28:14,678 - create_connect_point - INFO - [create_connect_point.py:201] - 找到对应path
2025-11-23 14:28:14,678 - create_connect_point - INFO - [create_connect_point.py:120] - 找到与room相连的path，通过邻居点 {(51, 89)}
2025-11-23 14:28:14,678 - create_connect_point - INFO - [create_connect_point.py:136] - 移除了{(50, 87), (45, 90), (46, 90), (47, 90), (50, 89), (45, 86), (46, 86), (47, 86), (50, 88)}，剩下41:[(44, 87), (44, 88), (44, 89), (49, 86), (49, 90)]
2025-11-23 14:28:14,678 - create_connect_point - INFO - [create_connect_point.py:205] - cCPbrap[(50, 87), (45, 90), (46, 90), (47, 90), (50, 89), (45, 86), (46, 86), (47, 86), (50, 88)]
2025-11-23 14:28:14,678 - create_connect_point - INFO - [create_connect_point.py:176] - 还存在连接点
2025-11-23 14:28:14,678 - create_connect_point - INFO - [create_connect_point.py:178] - 
可选择房间集合[0, 1, 2, 3, 4, 5, 6, 7, 8, 9, 10, 11, 12, 13, 15, 16, 17, 18, 19, 20, 21, 22, 23, 24, 25, 26, 27, 28, 29, 30, 31, 32, 33, 34, 35, 36, 38, 39, 40, 41, 42, 43, 44, 45, 46, 47, 48, 49, 50, 51, 52, 53, 54, 55, 56, 57, 58, 59, 60, 62, 63, 64, 65, 66, 67, 68, 69, 70, 71, 72, 73, 74, 75, 76, 77, 78, 79, 80, 81, 82, 83, 84, 85, 86, 87, 88, 89, 90, 91, 92, 93, 94, 95, 96, 97, 98, 99]
2025-11-23 14:28:14,678 - create_connect_point - INFO - [create_connect_point.py:180] - 
选择房间36:(57,89)-(65,93)
	[(56, 89), (56, 91), (56, 93), (57, 88), (57, 94), (58, 88), (59, 88), (59, 94), (60, 88), (60, 94), (61, 88), (61, 94), (62, 88), (63, 88), (63, 94), (64, 88), (65, 88), (65, 94), (66, 89), (66, 90), (66, 91)]
2025-11-23 14:28:14,678 - create_connect_point - INFO - [create_connect_point.py:183] - 选择点(66, 89)
2025-11-23 14:28:14,678 - create_connect_point - INFO - [create_connect_point.py:201] - 找到对应path
2025-11-23 14:28:14,678 - create_connect_point - INFO - [create_connect_point.py:120] - 找到与room相连的path，通过邻居点 {(67, 89)}
2025-11-23 14:28:14,678 - create_connect_point - INFO - [create_connect_point.py:136] - 移除了{(62, 88), (57, 88), (66, 91), (58, 88), (64, 88), (66, 90), (65, 88), (60, 88), (66, 89), (56, 89), (63, 88), (59, 88), (61, 88)}，剩下36:[(56, 91), (56, 93), (57, 94), (59, 94), (60, 94), (61, 94), (63, 94), (65, 94)]
2025-11-23 14:28:14,678 - create_connect_point - INFO - [create_connect_point.py:205] - cCPbrap[(62, 88), (57, 88), (66, 91), (58, 88), (64, 88), (66, 90), (65, 88), (60, 88), (66, 89), (56, 89), (63, 88), (59, 88), (61, 88)]
2025-11-23 14:28:14,678 - create_connect_point - INFO - [create_connect_point.py:176] - 还存在连接点
2025-11-23 14:28:14,678 - create_connect_point - INFO - [create_connect_point.py:178] - 
可选择房间集合[0, 1, 2, 3, 4, 5, 6, 7, 8, 9, 10, 11, 12, 13, 15, 16, 17, 18, 19, 20, 21, 22, 23, 24, 25, 26, 27, 28, 29, 30, 31, 32, 33, 34, 35, 36, 38, 39, 40, 41, 42, 43, 44, 45, 46, 47, 48, 49, 50, 51, 52, 53, 54, 55, 56, 57, 58, 59, 60, 62, 63, 64, 65, 66, 67, 68, 69, 70, 71, 72, 73, 74, 75, 76, 77, 78, 79, 80, 81, 82, 83, 84, 85, 86, 87, 88, 89, 90, 91, 92, 93, 94, 95, 96, 97, 98, 99]
2025-11-23 14:28:14,678 - create_connect_point - INFO - [create_connect_point.py:180] - 
选择房间81:(39,25)-(41,33)
	[(38, 25), (38, 27), (38, 29), (38, 30), (38, 31), (38, 32), (38, 33), (39, 24), (39, 34), (40, 34), (41, 24), (41, 34), (42, 25), (42, 26), (42, 27), (42, 28), (42, 29), (42, 31), (42, 32), (42, 33)]
2025-11-23 14:28:14,678 - create_connect_point - INFO - [create_connect_point.py:183] - 选择点(42, 32)
2025-11-23 14:28:14,678 - create_connect_point - INFO - [create_connect_point.py:201] - 找到对应path
2025-11-23 14:28:14,679 - create_connect_point - INFO - [create_connect_point.py:120] - 找到与room相连的path，通过邻居点 {(43, 32)}
2025-11-23 14:28:14,679 - create_connect_point - INFO - [create_connect_point.py:136] - 移除了{(42, 26), (42, 29), (42, 32), (42, 28), (42, 25), (42, 31), (42, 27), (42, 33)}，剩下81:[(38, 25), (38, 27), (38, 29), (38, 30), (38, 31), (38, 32), (38, 33), (39, 24), (39, 34), (40, 34), (41, 24), (41, 34)]
2025-11-23 14:28:14,679 - create_connect_point - INFO - [create_connect_point.py:205] - cCPbrap[(42, 26), (42, 29), (42, 32), (42, 28), (42, 25), (42, 31), (42, 27), (42, 33)]
2025-11-23 14:28:14,679 - create_connect_point - INFO - [create_connect_point.py:176] - 还存在连接点
2025-11-23 14:28:14,679 - create_connect_point - INFO - [create_connect_point.py:178] - 
可选择房间集合[0, 1, 2, 3, 4, 5, 6, 7, 8, 9, 10, 11, 12, 13, 15, 16, 17, 18, 19, 20, 21, 22, 23, 24, 25, 26, 27, 28, 29, 30, 31, 32, 33, 34, 35, 36, 38, 39, 40, 41, 42, 43, 44, 45, 46, 47, 48, 49, 50, 51, 52, 53, 54, 55, 56, 57, 58, 59, 60, 62, 63, 64, 65, 66, 67, 68, 69, 70, 71, 72, 73, 74, 75, 76, 77, 78, 79, 80, 81, 82, 83, 84, 85, 86, 87, 88, 89, 90, 91, 92, 93, 94, 95, 96, 97, 98, 99]
2025-11-23 14:28:14,679 - create_connect_point - INFO - [create_connect_point.py:180] - 
选择房间98:(61,5)-(63,7)
	[(60, 5), (60, 7), (61, 4), (61, 8), (62, 4), (63, 4), (63, 8), (64, 5), (64, 7)]
2025-11-23 14:28:14,679 - create_connect_point - INFO - [create_connect_point.py:183] - 选择点(61, 8)
2025-11-23 14:28:14,679 - create_connect_point - INFO - [create_connect_point.py:201] - 找到对应path
2025-11-23 14:28:14,679 - create_connect_point - INFO - [create_connect_point.py:120] - 找到与room相连的path，通过邻居点 {(61, 9)}
2025-11-23 14:28:14,679 - create_connect_point - INFO - [create_connect_point.py:136] - 移除了{(61, 4), (62, 4), (60, 5), (64, 7), (60, 7), (63, 8), (63, 4), (61, 8)}，剩下98:[(64, 5)]
2025-11-23 14:28:14,679 - create_connect_point - INFO - [create_connect_point.py:205] - cCPbrap[(61, 4), (62, 4), (60, 5), (64, 7), (60, 7), (63, 8), (63, 4), (61, 8)]
2025-11-23 14:28:14,679 - create_connect_point - INFO - [create_connect_point.py:176] - 还存在连接点
2025-11-23 14:28:14,679 - create_connect_point - INFO - [create_connect_point.py:178] - 
可选择房间集合[0, 1, 2, 3, 4, 5, 6, 7, 8, 9, 10, 11, 12, 13, 15, 16, 17, 18, 19, 20, 21, 22, 23, 24, 25, 26, 27, 28, 29, 30, 31, 32, 33, 34, 35, 36, 38, 39, 40, 41, 42, 43, 44, 45, 46, 47, 48, 49, 50, 51, 52, 53, 54, 55, 56, 57, 58, 59, 60, 62, 63, 64, 65, 66, 67, 68, 69, 70, 71, 72, 73, 74, 75, 76, 77, 78, 79, 80, 81, 82, 83, 84, 85, 86, 87, 88, 89, 90, 91, 92, 93, 94, 95, 96, 97, 98, 99]
2025-11-23 14:28:14,679 - create_connect_point - INFO - [create_connect_point.py:180] - 
选择房间72:(23,93)-(25,95)
	[(22, 93), (22, 95), (23, 92), (23, 96), (25, 92), (25, 96), (26, 93), (26, 95)]
2025-11-23 14:28:14,679 - create_connect_point - INFO - [create_connect_point.py:183] - 选择点(26, 93)
2025-11-23 14:28:14,679 - create_connect_point - INFO - [create_connect_point.py:201] - 找到对应path
2025-11-23 14:28:14,679 - create_connect_point - INFO - [create_connect_point.py:120] - 找到与room相连的path，通过邻居点 {(27, 93)}
2025-11-23 14:28:14,679 - create_connect_point - INFO - [create_connect_point.py:136] - 移除了{(26, 95), (22, 95), (25, 96), (25, 92), (23, 96), (23, 92), (26, 93), (22, 93)}，剩下72:[]
2025-11-23 14:28:14,679 - create_connect_point - INFO - [create_connect_point.py:205] - cCPbrap[(26, 95), (22, 95), (25, 96), (25, 92), (23, 96), (23, 92), (26, 93), (22, 93)]
2025-11-23 14:28:14,679 - create_connect_point - INFO - [create_connect_point.py:176] - 还存在连接点
2025-11-23 14:28:14,680 - create_connect_point - INFO - [create_connect_point.py:178] - 
可选择房间集合[0, 1, 2, 3, 4, 5, 6, 7, 8, 9, 10, 11, 12, 13, 15, 16, 17, 18, 19, 20, 21, 22, 23, 24, 25, 26, 27, 28, 29, 30, 31, 32, 33, 34, 35, 36, 38, 39, 40, 41, 42, 43, 44, 45, 46, 47, 48, 49, 50, 51, 52, 53, 54, 55, 56, 57, 58, 59, 60, 62, 63, 64, 65, 66, 67, 68, 69, 70, 71, 73, 74, 75, 76, 77, 78, 79, 80, 81, 82, 83, 84, 85, 86, 87, 88, 89, 90, 91, 92, 93, 94, 95, 96, 97, 98, 99]
2025-11-23 14:28:14,680 - create_connect_point - INFO - [create_connect_point.py:180] - 
选择房间26:(89,1)-(97,9)
	[(88, 1), (88, 3), (88, 4), (88, 5), (88, 6), (88, 7), (88, 8), (88, 9), (89, 10), (90, 10), (91, 10), (93, 10), (94, 10), (95, 10), (96, 10), (97, 10), (98, 1), (98, 2), (98, 3), (98, 5), (98, 6), (98, 7), (98, 9)]
2025-11-23 14:28:14,680 - create_connect_point - INFO - [create_connect_point.py:183] - 选择点(98, 1)
2025-11-23 14:28:14,680 - create_connect_point - INFO - [create_connect_point.py:201] - 找到对应path
2025-11-23 14:28:14,680 - create_connect_point - INFO - [create_connect_point.py:120] - 找到与room相连的path，通过邻居点 {(99, 1)}
2025-11-23 14:28:14,680 - create_connect_point - INFO - [create_connect_point.py:136] - 移除了{(98, 1), (98, 2), (98, 3)}，剩下26:[(88, 1), (88, 3), (88, 4), (88, 5), (88, 6), (88, 7), (88, 8), (88, 9), (89, 10), (90, 10), (91, 10), (93, 10), (94, 10), (95, 10), (96, 10), (97, 10), (98, 5), (98, 6), (98, 7), (98, 9)]
2025-11-23 14:28:14,680 - create_connect_point - INFO - [create_connect_point.py:205] - cCPbrap[(98, 1), (98, 2), (98, 3)]
2025-11-23 14:28:14,680 - create_connect_point - INFO - [create_connect_point.py:176] - 还存在连接点
2025-11-23 14:28:14,680 - create_connect_point - INFO - [create_connect_point.py:178] - 
可选择房间集合[0, 1, 2, 3, 4, 5, 6, 7, 8, 9, 10, 11, 12, 13, 15, 16, 17, 18, 19, 20, 21, 22, 23, 24, 25, 26, 27, 28, 29, 30, 31, 32, 33, 34, 35, 36, 38, 39, 40, 41, 42, 43, 44, 45, 46, 47, 48, 49, 50, 51, 52, 53, 54, 55, 56, 57, 58, 59, 60, 62, 63, 64, 65, 66, 67, 68, 69, 70, 71, 73, 74, 75, 76, 77, 78, 79, 80, 81, 82, 83, 84, 85, 86, 87, 88, 89, 90, 91, 92, 93, 94, 95, 96, 97, 98, 99]
2025-11-23 14:28:14,680 - create_connect_point - INFO - [create_connect_point.py:180] - 
选择房间21:(59,97)-(65,99)
	[(58, 97), (58, 98), (58, 99), (63, 96), (65, 96), (66, 97), (66, 98), (66, 99)]
2025-11-23 14:28:14,680 - create_connect_point - INFO - [create_connect_point.py:183] - 选择点(58, 99)
2025-11-23 14:28:14,680 - create_connect_point - INFO - [create_connect_point.py:201] - 找到对应path
2025-11-23 14:28:14,680 - create_connect_point - INFO - [create_connect_point.py:120] - 找到与room相连的path，通过邻居点 {(57, 99)}
2025-11-23 14:28:14,680 - create_connect_point - INFO - [create_connect_point.py:136] - 移除了{(58, 97), (58, 98), (58, 99)}，剩下21:[(63, 96), (65, 96), (66, 97), (66, 98), (66, 99)]
2025-11-23 14:28:14,680 - create_connect_point - INFO - [create_connect_point.py:205] - cCPbrap[(58, 97), (58, 98), (58, 99)]
2025-11-23 14:28:14,680 - create_connect_point - INFO - [create_connect_point.py:176] - 还存在连接点
2025-11-23 14:28:14,680 - create_connect_point - INFO - [create_connect_point.py:178] - 
可选择房间集合[0, 1, 2, 3, 4, 5, 6, 7, 8, 9, 10, 11, 12, 13, 15, 16, 17, 18, 19, 20, 21, 22, 23, 24, 25, 26, 27, 28, 29, 30, 31, 32, 33, 34, 35, 36, 38, 39, 40, 41, 42, 43, 44, 45, 46, 47, 48, 49, 50, 51, 52, 53, 54, 55, 56, 57, 58, 59, 60, 62, 63, 64, 65, 66, 67, 68, 69, 70, 71, 73, 74, 75, 76, 77, 78, 79, 80, 81, 82, 83, 84, 85, 86, 87, 88, 89, 90, 91, 92, 93, 94, 95, 96, 97, 98, 99]
2025-11-23 14:28:14,680 - create_connect_point - INFO - [create_connect_point.py:180] - 
选择房间31:(93,33)-(97,41)
	[(92, 33), (92, 34), (92, 35), (92, 36), (92, 37), (92, 38), (92, 39), (92, 41), (93, 32), (93, 42), (94, 42), (95, 32), (95, 42), (97, 32), (97, 42), (98, 33), (98, 34), (98, 35), (98, 36), (98, 37), (98, 39), (98, 40), (98, 41)]
2025-11-23 14:28:14,680 - create_connect_point - INFO - [create_connect_point.py:183] - 选择点(92, 34)
2025-11-23 14:28:14,681 - create_connect_point - INFO - [create_connect_point.py:201] - 找到对应path
2025-11-23 14:28:14,681 - create_connect_point - INFO - [create_connect_point.py:120] - 找到与room相连的path，通过邻居点 {(91, 34)}
2025-11-23 14:28:14,681 - create_connect_point - INFO - [create_connect_point.py:136] - 移除了{(92, 36), (98, 37), (92, 35), (98, 36), (92, 38), (95, 32), (98, 33), (97, 32), (92, 37), (93, 32), (92, 34), (98, 35), (92, 33), (92, 39), (98, 34)}，剩下31:[(92, 41), (93, 42), (94, 42), (95, 42), (97, 42), (98, 39), (98, 40), (98, 41)]
2025-11-23 14:28:14,681 - create_connect_point - INFO - [create_connect_point.py:205] - cCPbrap[(92, 36), (98, 37), (92, 35), (98, 36), (92, 38), (95, 32), (98, 33), (97, 32), (92, 37), (93, 32), (92, 34), (98, 35), (92, 33), (92, 39), (98, 34)]
2025-11-23 14:28:14,681 - create_connect_point - INFO - [create_connect_point.py:176] - 还存在连接点
2025-11-23 14:28:14,681 - create_connect_point - INFO - [create_connect_point.py:178] - 
可选择房间集合[0, 1, 2, 3, 4, 5, 6, 7, 8, 9, 10, 11, 12, 13, 15, 16, 17, 18, 19, 20, 21, 22, 23, 24, 25, 26, 27, 28, 29, 30, 31, 32, 33, 34, 35, 36, 38, 39, 40, 41, 42, 43, 44, 45, 46, 47, 48, 49, 50, 51, 52, 53, 54, 55, 56, 57, 58, 59, 60, 62, 63, 64, 65, 66, 67, 68, 69, 70, 71, 73, 74, 75, 76, 77, 78, 79, 80, 81, 82, 83, 84, 85, 86, 87, 88, 89, 90, 91, 92, 93, 94, 95, 96, 97, 98, 99]
2025-11-23 14:28:14,681 - create_connect_point - INFO - [create_connect_point.py:180] - 
选择房间94:(69,9)-(73,11)
	[(68, 9), (68, 10), (68, 11), (69, 8), (69, 12), (70, 8), (70, 12), (71, 8), (71, 12), (73, 8), (73, 12), (74, 9), (74, 11)]
2025-11-23 14:28:14,681 - create_connect_point - INFO - [create_connect_point.py:183] - 选择点(74, 11)
2025-11-23 14:28:14,681 - create_connect_point - INFO - [create_connect_point.py:201] - 找到对应path
2025-11-23 14:28:14,681 - create_connect_point - INFO - [create_connect_point.py:120] - 找到与room相连的path，通过邻居点 {(75, 11)}
2025-11-23 14:28:14,681 - create_connect_point - INFO - [create_connect_point.py:136] - 移除了{(74, 11), (73, 12)}，剩下94:[(68, 9), (68, 10), (68, 11), (69, 8), (69, 12), (70, 8), (70, 12), (71, 8), (71, 12), (73, 8), (74, 9)]
2025-11-23 14:28:14,681 - create_connect_point - INFO - [create_connect_point.py:205] - cCPbrap[(74, 11), (73, 12)]
2025-11-23 14:28:14,681 - create_connect_point - INFO - [create_connect_point.py:176] - 还存在连接点
2025-11-23 14:28:14,681 - create_connect_point - INFO - [create_connect_point.py:178] - 
可选择房间集合[0, 1, 2, 3, 4, 5, 6, 7, 8, 9, 10, 11, 12, 13, 15, 16, 17, 18, 19, 20, 21, 22, 23, 24, 25, 26, 27, 28, 29, 30, 31, 32, 33, 34, 35, 36, 38, 39, 40, 41, 42, 43, 44, 45, 46, 47, 48, 49, 50, 51, 52, 53, 54, 55, 56, 57, 58, 59, 60, 62, 63, 64, 65, 66, 67, 68, 69, 70, 71, 73, 74, 75, 76, 77, 78, 79, 80, 81, 82, 83, 84, 85, 86, 87, 88, 89, 90, 91, 92, 93, 94, 95, 96, 97, 98, 99]
2025-11-23 14:28:14,681 - create_connect_point - INFO - [create_connect_point.py:180] - 
选择房间91:(93,11)-(97,15)
	[(92, 11), (92, 12), (92, 13), (92, 14), (92, 15), (93, 10), (93, 16), (94, 10), (94, 16), (95, 10), (95, 16), (96, 10), (96, 16), (97, 10), (97, 16), (98, 11), (98, 12), (98, 13), (98, 14), (98, 15)]
2025-11-23 14:28:14,681 - create_connect_point - INFO - [create_connect_point.py:183] - 选择点(93, 16)
2025-11-23 14:28:14,681 - create_connect_point - INFO - [create_connect_point.py:188] - 
找到对应room56:(91,17)-(97,19)
	[(90, 17), (90, 18), (90, 19), (91, 16), (91, 20), (92, 20), (93, 16), (93, 20), (94, 16), (94, 20), (95, 16), (95, 20), (96, 16), (96, 20), (97, 16), (97, 20), (98, 17), (98, 18), (98, 19)]
2025-11-23 14:28:14,681 - create_connect_point - INFO - [create_connect_point.py:89] - 
移除了{(94, 16), (95, 16), (96, 16), (97, 16), (93, 16)}
剩下91:[(92, 11), (92, 12), (92, 13), (92, 14), (92, 15), (93, 10), (94, 10), (95, 10), (96, 10), (97, 10), (98, 11), (98, 12), (98, 13), (98, 14), (98, 15)]
56:[(90, 17), (90, 18), (90, 19), (91, 16), (91, 20), (92, 20), (93, 20), (94, 20), (95, 20), (96, 20), (97, 20), (98, 17), (98, 18), (98, 19)]
2025-11-23 14:28:14,681 - create_connect_point - INFO - [create_connect_point.py:193] - cCPbrar[(94, 16), (95, 16), (96, 16), (97, 16), (93, 16)]
2025-11-23 14:28:14,682 - create_connect_point - INFO - [create_connect_point.py:163] - 0:以1/50的概率加入了(97, 16)
2025-11-23 14:28:14,682 - create_connect_point - INFO - [create_connect_point.py:176] - 还存在连接点
2025-11-23 14:28:14,682 - create_connect_point - INFO - [create_connect_point.py:178] - 
可选择房间集合[0, 1, 2, 3, 4, 5, 6, 7, 8, 9, 10, 11, 12, 13, 15, 16, 17, 18, 19, 20, 21, 22, 23, 24, 25, 26, 27, 28, 29, 30, 31, 32, 33, 34, 35, 36, 38, 39, 40, 41, 42, 43, 44, 45, 46, 47, 48, 49, 50, 51, 52, 53, 54, 55, 56, 57, 58, 59, 60, 62, 63, 64, 65, 66, 67, 68, 69, 70, 71, 73, 74, 75, 76, 77, 78, 79, 80, 81, 82, 83, 84, 85, 86, 87, 88, 89, 90, 91, 92, 93, 94, 95, 96, 97, 98, 99]
2025-11-23 14:28:14,682 - create_connect_point - INFO - [create_connect_point.py:180] - 
选择房间21:(59,97)-(65,99)
	[(63, 96), (65, 96), (66, 97), (66, 98), (66, 99)]
2025-11-23 14:28:14,682 - create_connect_point - INFO - [create_connect_point.py:183] - 选择点(63, 96)
2025-11-23 14:28:14,682 - create_connect_point - INFO - [create_connect_point.py:201] - 找到对应path
2025-11-23 14:28:14,682 - create_connect_point - INFO - [create_connect_point.py:120] - 找到与room相连的path，通过邻居点 {(63, 95)}
2025-11-23 14:28:14,682 - create_connect_point - INFO - [create_connect_point.py:136] - 移除了{(63, 96)}，剩下21:[(65, 96), (66, 97), (66, 98), (66, 99)]
2025-11-23 14:28:14,682 - create_connect_point - INFO - [create_connect_point.py:205] - cCPbrap[(63, 96)]
2025-11-23 14:28:14,682 - create_connect_point - INFO - [create_connect_point.py:176] - 还存在连接点
2025-11-23 14:28:14,682 - create_connect_point - INFO - [create_connect_point.py:178] - 
可选择房间集合[0, 1, 2, 3, 4, 5, 6, 7, 8, 9, 10, 11, 12, 13, 15, 16, 17, 18, 19, 20, 21, 22, 23, 24, 25, 26, 27, 28, 29, 30, 31, 32, 33, 34, 35, 36, 38, 39, 40, 41, 42, 43, 44, 45, 46, 47, 48, 49, 50, 51, 52, 53, 54, 55, 56, 57, 58, 59, 60, 62, 63, 64, 65, 66, 67, 68, 69, 70, 71, 73, 74, 75, 76, 77, 78, 79, 80, 81, 82, 83, 84, 85, 86, 87, 88, 89, 90, 91, 92, 93, 94, 95, 96, 97, 98, 99]
2025-11-23 14:28:14,682 - create_connect_point - INFO - [create_connect_point.py:180] - 
选择房间30:(41,15)-(43,23)
	[(40, 15), (40, 17), (40, 19), (40, 20), (40, 21), (40, 22), (40, 23), (41, 14), (41, 24), (42, 14), (43, 14), (43, 24), (44, 15), (44, 17), (44, 19), (44, 20), (44, 21), (44, 23)]
2025-11-23 14:28:14,682 - create_connect_point - INFO - [create_connect_point.py:183] - 选择点(44, 17)
2025-11-23 14:28:14,682 - create_connect_point - INFO - [create_connect_point.py:201] - 找到对应path
2025-11-23 14:28:14,682 - create_connect_point - INFO - [create_connect_point.py:120] - 找到与room相连的path，通过邻居点 {(45, 17)}
2025-11-23 14:28:14,682 - create_connect_point - INFO - [create_connect_point.py:136] - 移除了{(44, 17), (41, 14), (44, 20), (43, 14), (44, 19), (44, 15), (44, 21), (42, 14), (40, 15)}，剩下30:[(40, 17), (40, 19), (40, 20), (40, 21), (40, 22), (40, 23), (41, 24), (43, 24), (44, 23)]
2025-11-23 14:28:14,682 - create_connect_point - INFO - [create_connect_point.py:205] - cCPbrap[(44, 17), (41, 14), (44, 20), (43, 14), (44, 19), (44, 15), (44, 21), (42, 14), (40, 15)]
2025-11-23 14:28:14,682 - create_connect_point - INFO - [create_connect_point.py:176] - 还存在连接点
2025-11-23 14:28:14,682 - create_connect_point - INFO - [create_connect_point.py:178] - 
可选择房间集合[0, 1, 2, 3, 4, 5, 6, 7, 8, 9, 10, 11, 12, 13, 15, 16, 17, 18, 19, 20, 21, 22, 23, 24, 25, 26, 27, 28, 29, 30, 31, 32, 33, 34, 35, 36, 38, 39, 40, 41, 42, 43, 44, 45, 46, 47, 48, 49, 50, 51, 52, 53, 54, 55, 56, 57, 58, 59, 60, 62, 63, 64, 65, 66, 67, 68, 69, 70, 71, 73, 74, 75, 76, 77, 78, 79, 80, 81, 82, 83, 84, 85, 86, 87, 88, 89, 90, 91, 92, 93, 94, 95, 96, 97, 98, 99]
2025-11-23 14:28:14,682 - create_connect_point - INFO - [create_connect_point.py:180] - 
选择房间51:(67,93)-(69,95)
	[(66, 95), (67, 92), (67, 96), (68, 92), (68, 96), (69, 92), (69, 96), (70, 93), (70, 94), (70, 95)]
2025-11-23 14:28:14,683 - create_connect_point - INFO - [create_connect_point.py:183] - 选择点(68, 96)
2025-11-23 14:28:14,683 - create_connect_point - INFO - [create_connect_point.py:201] - 找到对应path
2025-11-23 14:28:14,683 - create_connect_point - INFO - [create_connect_point.py:120] - 找到与room相连的path，通过邻居点 {(68, 97)}
2025-11-23 14:28:14,683 - create_connect_point - INFO - [create_connect_point.py:136] - 移除了{(70, 93), (67, 96), (68, 96), (69, 96), (70, 95), (67, 92), (68, 92), (70, 94), (69, 92)}，剩下51:[(66, 95)]
2025-11-23 14:28:14,683 - create_connect_point - INFO - [create_connect_point.py:205] - cCPbrap[(70, 93), (67, 96), (68, 96), (69, 96), (70, 95), (67, 92), (68, 92), (70, 94), (69, 92)]
2025-11-23 14:28:14,683 - create_connect_point - INFO - [create_connect_point.py:176] - 还存在连接点
2025-11-23 14:28:14,683 - create_connect_point - INFO - [create_connect_point.py:178] - 
可选择房间集合[0, 1, 2, 3, 4, 5, 6, 7, 8, 9, 10, 11, 12, 13, 15, 16, 17, 18, 19, 20, 21, 22, 23, 24, 25, 26, 27, 28, 29, 30, 31, 32, 33, 34, 35, 36, 38, 39, 40, 41, 42, 43, 44, 45, 46, 47, 48, 49, 50, 51, 52, 53, 54, 55, 56, 57, 58, 59, 60, 62, 63, 64, 65, 66, 67, 68, 69, 70, 71, 73, 74, 75, 76, 77, 78, 79, 80, 81, 82, 83, 84, 85, 86, 87, 88, 89, 90, 91, 92, 93, 94, 95, 96, 97, 98, 99]
2025-11-23 14:28:14,683 - create_connect_point - INFO - [create_connect_point.py:180] - 
选择房间79:(1,67)-(3,73)
	[(1, 66), (1, 74), (2, 66), (2, 74), (3, 66), (3, 74), (4, 67), (4, 73)]
2025-11-23 14:28:14,683 - create_connect_point - INFO - [create_connect_point.py:183] - 选择点(2, 74)
2025-11-23 14:28:14,683 - create_connect_point - INFO - [create_connect_point.py:201] - 找到对应path
2025-11-23 14:28:14,683 - create_connect_point - INFO - [create_connect_point.py:120] - 找到与room相连的path，通过邻居点 {(2, 75)}
2025-11-23 14:28:14,683 - create_connect_point - INFO - [create_connect_point.py:136] - 移除了{(3, 74), (1, 74), (2, 74)}，剩下79:[(1, 66), (2, 66), (3, 66), (4, 67), (4, 73)]
2025-11-23 14:28:14,683 - create_connect_point - INFO - [create_connect_point.py:205] - cCPbrap[(3, 74), (1, 74), (2, 74)]
2025-11-23 14:28:14,683 - create_connect_point - INFO - [create_connect_point.py:176] - 还存在连接点
2025-11-23 14:28:14,683 - create_connect_point - INFO - [create_connect_point.py:178] - 
可选择房间集合[0, 1, 2, 3, 4, 5, 6, 7, 8, 9, 10, 11, 12, 13, 15, 16, 17, 18, 19, 20, 21, 22, 23, 24, 25, 26, 27, 28, 29, 30, 31, 32, 33, 34, 35, 36, 38, 39, 40, 41, 42, 43, 44, 45, 46, 47, 48, 49, 50, 51, 52, 53, 54, 55, 56, 57, 58, 59, 60, 62, 63, 64, 65, 66, 67, 68, 69, 70, 71, 73, 74, 75, 76, 77, 78, 79, 80, 81, 82, 83, 84, 85, 86, 87, 88, 89, 90, 91, 92, 93, 94, 95, 96, 97, 98, 99]
2025-11-23 14:28:14,683 - create_connect_point - INFO - [create_connect_point.py:180] - 
选择房间39:(53,17)-(55,21)
	[(52, 17), (52, 19), (52, 21), (53, 16), (53, 22), (54, 16), (54, 22), (55, 16), (55, 22)]
2025-11-23 14:28:14,683 - create_connect_point - INFO - [create_connect_point.py:183] - 选择点(52, 17)
2025-11-23 14:28:14,683 - create_connect_point - INFO - [create_connect_point.py:201] - 找到对应path
2025-11-23 14:28:14,683 - create_connect_point - INFO - [create_connect_point.py:120] - 找到与room相连的path，通过邻居点 {(51, 17)}
2025-11-23 14:28:14,683 - create_connect_point - INFO - [create_connect_point.py:136] - 移除了{(54, 16), (52, 17), (53, 16), (52, 19), (55, 16)}，剩下39:[(52, 21), (53, 22), (54, 22), (55, 22)]
2025-11-23 14:28:14,683 - create_connect_point - INFO - [create_connect_point.py:205] - cCPbrap[(54, 16), (52, 17), (53, 16), (52, 19), (55, 16)]
2025-11-23 14:28:14,684 - create_connect_point - INFO - [create_connect_point.py:176] - 还存在连接点
2025-11-23 14:28:14,684 - create_connect_point - INFO - [create_connect_point.py:178] - 
可选择房间集合[0, 1, 2, 3, 4, 5, 6, 7, 8, 9, 10, 11, 12, 13, 15, 16, 17, 18, 19, 20, 21, 22, 23, 24, 25, 26, 27, 28, 29, 30, 31, 32, 33, 34, 35, 36, 38, 39, 40, 41, 42, 43, 44, 45, 46, 47, 48, 49, 50, 51, 52, 53, 54, 55, 56, 57, 58, 59, 60, 62, 63, 64, 65, 66, 67, 68, 69, 70, 71, 73, 74, 75, 76, 77, 78, 79, 80, 81, 82, 83, 84, 85, 86, 87, 88, 89, 90, 91, 92, 93, 94, 95, 96, 97, 98, 99]
2025-11-23 14:28:14,684 - create_connect_point - INFO - [create_connect_point.py:180] - 
选择房间32:(29,1)-(31,5)
	[(28, 1), (28, 2), (28, 3), (28, 4), (28, 5), (29, 6), (30, 6), (31, 6), (32, 1), (32, 2), (32, 3), (32, 4), (32, 5)]
2025-11-23 14:28:14,684 - create_connect_point - INFO - [create_connect_point.py:183] - 选择点(29, 6)
2025-11-23 14:28:14,684 - create_connect_point - INFO - [create_connect_point.py:201] - 找到对应path
2025-11-23 14:28:14,684 - create_connect_point - INFO - [create_connect_point.py:120] - 找到与room相连的path，通过邻居点 {(29, 7)}
2025-11-23 14:28:14,684 - create_connect_point - INFO - [create_connect_point.py:136] - 移除了{(32, 5), (32, 1), (32, 4), (29, 6), (30, 6), (31, 6), (32, 3), (32, 2)}，剩下32:[(28, 1), (28, 2), (28, 3), (28, 4), (28, 5)]
2025-11-23 14:28:14,684 - create_connect_point - INFO - [create_connect_point.py:205] - cCPbrap[(32, 5), (32, 1), (32, 4), (29, 6), (30, 6), (31, 6), (32, 3), (32, 2)]
2025-11-23 14:28:14,684 - create_connect_point - INFO - [create_connect_point.py:176] - 还存在连接点
2025-11-23 14:28:14,684 - create_connect_point - INFO - [create_connect_point.py:178] - 
可选择房间集合[0, 1, 2, 3, 4, 5, 6, 7, 8, 9, 10, 11, 12, 13, 15, 16, 17, 18, 19, 20, 21, 22, 23, 24, 25, 26, 27, 28, 29, 30, 31, 32, 33, 34, 35, 36, 38, 39, 40, 41, 42, 43, 44, 45, 46, 47, 48, 49, 50, 51, 52, 53, 54, 55, 56, 57, 58, 59, 60, 62, 63, 64, 65, 66, 67, 68, 69, 70, 71, 73, 74, 75, 76, 77, 78, 79, 80, 81, 82, 83, 84, 85, 86, 87, 88, 89, 90, 91, 92, 93, 94, 95, 96, 97, 98, 99]
2025-11-23 14:28:14,684 - create_connect_point - INFO - [create_connect_point.py:180] - 
选择房间97:(93,61)-(97,67)
	[(92, 61), (92, 62), (92, 63), (92, 65), (92, 66), (92, 67), (93, 60), (93, 68), (94, 60), (94, 68), (95, 60), (95, 68), (96, 60), (97, 60), (97, 68), (98, 61), (98, 62), (98, 63), (98, 64), (98, 65), (98, 66), (98, 67)]
2025-11-23 14:28:14,684 - create_connect_point - INFO - [create_connect_point.py:183] - 选择点(98, 61)
2025-11-23 14:28:14,684 - create_connect_point - INFO - [create_connect_point.py:201] - 找到对应path
2025-11-23 14:28:14,684 - create_connect_point - INFO - [create_connect_point.py:120] - 找到与room相连的path，通过邻居点 {(99, 61)}
2025-11-23 14:28:14,684 - create_connect_point - INFO - [create_connect_point.py:136] - 移除了{(98, 63), (94, 68), (98, 66), (95, 68), (98, 62), (98, 65), (97, 68), (92, 67), (93, 68), (92, 66), (98, 61), (98, 67), (98, 64), (92, 65)}，剩下97:[(92, 61), (92, 62), (92, 63), (93, 60), (94, 60), (95, 60), (96, 60), (97, 60)]
2025-11-23 14:28:14,684 - create_connect_point - INFO - [create_connect_point.py:205] - cCPbrap[(98, 63), (94, 68), (98, 66), (95, 68), (98, 62), (98, 65), (97, 68), (92, 67), (93, 68), (92, 66), (98, 61), (98, 67), (98, 64), (92, 65)]
2025-11-23 14:28:14,684 - create_connect_point - INFO - [create_connect_point.py:176] - 还存在连接点
2025-11-23 14:28:14,684 - create_connect_point - INFO - [create_connect_point.py:178] - 
可选择房间集合[0, 1, 2, 3, 4, 5, 6, 7, 8, 9, 10, 11, 12, 13, 15, 16, 17, 18, 19, 20, 21, 22, 23, 24, 25, 26, 27, 28, 29, 30, 31, 32, 33, 34, 35, 36, 38, 39, 40, 41, 42, 43, 44, 45, 46, 47, 48, 49, 50, 51, 52, 53, 54, 55, 56, 57, 58, 59, 60, 62, 63, 64, 65, 66, 67, 68, 69, 70, 71, 73, 74, 75, 76, 77, 78, 79, 80, 81, 82, 83, 84, 85, 86, 87, 88, 89, 90, 91, 92, 93, 94, 95, 96, 97, 98, 99]
2025-11-23 14:28:14,684 - create_connect_point - INFO - [create_connect_point.py:180] - 
选择房间73:(45,5)-(53,9)
	[(44, 5), (44, 6), (44, 7), (44, 9), (45, 4), (45, 10), (46, 10), (47, 4), (47, 10), (48, 4), (48, 10), (49, 4), (49, 10), (51, 4), (51, 10), (52, 4), (53, 4), (53, 10), (54, 5), (54, 7), (54, 8), (54, 9)]
2025-11-23 14:28:14,684 - create_connect_point - INFO - [create_connect_point.py:183] - 选择点(45, 4)
2025-11-23 14:28:14,685 - create_connect_point - INFO - [create_connect_point.py:188] - 
找到对应room48:(43,1)-(45,3)
	[(43, 4), (45, 4), (46, 1), (46, 2), (46, 3)]
2025-11-23 14:28:14,685 - create_connect_point - INFO - [create_connect_point.py:89] - 
移除了{(45, 4)}
剩下73:[(44, 5), (44, 6), (44, 7), (44, 9), (45, 10), (46, 10), (47, 4), (47, 10), (48, 4), (48, 10), (49, 4), (49, 10), (51, 4), (51, 10), (52, 4), (53, 4), (53, 10), (54, 5), (54, 7), (54, 8), (54, 9)]
48:[(43, 4), (46, 1), (46, 2), (46, 3)]
2025-11-23 14:28:14,685 - create_connect_point - INFO - [create_connect_point.py:193] - cCPbrar[(45, 4)]
2025-11-23 14:28:14,685 - create_connect_point - INFO - [create_connect_point.py:176] - 还存在连接点
2025-11-23 14:28:14,685 - create_connect_point - INFO - [create_connect_point.py:178] - 
可选择房间集合[0, 1, 2, 3, 4, 5, 6, 7, 8, 9, 10, 11, 12, 13, 15, 16, 17, 18, 19, 20, 21, 22, 23, 24, 25, 26, 27, 28, 29, 30, 31, 32, 33, 34, 35, 36, 38, 39, 40, 41, 42, 43, 44, 45, 46, 47, 48, 49, 50, 51, 52, 53, 54, 55, 56, 57, 58, 59, 60, 62, 63, 64, 65, 66, 67, 68, 69, 70, 71, 73, 74, 75, 76, 77, 78, 79, 80, 81, 82, 83, 84, 85, 86, 87, 88, 89, 90, 91, 92, 93, 94, 95, 96, 97, 98, 99]
2025-11-23 14:28:14,685 - create_connect_point - INFO - [create_connect_point.py:180] - 
选择房间21:(59,97)-(65,99)
	[(65, 96), (66, 97), (66, 98), (66, 99)]
2025-11-23 14:28:14,685 - create_connect_point - INFO - [create_connect_point.py:183] - 选择点(66, 99)
2025-11-23 14:28:14,685 - create_connect_point - INFO - [create_connect_point.py:201] - 找到对应path
2025-11-23 14:28:14,685 - create_connect_point - INFO - [create_connect_point.py:120] - 找到与room相连的path，通过邻居点 {(67, 99)}
2025-11-23 14:28:14,685 - create_connect_point - INFO - [create_connect_point.py:136] - 移除了{(66, 97), (66, 98), (66, 99)}，剩下21:[(65, 96)]
2025-11-23 14:28:14,685 - create_connect_point - INFO - [create_connect_point.py:205] - cCPbrap[(66, 97), (66, 98), (66, 99)]
2025-11-23 14:28:14,685 - create_connect_point - INFO - [create_connect_point.py:176] - 还存在连接点
2025-11-23 14:28:14,685 - create_connect_point - INFO - [create_connect_point.py:178] - 
可选择房间集合[0, 1, 2, 3, 4, 5, 6, 7, 8, 9, 10, 11, 12, 13, 15, 16, 17, 18, 19, 20, 21, 22, 23, 24, 25, 26, 27, 28, 29, 30, 31, 32, 33, 34, 35, 36, 38, 39, 40, 41, 42, 43, 44, 45, 46, 47, 48, 49, 50, 51, 52, 53, 54, 55, 56, 57, 58, 59, 60, 62, 63, 64, 65, 66, 67, 68, 69, 70, 71, 73, 74, 75, 76, 77, 78, 79, 80, 81, 82, 83, 84, 85, 86, 87, 88, 89, 90, 91, 92, 93, 94, 95, 96, 97, 98, 99]
2025-11-23 14:28:14,685 - create_connect_point - INFO - [create_connect_point.py:180] - 
选择房间77:(69,77)-(71,79)
	[(68, 77), (68, 78), (68, 79), (69, 76), (69, 80), (70, 76), (71, 76), (71, 80), (72, 77), (72, 78), (72, 79)]
2025-11-23 14:28:14,685 - create_connect_point - INFO - [create_connect_point.py:183] - 选择点(72, 79)
2025-11-23 14:28:14,685 - create_connect_point - INFO - [create_connect_point.py:201] - 找到对应path
2025-11-23 14:28:14,685 - create_connect_point - INFO - [create_connect_point.py:120] - 找到与room相连的path，通过邻居点 {(73, 79)}
2025-11-23 14:28:14,685 - create_connect_point - INFO - [create_connect_point.py:136] - 移除了{(72, 79), (71, 80), (72, 78), (69, 80), (72, 77)}，剩下77:[(68, 77), (68, 78), (68, 79), (69, 76), (70, 76), (71, 76)]
2025-11-23 14:28:14,685 - create_connect_point - INFO - [create_connect_point.py:205] - cCPbrap[(72, 79), (71, 80), (72, 78), (69, 80), (72, 77)]
2025-11-23 14:28:14,686 - create_connect_point - INFO - [create_connect_point.py:176] - 还存在连接点
2025-11-23 14:28:14,686 - create_connect_point - INFO - [create_connect_point.py:178] - 
可选择房间集合[0, 1, 2, 3, 4, 5, 6, 7, 8, 9, 10, 11, 12, 13, 15, 16, 17, 18, 19, 20, 21, 22, 23, 24, 25, 26, 27, 28, 29, 30, 31, 32, 33, 34, 35, 36, 38, 39, 40, 41, 42, 43, 44, 45, 46, 47, 48, 49, 50, 51, 52, 53, 54, 55, 56, 57, 58, 59, 60, 62, 63, 64, 65, 66, 67, 68, 69, 70, 71, 73, 74, 75, 76, 77, 78, 79, 80, 81, 82, 83, 84, 85, 86, 87, 88, 89, 90, 91, 92, 93, 94, 95, 96, 97, 98, 99]
2025-11-23 14:28:14,686 - create_connect_point - INFO - [create_connect_point.py:180] - 
选择房间87:(81,45)-(83,49)
	[(80, 45), (80, 46), (80, 47), (80, 48), (80, 49), (81, 44), (81, 50), (82, 44), (83, 44), (83, 50), (84, 45), (84, 46), (84, 47), (84, 48), (84, 49)]
2025-11-23 14:28:14,686 - create_connect_point - INFO - [create_connect_point.py:183] - 选择点(84, 47)
2025-11-23 14:28:14,686 - create_connect_point - INFO - [create_connect_point.py:188] - 
找到对应room7:(85,41)-(91,49)
	[(84, 45), (84, 46), (84, 47), (84, 48), (84, 49), (89, 50), (91, 50), (92, 41), (92, 43), (92, 45), (92, 46), (92, 47), (92, 48), (92, 49)]
2025-11-23 14:28:14,686 - create_connect_point - INFO - [create_connect_point.py:89] - 
移除了{(84, 46), (84, 49), (84, 45), (84, 48), (84, 47)}
剩下87:[(80, 45), (80, 46), (80, 47), (80, 48), (80, 49), (81, 44), (81, 50), (82, 44), (83, 44), (83, 50)]
7:[(89, 50), (91, 50), (92, 41), (92, 43), (92, 45), (92, 46), (92, 47), (92, 48), (92, 49)]
2025-11-23 14:28:14,686 - create_connect_point - INFO - [create_connect_point.py:193] - cCPbrar[(84, 46), (84, 49), (84, 45), (84, 48), (84, 47)]
2025-11-23 14:28:14,686 - create_connect_point - INFO - [create_connect_point.py:176] - 还存在连接点
2025-11-23 14:28:14,686 - create_connect_point - INFO - [create_connect_point.py:178] - 
可选择房间集合[0, 1, 2, 3, 4, 5, 6, 7, 8, 9, 10, 11, 12, 13, 15, 16, 17, 18, 19, 20, 21, 22, 23, 24, 25, 26, 27, 28, 29, 30, 31, 32, 33, 34, 35, 36, 38, 39, 40, 41, 42, 43, 44, 45, 46, 47, 48, 49, 50, 51, 52, 53, 54, 55, 56, 57, 58, 59, 60, 62, 63, 64, 65, 66, 67, 68, 69, 70, 71, 73, 74, 75, 76, 77, 78, 79, 80, 81, 82, 83, 84, 85, 86, 87, 88, 89, 90, 91, 92, 93, 94, 95, 96, 97, 98, 99]
2025-11-23 14:28:14,686 - create_connect_point - INFO - [create_connect_point.py:180] - 
选择房间90:(93,83)-(95,87)
	[(92, 83), (92, 84), (92, 85), (92, 86), (92, 87), (93, 82), (93, 88), (94, 88), (95, 82), (95, 88), (96, 83), (96, 85), (96, 86), (96, 87)]
2025-11-23 14:28:14,686 - create_connect_point - INFO - [create_connect_point.py:183] - 选择点(96, 86)
2025-11-23 14:28:14,686 - create_connect_point - INFO - [create_connect_point.py:201] - 找到对应path
2025-11-23 14:28:14,686 - create_connect_point - INFO - [create_connect_point.py:120] - 找到与room相连的path，通过邻居点 {(97, 86)}
2025-11-23 14:28:14,686 - create_connect_point - INFO - [create_connect_point.py:136] - 移除了{(94, 88), (96, 85), (95, 88), (93, 88), (96, 87), (96, 86)}，剩下90:[(92, 83), (92, 84), (92, 85), (92, 86), (92, 87), (93, 82), (95, 82), (96, 83)]
2025-11-23 14:28:14,686 - create_connect_point - INFO - [create_connect_point.py:205] - cCPbrap[(94, 88), (96, 85), (95, 88), (93, 88), (96, 87), (96, 86)]
2025-11-23 14:28:14,686 - create_connect_point - INFO - [create_connect_point.py:176] - 还存在连接点
2025-11-23 14:28:14,686 - create_connect_point - INFO - [create_connect_point.py:178] - 
可选择房间集合[0, 1, 2, 3, 4, 5, 6, 7, 8, 9, 10, 11, 12, 13, 15, 16, 17, 18, 19, 20, 21, 22, 23, 24, 25, 26, 27, 28, 29, 30, 31, 32, 33, 34, 35, 36, 38, 39, 40, 41, 42, 43, 44, 45, 46, 47, 48, 49, 50, 51, 52, 53, 54, 55, 56, 57, 58, 59, 60, 62, 63, 64, 65, 66, 67, 68, 69, 70, 71, 73, 74, 75, 76, 77, 78, 79, 80, 81, 82, 83, 84, 85, 86, 87, 88, 89, 90, 91, 92, 93, 94, 95, 96, 97, 98, 99]
2025-11-23 14:28:14,686 - create_connect_point - INFO - [create_connect_point.py:180] - 
选择房间67:(1,77)-(7,79)
	[(1, 76), (1, 80), (2, 76), (2, 80), (3, 76), (3, 80), (4, 80), (5, 76), (5, 80), (6, 76), (6, 80), (7, 76), (7, 80), (8, 77), (8, 78), (8, 79)]
2025-11-23 14:28:14,686 - create_connect_point - INFO - [create_connect_point.py:183] - 选择点(7, 80)
2025-11-23 14:28:14,686 - create_connect_point - INFO - [create_connect_point.py:201] - 找到对应path
2025-11-23 14:28:14,687 - create_connect_point - INFO - [create_connect_point.py:120] - 找到与room相连的path，通过邻居点 {(7, 81)}
2025-11-23 14:28:14,687 - create_connect_point - INFO - [create_connect_point.py:136] - 移除了{(4, 80), (8, 78), (7, 80), (2, 80), (3, 80), (8, 77), (5, 80), (6, 80), (1, 80), (8, 79)}，剩下67:[(1, 76), (2, 76), (3, 76), (5, 76), (6, 76), (7, 76)]
2025-11-23 14:28:14,687 - create_connect_point - INFO - [create_connect_point.py:205] - cCPbrap[(4, 80), (8, 78), (7, 80), (2, 80), (3, 80), (8, 77), (5, 80), (6, 80), (1, 80), (8, 79)]
2025-11-23 14:28:14,687 - create_connect_point - INFO - [create_connect_point.py:176] - 还存在连接点
2025-11-23 14:28:14,687 - create_connect_point - INFO - [create_connect_point.py:178] - 
可选择房间集合[0, 1, 2, 3, 4, 5, 6, 7, 8, 9, 10, 11, 12, 13, 15, 16, 17, 18, 19, 20, 21, 22, 23, 24, 25, 26, 27, 28, 29, 30, 31, 32, 33, 34, 35, 36, 38, 39, 40, 41, 42, 43, 44, 45, 46, 47, 48, 49, 50, 51, 52, 53, 54, 55, 56, 57, 58, 59, 60, 62, 63, 64, 65, 66, 67, 68, 69, 70, 71, 73, 74, 75, 76, 77, 78, 79, 80, 81, 82, 83, 84, 85, 86, 87, 88, 89, 90, 91, 92, 93, 94, 95, 96, 97, 98, 99]
2025-11-23 14:28:14,687 - create_connect_point - INFO - [create_connect_point.py:180] - 
选择房间51:(67,93)-(69,95)
	[(66, 95)]
2025-11-23 14:28:14,687 - create_connect_point - INFO - [create_connect_point.py:183] - 选择点(66, 95)
2025-11-23 14:28:14,687 - create_connect_point - INFO - [create_connect_point.py:201] - 找到对应path
2025-11-23 14:28:14,687 - create_connect_point - INFO - [create_connect_point.py:120] - 找到与room相连的path，通过邻居点 {(65, 95)}
2025-11-23 14:28:14,687 - create_connect_point - INFO - [create_connect_point.py:136] - 移除了{(66, 95)}，剩下51:[]
2025-11-23 14:28:14,687 - create_connect_point - INFO - [create_connect_point.py:205] - cCPbrap[(66, 95)]
2025-11-23 14:28:14,687 - create_connect_point - INFO - [create_connect_point.py:176] - 还存在连接点
2025-11-23 14:28:14,687 - create_connect_point - INFO - [create_connect_point.py:178] - 
可选择房间集合[0, 1, 2, 3, 4, 5, 6, 7, 8, 9, 10, 11, 12, 13, 15, 16, 17, 18, 19, 20, 21, 22, 23, 24, 25, 26, 27, 28, 29, 30, 31, 32, 33, 34, 35, 36, 38, 39, 40, 41, 42, 43, 44, 45, 46, 47, 48, 49, 50, 52, 53, 54, 55, 56, 57, 58, 59, 60, 62, 63, 64, 65, 66, 67, 68, 69, 70, 71, 73, 74, 75, 76, 77, 78, 79, 80, 81, 82, 83, 84, 85, 86, 87, 88, 89, 90, 91, 92, 93, 94, 95, 96, 97, 98, 99]
2025-11-23 14:28:14,687 - create_connect_point - INFO - [create_connect_point.py:180] - 
选择房间99:(9,13)-(15,17)
	[(8, 13), (8, 14), (8, 15), (8, 17), (9, 12), (9, 18), (11, 12), (11, 18), (12, 12), (12, 18), (13, 12), (13, 18), (14, 12), (14, 18), (15, 12), (15, 18), (16, 13), (16, 14), (16, 15), (16, 16), (16, 17)]
2025-11-23 14:28:14,687 - create_connect_point - INFO - [create_connect_point.py:183] - 选择点(9, 18)
2025-11-23 14:28:14,687 - create_connect_point - INFO - [create_connect_point.py:201] - 找到对应path
2025-11-23 14:28:14,687 - create_connect_point - INFO - [create_connect_point.py:120] - 找到与room相连的path，通过邻居点 {(9, 19)}
2025-11-23 14:28:14,687 - create_connect_point - INFO - [create_connect_point.py:136] - 移除了{(9, 18), (8, 17)}，剩下99:[(8, 13), (8, 14), (8, 15), (9, 12), (11, 12), (11, 18), (12, 12), (12, 18), (13, 12), (13, 18), (14, 12), (14, 18), (15, 12), (15, 18), (16, 13), (16, 14), (16, 15), (16, 16), (16, 17)]
2025-11-23 14:28:14,687 - create_connect_point - INFO - [create_connect_point.py:205] - cCPbrap[(9, 18), (8, 17)]
2025-11-23 14:28:14,687 - create_connect_point - INFO - [create_connect_point.py:163] - 0:以1/50的概率加入了(8, 17)
2025-11-23 14:28:14,688 - create_connect_point - INFO - [create_connect_point.py:176] - 还存在连接点
2025-11-23 14:28:14,688 - create_connect_point - INFO - [create_connect_point.py:178] - 
可选择房间集合[0, 1, 2, 3, 4, 5, 6, 7, 8, 9, 10, 11, 12, 13, 15, 16, 17, 18, 19, 20, 21, 22, 23, 24, 25, 26, 27, 28, 29, 30, 31, 32, 33, 34, 35, 36, 38, 39, 40, 41, 42, 43, 44, 45, 46, 47, 48, 49, 50, 52, 53, 54, 55, 56, 57, 58, 59, 60, 62, 63, 64, 65, 66, 67, 68, 69, 70, 71, 73, 74, 75, 76, 77, 78, 79, 80, 81, 82, 83, 84, 85, 86, 87, 88, 89, 90, 91, 92, 93, 94, 95, 96, 97, 98, 99]
2025-11-23 14:28:14,688 - create_connect_point - INFO - [create_connect_point.py:180] - 
选择房间92:(41,37)-(49,39)
	[(40, 37), (40, 39), (41, 36), (41, 40), (42, 40), (43, 36), (43, 40), (44, 36), (44, 40), (45, 36), (45, 40), (47, 36), (47, 40), (48, 36), (48, 40), (49, 36), (49, 40), (50, 37), (50, 39)]
2025-11-23 14:28:14,688 - create_connect_point - INFO - [create_connect_point.py:183] - 选择点(40, 39)
2025-11-23 14:28:14,688 - create_connect_point - INFO - [create_connect_point.py:201] - 找到对应path
2025-11-23 14:28:14,688 - create_connect_point - INFO - [create_connect_point.py:120] - 找到与room相连的path，通过邻居点 {(39, 39)}
2025-11-23 14:28:14,688 - create_connect_point - INFO - [create_connect_point.py:136] - 移除了{(41, 36), (40, 39)}，剩下92:[(40, 37), (41, 40), (42, 40), (43, 36), (43, 40), (44, 36), (44, 40), (45, 36), (45, 40), (47, 36), (47, 40), (48, 36), (48, 40), (49, 36), (49, 40), (50, 37), (50, 39)]
2025-11-23 14:28:14,688 - create_connect_point - INFO - [create_connect_point.py:205] - cCPbrap[(41, 36), (40, 39)]
2025-11-23 14:28:14,688 - create_connect_point - INFO - [create_connect_point.py:176] - 还存在连接点
2025-11-23 14:28:14,688 - create_connect_point - INFO - [create_connect_point.py:178] - 
可选择房间集合[0, 1, 2, 3, 4, 5, 6, 7, 8, 9, 10, 11, 12, 13, 15, 16, 17, 18, 19, 20, 21, 22, 23, 24, 25, 26, 27, 28, 29, 30, 31, 32, 33, 34, 35, 36, 38, 39, 40, 41, 42, 43, 44, 45, 46, 47, 48, 49, 50, 52, 53, 54, 55, 56, 57, 58, 59, 60, 62, 63, 64, 65, 66, 67, 68, 69, 70, 71, 73, 74, 75, 76, 77, 78, 79, 80, 81, 82, 83, 84, 85, 86, 87, 88, 89, 90, 91, 92, 93, 94, 95, 96, 97, 98, 99]
2025-11-23 14:28:14,688 - create_connect_point - INFO - [create_connect_point.py:180] - 
选择房间2:(63,51)-(65,53)
	[(62, 51), (62, 53), (63, 50), (63, 54), (64, 54), (65, 54)]
2025-11-23 14:28:14,688 - create_connect_point - INFO - [create_connect_point.py:183] - 选择点(62, 53)
2025-11-23 14:28:14,688 - create_connect_point - INFO - [create_connect_point.py:201] - 找到对应path
2025-11-23 14:28:14,688 - create_connect_point - INFO - [create_connect_point.py:120] - 找到与room相连的path，通过邻居点 {(61, 53)}
2025-11-23 14:28:14,688 - create_connect_point - INFO - [create_connect_point.py:136] - 移除了{(62, 53), (62, 51)}，剩下2:[(63, 50), (63, 54), (64, 54), (65, 54)]
2025-11-23 14:28:14,688 - create_connect_point - INFO - [create_connect_point.py:205] - cCPbrap[(62, 53), (62, 51)]
2025-11-23 14:28:14,688 - create_connect_point - INFO - [create_connect_point.py:176] - 还存在连接点
2025-11-23 14:28:14,688 - create_connect_point - INFO - [create_connect_point.py:178] - 
可选择房间集合[0, 1, 2, 3, 4, 5, 6, 7, 8, 9, 10, 11, 12, 13, 15, 16, 17, 18, 19, 20, 21, 22, 23, 24, 25, 26, 27, 28, 29, 30, 31, 32, 33, 34, 35, 36, 38, 39, 40, 41, 42, 43, 44, 45, 46, 47, 48, 49, 50, 52, 53, 54, 55, 56, 57, 58, 59, 60, 62, 63, 64, 65, 66, 67, 68, 69, 70, 71, 73, 74, 75, 76, 77, 78, 79, 80, 81, 82, 83, 84, 85, 86, 87, 88, 89, 90, 91, 92, 93, 94, 95, 96, 97, 98, 99]
2025-11-23 14:28:14,689 - create_connect_point - INFO - [create_connect_point.py:180] - 
选择房间60:(23,33)-(31,35)
	[(22, 33), (22, 35), (23, 32), (23, 36), (25, 32), (25, 36), (26, 32), (26, 36), (27, 32), (27, 36), (28, 36), (29, 32), (29, 36), (30, 32), (30, 36), (31, 32), (31, 36), (32, 33), (32, 34), (32, 35)]
2025-11-23 14:28:14,689 - create_connect_point - INFO - [create_connect_point.py:183] - 选择点(22, 33)
2025-11-23 14:28:14,689 - create_connect_point - INFO - [create_connect_point.py:201] - 找到对应path
2025-11-23 14:28:14,689 - create_connect_point - INFO - [create_connect_point.py:120] - 找到与room相连的path，通过邻居点 {(21, 33)}
2025-11-23 14:28:14,689 - create_connect_point - INFO - [create_connect_point.py:136] - 移除了{(22, 33)}，剩下60:[(22, 35), (23, 32), (23, 36), (25, 32), (25, 36), (26, 32), (26, 36), (27, 32), (27, 36), (28, 36), (29, 32), (29, 36), (30, 32), (30, 36), (31, 32), (31, 36), (32, 33), (32, 34), (32, 35)]
2025-11-23 14:28:14,689 - create_connect_point - INFO - [create_connect_point.py:205] - cCPbrap[(22, 33)]
2025-11-23 14:28:14,689 - create_connect_point - INFO - [create_connect_point.py:176] - 还存在连接点
2025-11-23 14:28:14,689 - create_connect_point - INFO - [create_connect_point.py:178] - 
可选择房间集合[0, 1, 2, 3, 4, 5, 6, 7, 8, 9, 10, 11, 12, 13, 15, 16, 17, 18, 19, 20, 21, 22, 23, 24, 25, 26, 27, 28, 29, 30, 31, 32, 33, 34, 35, 36, 38, 39, 40, 41, 42, 43, 44, 45, 46, 47, 48, 49, 50, 52, 53, 54, 55, 56, 57, 58, 59, 60, 62, 63, 64, 65, 66, 67, 68, 69, 70, 71, 73, 74, 75, 76, 77, 78, 79, 80, 81, 82, 83, 84, 85, 86, 87, 88, 89, 90, 91, 92, 93, 94, 95, 96, 97, 98, 99]
2025-11-23 14:28:14,689 - create_connect_point - INFO - [create_connect_point.py:180] - 
选择房间83:(5,83)-(7,91)
	[(4, 83), (4, 84), (4, 85), (4, 86), (4, 87), (4, 88), (4, 89), (4, 91), (5, 82), (5, 92), (6, 82), (6, 92), (7, 82), (7, 92), (8, 83), (8, 84), (8, 85), (8, 87), (8, 88), (8, 89), (8, 90), (8, 91)]
2025-11-23 14:28:14,689 - create_connect_point - INFO - [create_connect_point.py:183] - 选择点(4, 88)
2025-11-23 14:28:14,689 - create_connect_point - INFO - [create_connect_point.py:201] - 找到对应path
2025-11-23 14:28:14,689 - create_connect_point - INFO - [create_connect_point.py:120] - 找到与room相连的path，通过邻居点 {(3, 88)}
2025-11-23 14:28:14,689 - create_connect_point - INFO - [create_connect_point.py:136] - 移除了{(5, 82), (4, 84), (6, 82), (4, 87), (4, 83), (4, 86), (8, 84), (7, 82), (4, 89), (4, 85), (8, 83), (4, 88), (4, 91), (8, 85)}，剩下83:[(5, 92), (6, 92), (7, 92), (8, 87), (8, 88), (8, 89), (8, 90), (8, 91)]
2025-11-23 14:28:14,689 - create_connect_point - INFO - [create_connect_point.py:205] - cCPbrap[(5, 82), (4, 84), (6, 82), (4, 87), (4, 83), (4, 86), (8, 84), (7, 82), (4, 89), (4, 85), (8, 83), (4, 88), (4, 91), (8, 85)]
2025-11-23 14:28:14,689 - create_connect_point - INFO - [create_connect_point.py:176] - 还存在连接点
2025-11-23 14:28:14,689 - create_connect_point - INFO - [create_connect_point.py:178] - 
可选择房间集合[0, 1, 2, 3, 4, 5, 6, 7, 8, 9, 10, 11, 12, 13, 15, 16, 17, 18, 19, 20, 21, 22, 23, 24, 25, 26, 27, 28, 29, 30, 31, 32, 33, 34, 35, 36, 38, 39, 40, 41, 42, 43, 44, 45, 46, 47, 48, 49, 50, 52, 53, 54, 55, 56, 57, 58, 59, 60, 62, 63, 64, 65, 66, 67, 68, 69, 70, 71, 73, 74, 75, 76, 77, 78, 79, 80, 81, 82, 83, 84, 85, 86, 87, 88, 89, 90, 91, 92, 93, 94, 95, 96, 97, 98, 99]
2025-11-23 14:28:14,689 - create_connect_point - INFO - [create_connect_point.py:180] - 
选择房间95:(33,9)-(35,13)
	[(32, 9), (32, 10), (32, 11), (32, 12), (32, 13), (33, 8), (33, 14), (34, 8), (34, 14), (35, 8), (35, 14), (36, 9), (36, 11), (36, 12), (36, 13)]
2025-11-23 14:28:14,689 - create_connect_point - INFO - [create_connect_point.py:183] - 选择点(36, 11)
2025-11-23 14:28:14,689 - create_connect_point - INFO - [create_connect_point.py:201] - 找到对应path
2025-11-23 14:28:14,690 - create_connect_point - INFO - [create_connect_point.py:120] - 找到与room相连的path，通过邻居点 {(37, 11)}
2025-11-23 14:28:14,690 - create_connect_point - INFO - [create_connect_point.py:136] - 移除了{(35, 8), (35, 14), (36, 11), (36, 13), (36, 9), (36, 12), (33, 8), (33, 14), (34, 8), (34, 14)}，剩下95:[(32, 9), (32, 10), (32, 11), (32, 12), (32, 13)]
2025-11-23 14:28:14,690 - create_connect_point - INFO - [create_connect_point.py:205] - cCPbrap[(35, 8), (35, 14), (36, 11), (36, 13), (36, 9), (36, 12), (33, 8), (33, 14), (34, 8), (34, 14)]
2025-11-23 14:28:14,690 - create_connect_point - INFO - [create_connect_point.py:176] - 还存在连接点
2025-11-23 14:28:14,690 - create_connect_point - INFO - [create_connect_point.py:178] - 
可选择房间集合[0, 1, 2, 3, 4, 5, 6, 7, 8, 9, 10, 11, 12, 13, 15, 16, 17, 18, 19, 20, 21, 22, 23, 24, 25, 26, 27, 28, 29, 30, 31, 32, 33, 34, 35, 36, 38, 39, 40, 41, 42, 43, 44, 45, 46, 47, 48, 49, 50, 52, 53, 54, 55, 56, 57, 58, 59, 60, 62, 63, 64, 65, 66, 67, 68, 69, 70, 71, 73, 74, 75, 76, 77, 78, 79, 80, 81, 82, 83, 84, 85, 86, 87, 88, 89, 90, 91, 92, 93, 94, 95, 96, 97, 98, 99]
2025-11-23 14:28:14,690 - create_connect_point - INFO - [create_connect_point.py:180] - 
选择房间33:(27,67)-(33,71)
	[(26, 67), (26, 68), (26, 69), (26, 70), (26, 71), (27, 66), (27, 72), (28, 66), (28, 72), (29, 66), (29, 72), (31, 66), (31, 72), (32, 72), (33, 66), (33, 72), (34, 67), (34, 68), (34, 69), (34, 70), (34, 71)]
2025-11-23 14:28:14,690 - create_connect_point - INFO - [create_connect_point.py:183] - 选择点(34, 69)
2025-11-23 14:28:14,690 - create_connect_point - INFO - [create_connect_point.py:201] - 找到对应path
2025-11-23 14:28:14,690 - create_connect_point - INFO - [create_connect_point.py:120] - 找到与room相连的path，通过邻居点 {(35, 69)}
2025-11-23 14:28:14,690 - create_connect_point - INFO - [create_connect_point.py:136] - 移除了{(29, 72), (34, 68), (31, 72), (34, 71), (33, 66), (33, 72), (26, 69), (34, 70), (34, 67), (28, 66), (28, 72), (32, 72), (26, 68), (26, 71), (34, 69), (27, 66), (27, 72), (26, 70), (26, 67), (29, 66), (31, 66)}，剩下33:[]
2025-11-23 14:28:14,690 - create_connect_point - INFO - [create_connect_point.py:205] - cCPbrap[(29, 72), (34, 68), (31, 72), (34, 71), (33, 66), (33, 72), (26, 69), (34, 70), (34, 67), (28, 66), (28, 72), (32, 72), (26, 68), (26, 71), (34, 69), (27, 66), (27, 72), (26, 70), (26, 67), (29, 66), (31, 66)]
2025-11-23 14:28:14,690 - create_connect_point - INFO - [create_connect_point.py:176] - 还存在连接点
2025-11-23 14:28:14,690 - create_connect_point - INFO - [create_connect_point.py:178] - 
可选择房间集合[0, 1, 2, 3, 4, 5, 6, 7, 8, 9, 10, 11, 12, 13, 15, 16, 17, 18, 19, 20, 21, 22, 23, 24, 25, 26, 27, 28, 29, 30, 31, 32, 34, 35, 36, 38, 39, 40, 41, 42, 43, 44, 45, 46, 47, 48, 49, 50, 52, 53, 54, 55, 56, 57, 58, 59, 60, 62, 63, 64, 65, 66, 67, 68, 69, 70, 71, 73, 74, 75, 76, 77, 78, 79, 80, 81, 82, 83, 84, 85, 86, 87, 88, 89, 90, 91, 92, 93, 94, 95, 96, 97, 98, 99]
2025-11-23 14:28:14,690 - create_connect_point - INFO - [create_connect_point.py:180] - 
选择房间5:(11,47)-(15,49)
	[(10, 47), (10, 48), (10, 49), (11, 46), (11, 50), (12, 50), (13, 46), (13, 50), (14, 46), (14, 50), (15, 46), (15, 50), (16, 47), (16, 48), (16, 49)]
2025-11-23 14:28:14,690 - create_connect_point - INFO - [create_connect_point.py:183] - 选择点(16, 47)
2025-11-23 14:28:14,690 - create_connect_point - INFO - [create_connect_point.py:201] - 找到对应path
2025-11-23 14:28:14,690 - create_connect_point - INFO - [create_connect_point.py:120] - 找到与room相连的path，通过邻居点 {(17, 47)}
2025-11-23 14:28:14,690 - create_connect_point - INFO - [create_connect_point.py:136] - 移除了{(16, 47), (16, 48), (16, 49)}，剩下5:[(10, 47), (10, 48), (10, 49), (11, 46), (11, 50), (12, 50), (13, 46), (13, 50), (14, 46), (14, 50), (15, 46), (15, 50)]
2025-11-23 14:28:14,690 - create_connect_point - INFO - [create_connect_point.py:205] - cCPbrap[(16, 47), (16, 48), (16, 49)]
2025-11-23 14:28:14,690 - create_connect_point - INFO - [create_connect_point.py:176] - 还存在连接点
2025-11-23 14:28:14,691 - create_connect_point - INFO - [create_connect_point.py:178] - 
可选择房间集合[0, 1, 2, 3, 4, 5, 6, 7, 8, 9, 10, 11, 12, 13, 15, 16, 17, 18, 19, 20, 21, 22, 23, 24, 25, 26, 27, 28, 29, 30, 31, 32, 34, 35, 36, 38, 39, 40, 41, 42, 43, 44, 45, 46, 47, 48, 49, 50, 52, 53, 54, 55, 56, 57, 58, 59, 60, 62, 63, 64, 65, 66, 67, 68, 69, 70, 71, 73, 74, 75, 76, 77, 78, 79, 80, 81, 82, 83, 84, 85, 86, 87, 88, 89, 90, 91, 92, 93, 94, 95, 96, 97, 98, 99]
2025-11-23 14:28:14,691 - create_connect_point - INFO - [create_connect_point.py:180] - 
选择房间79:(1,67)-(3,73)
	[(1, 66), (2, 66), (3, 66), (4, 67), (4, 73)]
2025-11-23 14:28:14,691 - create_connect_point - INFO - [create_connect_point.py:183] - 选择点(1, 66)
2025-11-23 14:28:14,691 - create_connect_point - INFO - [create_connect_point.py:201] - 找到对应path
2025-11-23 14:28:14,691 - create_connect_point - INFO - [create_connect_point.py:120] - 找到与room相连的path，通过邻居点 {(1, 65)}
2025-11-23 14:28:14,691 - create_connect_point - INFO - [create_connect_point.py:136] - 移除了{(2, 66), (3, 66), (1, 66), (4, 67)}，剩下79:[(4, 73)]
2025-11-23 14:28:14,691 - create_connect_point - INFO - [create_connect_point.py:205] - cCPbrap[(2, 66), (3, 66), (1, 66), (4, 67)]
2025-11-23 14:28:14,691 - create_connect_point - INFO - [create_connect_point.py:176] - 还存在连接点
2025-11-23 14:28:14,691 - create_connect_point - INFO - [create_connect_point.py:178] - 
可选择房间集合[0, 1, 2, 3, 4, 5, 6, 7, 8, 9, 10, 11, 12, 13, 15, 16, 17, 18, 19, 20, 21, 22, 23, 24, 25, 26, 27, 28, 29, 30, 31, 32, 34, 35, 36, 38, 39, 40, 41, 42, 43, 44, 45, 46, 47, 48, 49, 50, 52, 53, 54, 55, 56, 57, 58, 59, 60, 62, 63, 64, 65, 66, 67, 68, 69, 70, 71, 73, 74, 75, 76, 77, 78, 79, 80, 81, 82, 83, 84, 85, 86, 87, 88, 89, 90, 91, 92, 93, 94, 95, 96, 97, 98, 99]
2025-11-23 14:28:14,691 - create_connect_point - INFO - [create_connect_point.py:180] - 
选择房间31:(93,33)-(97,41)
	[(92, 41), (93, 42), (94, 42), (95, 42), (97, 42), (98, 39), (98, 40), (98, 41)]
2025-11-23 14:28:14,691 - create_connect_point - INFO - [create_connect_point.py:183] - 选择点(94, 42)
2025-11-23 14:28:14,691 - create_connect_point - INFO - [create_connect_point.py:201] - 找到对应path
2025-11-23 14:28:14,691 - create_connect_point - INFO - [create_connect_point.py:120] - 找到与room相连的path，通过邻居点 {(94, 43)}
2025-11-23 14:28:14,691 - create_connect_point - INFO - [create_connect_point.py:136] - 移除了{(95, 42), (93, 42), (94, 42)}，剩下31:[(92, 41), (97, 42), (98, 39), (98, 40), (98, 41)]
2025-11-23 14:28:14,691 - create_connect_point - INFO - [create_connect_point.py:205] - cCPbrap[(95, 42), (93, 42), (94, 42)]
2025-11-23 14:28:14,691 - create_connect_point - INFO - [create_connect_point.py:176] - 还存在连接点
2025-11-23 14:28:14,691 - create_connect_point - INFO - [create_connect_point.py:178] - 
可选择房间集合[0, 1, 2, 3, 4, 5, 6, 7, 8, 9, 10, 11, 12, 13, 15, 16, 17, 18, 19, 20, 21, 22, 23, 24, 25, 26, 27, 28, 29, 30, 31, 32, 34, 35, 36, 38, 39, 40, 41, 42, 43, 44, 45, 46, 47, 48, 49, 50, 52, 53, 54, 55, 56, 57, 58, 59, 60, 62, 63, 64, 65, 66, 67, 68, 69, 70, 71, 73, 74, 75, 76, 77, 78, 79, 80, 81, 82, 83, 84, 85, 86, 87, 88, 89, 90, 91, 92, 93, 94, 95, 96, 97, 98, 99]
2025-11-23 14:28:14,691 - create_connect_point - INFO - [create_connect_point.py:180] - 
选择房间59:(5,23)-(7,29)
	[(4, 23), (4, 25), (4, 26), (4, 27), (4, 29), (5, 22), (5, 30), (6, 22), (6, 30), (7, 22), (7, 30), (8, 23), (8, 25), (8, 26), (8, 27), (8, 28), (8, 29)]
2025-11-23 14:28:14,691 - create_connect_point - INFO - [create_connect_point.py:183] - 选择点(4, 23)
2025-11-23 14:28:14,692 - create_connect_point - INFO - [create_connect_point.py:201] - 找到对应path
2025-11-23 14:28:14,692 - create_connect_point - INFO - [create_connect_point.py:120] - 找到与room相连的path，通过邻居点 {(3, 23)}
2025-11-23 14:28:14,692 - create_connect_point - INFO - [create_connect_point.py:136] - 移除了{(4, 23)}，剩下59:[(4, 25), (4, 26), (4, 27), (4, 29), (5, 22), (5, 30), (6, 22), (6, 30), (7, 22), (7, 30), (8, 23), (8, 25), (8, 26), (8, 27), (8, 28), (8, 29)]
2025-11-23 14:28:14,692 - create_connect_point - INFO - [create_connect_point.py:205] - cCPbrap[(4, 23)]
2025-11-23 14:28:14,692 - create_connect_point - INFO - [create_connect_point.py:176] - 还存在连接点
2025-11-23 14:28:14,692 - create_connect_point - INFO - [create_connect_point.py:178] - 
可选择房间集合[0, 1, 2, 3, 4, 5, 6, 7, 8, 9, 10, 11, 12, 13, 15, 16, 17, 18, 19, 20, 21, 22, 23, 24, 25, 26, 27, 28, 29, 30, 31, 32, 34, 35, 36, 38, 39, 40, 41, 42, 43, 44, 45, 46, 47, 48, 49, 50, 52, 53, 54, 55, 56, 57, 58, 59, 60, 62, 63, 64, 65, 66, 67, 68, 69, 70, 71, 73, 74, 75, 76, 77, 78, 79, 80, 81, 82, 83, 84, 85, 86, 87, 88, 89, 90, 91, 92, 93, 94, 95, 96, 97, 98, 99]
2025-11-23 14:28:14,692 - create_connect_point - INFO - [create_connect_point.py:180] - 
选择房间30:(41,15)-(43,23)
	[(40, 17), (40, 19), (40, 20), (40, 21), (40, 22), (40, 23), (41, 24), (43, 24), (44, 23)]
2025-11-23 14:28:14,692 - create_connect_point - INFO - [create_connect_point.py:183] - 选择点(40, 21)
2025-11-23 14:28:14,692 - create_connect_point - INFO - [create_connect_point.py:201] - 找到对应path
2025-11-23 14:28:14,692 - create_connect_point - INFO - [create_connect_point.py:120] - 找到与room相连的path，通过邻居点 {(39, 21)}
2025-11-23 14:28:14,692 - create_connect_point - INFO - [create_connect_point.py:136] - 移除了{(40, 23), (40, 20), (40, 19), (40, 22), (40, 21)}，剩下30:[(40, 17), (41, 24), (43, 24), (44, 23)]
2025-11-23 14:28:14,692 - create_connect_point - INFO - [create_connect_point.py:205] - cCPbrap[(40, 23), (40, 20), (40, 19), (40, 22), (40, 21)]
2025-11-23 14:28:14,692 - create_connect_point - INFO - [create_connect_point.py:176] - 还存在连接点
2025-11-23 14:28:14,692 - create_connect_point - INFO - [create_connect_point.py:178] - 
可选择房间集合[0, 1, 2, 3, 4, 5, 6, 7, 8, 9, 10, 11, 12, 13, 15, 16, 17, 18, 19, 20, 21, 22, 23, 24, 25, 26, 27, 28, 29, 30, 31, 32, 34, 35, 36, 38, 39, 40, 41, 42, 43, 44, 45, 46, 47, 48, 49, 50, 52, 53, 54, 55, 56, 57, 58, 59, 60, 62, 63, 64, 65, 66, 67, 68, 69, 70, 71, 73, 74, 75, 76, 77, 78, 79, 80, 81, 82, 83, 84, 85, 86, 87, 88, 89, 90, 91, 92, 93, 94, 95, 96, 97, 98, 99]
2025-11-23 14:28:14,692 - create_connect_point - INFO - [create_connect_point.py:180] - 
选择房间66:(55,71)-(57,77)
	[(54, 71), (54, 72), (54, 73), (54, 75), (54, 77), (55, 70), (55, 78), (56, 70), (56, 78), (57, 70), (57, 78), (58, 71), (58, 72), (58, 73), (58, 75), (58, 76), (58, 77)]
2025-11-23 14:28:14,692 - create_connect_point - INFO - [create_connect_point.py:183] - 选择点(54, 72)
2025-11-23 14:28:14,692 - create_connect_point - INFO - [create_connect_point.py:201] - 找到对应path
2025-11-23 14:28:14,692 - create_connect_point - INFO - [create_connect_point.py:120] - 找到与room相连的path，通过邻居点 {(53, 72)}
2025-11-23 14:28:14,692 - create_connect_point - INFO - [create_connect_point.py:136] - 移除了{(58, 72), (56, 78), (54, 71), (58, 75), (57, 78), (58, 73), (54, 77), (54, 73), (55, 78), (56, 70), (58, 71), (57, 70), (58, 77), (54, 75), (55, 70), (54, 72), (58, 76)}，剩下66:[]
2025-11-23 14:28:14,692 - create_connect_point - INFO - [create_connect_point.py:205] - cCPbrap[(58, 72), (56, 78), (54, 71), (58, 75), (57, 78), (58, 73), (54, 77), (54, 73), (55, 78), (56, 70), (58, 71), (57, 70), (58, 77), (54, 75), (55, 70), (54, 72), (58, 76)]
2025-11-23 14:28:14,692 - create_connect_point - INFO - [create_connect_point.py:176] - 还存在连接点
2025-11-23 14:28:14,693 - create_connect_point - INFO - [create_connect_point.py:178] - 
可选择房间集合[0, 1, 2, 3, 4, 5, 6, 7, 8, 9, 10, 11, 12, 13, 15, 16, 17, 18, 19, 20, 21, 22, 23, 24, 25, 26, 27, 28, 29, 30, 31, 32, 34, 35, 36, 38, 39, 40, 41, 42, 43, 44, 45, 46, 47, 48, 49, 50, 52, 53, 54, 55, 56, 57, 58, 59, 60, 62, 63, 64, 65, 67, 68, 69, 70, 71, 73, 74, 75, 76, 77, 78, 79, 80, 81, 82, 83, 84, 85, 86, 87, 88, 89, 90, 91, 92, 93, 94, 95, 96, 97, 98, 99]
2025-11-23 14:28:14,693 - create_connect_point - INFO - [create_connect_point.py:180] - 
选择房间35:(55,43)-(63,49)
	[(54, 43), (54, 44), (54, 45), (54, 47), (54, 48), (54, 49), (55, 42), (55, 50), (56, 42), (56, 50), (57, 42), (57, 50), (58, 42), (59, 42), (59, 50), (60, 50), (61, 42), (61, 50), (62, 42), (63, 42), (63, 50), (64, 43), (64, 44), (64, 45), (64, 46), (64, 47), (64, 48), (64, 49)]
2025-11-23 14:28:14,693 - create_connect_point - INFO - [create_connect_point.py:183] - 选择点(54, 45)
2025-11-23 14:28:14,693 - create_connect_point - INFO - [create_connect_point.py:201] - 找到对应path
2025-11-23 14:28:14,693 - create_connect_point - INFO - [create_connect_point.py:120] - 找到与room相连的path，通过邻居点 {(53, 45)}
2025-11-23 14:28:14,693 - create_connect_point - INFO - [create_connect_point.py:136] - 移除了{(59, 42), (64, 46), (54, 45), (56, 42), (61, 42), (62, 42), (57, 42), (64, 43), (64, 47), (54, 44), (58, 42), (64, 49), (64, 45), (55, 42), (64, 48), (64, 44), (54, 43), (63, 42)}，剩下35:[(54, 47), (54, 48), (54, 49), (55, 50), (56, 50), (57, 50), (59, 50), (60, 50), (61, 50), (63, 50)]
2025-11-23 14:28:14,693 - create_connect_point - INFO - [create_connect_point.py:205] - cCPbrap[(59, 42), (64, 46), (54, 45), (56, 42), (61, 42), (62, 42), (57, 42), (64, 43), (64, 47), (54, 44), (58, 42), (64, 49), (64, 45), (55, 42), (64, 48), (64, 44), (54, 43), (63, 42)]
2025-11-23 14:28:14,693 - create_connect_point - INFO - [create_connect_point.py:176] - 还存在连接点
2025-11-23 14:28:14,693 - create_connect_point - INFO - [create_connect_point.py:178] - 
可选择房间集合[0, 1, 2, 3, 4, 5, 6, 7, 8, 9, 10, 11, 12, 13, 15, 16, 17, 18, 19, 20, 21, 22, 23, 24, 25, 26, 27, 28, 29, 30, 31, 32, 34, 35, 36, 38, 39, 40, 41, 42, 43, 44, 45, 46, 47, 48, 49, 50, 52, 53, 54, 55, 56, 57, 58, 59, 60, 62, 63, 64, 65, 67, 68, 69, 70, 71, 73, 74, 75, 76, 77, 78, 79, 80, 81, 82, 83, 84, 85, 86, 87, 88, 89, 90, 91, 92, 93, 94, 95, 96, 97, 98, 99]
2025-11-23 14:28:14,693 - create_connect_point - INFO - [create_connect_point.py:180] - 
选择房间54:(21,49)-(23,53)
	[(20, 49), (20, 50), (20, 51), (20, 53), (21, 48), (22, 48), (23, 48), (24, 49), (24, 51), (24, 52), (24, 53)]
2025-11-23 14:28:14,693 - create_connect_point - INFO - [create_connect_point.py:183] - 选择点(24, 53)
2025-11-23 14:28:14,693 - create_connect_point - INFO - [create_connect_point.py:201] - 找到对应path
2025-11-23 14:28:14,693 - create_connect_point - INFO - [create_connect_point.py:120] - 找到与room相连的path，通过邻居点 {(25, 53)}
2025-11-23 14:28:14,693 - create_connect_point - INFO - [create_connect_point.py:136] - 移除了{(24, 53), (24, 49), (24, 51), (24, 52)}，剩下54:[(20, 49), (20, 50), (20, 51), (20, 53), (21, 48), (22, 48), (23, 48)]
2025-11-23 14:28:14,693 - create_connect_point - INFO - [create_connect_point.py:205] - cCPbrap[(24, 53), (24, 49), (24, 51), (24, 52)]
2025-11-23 14:28:14,693 - create_connect_point - INFO - [create_connect_point.py:176] - 还存在连接点
2025-11-23 14:28:14,693 - create_connect_point - INFO - [create_connect_point.py:178] - 
可选择房间集合[0, 1, 2, 3, 4, 5, 6, 7, 8, 9, 10, 11, 12, 13, 15, 16, 17, 18, 19, 20, 21, 22, 23, 24, 25, 26, 27, 28, 29, 30, 31, 32, 34, 35, 36, 38, 39, 40, 41, 42, 43, 44, 45, 46, 47, 48, 49, 50, 52, 53, 54, 55, 56, 57, 58, 59, 60, 62, 63, 64, 65, 67, 68, 69, 70, 71, 73, 74, 75, 76, 77, 78, 79, 80, 81, 82, 83, 84, 85, 86, 87, 88, 89, 90, 91, 92, 93, 94, 95, 96, 97, 98, 99]
2025-11-23 14:28:14,693 - create_connect_point - INFO - [create_connect_point.py:180] - 
选择房间93:(47,25)-(49,29)
	[(46, 25), (46, 26), (46, 27), (46, 28), (46, 29), (47, 24), (47, 30), (48, 24), (49, 24), (49, 30), (50, 25), (50, 26), (50, 27), (50, 28), (50, 29)]
2025-11-23 14:28:14,693 - create_connect_point - INFO - [create_connect_point.py:183] - 选择点(49, 30)
2025-11-23 14:28:14,694 - create_connect_point - INFO - [create_connect_point.py:201] - 找到对应path
2025-11-23 14:28:14,694 - create_connect_point - INFO - [create_connect_point.py:120] - 找到与room相连的path，通过邻居点 {(49, 31)}
2025-11-23 14:28:14,694 - create_connect_point - INFO - [create_connect_point.py:136] - 移除了{(50, 27), (50, 26), (50, 29), (50, 25), (50, 28), (49, 30)}，剩下93:[(46, 25), (46, 26), (46, 27), (46, 28), (46, 29), (47, 24), (47, 30), (48, 24), (49, 24)]
2025-11-23 14:28:14,694 - create_connect_point - INFO - [create_connect_point.py:205] - cCPbrap[(50, 27), (50, 26), (50, 29), (50, 25), (50, 28), (49, 30)]
2025-11-23 14:28:14,694 - create_connect_point - INFO - [create_connect_point.py:176] - 还存在连接点
2025-11-23 14:28:14,694 - create_connect_point - INFO - [create_connect_point.py:178] - 
可选择房间集合[0, 1, 2, 3, 4, 5, 6, 7, 8, 9, 10, 11, 12, 13, 15, 16, 17, 18, 19, 20, 21, 22, 23, 24, 25, 26, 27, 28, 29, 30, 31, 32, 34, 35, 36, 38, 39, 40, 41, 42, 43, 44, 45, 46, 47, 48, 49, 50, 52, 53, 54, 55, 56, 57, 58, 59, 60, 62, 63, 64, 65, 67, 68, 69, 70, 71, 73, 74, 75, 76, 77, 78, 79, 80, 81, 82, 83, 84, 85, 86, 87, 88, 89, 90, 91, 92, 93, 94, 95, 96, 97, 98, 99]
2025-11-23 14:28:14,694 - create_connect_point - INFO - [create_connect_point.py:180] - 
选择房间30:(41,15)-(43,23)
	[(40, 17), (41, 24), (43, 24), (44, 23)]
2025-11-23 14:28:14,694 - create_connect_point - INFO - [create_connect_point.py:183] - 选择点(44, 23)
2025-11-23 14:28:14,694 - create_connect_point - INFO - [create_connect_point.py:201] - 找到对应path
2025-11-23 14:28:14,694 - create_connect_point - INFO - [create_connect_point.py:120] - 找到与room相连的path，通过邻居点 {(45, 23)}
2025-11-23 14:28:14,694 - create_connect_point - INFO - [create_connect_point.py:136] - 移除了{(44, 23), (43, 24)}，剩下30:[(40, 17), (41, 24)]
2025-11-23 14:28:14,694 - create_connect_point - INFO - [create_connect_point.py:205] - cCPbrap[(44, 23), (43, 24)]
2025-11-23 14:28:14,694 - create_connect_point - INFO - [create_connect_point.py:176] - 还存在连接点
2025-11-23 14:28:14,694 - create_connect_point - INFO - [create_connect_point.py:178] - 
可选择房间集合[0, 1, 2, 3, 4, 5, 6, 7, 8, 9, 10, 11, 12, 13, 15, 16, 17, 18, 19, 20, 21, 22, 23, 24, 25, 26, 27, 28, 29, 30, 31, 32, 34, 35, 36, 38, 39, 40, 41, 42, 43, 44, 45, 46, 47, 48, 49, 50, 52, 53, 54, 55, 56, 57, 58, 59, 60, 62, 63, 64, 65, 67, 68, 69, 70, 71, 73, 74, 75, 76, 77, 78, 79, 80, 81, 82, 83, 84, 85, 86, 87, 88, 89, 90, 91, 92, 93, 94, 95, 96, 97, 98, 99]
2025-11-23 14:28:14,694 - create_connect_point - INFO - [create_connect_point.py:180] - 
选择房间73:(45,5)-(53,9)
	[(44, 5), (44, 6), (44, 7), (44, 9), (45, 10), (46, 10), (47, 4), (47, 10), (48, 4), (48, 10), (49, 4), (49, 10), (51, 4), (51, 10), (52, 4), (53, 4), (53, 10), (54, 5), (54, 7), (54, 8), (54, 9)]
2025-11-23 14:28:14,694 - create_connect_point - INFO - [create_connect_point.py:183] - 选择点(44, 6)
2025-11-23 14:28:14,694 - create_connect_point - INFO - [create_connect_point.py:201] - 找到对应path
2025-11-23 14:28:14,694 - create_connect_point - INFO - [create_connect_point.py:120] - 找到与room相连的path，通过邻居点 {(43, 6)}
2025-11-23 14:28:14,695 - create_connect_point - INFO - [create_connect_point.py:136] - 移除了{(54, 7), (44, 7), (49, 10), (52, 4), (53, 4), (44, 6), (45, 10), (54, 9), (46, 10), (47, 10), (53, 10), (48, 10), (51, 4), (51, 10), (54, 5), (44, 5), (54, 8)}，剩下73:[(44, 9), (47, 4), (48, 4), (49, 4)]
2025-11-23 14:28:14,695 - create_connect_point - INFO - [create_connect_point.py:205] - cCPbrap[(54, 7), (44, 7), (49, 10), (52, 4), (53, 4), (44, 6), (45, 10), (54, 9), (46, 10), (47, 10), (53, 10), (48, 10), (51, 4), (51, 10), (54, 5), (44, 5), (54, 8)]
2025-11-23 14:28:14,695 - create_connect_point - INFO - [create_connect_point.py:176] - 还存在连接点
2025-11-23 14:28:14,695 - create_connect_point - INFO - [create_connect_point.py:178] - 
可选择房间集合[0, 1, 2, 3, 4, 5, 6, 7, 8, 9, 10, 11, 12, 13, 15, 16, 17, 18, 19, 20, 21, 22, 23, 24, 25, 26, 27, 28, 29, 30, 31, 32, 34, 35, 36, 38, 39, 40, 41, 42, 43, 44, 45, 46, 47, 48, 49, 50, 52, 53, 54, 55, 56, 57, 58, 59, 60, 62, 63, 64, 65, 67, 68, 69, 70, 71, 73, 74, 75, 76, 77, 78, 79, 80, 81, 82, 83, 84, 85, 86, 87, 88, 89, 90, 91, 92, 93, 94, 95, 96, 97, 98, 99]
2025-11-23 14:28:14,695 - create_connect_point - INFO - [create_connect_point.py:180] - 
选择房间18:(5,5)-(7,11)
	[(4, 5), (4, 7), (4, 8), (4, 9), (4, 10), (4, 11), (5, 4), (5, 12), (6, 12), (7, 4), (7, 12), (8, 5), (8, 6), (8, 7), (8, 8), (8, 9), (8, 10), (8, 11)]
2025-11-23 14:28:14,695 - create_connect_point - INFO - [create_connect_point.py:183] - 选择点(8, 8)
2025-11-23 14:28:14,695 - create_connect_point - INFO - [create_connect_point.py:201] - 找到对应path
2025-11-23 14:28:14,695 - create_connect_point - INFO - [create_connect_point.py:120] - 找到与room相连的path，通过邻居点 {(9, 8)}
2025-11-23 14:28:14,695 - create_connect_point - INFO - [create_connect_point.py:136] - 移除了{(4, 10), (7, 4), (8, 8), (4, 9), (8, 7), (5, 4), (8, 10), (8, 5), (4, 5), (8, 9), (4, 8), (8, 6), (4, 11), (4, 7), (8, 11)}，剩下18:[(5, 12), (6, 12), (7, 12)]
2025-11-23 14:28:14,695 - create_connect_point - INFO - [create_connect_point.py:205] - cCPbrap[(4, 10), (7, 4), (8, 8), (4, 9), (8, 7), (5, 4), (8, 10), (8, 5), (4, 5), (8, 9), (4, 8), (8, 6), (4, 11), (4, 7), (8, 11)]
2025-11-23 14:28:14,695 - create_connect_point - INFO - [create_connect_point.py:176] - 还存在连接点
2025-11-23 14:28:14,695 - create_connect_point - INFO - [create_connect_point.py:178] - 
可选择房间集合[0, 1, 2, 3, 4, 5, 6, 7, 8, 9, 10, 11, 12, 13, 15, 16, 17, 18, 19, 20, 21, 22, 23, 24, 25, 26, 27, 28, 29, 30, 31, 32, 34, 35, 36, 38, 39, 40, 41, 42, 43, 44, 45, 46, 47, 48, 49, 50, 52, 53, 54, 55, 56, 57, 58, 59, 60, 62, 63, 64, 65, 67, 68, 69, 70, 71, 73, 74, 75, 76, 77, 78, 79, 80, 81, 82, 83, 84, 85, 86, 87, 88, 89, 90, 91, 92, 93, 94, 95, 96, 97, 98, 99]
2025-11-23 14:28:14,695 - create_connect_point - INFO - [create_connect_point.py:180] - 
选择房间84:(27,17)-(29,19)
	[(26, 17), (26, 18), (26, 19), (27, 16), (27, 20), (28, 16), (29, 16), (29, 20), (30, 17), (30, 18), (30, 19)]
2025-11-23 14:28:14,695 - create_connect_point - INFO - [create_connect_point.py:183] - 选择点(30, 19)
2025-11-23 14:28:14,695 - create_connect_point - INFO - [create_connect_point.py:188] - 
找到对应room16:(31,17)-(37,25)
	[(30, 17), (30, 18), (30, 19), (30, 21), (30, 23), (30, 24), (30, 25), (31, 16), (31, 26), (32, 16), (33, 16), (33, 26), (34, 16), (34, 26), (35, 16), (35, 26), (36, 16), (36, 26), (37, 16), (37, 26), (38, 17), (38, 25)]
2025-11-23 14:28:14,696 - create_connect_point - INFO - [create_connect_point.py:89] - 
移除了{(30, 18), (30, 19), (30, 17)}
剩下84:[(26, 17), (26, 18), (26, 19), (27, 16), (27, 20), (28, 16), (29, 16), (29, 20)]
16:[(30, 21), (30, 23), (30, 24), (30, 25), (31, 16), (31, 26), (32, 16), (33, 16), (33, 26), (34, 16), (34, 26), (35, 16), (35, 26), (36, 16), (36, 26), (37, 16), (37, 26), (38, 17), (38, 25)]
2025-11-23 14:28:14,696 - create_connect_point - INFO - [create_connect_point.py:193] - cCPbrar[(30, 18), (30, 19), (30, 17)]
2025-11-23 14:28:14,696 - create_connect_point - INFO - [create_connect_point.py:176] - 还存在连接点
2025-11-23 14:28:14,696 - create_connect_point - INFO - [create_connect_point.py:178] - 
可选择房间集合[0, 1, 2, 3, 4, 5, 6, 7, 8, 9, 10, 11, 12, 13, 15, 16, 17, 18, 19, 20, 21, 22, 23, 24, 25, 26, 27, 28, 29, 30, 31, 32, 34, 35, 36, 38, 39, 40, 41, 42, 43, 44, 45, 46, 47, 48, 49, 50, 52, 53, 54, 55, 56, 57, 58, 59, 60, 62, 63, 64, 65, 67, 68, 69, 70, 71, 73, 74, 75, 76, 77, 78, 79, 80, 81, 82, 83, 84, 85, 86, 87, 88, 89, 90, 91, 92, 93, 94, 95, 96, 97, 98, 99]
2025-11-23 14:28:14,696 - create_connect_point - INFO - [create_connect_point.py:180] - 
选择房间39:(53,17)-(55,21)
	[(52, 21), (53, 22), (54, 22), (55, 22)]
2025-11-23 14:28:14,696 - create_connect_point - INFO - [create_connect_point.py:183] - 选择点(52, 21)
2025-11-23 14:28:14,696 - create_connect_point - INFO - [create_connect_point.py:201] - 找到对应path
2025-11-23 14:28:14,696 - create_connect_point - INFO - [create_connect_point.py:120] - 找到与room相连的path，通过邻居点 {(51, 21)}
2025-11-23 14:28:14,696 - create_connect_point - INFO - [create_connect_point.py:136] - 移除了{(52, 21)}，剩下39:[(53, 22), (54, 22), (55, 22)]
2025-11-23 14:28:14,696 - create_connect_point - INFO - [create_connect_point.py:205] - cCPbrap[(52, 21)]
2025-11-23 14:28:14,696 - create_connect_point - INFO - [create_connect_point.py:176] - 还存在连接点
2025-11-23 14:28:14,696 - create_connect_point - INFO - [create_connect_point.py:178] - 
可选择房间集合[0, 1, 2, 3, 4, 5, 6, 7, 8, 9, 10, 11, 12, 13, 15, 16, 17, 18, 19, 20, 21, 22, 23, 24, 25, 26, 27, 28, 29, 30, 31, 32, 34, 35, 36, 38, 39, 40, 41, 42, 43, 44, 45, 46, 47, 48, 49, 50, 52, 53, 54, 55, 56, 57, 58, 59, 60, 62, 63, 64, 65, 67, 68, 69, 70, 71, 73, 74, 75, 76, 77, 78, 79, 80, 81, 82, 83, 84, 85, 86, 87, 88, 89, 90, 91, 92, 93, 94, 95, 96, 97, 98, 99]
2025-11-23 14:28:14,696 - create_connect_point - INFO - [create_connect_point.py:180] - 
选择房间39:(53,17)-(55,21)
	[(53, 22), (54, 22), (55, 22)]
2025-11-23 14:28:14,696 - create_connect_point - INFO - [create_connect_point.py:183] - 选择点(53, 22)
2025-11-23 14:28:14,696 - create_connect_point - INFO - [create_connect_point.py:201] - 找到对应path
2025-11-23 14:28:14,696 - create_connect_point - INFO - [create_connect_point.py:120] - 找到与room相连的path，通过邻居点 {(53, 23)}
2025-11-23 14:28:14,696 - create_connect_point - INFO - [create_connect_point.py:136] - 移除了{(53, 22), (54, 22), (55, 22)}，剩下39:[]
2025-11-23 14:28:14,696 - create_connect_point - INFO - [create_connect_point.py:205] - cCPbrap[(53, 22), (54, 22), (55, 22)]
2025-11-23 14:28:14,696 - create_connect_point - INFO - [create_connect_point.py:176] - 还存在连接点
2025-11-23 14:28:14,697 - create_connect_point - INFO - [create_connect_point.py:178] - 
可选择房间集合[0, 1, 2, 3, 4, 5, 6, 7, 8, 9, 10, 11, 12, 13, 15, 16, 17, 18, 19, 20, 21, 22, 23, 24, 25, 26, 27, 28, 29, 30, 31, 32, 34, 35, 36, 38, 40, 41, 42, 43, 44, 45, 46, 47, 48, 49, 50, 52, 53, 54, 55, 56, 57, 58, 59, 60, 62, 63, 64, 65, 67, 68, 69, 70, 71, 73, 74, 75, 76, 77, 78, 79, 80, 81, 82, 83, 84, 85, 86, 87, 88, 89, 90, 91, 92, 93, 94, 95, 96, 97, 98, 99]
2025-11-23 14:28:14,697 - create_connect_point - INFO - [create_connect_point.py:180] - 
选择房间58:(47,41)-(51,45)
	[(46, 41), (46, 43), (46, 44), (46, 45), (47, 40), (47, 46), (48, 40), (49, 40), (49, 46), (50, 46), (51, 40), (51, 46), (52, 41), (52, 42), (52, 43), (52, 44), (52, 45)]
2025-11-23 14:28:14,697 - create_connect_point - INFO - [create_connect_point.py:183] - 选择点(51, 46)
2025-11-23 14:28:14,697 - create_connect_point - INFO - [create_connect_point.py:201] - 找到对应path
2025-11-23 14:28:14,697 - create_connect_point - INFO - [create_connect_point.py:120] - 找到与room相连的path，通过邻居点 {(51, 47)}
2025-11-23 14:28:14,697 - create_connect_point - INFO - [create_connect_point.py:136] - 移除了{(49, 46), (50, 46), (51, 46)}，剩下58:[(46, 41), (46, 43), (46, 44), (46, 45), (47, 40), (47, 46), (48, 40), (49, 40), (51, 40), (52, 41), (52, 42), (52, 43), (52, 44), (52, 45)]
2025-11-23 14:28:14,697 - create_connect_point - INFO - [create_connect_point.py:205] - cCPbrap[(49, 46), (50, 46), (51, 46)]
2025-11-23 14:28:14,697 - create_connect_point - INFO - [create_connect_point.py:176] - 还存在连接点
2025-11-23 14:28:14,697 - create_connect_point - INFO - [create_connect_point.py:178] - 
可选择房间集合[0, 1, 2, 3, 4, 5, 6, 7, 8, 9, 10, 11, 12, 13, 15, 16, 17, 18, 19, 20, 21, 22, 23, 24, 25, 26, 27, 28, 29, 30, 31, 32, 34, 35, 36, 38, 40, 41, 42, 43, 44, 45, 46, 47, 48, 49, 50, 52, 53, 54, 55, 56, 57, 58, 59, 60, 62, 63, 64, 65, 67, 68, 69, 70, 71, 73, 74, 75, 76, 77, 78, 79, 80, 81, 82, 83, 84, 85, 86, 87, 88, 89, 90, 91, 92, 93, 94, 95, 96, 97, 98, 99]
2025-11-23 14:28:14,697 - create_connect_point - INFO - [create_connect_point.py:180] - 
选择房间62:(29,45)-(31,47)
	[(28, 45), (28, 46), (28, 47), (29, 44), (29, 48), (30, 44), (30, 48), (31, 44), (31, 48), (32, 45), (32, 47)]
2025-11-23 14:28:14,697 - create_connect_point - INFO - [create_connect_point.py:183] - 选择点(32, 45)
2025-11-23 14:28:14,697 - create_connect_point - INFO - [create_connect_point.py:201] - 找到对应path
2025-11-23 14:28:14,697 - create_connect_point - INFO - [create_connect_point.py:120] - 找到与room相连的path，通过邻居点 {(33, 45)}
2025-11-23 14:28:14,697 - create_connect_point - INFO - [create_connect_point.py:136] - 移除了{(29, 48), (30, 48), (32, 45), (31, 48), (32, 47)}，剩下62:[(28, 45), (28, 46), (28, 47), (29, 44), (30, 44), (31, 44)]
2025-11-23 14:28:14,697 - create_connect_point - INFO - [create_connect_point.py:205] - cCPbrap[(29, 48), (30, 48), (32, 45), (31, 48), (32, 47)]
2025-11-23 14:28:14,697 - create_connect_point - INFO - [create_connect_point.py:176] - 还存在连接点
2025-11-23 14:28:14,697 - create_connect_point - INFO - [create_connect_point.py:178] - 
可选择房间集合[0, 1, 2, 3, 4, 5, 6, 7, 8, 9, 10, 11, 12, 13, 15, 16, 17, 18, 19, 20, 21, 22, 23, 24, 25, 26, 27, 28, 29, 30, 31, 32, 34, 35, 36, 38, 40, 41, 42, 43, 44, 45, 46, 47, 48, 49, 50, 52, 53, 54, 55, 56, 57, 58, 59, 60, 62, 63, 64, 65, 67, 68, 69, 70, 71, 73, 74, 75, 76, 77, 78, 79, 80, 81, 82, 83, 84, 85, 86, 87, 88, 89, 90, 91, 92, 93, 94, 95, 96, 97, 98, 99]
2025-11-23 14:28:14,697 - create_connect_point - INFO - [create_connect_point.py:180] - 
选择房间20:(7,63)-(13,67)
	[(6, 63), (6, 64), (6, 65), (6, 66), (6, 67), (7, 62), (7, 68), (8, 62), (9, 62), (9, 68), (10, 68), (11, 62), (11, 68), (12, 62), (13, 62), (13, 68), (14, 63), (14, 64), (14, 65), (14, 66), (14, 67)]
2025-11-23 14:28:14,697 - create_connect_point - INFO - [create_connect_point.py:183] - 选择点(12, 62)
2025-11-23 14:28:14,697 - create_connect_point - INFO - [create_connect_point.py:188] - 
找到对应room44:(11,59)-(13,61)
	[(10, 59), (10, 61), (11, 58), (11, 62), (12, 58), (12, 62), (13, 58), (13, 62), (14, 59), (14, 61)]
2025-11-23 14:28:14,697 - create_connect_point - INFO - [create_connect_point.py:89] - 
移除了{(12, 62), (13, 62), (11, 62)}
剩下20:[(6, 63), (6, 64), (6, 65), (6, 66), (6, 67), (7, 62), (7, 68), (8, 62), (9, 62), (9, 68), (10, 68), (11, 68), (13, 68), (14, 63), (14, 64), (14, 65), (14, 66), (14, 67)]
44:[(10, 59), (10, 61), (11, 58), (12, 58), (13, 58), (14, 59), (14, 61)]
2025-11-23 14:28:14,698 - create_connect_point - INFO - [create_connect_point.py:193] - cCPbrar[(12, 62), (13, 62), (11, 62)]
2025-11-23 14:28:14,698 - create_connect_point - INFO - [create_connect_point.py:176] - 还存在连接点
2025-11-23 14:28:14,698 - create_connect_point - INFO - [create_connect_point.py:178] - 
可选择房间集合[0, 1, 2, 3, 4, 5, 6, 7, 8, 9, 10, 11, 12, 13, 15, 16, 17, 18, 19, 20, 21, 22, 23, 24, 25, 26, 27, 28, 29, 30, 31, 32, 34, 35, 36, 38, 40, 41, 42, 43, 44, 45, 46, 47, 48, 49, 50, 52, 53, 54, 55, 56, 57, 58, 59, 60, 62, 63, 64, 65, 67, 68, 69, 70, 71, 73, 74, 75, 76, 77, 78, 79, 80, 81, 82, 83, 84, 85, 86, 87, 88, 89, 90, 91, 92, 93, 94, 95, 96, 97, 98, 99]
2025-11-23 14:28:14,698 - create_connect_point - INFO - [create_connect_point.py:180] - 
选择房间31:(93,33)-(97,41)
	[(92, 41), (97, 42), (98, 39), (98, 40), (98, 41)]
2025-11-23 14:28:14,698 - create_connect_point - INFO - [create_connect_point.py:183] - 选择点(98, 39)
2025-11-23 14:28:14,698 - create_connect_point - INFO - [create_connect_point.py:201] - 找到对应path
2025-11-23 14:28:14,698 - create_connect_point - INFO - [create_connect_point.py:120] - 找到与room相连的path，通过邻居点 {(99, 39)}
2025-11-23 14:28:14,698 - create_connect_point - INFO - [create_connect_point.py:136] - 移除了{(98, 40), (98, 41), (98, 39), (97, 42)}，剩下31:[(92, 41)]
2025-11-23 14:28:14,698 - create_connect_point - INFO - [create_connect_point.py:205] - cCPbrap[(98, 40), (98, 41), (98, 39), (97, 42)]
2025-11-23 14:28:14,698 - create_connect_point - INFO - [create_connect_point.py:176] - 还存在连接点
2025-11-23 14:28:14,698 - create_connect_point - INFO - [create_connect_point.py:178] - 
可选择房间集合[0, 1, 2, 3, 4, 5, 6, 7, 8, 9, 10, 11, 12, 13, 15, 16, 17, 18, 19, 20, 21, 22, 23, 24, 25, 26, 27, 28, 29, 30, 31, 32, 34, 35, 36, 38, 40, 41, 42, 43, 44, 45, 46, 47, 48, 49, 50, 52, 53, 54, 55, 56, 57, 58, 59, 60, 62, 63, 64, 65, 67, 68, 69, 70, 71, 73, 74, 75, 76, 77, 78, 79, 80, 81, 82, 83, 84, 85, 86, 87, 88, 89, 90, 91, 92, 93, 94, 95, 96, 97, 98, 99]
2025-11-23 14:28:14,698 - create_connect_point - INFO - [create_connect_point.py:180] - 
选择房间10:(75,65)-(81,71)
	[(74, 65), (74, 66), (74, 67), (74, 69), (74, 70), (74, 71), (75, 64), (75, 72), (76, 64), (77, 64), (77, 72), (78, 72), (79, 64), (79, 72), (80, 64), (81, 64), (81, 72), (82, 65), (82, 66), (82, 67), (82, 68), (82, 69), (82, 71)]
2025-11-23 14:28:14,698 - create_connect_point - INFO - [create_connect_point.py:183] - 选择点(81, 64)
2025-11-23 14:28:14,698 - create_connect_point - INFO - [create_connect_point.py:201] - 找到对应path
2025-11-23 14:28:14,698 - create_connect_point - INFO - [create_connect_point.py:120] - 找到与room相连的path，通过邻居点 {(81, 63)}
2025-11-23 14:28:14,698 - create_connect_point - INFO - [create_connect_point.py:136] - 移除了{(75, 64), (79, 64), (80, 64), (81, 64), (76, 64), (77, 64)}，剩下10:[(74, 65), (74, 66), (74, 67), (74, 69), (74, 70), (74, 71), (75, 72), (77, 72), (78, 72), (79, 72), (81, 72), (82, 65), (82, 66), (82, 67), (82, 68), (82, 69), (82, 71)]
2025-11-23 14:28:14,698 - create_connect_point - INFO - [create_connect_point.py:205] - cCPbrap[(75, 64), (79, 64), (80, 64), (81, 64), (76, 64), (77, 64)]
2025-11-23 14:28:14,698 - create_connect_point - INFO - [create_connect_point.py:176] - 还存在连接点
2025-11-23 14:28:14,698 - create_connect_point - INFO - [create_connect_point.py:178] - 
可选择房间集合[0, 1, 2, 3, 4, 5, 6, 7, 8, 9, 10, 11, 12, 13, 15, 16, 17, 18, 19, 20, 21, 22, 23, 24, 25, 26, 27, 28, 29, 30, 31, 32, 34, 35, 36, 38, 40, 41, 42, 43, 44, 45, 46, 47, 48, 49, 50, 52, 53, 54, 55, 56, 57, 58, 59, 60, 62, 63, 64, 65, 67, 68, 69, 70, 71, 73, 74, 75, 76, 77, 78, 79, 80, 81, 82, 83, 84, 85, 86, 87, 88, 89, 90, 91, 92, 93, 94, 95, 96, 97, 98, 99]
2025-11-23 14:28:14,698 - create_connect_point - INFO - [create_connect_point.py:180] - 
选择房间76:(65,13)-(71,21)
	[(64, 13), (64, 15), (64, 16), (64, 17), (64, 18), (64, 19), (64, 20), (64, 21), (65, 12), (65, 22), (67, 12), (67, 22), (69, 12), (69, 22), (70, 12), (71, 12), (71, 22), (72, 13), (72, 14), (72, 15), (72, 16), (72, 17), (72, 18), (72, 19)]
2025-11-23 14:28:14,699 - create_connect_point - INFO - [create_connect_point.py:183] - 选择点(64, 20)
2025-11-23 14:28:14,699 - create_connect_point - INFO - [create_connect_point.py:188] - 
找到对应room23:(57,15)-(63,21)
	[(56, 15), (57, 14), (57, 22), (58, 14), (58, 22), (59, 14), (59, 22), (60, 22), (61, 14), (61, 22), (62, 14), (63, 14), (63, 22), (64, 15), (64, 16), (64, 17), (64, 18), (64, 19), (64, 20), (64, 21)]
2025-11-23 14:28:14,699 - create_connect_point - INFO - [create_connect_point.py:89] - 
移除了{(64, 21), (64, 20), (64, 17), (64, 16), (64, 19), (64, 15), (64, 18)}
剩下76:[(64, 13), (65, 12), (65, 22), (67, 12), (67, 22), (69, 12), (69, 22), (70, 12), (71, 12), (71, 22), (72, 13), (72, 14), (72, 15), (72, 16), (72, 17), (72, 18), (72, 19)]
23:[(56, 15), (57, 14), (57, 22), (58, 14), (58, 22), (59, 14), (59, 22), (60, 22), (61, 14), (61, 22), (62, 14), (63, 14), (63, 22)]
2025-11-23 14:28:14,699 - create_connect_point - INFO - [create_connect_point.py:193] - cCPbrar[(64, 21), (64, 20), (64, 17), (64, 16), (64, 19), (64, 15), (64, 18)]
2025-11-23 14:28:14,699 - create_connect_point - INFO - [create_connect_point.py:176] - 还存在连接点
2025-11-23 14:28:14,699 - create_connect_point - INFO - [create_connect_point.py:178] - 
可选择房间集合[0, 1, 2, 3, 4, 5, 6, 7, 8, 9, 10, 11, 12, 13, 15, 16, 17, 18, 19, 20, 21, 22, 23, 24, 25, 26, 27, 28, 29, 30, 31, 32, 34, 35, 36, 38, 40, 41, 42, 43, 44, 45, 46, 47, 48, 49, 50, 52, 53, 54, 55, 56, 57, 58, 59, 60, 62, 63, 64, 65, 67, 68, 69, 70, 71, 73, 74, 75, 76, 77, 78, 79, 80, 81, 82, 83, 84, 85, 86, 87, 88, 89, 90, 91, 92, 93, 94, 95, 96, 97, 98, 99]
2025-11-23 14:28:14,699 - create_connect_point - INFO - [create_connect_point.py:180] - 
选择房间93:(47,25)-(49,29)
	[(46, 25), (46, 26), (46, 27), (46, 28), (46, 29), (47, 24), (47, 30), (48, 24), (49, 24)]
2025-11-23 14:28:14,699 - create_connect_point - INFO - [create_connect_point.py:183] - 选择点(47, 30)
2025-11-23 14:28:14,699 - create_connect_point - INFO - [create_connect_point.py:201] - 找到对应path
2025-11-23 14:28:14,699 - create_connect_point - INFO - [create_connect_point.py:120] - 找到与room相连的path，通过邻居点 {(47, 31)}
2025-11-23 14:28:14,699 - create_connect_point - INFO - [create_connect_point.py:136] - 移除了{(47, 30), (46, 27), (46, 26), (46, 29), (46, 25), (46, 28)}，剩下93:[(47, 24), (48, 24), (49, 24)]
2025-11-23 14:28:14,699 - create_connect_point - INFO - [create_connect_point.py:205] - cCPbrap[(47, 30), (46, 27), (46, 26), (46, 29), (46, 25), (46, 28)]
2025-11-23 14:28:14,699 - create_connect_point - INFO - [create_connect_point.py:176] - 还存在连接点
2025-11-23 14:28:14,699 - create_connect_point - INFO - [create_connect_point.py:178] - 
可选择房间集合[0, 1, 2, 3, 4, 5, 6, 7, 8, 9, 10, 11, 12, 13, 15, 16, 17, 18, 19, 20, 21, 22, 23, 24, 25, 26, 27, 28, 29, 30, 31, 32, 34, 35, 36, 38, 40, 41, 42, 43, 44, 45, 46, 47, 48, 49, 50, 52, 53, 54, 55, 56, 57, 58, 59, 60, 62, 63, 64, 65, 67, 68, 69, 70, 71, 73, 74, 75, 76, 77, 78, 79, 80, 81, 82, 83, 84, 85, 86, 87, 88, 89, 90, 91, 92, 93, 94, 95, 96, 97, 98, 99]
2025-11-23 14:28:14,699 - create_connect_point - INFO - [create_connect_point.py:180] - 
选择房间43:(77,97)-(83,99)
	[(76, 97), (76, 98), (76, 99), (77, 96), (79, 96), (80, 96), (81, 96), (83, 96), (84, 97), (84, 99)]
2025-11-23 14:28:14,699 - create_connect_point - INFO - [create_connect_point.py:183] - 选择点(77, 96)
2025-11-23 14:28:14,699 - create_connect_point - INFO - [create_connect_point.py:201] - 找到对应path
2025-11-23 14:28:14,699 - create_connect_point - INFO - [create_connect_point.py:120] - 找到与room相连的path，通过邻居点 {(77, 95)}
2025-11-23 14:28:14,699 - create_connect_point - INFO - [create_connect_point.py:136] - 移除了{(77, 96)}，剩下43:[(76, 97), (76, 98), (76, 99), (79, 96), (80, 96), (81, 96), (83, 96), (84, 97), (84, 99)]
2025-11-23 14:28:14,699 - create_connect_point - INFO - [create_connect_point.py:205] - cCPbrap[(77, 96)]
2025-11-23 14:28:14,700 - create_connect_point - INFO - [create_connect_point.py:176] - 还存在连接点
2025-11-23 14:28:14,700 - create_connect_point - INFO - [create_connect_point.py:178] - 
可选择房间集合[0, 1, 2, 3, 4, 5, 6, 7, 8, 9, 10, 11, 12, 13, 15, 16, 17, 18, 19, 20, 21, 22, 23, 24, 25, 26, 27, 28, 29, 30, 31, 32, 34, 35, 36, 38, 40, 41, 42, 43, 44, 45, 46, 47, 48, 49, 50, 52, 53, 54, 55, 56, 57, 58, 59, 60, 62, 63, 64, 65, 67, 68, 69, 70, 71, 73, 74, 75, 76, 77, 78, 79, 80, 81, 82, 83, 84, 85, 86, 87, 88, 89, 90, 91, 92, 93, 94, 95, 96, 97, 98, 99]
2025-11-23 14:28:14,700 - create_connect_point - INFO - [create_connect_point.py:180] - 
选择房间25:(73,37)-(79,39)
	[(72, 37), (72, 38), (72, 39), (73, 36), (73, 40), (74, 40), (75, 36), (75, 40), (76, 36), (77, 36), (77, 40), (78, 36), (78, 40), (79, 36), (79, 40), (80, 37), (80, 38), (80, 39)]
2025-11-23 14:28:14,700 - create_connect_point - INFO - [create_connect_point.py:183] - 选择点(79, 36)
2025-11-23 14:28:14,700 - create_connect_point - INFO - [create_connect_point.py:201] - 找到对应path
2025-11-23 14:28:14,700 - create_connect_point - INFO - [create_connect_point.py:120] - 找到与room相连的path，通过邻居点 {(79, 35)}
2025-11-23 14:28:14,700 - create_connect_point - INFO - [create_connect_point.py:136] - 移除了{(79, 40), (72, 37), (78, 36), (73, 36), (77, 40), (79, 36), (80, 39), (77, 36), (76, 36), (72, 39), (72, 38), (80, 38), (78, 40), (80, 37), (75, 36)}，剩下25:[(73, 40), (74, 40), (75, 40)]
2025-11-23 14:28:14,700 - create_connect_point - INFO - [create_connect_point.py:205] - cCPbrap[(79, 40), (72, 37), (78, 36), (73, 36), (77, 40), (79, 36), (80, 39), (77, 36), (76, 36), (72, 39), (72, 38), (80, 38), (78, 40), (80, 37), (75, 36)]
2025-11-23 14:28:14,700 - create_connect_point - INFO - [create_connect_point.py:176] - 还存在连接点
2025-11-23 14:28:14,700 - create_connect_point - INFO - [create_connect_point.py:178] - 
可选择房间集合[0, 1, 2, 3, 4, 5, 6, 7, 8, 9, 10, 11, 12, 13, 15, 16, 17, 18, 19, 20, 21, 22, 23, 24, 25, 26, 27, 28, 29, 30, 31, 32, 34, 35, 36, 38, 40, 41, 42, 43, 44, 45, 46, 47, 48, 49, 50, 52, 53, 54, 55, 56, 57, 58, 59, 60, 62, 63, 64, 65, 67, 68, 69, 70, 71, 73, 74, 75, 76, 77, 78, 79, 80, 81, 82, 83, 84, 85, 86, 87, 88, 89, 90, 91, 92, 93, 94, 95, 96, 97, 98, 99]
2025-11-23 14:28:14,700 - create_connect_point - INFO - [create_connect_point.py:180] - 
选择房间30:(41,15)-(43,23)
	[(40, 17), (41, 24)]
2025-11-23 14:28:14,700 - create_connect_point - INFO - [create_connect_point.py:183] - 选择点(40, 17)
2025-11-23 14:28:14,700 - create_connect_point - INFO - [create_connect_point.py:201] - 找到对应path
2025-11-23 14:28:14,700 - create_connect_point - INFO - [create_connect_point.py:120] - 找到与room相连的path，通过邻居点 {(39, 17)}
2025-11-23 14:28:14,700 - create_connect_point - INFO - [create_connect_point.py:136] - 移除了{(40, 17)}，剩下30:[(41, 24)]
2025-11-23 14:28:14,700 - create_connect_point - INFO - [create_connect_point.py:205] - cCPbrap[(40, 17)]
2025-11-23 14:28:14,700 - create_connect_point - INFO - [create_connect_point.py:176] - 还存在连接点
2025-11-23 14:28:14,700 - create_connect_point - INFO - [create_connect_point.py:178] - 
可选择房间集合[0, 1, 2, 3, 4, 5, 6, 7, 8, 9, 10, 11, 12, 13, 15, 16, 17, 18, 19, 20, 21, 22, 23, 24, 25, 26, 27, 28, 29, 30, 31, 32, 34, 35, 36, 38, 40, 41, 42, 43, 44, 45, 46, 47, 48, 49, 50, 52, 53, 54, 55, 56, 57, 58, 59, 60, 62, 63, 64, 65, 67, 68, 69, 70, 71, 73, 74, 75, 76, 77, 78, 79, 80, 81, 82, 83, 84, 85, 86, 87, 88, 89, 90, 91, 92, 93, 94, 95, 96, 97, 98, 99]
2025-11-23 14:28:14,700 - create_connect_point - INFO - [create_connect_point.py:180] - 
选择房间7:(85,41)-(91,49)
	[(89, 50), (91, 50), (92, 41), (92, 43), (92, 45), (92, 46), (92, 47), (92, 48), (92, 49)]
2025-11-23 14:28:14,700 - create_connect_point - INFO - [create_connect_point.py:183] - 选择点(92, 45)
2025-11-23 14:28:14,700 - create_connect_point - INFO - [create_connect_point.py:201] - 找到对应path
2025-11-23 14:28:14,701 - create_connect_point - INFO - [create_connect_point.py:120] - 找到与room相连的path，通过邻居点 {(93, 45)}
2025-11-23 14:28:14,701 - create_connect_point - INFO - [create_connect_point.py:136] - 移除了{(92, 45), (92, 48), (92, 47), (92, 49), (92, 46)}，剩下7:[(89, 50), (91, 50), (92, 41), (92, 43)]
2025-11-23 14:28:14,701 - create_connect_point - INFO - [create_connect_point.py:205] - cCPbrap[(92, 45), (92, 48), (92, 47), (92, 49), (92, 46)]
2025-11-23 14:28:14,701 - create_connect_point - INFO - [create_connect_point.py:176] - 还存在连接点
2025-11-23 14:28:14,701 - create_connect_point - INFO - [create_connect_point.py:178] - 
可选择房间集合[0, 1, 2, 3, 4, 5, 6, 7, 8, 9, 10, 11, 12, 13, 15, 16, 17, 18, 19, 20, 21, 22, 23, 24, 25, 26, 27, 28, 29, 30, 31, 32, 34, 35, 36, 38, 40, 41, 42, 43, 44, 45, 46, 47, 48, 49, 50, 52, 53, 54, 55, 56, 57, 58, 59, 60, 62, 63, 64, 65, 67, 68, 69, 70, 71, 73, 74, 75, 76, 77, 78, 79, 80, 81, 82, 83, 84, 85, 86, 87, 88, 89, 90, 91, 92, 93, 94, 95, 96, 97, 98, 99]
2025-11-23 14:28:14,701 - create_connect_point - INFO - [create_connect_point.py:180] - 
选择房间57:(19,55)-(27,57)
	[(18, 55), (18, 56), (18, 57), (19, 54), (19, 58), (20, 58), (21, 58), (23, 58), (24, 58), (25, 54), (25, 58), (26, 54), (26, 58), (27, 54), (27, 58), (28, 55), (28, 56), (28, 57)]
2025-11-23 14:28:14,701 - create_connect_point - INFO - [create_connect_point.py:183] - 选择点(26, 58)
2025-11-23 14:28:14,701 - create_connect_point - INFO - [create_connect_point.py:201] - 找到对应path
2025-11-23 14:28:14,701 - create_connect_point - INFO - [create_connect_point.py:120] - 找到与room相连的path，通过邻居点 {(26, 59)}
2025-11-23 14:28:14,701 - create_connect_point - INFO - [create_connect_point.py:136] - 移除了{(25, 58), (25, 54), (21, 58), (28, 55), (20, 58), (23, 58), (26, 58), (24, 58), (19, 58), (27, 58), (28, 57), (26, 54), (28, 56), (27, 54)}，剩下57:[(18, 55), (18, 56), (18, 57), (19, 54)]
2025-11-23 14:28:14,701 - create_connect_point - INFO - [create_connect_point.py:205] - cCPbrap[(25, 58), (25, 54), (21, 58), (28, 55), (20, 58), (23, 58), (26, 58), (24, 58), (19, 58), (27, 58), (28, 57), (26, 54), (28, 56), (27, 54)]
2025-11-23 14:28:14,701 - create_connect_point - INFO - [create_connect_point.py:176] - 还存在连接点
2025-11-23 14:28:14,701 - create_connect_point - INFO - [create_connect_point.py:178] - 
可选择房间集合[0, 1, 2, 3, 4, 5, 6, 7, 8, 9, 10, 11, 12, 13, 15, 16, 17, 18, 19, 20, 21, 22, 23, 24, 25, 26, 27, 28, 29, 30, 31, 32, 34, 35, 36, 38, 40, 41, 42, 43, 44, 45, 46, 47, 48, 49, 50, 52, 53, 54, 55, 56, 57, 58, 59, 60, 62, 63, 64, 65, 67, 68, 69, 70, 71, 73, 74, 75, 76, 77, 78, 79, 80, 81, 82, 83, 84, 85, 86, 87, 88, 89, 90, 91, 92, 93, 94, 95, 96, 97, 98, 99]
2025-11-23 14:28:14,701 - create_connect_point - INFO - [create_connect_point.py:180] - 
选择房间95:(33,9)-(35,13)
	[(32, 9), (32, 10), (32, 11), (32, 12), (32, 13)]
2025-11-23 14:28:14,701 - create_connect_point - INFO - [create_connect_point.py:183] - 选择点(32, 13)
2025-11-23 14:28:14,701 - create_connect_point - INFO - [create_connect_point.py:201] - 找到对应path
2025-11-23 14:28:14,701 - create_connect_point - INFO - [create_connect_point.py:120] - 找到与room相连的path，通过邻居点 {(31, 13)}
2025-11-23 14:28:14,701 - create_connect_point - INFO - [create_connect_point.py:136] - 移除了{(32, 11), (32, 13), (32, 10), (32, 9), (32, 12)}，剩下95:[]
2025-11-23 14:28:14,701 - create_connect_point - INFO - [create_connect_point.py:205] - cCPbrap[(32, 11), (32, 13), (32, 10), (32, 9), (32, 12)]
2025-11-23 14:28:14,701 - create_connect_point - INFO - [create_connect_point.py:176] - 还存在连接点
2025-11-23 14:28:14,701 - create_connect_point - INFO - [create_connect_point.py:178] - 
可选择房间集合[0, 1, 2, 3, 4, 5, 6, 7, 8, 9, 10, 11, 12, 13, 15, 16, 17, 18, 19, 20, 21, 22, 23, 24, 25, 26, 27, 28, 29, 30, 31, 32, 34, 35, 36, 38, 40, 41, 42, 43, 44, 45, 46, 47, 48, 49, 50, 52, 53, 54, 55, 56, 57, 58, 59, 60, 62, 63, 64, 65, 67, 68, 69, 70, 71, 73, 74, 75, 76, 77, 78, 79, 80, 81, 82, 83, 84, 85, 86, 87, 88, 89, 90, 91, 92, 93, 94, 96, 97, 98, 99]
2025-11-23 14:28:14,702 - create_connect_point - INFO - [create_connect_point.py:180] - 
选择房间83:(5,83)-(7,91)
	[(5, 92), (6, 92), (7, 92), (8, 87), (8, 88), (8, 89), (8, 90), (8, 91)]
2025-11-23 14:28:14,702 - create_connect_point - INFO - [create_connect_point.py:183] - 选择点(8, 90)
2025-11-23 14:28:14,702 - create_connect_point - INFO - [create_connect_point.py:188] - 
找到对应room40:(9,87)-(17,95)
	[(8, 87), (8, 88), (8, 89), (8, 90), (8, 91), (8, 93), (8, 94), (8, 95), (9, 86), (9, 96), (10, 86), (10, 96), (11, 86), (11, 96), (12, 86), (13, 86), (13, 96), (15, 86), (15, 96), (16, 86), (16, 96), (17, 86), (17, 96), (18, 87), (18, 88), (18, 89), (18, 90), (18, 91), (18, 92), (18, 93), (18, 94), (18, 95)]
2025-11-23 14:28:14,702 - create_connect_point - INFO - [create_connect_point.py:89] - 
移除了{(8, 88), (8, 91), (8, 87), (8, 90), (8, 89)}
剩下83:[(5, 92), (6, 92), (7, 92)]
40:[(8, 93), (8, 94), (8, 95), (9, 86), (9, 96), (10, 86), (10, 96), (11, 86), (11, 96), (12, 86), (13, 86), (13, 96), (15, 86), (15, 96), (16, 86), (16, 96), (17, 86), (17, 96), (18, 87), (18, 88), (18, 89), (18, 90), (18, 91), (18, 92), (18, 93), (18, 94), (18, 95)]
2025-11-23 14:28:14,702 - create_connect_point - INFO - [create_connect_point.py:193] - cCPbrar[(8, 88), (8, 91), (8, 87), (8, 90), (8, 89)]
2025-11-23 14:28:14,702 - create_connect_point - INFO - [create_connect_point.py:176] - 还存在连接点
2025-11-23 14:28:14,702 - create_connect_point - INFO - [create_connect_point.py:178] - 
可选择房间集合[0, 1, 2, 3, 4, 5, 6, 7, 8, 9, 10, 11, 12, 13, 15, 16, 17, 18, 19, 20, 21, 22, 23, 24, 25, 26, 27, 28, 29, 30, 31, 32, 34, 35, 36, 38, 40, 41, 42, 43, 44, 45, 46, 47, 48, 49, 50, 52, 53, 54, 55, 56, 57, 58, 59, 60, 62, 63, 64, 65, 67, 68, 69, 70, 71, 73, 74, 75, 76, 77, 78, 79, 80, 81, 82, 83, 84, 85, 86, 87, 88, 89, 90, 91, 92, 93, 94, 96, 97, 98, 99]
2025-11-23 14:28:14,702 - create_connect_point - INFO - [create_connect_point.py:180] - 
选择房间46:(5,73)-(9,75)
	[(4, 73), (4, 75), (5, 72), (5, 76), (6, 76), (7, 72), (7, 76), (9, 72), (9, 76), (10, 73), (10, 75)]
2025-11-23 14:28:14,702 - create_connect_point - INFO - [create_connect_point.py:183] - 选择点(4, 73)
2025-11-23 14:28:14,702 - create_connect_point - INFO - [create_connect_point.py:188] - 
找到对应room79:(1,67)-(3,73)
	[(4, 73)]
2025-11-23 14:28:14,702 - create_connect_point - INFO - [create_connect_point.py:89] - 
移除了{(4, 73)}
剩下46:[(4, 75), (5, 72), (5, 76), (6, 76), (7, 72), (7, 76), (9, 72), (9, 76), (10, 73), (10, 75)]
79:[]
2025-11-23 14:28:14,702 - create_connect_point - INFO - [create_connect_point.py:193] - cCPbrar[(4, 73)]
2025-11-23 14:28:14,702 - create_connect_point - INFO - [create_connect_point.py:176] - 还存在连接点
2025-11-23 14:28:14,702 - create_connect_point - INFO - [create_connect_point.py:178] - 
可选择房间集合[0, 1, 2, 3, 4, 5, 6, 7, 8, 9, 10, 11, 12, 13, 15, 16, 17, 18, 19, 20, 21, 22, 23, 24, 25, 26, 27, 28, 29, 30, 31, 32, 34, 35, 36, 38, 40, 41, 42, 43, 44, 45, 46, 47, 48, 49, 50, 52, 53, 54, 55, 56, 57, 58, 59, 60, 62, 63, 64, 65, 67, 68, 69, 70, 71, 73, 74, 75, 76, 77, 78, 80, 81, 82, 83, 84, 85, 86, 87, 88, 89, 90, 91, 92, 93, 94, 96, 97, 98, 99]
2025-11-23 14:28:14,702 - create_connect_point - INFO - [create_connect_point.py:180] - 
选择房间76:(65,13)-(71,21)
	[(64, 13), (65, 12), (65, 22), (67, 12), (67, 22), (69, 12), (69, 22), (70, 12), (71, 12), (71, 22), (72, 13), (72, 14), (72, 15), (72, 16), (72, 17), (72, 18), (72, 19)]
2025-11-23 14:28:14,702 - create_connect_point - INFO - [create_connect_point.py:183] - 选择点(72, 19)
2025-11-23 14:28:14,702 - create_connect_point - INFO - [create_connect_point.py:201] - 找到对应path
2025-11-23 14:28:14,702 - create_connect_point - INFO - [create_connect_point.py:120] - 找到与room相连的path，通过邻居点 {(73, 19)}
2025-11-23 14:28:14,702 - create_connect_point - INFO - [create_connect_point.py:136] - 移除了{(72, 18), (72, 17), (72, 14), (71, 22), (67, 22), (72, 13), (65, 22), (72, 16), (69, 22), (72, 19), (72, 15)}，剩下76:[(64, 13), (65, 12), (67, 12), (69, 12), (70, 12), (71, 12)]
2025-11-23 14:28:14,703 - create_connect_point - INFO - [create_connect_point.py:205] - cCPbrap[(72, 18), (72, 17), (72, 14), (71, 22), (67, 22), (72, 13), (65, 22), (72, 16), (69, 22), (72, 19), (72, 15)]
2025-11-23 14:28:14,703 - create_connect_point - INFO - [create_connect_point.py:176] - 还存在连接点
2025-11-23 14:28:14,703 - create_connect_point - INFO - [create_connect_point.py:178] - 
可选择房间集合[0, 1, 2, 3, 4, 5, 6, 7, 8, 9, 10, 11, 12, 13, 15, 16, 17, 18, 19, 20, 21, 22, 23, 24, 25, 26, 27, 28, 29, 30, 31, 32, 34, 35, 36, 38, 40, 41, 42, 43, 44, 45, 46, 47, 48, 49, 50, 52, 53, 54, 55, 56, 57, 58, 59, 60, 62, 63, 64, 65, 67, 68, 69, 70, 71, 73, 74, 75, 76, 77, 78, 80, 81, 82, 83, 84, 85, 86, 87, 88, 89, 90, 91, 92, 93, 94, 96, 97, 98, 99]
2025-11-23 14:28:14,703 - create_connect_point - INFO - [create_connect_point.py:180] - 
选择房间19:(69,41)-(75,47)
	[(68, 41), (68, 42), (68, 43), (68, 45), (68, 46), (68, 47), (69, 40), (69, 48), (70, 40), (71, 40), (71, 48), (72, 48), (73, 40), (73, 48), (74, 40), (74, 48), (75, 40), (75, 48), (76, 41), (76, 42), (76, 43), (76, 44), (76, 45), (76, 46), (76, 47)]
2025-11-23 14:28:14,703 - create_connect_point - INFO - [create_connect_point.py:183] - 选择点(75, 40)
2025-11-23 14:28:14,703 - create_connect_point - INFO - [create_connect_point.py:188] - 
找到对应room25:(73,37)-(79,39)
	[(73, 40), (74, 40), (75, 40)]
2025-11-23 14:28:14,703 - create_connect_point - INFO - [create_connect_point.py:89] - 
移除了{(74, 40), (75, 40), (73, 40)}
剩下19:[(68, 41), (68, 42), (68, 43), (68, 45), (68, 46), (68, 47), (69, 40), (69, 48), (70, 40), (71, 40), (71, 48), (72, 48), (73, 48), (74, 48), (75, 48), (76, 41), (76, 42), (76, 43), (76, 44), (76, 45), (76, 46), (76, 47)]
25:[]
2025-11-23 14:28:14,703 - create_connect_point - INFO - [create_connect_point.py:193] - cCPbrar[(74, 40), (75, 40), (73, 40)]
2025-11-23 14:28:14,703 - create_connect_point - INFO - [create_connect_point.py:176] - 还存在连接点
2025-11-23 14:28:14,703 - create_connect_point - INFO - [create_connect_point.py:178] - 
可选择房间集合[0, 1, 2, 3, 4, 5, 6, 7, 8, 9, 10, 11, 12, 13, 15, 16, 17, 18, 19, 20, 21, 22, 23, 24, 26, 27, 28, 29, 30, 31, 32, 34, 35, 36, 38, 40, 41, 42, 43, 44, 45, 46, 47, 48, 49, 50, 52, 53, 54, 55, 56, 57, 58, 59, 60, 62, 63, 64, 65, 67, 68, 69, 70, 71, 73, 74, 75, 76, 77, 78, 80, 81, 82, 83, 84, 85, 86, 87, 88, 89, 90, 91, 92, 93, 94, 96, 97, 98, 99]
2025-11-23 14:28:14,703 - create_connect_point - INFO - [create_connect_point.py:180] - 
选择房间74:(39,1)-(41,5)
	[(38, 1), (38, 2), (38, 3), (38, 4), (38, 5), (39, 6), (40, 6), (41, 6), (42, 5)]
2025-11-23 14:28:14,703 - create_connect_point - INFO - [create_connect_point.py:183] - 选择点(39, 6)
2025-11-23 14:28:14,703 - create_connect_point - INFO - [create_connect_point.py:201] - 找到对应path
2025-11-23 14:28:14,703 - create_connect_point - INFO - [create_connect_point.py:120] - 找到与room相连的path，通过邻居点 {(39, 7)}
2025-11-23 14:28:14,703 - create_connect_point - INFO - [create_connect_point.py:136] - 移除了{(38, 1), (38, 3), (40, 6), (41, 6), (38, 2), (42, 5), (38, 5), (39, 6), (38, 4)}，剩下74:[]
2025-11-23 14:28:14,703 - create_connect_point - INFO - [create_connect_point.py:205] - cCPbrap[(38, 1), (38, 3), (40, 6), (41, 6), (38, 2), (42, 5), (38, 5), (39, 6), (38, 4)]
2025-11-23 14:28:14,703 - create_connect_point - INFO - [create_connect_point.py:176] - 还存在连接点
2025-11-23 14:28:14,703 - create_connect_point - INFO - [create_connect_point.py:178] - 
可选择房间集合[0, 1, 2, 3, 4, 5, 6, 7, 8, 9, 10, 11, 12, 13, 15, 16, 17, 18, 19, 20, 21, 22, 23, 24, 26, 27, 28, 29, 30, 31, 32, 34, 35, 36, 38, 40, 41, 42, 43, 44, 45, 46, 47, 48, 49, 50, 52, 53, 54, 55, 56, 57, 58, 59, 60, 62, 63, 64, 65, 67, 68, 69, 70, 71, 73, 75, 76, 77, 78, 80, 81, 82, 83, 84, 85, 86, 87, 88, 89, 90, 91, 92, 93, 94, 96, 97, 98, 99]
2025-11-23 14:28:14,703 - create_connect_point - INFO - [create_connect_point.py:180] - 
选择房间84:(27,17)-(29,19)
	[(26, 17), (26, 18), (26, 19), (27, 16), (27, 20), (28, 16), (29, 16), (29, 20)]
2025-11-23 14:28:14,703 - create_connect_point - INFO - [create_connect_point.py:183] - 选择点(27, 20)
2025-11-23 14:28:14,704 - create_connect_point - INFO - [create_connect_point.py:201] - 找到对应path
2025-11-23 14:28:14,704 - create_connect_point - INFO - [create_connect_point.py:120] - 找到与room相连的path，通过邻居点 {(27, 21)}
2025-11-23 14:28:14,704 - create_connect_point - INFO - [create_connect_point.py:136] - 移除了{(27, 20)}，剩下84:[(26, 17), (26, 18), (26, 19), (27, 16), (28, 16), (29, 16), (29, 20)]
2025-11-23 14:28:14,704 - create_connect_point - INFO - [create_connect_point.py:205] - cCPbrap[(27, 20)]
2025-11-23 14:28:14,704 - create_connect_point - INFO - [create_connect_point.py:176] - 还存在连接点
2025-11-23 14:28:14,704 - create_connect_point - INFO - [create_connect_point.py:178] - 
可选择房间集合[0, 1, 2, 3, 4, 5, 6, 7, 8, 9, 10, 11, 12, 13, 15, 16, 17, 18, 19, 20, 21, 22, 23, 24, 26, 27, 28, 29, 30, 31, 32, 34, 35, 36, 38, 40, 41, 42, 43, 44, 45, 46, 47, 48, 49, 50, 52, 53, 54, 55, 56, 57, 58, 59, 60, 62, 63, 64, 65, 67, 68, 69, 70, 71, 73, 75, 76, 77, 78, 80, 81, 82, 83, 84, 85, 86, 87, 88, 89, 90, 91, 92, 93, 94, 96, 97, 98, 99]
2025-11-23 14:28:14,704 - create_connect_point - INFO - [create_connect_point.py:180] - 
选择房间41:(45,87)-(49,89)
	[(44, 87), (44, 88), (44, 89), (49, 86), (49, 90)]
2025-11-23 14:28:14,704 - create_connect_point - INFO - [create_connect_point.py:183] - 选择点(44, 89)
2025-11-23 14:28:14,704 - create_connect_point - INFO - [create_connect_point.py:188] - 
找到对应room88:(41,85)-(43,93)
	[(40, 85), (40, 86), (40, 87), (40, 88), (40, 89), (40, 91), (40, 92), (40, 93), (41, 84), (41, 94), (42, 94), (43, 84), (43, 94), (44, 85), (44, 87), (44, 88), (44, 89), (44, 91), (44, 92), (44, 93)]
2025-11-23 14:28:14,704 - create_connect_point - INFO - [create_connect_point.py:89] - 
移除了{(44, 87), (44, 88), (44, 89)}
剩下41:[(49, 86), (49, 90)]
88:[(40, 85), (40, 86), (40, 87), (40, 88), (40, 89), (40, 91), (40, 92), (40, 93), (41, 84), (41, 94), (42, 94), (43, 84), (43, 94), (44, 85), (44, 91), (44, 92), (44, 93)]
2025-11-23 14:28:14,704 - create_connect_point - INFO - [create_connect_point.py:193] - cCPbrar[(44, 87), (44, 88), (44, 89)]
2025-11-23 14:28:14,704 - create_connect_point - INFO - [create_connect_point.py:176] - 还存在连接点
2025-11-23 14:28:14,704 - create_connect_point - INFO - [create_connect_point.py:178] - 
可选择房间集合[0, 1, 2, 3, 4, 5, 6, 7, 8, 9, 10, 11, 12, 13, 15, 16, 17, 18, 19, 20, 21, 22, 23, 24, 26, 27, 28, 29, 30, 31, 32, 34, 35, 36, 38, 40, 41, 42, 43, 44, 45, 46, 47, 48, 49, 50, 52, 53, 54, 55, 56, 57, 58, 59, 60, 62, 63, 64, 65, 67, 68, 69, 70, 71, 73, 75, 76, 77, 78, 80, 81, 82, 83, 84, 85, 86, 87, 88, 89, 90, 91, 92, 93, 94, 96, 97, 98, 99]
2025-11-23 14:28:14,704 - create_connect_point - INFO - [create_connect_point.py:180] - 
选择房间81:(39,25)-(41,33)
	[(38, 25), (38, 27), (38, 29), (38, 30), (38, 31), (38, 32), (38, 33), (39, 24), (39, 34), (40, 34), (41, 24), (41, 34)]
2025-11-23 14:28:14,704 - create_connect_point - INFO - [create_connect_point.py:183] - 选择点(40, 34)
2025-11-23 14:28:14,704 - create_connect_point - INFO - [create_connect_point.py:201] - 找到对应path
2025-11-23 14:28:14,704 - create_connect_point - INFO - [create_connect_point.py:120] - 找到与room相连的path，通过邻居点 {(40, 35)}
2025-11-23 14:28:14,704 - create_connect_point - INFO - [create_connect_point.py:136] - 移除了{(39, 34), (38, 29), (38, 32), (38, 31), (38, 30), (40, 34), (38, 27), (38, 33), (41, 34)}，剩下81:[(38, 25), (39, 24), (41, 24)]
2025-11-23 14:28:14,704 - create_connect_point - INFO - [create_connect_point.py:205] - cCPbrap[(39, 34), (38, 29), (38, 32), (38, 31), (38, 30), (40, 34), (38, 27), (38, 33), (41, 34)]
2025-11-23 14:28:14,704 - create_connect_point - INFO - [create_connect_point.py:176] - 还存在连接点
2025-11-23 14:28:14,705 - create_connect_point - INFO - [create_connect_point.py:178] - 
可选择房间集合[0, 1, 2, 3, 4, 5, 6, 7, 8, 9, 10, 11, 12, 13, 15, 16, 17, 18, 19, 20, 21, 22, 23, 24, 26, 27, 28, 29, 30, 31, 32, 34, 35, 36, 38, 40, 41, 42, 43, 44, 45, 46, 47, 48, 49, 50, 52, 53, 54, 55, 56, 57, 58, 59, 60, 62, 63, 64, 65, 67, 68, 69, 70, 71, 73, 75, 76, 77, 78, 80, 81, 82, 83, 84, 85, 86, 87, 88, 89, 90, 91, 92, 93, 94, 96, 97, 98, 99]
2025-11-23 14:28:14,705 - create_connect_point - INFO - [create_connect_point.py:180] - 
选择房间98:(61,5)-(63,7)
	[(64, 5)]
2025-11-23 14:28:14,705 - create_connect_point - INFO - [create_connect_point.py:183] - 选择点(64, 5)
2025-11-23 14:28:14,705 - create_connect_point - INFO - [create_connect_point.py:201] - 找到对应path
2025-11-23 14:28:14,705 - create_connect_point - INFO - [create_connect_point.py:120] - 找到与room相连的path，通过邻居点 {(65, 5)}
2025-11-23 14:28:14,705 - create_connect_point - INFO - [create_connect_point.py:136] - 移除了{(64, 5)}，剩下98:[]
2025-11-23 14:28:14,705 - create_connect_point - INFO - [create_connect_point.py:205] - cCPbrap[(64, 5)]
2025-11-23 14:28:14,705 - create_connect_point - INFO - [create_connect_point.py:176] - 还存在连接点
2025-11-23 14:28:14,705 - create_connect_point - INFO - [create_connect_point.py:178] - 
可选择房间集合[0, 1, 2, 3, 4, 5, 6, 7, 8, 9, 10, 11, 12, 13, 15, 16, 17, 18, 19, 20, 21, 22, 23, 24, 26, 27, 28, 29, 30, 31, 32, 34, 35, 36, 38, 40, 41, 42, 43, 44, 45, 46, 47, 48, 49, 50, 52, 53, 54, 55, 56, 57, 58, 59, 60, 62, 63, 64, 65, 67, 68, 69, 70, 71, 73, 75, 76, 77, 78, 80, 81, 82, 83, 84, 85, 86, 87, 88, 89, 90, 91, 92, 93, 94, 96, 97, 99]
2025-11-23 14:28:14,705 - create_connect_point - INFO - [create_connect_point.py:180] - 
选择房间68:(27,85)-(31,89)
	[(31, 90)]
2025-11-23 14:28:14,705 - create_connect_point - INFO - [create_connect_point.py:183] - 选择点(31, 90)
2025-11-23 14:28:14,705 - create_connect_point - INFO - [create_connect_point.py:188] - 
找到对应room11:(31,91)-(39,95)
	[(30, 91), (30, 92), (30, 93), (30, 94), (30, 95), (31, 90), (31, 96), (32, 96), (33, 90), (33, 96), (34, 90), (34, 96), (35, 90), (35, 96), (36, 90), (36, 96), (37, 90), (37, 96), (38, 90), (39, 90), (39, 96), (40, 91), (40, 92), (40, 93), (40, 95)]
2025-11-23 14:28:14,705 - create_connect_point - INFO - [create_connect_point.py:89] - 
移除了{(31, 90)}
剩下68:[]
11:[(30, 91), (30, 92), (30, 93), (30, 94), (30, 95), (31, 96), (32, 96), (33, 90), (33, 96), (34, 90), (34, 96), (35, 90), (35, 96), (36, 90), (36, 96), (37, 90), (37, 96), (38, 90), (39, 90), (39, 96), (40, 91), (40, 92), (40, 93), (40, 95)]
2025-11-23 14:28:14,705 - create_connect_point - INFO - [create_connect_point.py:193] - cCPbrar[(31, 90)]
2025-11-23 14:28:14,705 - create_connect_point - INFO - [create_connect_point.py:176] - 还存在连接点
2025-11-23 14:28:14,705 - create_connect_point - INFO - [create_connect_point.py:178] - 
可选择房间集合[0, 1, 2, 3, 4, 5, 6, 7, 8, 9, 10, 11, 12, 13, 15, 16, 17, 18, 19, 20, 21, 22, 23, 24, 26, 27, 28, 29, 30, 31, 32, 34, 35, 36, 38, 40, 41, 42, 43, 44, 45, 46, 47, 48, 49, 50, 52, 53, 54, 55, 56, 57, 58, 59, 60, 62, 63, 64, 65, 67, 69, 70, 71, 73, 75, 76, 77, 78, 80, 81, 82, 83, 84, 85, 86, 87, 88, 89, 90, 91, 92, 93, 94, 96, 97, 99]
2025-11-23 14:28:14,705 - create_connect_point - INFO - [create_connect_point.py:180] - 
选择房间48:(43,1)-(45,3)
	[(43, 4), (46, 1), (46, 2), (46, 3)]
2025-11-23 14:28:14,705 - create_connect_point - INFO - [create_connect_point.py:183] - 选择点(46, 3)
2025-11-23 14:28:14,705 - create_connect_point - INFO - [create_connect_point.py:201] - 找到对应path
2025-11-23 14:28:14,705 - create_connect_point - INFO - [create_connect_point.py:120] - 找到与room相连的path，通过邻居点 {(47, 3)}
2025-11-23 14:28:14,705 - create_connect_point - INFO - [create_connect_point.py:136] - 移除了{(46, 2), (46, 3), (46, 1)}，剩下48:[(43, 4)]
2025-11-23 14:28:14,706 - create_connect_point - INFO - [create_connect_point.py:205] - cCPbrap[(46, 2), (46, 3), (46, 1)]
2025-11-23 14:28:14,706 - create_connect_point - INFO - [create_connect_point.py:176] - 还存在连接点
2025-11-23 14:28:14,706 - create_connect_point - INFO - [create_connect_point.py:178] - 
可选择房间集合[0, 1, 2, 3, 4, 5, 6, 7, 8, 9, 10, 11, 12, 13, 15, 16, 17, 18, 19, 20, 21, 22, 23, 24, 26, 27, 28, 29, 30, 31, 32, 34, 35, 36, 38, 40, 41, 42, 43, 44, 45, 46, 47, 48, 49, 50, 52, 53, 54, 55, 56, 57, 58, 59, 60, 62, 63, 64, 65, 67, 69, 70, 71, 73, 75, 76, 77, 78, 80, 81, 82, 83, 84, 85, 86, 87, 88, 89, 90, 91, 92, 93, 94, 96, 97, 99]
2025-11-23 14:28:14,706 - create_connect_point - INFO - [create_connect_point.py:180] - 
选择房间1:(17,23)-(21,29)
	[(16, 23), (16, 24), (16, 25), (17, 22), (17, 30), (18, 30), (19, 22), (19, 30), (20, 30), (21, 22), (21, 30), (22, 23), (22, 24), (22, 25), (22, 26), (22, 27), (22, 28), (22, 29)]
2025-11-23 14:28:14,706 - create_connect_point - INFO - [create_connect_point.py:183] - 选择点(22, 24)
2025-11-23 14:28:14,706 - create_connect_point - INFO - [create_connect_point.py:201] - 找到对应path
2025-11-23 14:28:14,706 - create_connect_point - INFO - [create_connect_point.py:120] - 找到与room相连的path，通过邻居点 {(23, 24)}
2025-11-23 14:28:14,706 - create_connect_point - INFO - [create_connect_point.py:136] - 移除了{(22, 27), (22, 24), (22, 23), (22, 26), (22, 29), (22, 25), (22, 28)}，剩下1:[(16, 23), (16, 24), (16, 25), (17, 22), (17, 30), (18, 30), (19, 22), (19, 30), (20, 30), (21, 22), (21, 30)]
2025-11-23 14:28:14,706 - create_connect_point - INFO - [create_connect_point.py:205] - cCPbrap[(22, 27), (22, 24), (22, 23), (22, 26), (22, 29), (22, 25), (22, 28)]
2025-11-23 14:28:14,706 - create_connect_point - INFO - [create_connect_point.py:176] - 还存在连接点
2025-11-23 14:28:14,706 - create_connect_point - INFO - [create_connect_point.py:178] - 
可选择房间集合[0, 1, 2, 3, 4, 5, 6, 7, 8, 9, 10, 11, 12, 13, 15, 16, 17, 18, 19, 20, 21, 22, 23, 24, 26, 27, 28, 29, 30, 31, 32, 34, 35, 36, 38, 40, 41, 42, 43, 44, 45, 46, 47, 48, 49, 50, 52, 53, 54, 55, 56, 57, 58, 59, 60, 62, 63, 64, 65, 67, 69, 70, 71, 73, 75, 76, 77, 78, 80, 81, 82, 83, 84, 85, 86, 87, 88, 89, 90, 91, 92, 93, 94, 96, 97, 99]
2025-11-23 14:28:14,706 - create_connect_point - INFO - [create_connect_point.py:180] - 
选择房间77:(69,77)-(71,79)
	[(68, 77), (68, 78), (68, 79), (69, 76), (70, 76), (71, 76)]
2025-11-23 14:28:14,706 - create_connect_point - INFO - [create_connect_point.py:183] - 选择点(68, 79)
2025-11-23 14:28:14,706 - create_connect_point - INFO - [create_connect_point.py:188] - 
找到对应room96:(63,73)-(67,81)
	[(62, 73), (62, 74), (62, 75), (62, 77), (62, 79), (62, 80), (62, 81), (63, 72), (63, 82), (64, 82), (65, 72), (65, 82), (66, 72), (66, 82), (67, 72), (67, 82), (68, 73), (68, 74), (68, 75), (68, 77), (68, 78), (68, 79), (68, 81)]
2025-11-23 14:28:14,706 - create_connect_point - INFO - [create_connect_point.py:89] - 
移除了{(68, 77), (68, 78), (68, 79)}
剩下77:[(69, 76), (70, 76), (71, 76)]
96:[(62, 73), (62, 74), (62, 75), (62, 77), (62, 79), (62, 80), (62, 81), (63, 72), (63, 82), (64, 82), (65, 72), (65, 82), (66, 72), (66, 82), (67, 72), (67, 82), (68, 73), (68, 74), (68, 75), (68, 81)]
2025-11-23 14:28:14,706 - create_connect_point - INFO - [create_connect_point.py:193] - cCPbrar[(68, 77), (68, 78), (68, 79)]
2025-11-23 14:28:14,706 - create_connect_point - INFO - [create_connect_point.py:176] - 还存在连接点
2025-11-23 14:28:14,706 - create_connect_point - INFO - [create_connect_point.py:178] - 
可选择房间集合[0, 1, 2, 3, 4, 5, 6, 7, 8, 9, 10, 11, 12, 13, 15, 16, 17, 18, 19, 20, 21, 22, 23, 24, 26, 27, 28, 29, 30, 31, 32, 34, 35, 36, 38, 40, 41, 42, 43, 44, 45, 46, 47, 48, 49, 50, 52, 53, 54, 55, 56, 57, 58, 59, 60, 62, 63, 64, 65, 67, 69, 70, 71, 73, 75, 76, 77, 78, 80, 81, 82, 83, 84, 85, 86, 87, 88, 89, 90, 91, 92, 93, 94, 96, 97, 99]
2025-11-23 14:28:14,706 - create_connect_point - INFO - [create_connect_point.py:180] - 
选择房间90:(93,83)-(95,87)
	[(92, 83), (92, 84), (92, 85), (92, 86), (92, 87), (93, 82), (95, 82), (96, 83)]
2025-11-23 14:28:14,706 - create_connect_point - INFO - [create_connect_point.py:183] - 选择点(93, 82)
2025-11-23 14:28:14,706 - create_connect_point - INFO - [create_connect_point.py:201] - 找到对应path
2025-11-23 14:28:14,707 - create_connect_point - INFO - [create_connect_point.py:120] - 找到与room相连的path，通过邻居点 {(93, 81)}
2025-11-23 14:28:14,707 - create_connect_point - INFO - [create_connect_point.py:136] - 移除了{(92, 87), (93, 82), (92, 83), (92, 86), (92, 85), (95, 82), (92, 84)}，剩下90:[(96, 83)]
2025-11-23 14:28:14,707 - create_connect_point - INFO - [create_connect_point.py:205] - cCPbrap[(92, 87), (93, 82), (92, 83), (92, 86), (92, 85), (95, 82), (92, 84)]
2025-11-23 14:28:14,707 - create_connect_point - INFO - [create_connect_point.py:176] - 还存在连接点
2025-11-23 14:28:14,707 - create_connect_point - INFO - [create_connect_point.py:178] - 
可选择房间集合[0, 1, 2, 3, 4, 5, 6, 7, 8, 9, 10, 11, 12, 13, 15, 16, 17, 18, 19, 20, 21, 22, 23, 24, 26, 27, 28, 29, 30, 31, 32, 34, 35, 36, 38, 40, 41, 42, 43, 44, 45, 46, 47, 48, 49, 50, 52, 53, 54, 55, 56, 57, 58, 59, 60, 62, 63, 64, 65, 67, 69, 70, 71, 73, 75, 76, 77, 78, 80, 81, 82, 83, 84, 85, 86, 87, 88, 89, 90, 91, 92, 93, 94, 96, 97, 99]
2025-11-23 14:28:14,707 - create_connect_point - INFO - [create_connect_point.py:180] - 
选择房间76:(65,13)-(71,21)
	[(64, 13), (65, 12), (67, 12), (69, 12), (70, 12), (71, 12)]
2025-11-23 14:28:14,707 - create_connect_point - INFO - [create_connect_point.py:183] - 选择点(64, 13)
2025-11-23 14:28:14,707 - create_connect_point - INFO - [create_connect_point.py:201] - 找到对应path
2025-11-23 14:28:14,707 - create_connect_point - INFO - [create_connect_point.py:120] - 找到与room相连的path，通过邻居点 {(63, 13)}
2025-11-23 14:28:14,707 - create_connect_point - INFO - [create_connect_point.py:136] - 移除了{(67, 12), (64, 13), (65, 12)}，剩下76:[(69, 12), (70, 12), (71, 12)]
2025-11-23 14:28:14,707 - create_connect_point - INFO - [create_connect_point.py:205] - cCPbrap[(67, 12), (64, 13), (65, 12)]
2025-11-23 14:28:14,707 - create_connect_point - INFO - [create_connect_point.py:176] - 还存在连接点
2025-11-23 14:28:14,707 - create_connect_point - INFO - [create_connect_point.py:178] - 
可选择房间集合[0, 1, 2, 3, 4, 5, 6, 7, 8, 9, 10, 11, 12, 13, 15, 16, 17, 18, 19, 20, 21, 22, 23, 24, 26, 27, 28, 29, 30, 31, 32, 34, 35, 36, 38, 40, 41, 42, 43, 44, 45, 46, 47, 48, 49, 50, 52, 53, 54, 55, 56, 57, 58, 59, 60, 62, 63, 64, 65, 67, 69, 70, 71, 73, 75, 76, 77, 78, 80, 81, 82, 83, 84, 85, 86, 87, 88, 89, 90, 91, 92, 93, 94, 96, 97, 99]
2025-11-23 14:28:14,707 - create_connect_point - INFO - [create_connect_point.py:180] - 
选择房间20:(7,63)-(13,67)
	[(6, 63), (6, 64), (6, 65), (6, 66), (6, 67), (7, 62), (7, 68), (8, 62), (9, 62), (9, 68), (10, 68), (11, 68), (13, 68), (14, 63), (14, 64), (14, 65), (14, 66), (14, 67)]
2025-11-23 14:28:14,707 - create_connect_point - INFO - [create_connect_point.py:183] - 选择点(13, 68)
2025-11-23 14:28:14,707 - create_connect_point - INFO - [create_connect_point.py:201] - 找到对应path
2025-11-23 14:28:14,707 - create_connect_point - INFO - [create_connect_point.py:120] - 找到与room相连的path，通过邻居点 {(13, 69)}
2025-11-23 14:28:14,707 - create_connect_point - INFO - [create_connect_point.py:136] - 移除了{(11, 68), (9, 68), (13, 68), (14, 65), (10, 68), (14, 64), (14, 67), (14, 63), (14, 66)}，剩下20:[(6, 63), (6, 64), (6, 65), (6, 66), (6, 67), (7, 62), (7, 68), (8, 62), (9, 62)]
2025-11-23 14:28:14,707 - create_connect_point - INFO - [create_connect_point.py:205] - cCPbrap[(11, 68), (9, 68), (13, 68), (14, 65), (10, 68), (14, 64), (14, 67), (14, 63), (14, 66)]
2025-11-23 14:28:14,707 - create_connect_point - INFO - [create_connect_point.py:176] - 还存在连接点
2025-11-23 14:28:14,707 - create_connect_point - INFO - [create_connect_point.py:178] - 
可选择房间集合[0, 1, 2, 3, 4, 5, 6, 7, 8, 9, 10, 11, 12, 13, 15, 16, 17, 18, 19, 20, 21, 22, 23, 24, 26, 27, 28, 29, 30, 31, 32, 34, 35, 36, 38, 40, 41, 42, 43, 44, 45, 46, 47, 48, 49, 50, 52, 53, 54, 55, 56, 57, 58, 59, 60, 62, 63, 64, 65, 67, 69, 70, 71, 73, 75, 76, 77, 78, 80, 81, 82, 83, 84, 85, 86, 87, 88, 89, 90, 91, 92, 93, 94, 96, 97, 99]
2025-11-23 14:28:14,707 - create_connect_point - INFO - [create_connect_point.py:180] - 
选择房间3:(1,47)-(3,55)
	[(1, 46), (1, 56), (2, 46), (2, 56), (3, 46), (3, 56), (4, 47), (4, 48), (4, 49), (4, 50), (4, 51), (4, 52), (4, 53), (4, 54), (4, 55)]
2025-11-23 14:28:14,708 - create_connect_point - INFO - [create_connect_point.py:183] - 选择点(4, 49)
2025-11-23 14:28:14,708 - create_connect_point - INFO - [create_connect_point.py:201] - 找到对应path
2025-11-23 14:28:14,708 - create_connect_point - INFO - [create_connect_point.py:120] - 找到与room相连的path，通过邻居点 {(5, 49)}
2025-11-23 14:28:14,708 - create_connect_point - INFO - [create_connect_point.py:136] - 移除了{(4, 49), (4, 55), (2, 46), (4, 48), (1, 56), (3, 46), (1, 46), (4, 51), (4, 54), (4, 47), (4, 50), (4, 53), (2, 56), (4, 52), (3, 56)}，剩下3:[]
2025-11-23 14:28:14,708 - create_connect_point - INFO - [create_connect_point.py:205] - cCPbrap[(4, 49), (4, 55), (2, 46), (4, 48), (1, 56), (3, 46), (1, 46), (4, 51), (4, 54), (4, 47), (4, 50), (4, 53), (2, 56), (4, 52), (3, 56)]
2025-11-23 14:28:14,708 - create_connect_point - INFO - [create_connect_point.py:176] - 还存在连接点
2025-11-23 14:28:14,708 - create_connect_point - INFO - [create_connect_point.py:178] - 
可选择房间集合[0, 1, 2, 4, 5, 6, 7, 8, 9, 10, 11, 12, 13, 15, 16, 17, 18, 19, 20, 21, 22, 23, 24, 26, 27, 28, 29, 30, 31, 32, 34, 35, 36, 38, 40, 41, 42, 43, 44, 45, 46, 47, 48, 49, 50, 52, 53, 54, 55, 56, 57, 58, 59, 60, 62, 63, 64, 65, 67, 69, 70, 71, 73, 75, 76, 77, 78, 80, 81, 82, 83, 84, 85, 86, 87, 88, 89, 90, 91, 92, 93, 94, 96, 97, 99]
2025-11-23 14:28:14,708 - create_connect_point - INFO - [create_connect_point.py:180] - 
选择房间84:(27,17)-(29,19)
	[(26, 17), (26, 18), (26, 19), (27, 16), (28, 16), (29, 16), (29, 20)]
2025-11-23 14:28:14,708 - create_connect_point - INFO - [create_connect_point.py:183] - 选择点(26, 18)
2025-11-23 14:28:14,708 - create_connect_point - INFO - [create_connect_point.py:188] - 
找到对应room34:(17,13)-(25,19)
	[(16, 13), (16, 14), (16, 15), (16, 16), (16, 17), (16, 19), (17, 12), (17, 20), (18, 12), (19, 12), (19, 20), (21, 12), (21, 20), (22, 12), (23, 12), (23, 20), (24, 12), (25, 12), (25, 20), (26, 13), (26, 15), (26, 17), (26, 18), (26, 19)]
2025-11-23 14:28:14,708 - create_connect_point - INFO - [create_connect_point.py:89] - 
移除了{(26, 17), (26, 18), (26, 19)}
剩下84:[(27, 16), (28, 16), (29, 16), (29, 20)]
34:[(16, 13), (16, 14), (16, 15), (16, 16), (16, 17), (16, 19), (17, 12), (17, 20), (18, 12), (19, 12), (19, 20), (21, 12), (21, 20), (22, 12), (23, 12), (23, 20), (24, 12), (25, 12), (25, 20), (26, 13), (26, 15)]
2025-11-23 14:28:14,708 - create_connect_point - INFO - [create_connect_point.py:193] - cCPbrar[(26, 17), (26, 18), (26, 19)]
2025-11-23 14:28:14,708 - create_connect_point - INFO - [create_connect_point.py:176] - 还存在连接点
2025-11-23 14:28:14,708 - create_connect_point - INFO - [create_connect_point.py:178] - 
可选择房间集合[0, 1, 2, 4, 5, 6, 7, 8, 9, 10, 11, 12, 13, 15, 16, 17, 18, 19, 20, 21, 22, 23, 24, 26, 27, 28, 29, 30, 31, 32, 34, 35, 36, 38, 40, 41, 42, 43, 44, 45, 46, 47, 48, 49, 50, 52, 53, 54, 55, 56, 57, 58, 59, 60, 62, 63, 64, 65, 67, 69, 70, 71, 73, 75, 76, 77, 78, 80, 81, 82, 83, 84, 85, 86, 87, 88, 89, 90, 91, 92, 93, 94, 96, 97, 99]
2025-11-23 14:28:14,708 - create_connect_point - INFO - [create_connect_point.py:180] - 
选择房间12:(83,57)-(91,63)
	[(82, 57), (82, 59), (82, 61), (82, 63), (83, 56), (83, 64), (85, 56), (85, 64), (86, 64), (87, 56), (87, 64), (88, 56), (88, 64), (89, 56), (89, 64), (91, 56), (91, 64), (92, 57), (92, 59), (92, 61), (92, 62), (92, 63)]
2025-11-23 14:28:14,708 - create_connect_point - INFO - [create_connect_point.py:183] - 选择点(86, 64)
2025-11-23 14:28:14,708 - create_connect_point - INFO - [create_connect_point.py:188] - 
找到对应room38:(85,65)-(89,73)
	[(84, 65), (84, 66), (84, 67), (84, 68), (84, 69), (84, 71), (84, 72), (84, 73), (85, 64), (85, 74), (86, 64), (87, 64), (87, 74), (88, 64), (88, 74), (89, 64), (89, 74), (90, 65), (90, 66), (90, 67), (90, 68), (90, 69), (90, 70), (90, 71), (90, 73)]
2025-11-23 14:28:14,708 - create_connect_point - INFO - [create_connect_point.py:89] - 
移除了{(87, 64), (88, 64), (89, 64), (85, 64), (86, 64)}
剩下12:[(82, 57), (82, 59), (82, 61), (82, 63), (83, 56), (83, 64), (85, 56), (87, 56), (88, 56), (89, 56), (91, 56), (91, 64), (92, 57), (92, 59), (92, 61), (92, 62), (92, 63)]
38:[(84, 65), (84, 66), (84, 67), (84, 68), (84, 69), (84, 71), (84, 72), (84, 73), (85, 74), (87, 74), (88, 74), (89, 74), (90, 65), (90, 66), (90, 67), (90, 68), (90, 69), (90, 70), (90, 71), (90, 73)]
2025-11-23 14:28:14,708 - create_connect_point - INFO - [create_connect_point.py:193] - cCPbrar[(87, 64), (88, 64), (89, 64), (85, 64), (86, 64)]
2025-11-23 14:28:14,709 - create_connect_point - INFO - [create_connect_point.py:176] - 还存在连接点
2025-11-23 14:28:14,709 - create_connect_point - INFO - [create_connect_point.py:178] - 
可选择房间集合[0, 1, 2, 4, 5, 6, 7, 8, 9, 10, 11, 12, 13, 15, 16, 17, 18, 19, 20, 21, 22, 23, 24, 26, 27, 28, 29, 30, 31, 32, 34, 35, 36, 38, 40, 41, 42, 43, 44, 45, 46, 47, 48, 49, 50, 52, 53, 54, 55, 56, 57, 58, 59, 60, 62, 63, 64, 65, 67, 69, 70, 71, 73, 75, 76, 77, 78, 80, 81, 82, 83, 84, 85, 86, 87, 88, 89, 90, 91, 92, 93, 94, 96, 97, 99]
2025-11-23 14:28:14,709 - create_connect_point - INFO - [create_connect_point.py:180] - 
选择房间83:(5,83)-(7,91)
	[(5, 92), (6, 92), (7, 92)]
2025-11-23 14:28:14,709 - create_connect_point - INFO - [create_connect_point.py:183] - 选择点(7, 92)
2025-11-23 14:28:14,709 - create_connect_point - INFO - [create_connect_point.py:201] - 找到对应path
2025-11-23 14:28:14,709 - create_connect_point - INFO - [create_connect_point.py:120] - 找到与room相连的path，通过邻居点 {(7, 93)}
2025-11-23 14:28:14,709 - create_connect_point - INFO - [create_connect_point.py:136] - 移除了{(6, 92), (7, 92), (5, 92)}，剩下83:[]
2025-11-23 14:28:14,709 - create_connect_point - INFO - [create_connect_point.py:205] - cCPbrap[(6, 92), (7, 92), (5, 92)]
2025-11-23 14:28:14,709 - create_connect_point - INFO - [create_connect_point.py:176] - 还存在连接点
2025-11-23 14:28:14,709 - create_connect_point - INFO - [create_connect_point.py:178] - 
可选择房间集合[0, 1, 2, 4, 5, 6, 7, 8, 9, 10, 11, 12, 13, 15, 16, 17, 18, 19, 20, 21, 22, 23, 24, 26, 27, 28, 29, 30, 31, 32, 34, 35, 36, 38, 40, 41, 42, 43, 44, 45, 46, 47, 48, 49, 50, 52, 53, 54, 55, 56, 57, 58, 59, 60, 62, 63, 64, 65, 67, 69, 70, 71, 73, 75, 76, 77, 78, 80, 81, 82, 84, 85, 86, 87, 88, 89, 90, 91, 92, 93, 94, 96, 97, 99]
2025-11-23 14:28:14,709 - create_connect_point - INFO - [create_connect_point.py:180] - 
选择房间75:(55,25)-(57,27)
	[(54, 25), (54, 26), (54, 27), (55, 24), (55, 28), (56, 24), (56, 28), (57, 24), (57, 28), (58, 25), (58, 26), (58, 27)]
2025-11-23 14:28:14,709 - create_connect_point - INFO - [create_connect_point.py:183] - 选择点(55, 28)
2025-11-23 14:28:14,709 - create_connect_point - INFO - [create_connect_point.py:201] - 找到对应path
2025-11-23 14:28:14,709 - create_connect_point - INFO - [create_connect_point.py:120] - 找到与room相连的path，通过邻居点 {(55, 29)}
2025-11-23 14:28:14,709 - create_connect_point - INFO - [create_connect_point.py:136] - 移除了{(57, 24), (58, 27), (54, 26), (55, 24), (54, 25), (58, 26), (56, 28), (58, 25), (57, 28), (54, 27), (56, 24), (55, 28)}，剩下75:[]
2025-11-23 14:28:14,709 - create_connect_point - INFO - [create_connect_point.py:205] - cCPbrap[(57, 24), (58, 27), (54, 26), (55, 24), (54, 25), (58, 26), (56, 28), (58, 25), (57, 28), (54, 27), (56, 24), (55, 28)]
2025-11-23 14:28:14,709 - create_connect_point - INFO - [create_connect_point.py:176] - 还存在连接点
2025-11-23 14:28:14,709 - create_connect_point - INFO - [create_connect_point.py:178] - 
可选择房间集合[0, 1, 2, 4, 5, 6, 7, 8, 9, 10, 11, 12, 13, 15, 16, 17, 18, 19, 20, 21, 22, 23, 24, 26, 27, 28, 29, 30, 31, 32, 34, 35, 36, 38, 40, 41, 42, 43, 44, 45, 46, 47, 48, 49, 50, 52, 53, 54, 55, 56, 57, 58, 59, 60, 62, 63, 64, 65, 67, 69, 70, 71, 73, 76, 77, 78, 80, 81, 82, 84, 85, 86, 87, 88, 89, 90, 91, 92, 93, 94, 96, 97, 99]
2025-11-23 14:28:14,709 - create_connect_point - INFO - [create_connect_point.py:180] - 
选择房间10:(75,65)-(81,71)
	[(74, 65), (74, 66), (74, 67), (74, 69), (74, 70), (74, 71), (75, 72), (77, 72), (78, 72), (79, 72), (81, 72), (82, 65), (82, 66), (82, 67), (82, 68), (82, 69), (82, 71)]
2025-11-23 14:28:14,709 - create_connect_point - INFO - [create_connect_point.py:183] - 选择点(75, 72)
2025-11-23 14:28:14,709 - create_connect_point - INFO - [create_connect_point.py:201] - 找到对应path
2025-11-23 14:28:14,710 - create_connect_point - INFO - [create_connect_point.py:120] - 找到与room相连的path，通过邻居点 {(75, 73)}
2025-11-23 14:28:14,710 - create_connect_point - INFO - [create_connect_point.py:136] - 移除了{(81, 72), (77, 72), (75, 72), (78, 72), (79, 72)}，剩下10:[(74, 65), (74, 66), (74, 67), (74, 69), (74, 70), (74, 71), (82, 65), (82, 66), (82, 67), (82, 68), (82, 69), (82, 71)]
2025-11-23 14:28:14,710 - create_connect_point - INFO - [create_connect_point.py:205] - cCPbrap[(81, 72), (77, 72), (75, 72), (78, 72), (79, 72)]
2025-11-23 14:28:14,710 - create_connect_point - INFO - [create_connect_point.py:176] - 还存在连接点
2025-11-23 14:28:14,710 - create_connect_point - INFO - [create_connect_point.py:178] - 
可选择房间集合[0, 1, 2, 4, 5, 6, 7, 8, 9, 10, 11, 12, 13, 15, 16, 17, 18, 19, 20, 21, 22, 23, 24, 26, 27, 28, 29, 30, 31, 32, 34, 35, 36, 38, 40, 41, 42, 43, 44, 45, 46, 47, 48, 49, 50, 52, 53, 54, 55, 56, 57, 58, 59, 60, 62, 63, 64, 65, 67, 69, 70, 71, 73, 76, 77, 78, 80, 81, 82, 84, 85, 86, 87, 88, 89, 90, 91, 92, 93, 94, 96, 97, 99]
2025-11-23 14:28:14,710 - create_connect_point - INFO - [create_connect_point.py:180] - 
选择房间42:(11,3)-(19,5)
	[(10, 3), (10, 4), (10, 5), (11, 2), (11, 6), (12, 2), (12, 6), (13, 2), (13, 6), (14, 6), (15, 2), (15, 6), (16, 2), (17, 2), (17, 6), (18, 2), (18, 6), (19, 2), (19, 6), (20, 3), (20, 4), (20, 5)]
2025-11-23 14:28:14,710 - create_connect_point - INFO - [create_connect_point.py:183] - 选择点(12, 2)
2025-11-23 14:28:14,710 - create_connect_point - INFO - [create_connect_point.py:201] - 找到对应path
2025-11-23 14:28:14,710 - create_connect_point - INFO - [create_connect_point.py:120] - 找到与room相连的path，通过邻居点 {(12, 1)}
2025-11-23 14:28:14,710 - create_connect_point - INFO - [create_connect_point.py:136] - 移除了{(20, 5), (19, 6), (17, 6), (11, 2), (10, 3), (13, 2), (15, 2), (20, 4), (14, 6), (12, 6), (17, 2), (19, 2), (10, 5), (18, 6), (12, 2), (20, 3), (10, 4), (11, 6), (16, 2), (15, 6), (13, 6), (18, 2)}，剩下42:[]
2025-11-23 14:28:14,710 - create_connect_point - INFO - [create_connect_point.py:205] - cCPbrap[(20, 5), (19, 6), (17, 6), (11, 2), (10, 3), (13, 2), (15, 2), (20, 4), (14, 6), (12, 6), (17, 2), (19, 2), (10, 5), (18, 6), (12, 2), (20, 3), (10, 4), (11, 6), (16, 2), (15, 6), (13, 6), (18, 2)]
2025-11-23 14:28:14,710 - create_connect_point - INFO - [create_connect_point.py:176] - 还存在连接点
2025-11-23 14:28:14,710 - create_connect_point - INFO - [create_connect_point.py:178] - 
可选择房间集合[0, 1, 2, 4, 5, 6, 7, 8, 9, 10, 11, 12, 13, 15, 16, 17, 18, 19, 20, 21, 22, 23, 24, 26, 27, 28, 29, 30, 31, 32, 34, 35, 36, 38, 40, 41, 43, 44, 45, 46, 47, 48, 49, 50, 52, 53, 54, 55, 56, 57, 58, 59, 60, 62, 63, 64, 65, 67, 69, 70, 71, 73, 76, 77, 78, 80, 81, 82, 84, 85, 86, 87, 88, 89, 90, 91, 92, 93, 94, 96, 97, 99]
2025-11-23 14:28:14,710 - create_connect_point - INFO - [create_connect_point.py:180] - 
选择房间93:(47,25)-(49,29)
	[(47, 24), (48, 24), (49, 24)]
2025-11-23 14:28:14,710 - create_connect_point - INFO - [create_connect_point.py:183] - 选择点(47, 24)
2025-11-23 14:28:14,710 - create_connect_point - INFO - [create_connect_point.py:201] - 找到对应path
2025-11-23 14:28:14,710 - create_connect_point - INFO - [create_connect_point.py:120] - 找到与room相连的path，通过邻居点 {(47, 23)}
2025-11-23 14:28:14,710 - create_connect_point - INFO - [create_connect_point.py:136] - 移除了{(49, 24), (47, 24), (48, 24)}，剩下93:[]
2025-11-23 14:28:14,710 - create_connect_point - INFO - [create_connect_point.py:205] - cCPbrap[(49, 24), (47, 24), (48, 24)]
2025-11-23 14:28:14,710 - create_connect_point - INFO - [create_connect_point.py:176] - 还存在连接点
2025-11-23 14:28:14,710 - create_connect_point - INFO - [create_connect_point.py:178] - 
可选择房间集合[0, 1, 2, 4, 5, 6, 7, 8, 9, 10, 11, 12, 13, 15, 16, 17, 18, 19, 20, 21, 22, 23, 24, 26, 27, 28, 29, 30, 31, 32, 34, 35, 36, 38, 40, 41, 43, 44, 45, 46, 47, 48, 49, 50, 52, 53, 54, 55, 56, 57, 58, 59, 60, 62, 63, 64, 65, 67, 69, 70, 71, 73, 76, 77, 78, 80, 81, 82, 84, 85, 86, 87, 88, 89, 90, 91, 92, 94, 96, 97, 99]
2025-11-23 14:28:14,711 - create_connect_point - INFO - [create_connect_point.py:180] - 
选择房间90:(93,83)-(95,87)
	[(96, 83)]
2025-11-23 14:28:14,711 - create_connect_point - INFO - [create_connect_point.py:183] - 选择点(96, 83)
2025-11-23 14:28:14,711 - create_connect_point - INFO - [create_connect_point.py:188] - 
找到对应room71:(97,79)-(99,83)
	[(96, 79), (96, 80), (96, 81), (96, 83), (97, 78), (97, 84), (99, 78), (99, 84)]
2025-11-23 14:28:14,711 - create_connect_point - INFO - [create_connect_point.py:89] - 
移除了{(96, 83)}
剩下90:[]
71:[(96, 79), (96, 80), (96, 81), (97, 78), (97, 84), (99, 78), (99, 84)]
2025-11-23 14:28:14,711 - create_connect_point - INFO - [create_connect_point.py:193] - cCPbrar[(96, 83)]
2025-11-23 14:28:14,711 - create_connect_point - INFO - [create_connect_point.py:176] - 还存在连接点
2025-11-23 14:28:14,711 - create_connect_point - INFO - [create_connect_point.py:178] - 
可选择房间集合[0, 1, 2, 4, 5, 6, 7, 8, 9, 10, 11, 12, 13, 15, 16, 17, 18, 19, 20, 21, 22, 23, 24, 26, 27, 28, 29, 30, 31, 32, 34, 35, 36, 38, 40, 41, 43, 44, 45, 46, 47, 48, 49, 50, 52, 53, 54, 55, 56, 57, 58, 59, 60, 62, 63, 64, 65, 67, 69, 70, 71, 73, 76, 77, 78, 80, 81, 82, 84, 85, 86, 87, 88, 89, 91, 92, 94, 96, 97, 99]
2025-11-23 14:28:14,711 - create_connect_point - INFO - [create_connect_point.py:180] - 
选择房间58:(47,41)-(51,45)
	[(46, 41), (46, 43), (46, 44), (46, 45), (47, 40), (47, 46), (48, 40), (49, 40), (51, 40), (52, 41), (52, 42), (52, 43), (52, 44), (52, 45)]
2025-11-23 14:28:14,711 - create_connect_point - INFO - [create_connect_point.py:183] - 选择点(48, 40)
2025-11-23 14:28:14,711 - create_connect_point - INFO - [create_connect_point.py:188] - 
找到对应room92:(41,37)-(49,39)
	[(40, 37), (41, 40), (42, 40), (43, 36), (43, 40), (44, 36), (44, 40), (45, 36), (45, 40), (47, 36), (47, 40), (48, 36), (48, 40), (49, 36), (49, 40), (50, 37), (50, 39)]
2025-11-23 14:28:14,711 - create_connect_point - INFO - [create_connect_point.py:89] - 
移除了{(49, 40), (47, 40), (48, 40)}
剩下58:[(46, 41), (46, 43), (46, 44), (46, 45), (47, 46), (51, 40), (52, 41), (52, 42), (52, 43), (52, 44), (52, 45)]
92:[(40, 37), (41, 40), (42, 40), (43, 36), (43, 40), (44, 36), (44, 40), (45, 36), (45, 40), (47, 36), (48, 36), (49, 36), (50, 37), (50, 39)]
2025-11-23 14:28:14,711 - create_connect_point - INFO - [create_connect_point.py:193] - cCPbrar[(49, 40), (47, 40), (48, 40)]
2025-11-23 14:28:14,711 - create_connect_point - INFO - [create_connect_point.py:176] - 还存在连接点
2025-11-23 14:28:14,711 - create_connect_point - INFO - [create_connect_point.py:178] - 
可选择房间集合[0, 1, 2, 4, 5, 6, 7, 8, 9, 10, 11, 12, 13, 15, 16, 17, 18, 19, 20, 21, 22, 23, 24, 26, 27, 28, 29, 30, 31, 32, 34, 35, 36, 38, 40, 41, 43, 44, 45, 46, 47, 48, 49, 50, 52, 53, 54, 55, 56, 57, 58, 59, 60, 62, 63, 64, 65, 67, 69, 70, 71, 73, 76, 77, 78, 80, 81, 82, 84, 85, 86, 87, 88, 89, 91, 92, 94, 96, 97, 99]
2025-11-23 14:28:14,711 - create_connect_point - INFO - [create_connect_point.py:180] - 
选择房间80:(41,43)-(43,47)
	[(40, 43), (40, 45), (40, 47), (41, 42), (41, 48), (42, 42), (42, 48), (43, 42), (43, 48), (44, 47)]
2025-11-23 14:28:14,711 - create_connect_point - INFO - [create_connect_point.py:183] - 选择点(40, 45)
2025-11-23 14:28:14,711 - create_connect_point - INFO - [create_connect_point.py:201] - 找到对应path
2025-11-23 14:28:14,712 - create_connect_point - INFO - [create_connect_point.py:120] - 找到与room相连的path，通过邻居点 {(39, 45)}
2025-11-23 14:28:14,712 - create_connect_point - INFO - [create_connect_point.py:136] - 移除了{(40, 45)}，剩下80:[(40, 43), (40, 47), (41, 42), (41, 48), (42, 42), (42, 48), (43, 42), (43, 48), (44, 47)]
2025-11-23 14:28:14,712 - create_connect_point - INFO - [create_connect_point.py:205] - cCPbrap[(40, 45)]
2025-11-23 14:28:14,712 - create_connect_point - INFO - [create_connect_point.py:176] - 还存在连接点
2025-11-23 14:28:14,712 - create_connect_point - INFO - [create_connect_point.py:178] - 
可选择房间集合[0, 1, 2, 4, 5, 6, 7, 8, 9, 10, 11, 12, 13, 15, 16, 17, 18, 19, 20, 21, 22, 23, 24, 26, 27, 28, 29, 30, 31, 32, 34, 35, 36, 38, 40, 41, 43, 44, 45, 46, 47, 48, 49, 50, 52, 53, 54, 55, 56, 57, 58, 59, 60, 62, 63, 64, 65, 67, 69, 70, 71, 73, 76, 77, 78, 80, 81, 82, 84, 85, 86, 87, 88, 89, 91, 92, 94, 96, 97, 99]
2025-11-23 14:28:14,712 - create_connect_point - INFO - [create_connect_point.py:180] - 
选择房间89:(83,17)-(87,19)
	[(82, 17), (82, 19), (83, 16), (83, 20), (85, 16), (85, 20), (86, 20), (87, 16), (87, 20), (88, 17), (88, 18), (88, 19)]
2025-11-23 14:28:14,712 - create_connect_point - INFO - [create_connect_point.py:183] - 选择点(88, 18)
2025-11-23 14:28:14,712 - create_connect_point - INFO - [create_connect_point.py:201] - 找到对应path
2025-11-23 14:28:14,712 - create_connect_point - INFO - [create_connect_point.py:120] - 找到与room相连的path，通过邻居点 {(89, 18)}
2025-11-23 14:28:14,712 - create_connect_point - INFO - [create_connect_point.py:136] - 移除了{(83, 20), (88, 17), (85, 20), (87, 16), (86, 20), (83, 16), (88, 19), (85, 16), (88, 18), (87, 20)}，剩下89:[(82, 17), (82, 19)]
2025-11-23 14:28:14,712 - create_connect_point - INFO - [create_connect_point.py:205] - cCPbrap[(83, 20), (88, 17), (85, 20), (87, 16), (86, 20), (83, 16), (88, 19), (85, 16), (88, 18), (87, 20)]
2025-11-23 14:28:14,712 - create_connect_point - INFO - [create_connect_point.py:176] - 还存在连接点
2025-11-23 14:28:14,712 - create_connect_point - INFO - [create_connect_point.py:178] - 
可选择房间集合[0, 1, 2, 4, 5, 6, 7, 8, 9, 10, 11, 12, 13, 15, 16, 17, 18, 19, 20, 21, 22, 23, 24, 26, 27, 28, 29, 30, 31, 32, 34, 35, 36, 38, 40, 41, 43, 44, 45, 46, 47, 48, 49, 50, 52, 53, 54, 55, 56, 57, 58, 59, 60, 62, 63, 64, 65, 67, 69, 70, 71, 73, 76, 77, 78, 80, 81, 82, 84, 85, 86, 87, 88, 89, 91, 92, 94, 96, 97, 99]
2025-11-23 14:28:14,712 - create_connect_point - INFO - [create_connect_point.py:180] - 
选择房间50:(33,77)-(39,79)
	[(32, 77), (32, 78), (32, 79), (33, 76), (33, 80), (34, 76), (34, 80), (35, 76), (35, 80), (36, 80), (37, 76), (37, 80), (38, 76), (39, 76), (39, 80), (40, 77), (40, 78), (40, 79)]
2025-11-23 14:28:14,712 - create_connect_point - INFO - [create_connect_point.py:183] - 选择点(39, 76)
2025-11-23 14:28:14,712 - create_connect_point - INFO - [create_connect_point.py:201] - 找到对应path
2025-11-23 14:28:14,712 - create_connect_point - INFO - [create_connect_point.py:120] - 找到与room相连的path，通过邻居点 {(39, 75)}
2025-11-23 14:28:14,712 - create_connect_point - INFO - [create_connect_point.py:136] - 移除了{(40, 78), (32, 79), (39, 76), (37, 80), (33, 80), (32, 78), (40, 77), (34, 80), (35, 80), (37, 76), (32, 77), (36, 80), (33, 76), (38, 76), (34, 76), (35, 76), (39, 80), (40, 79)}，剩下50:[]
2025-11-23 14:28:14,712 - create_connect_point - INFO - [create_connect_point.py:205] - cCPbrap[(40, 78), (32, 79), (39, 76), (37, 80), (33, 80), (32, 78), (40, 77), (34, 80), (35, 80), (37, 76), (32, 77), (36, 80), (33, 76), (38, 76), (34, 76), (35, 76), (39, 80), (40, 79)]
2025-11-23 14:28:14,712 - create_connect_point - INFO - [create_connect_point.py:176] - 还存在连接点
2025-11-23 14:28:14,713 - create_connect_point - INFO - [create_connect_point.py:178] - 
可选择房间集合[0, 1, 2, 4, 5, 6, 7, 8, 9, 10, 11, 12, 13, 15, 16, 17, 18, 19, 20, 21, 22, 23, 24, 26, 27, 28, 29, 30, 31, 32, 34, 35, 36, 38, 40, 41, 43, 44, 45, 46, 47, 48, 49, 52, 53, 54, 55, 56, 57, 58, 59, 60, 62, 63, 64, 65, 67, 69, 70, 71, 73, 76, 77, 78, 80, 81, 82, 84, 85, 86, 87, 88, 89, 91, 92, 94, 96, 97, 99]
2025-11-23 14:28:14,713 - create_connect_point - INFO - [create_connect_point.py:180] - 
选择房间2:(63,51)-(65,53)
	[(63, 50), (63, 54), (64, 54), (65, 54)]
2025-11-23 14:28:14,713 - create_connect_point - INFO - [create_connect_point.py:183] - 选择点(65, 54)
2025-11-23 14:28:14,713 - create_connect_point - INFO - [create_connect_point.py:188] - 
找到对应room65:(63,55)-(67,57)
	[(62, 55), (62, 56), (62, 57), (63, 54), (63, 58), (64, 54), (64, 58), (65, 54), (65, 58), (66, 58), (67, 54), (67, 58), (68, 55), (68, 56), (68, 57)]
2025-11-23 14:28:14,713 - create_connect_point - INFO - [create_connect_point.py:89] - 
移除了{(65, 54), (63, 54), (64, 54)}
剩下2:[(63, 50)]
65:[(62, 55), (62, 56), (62, 57), (63, 58), (64, 58), (65, 58), (66, 58), (67, 54), (67, 58), (68, 55), (68, 56), (68, 57)]
2025-11-23 14:28:14,713 - create_connect_point - INFO - [create_connect_point.py:193] - cCPbrar[(65, 54), (63, 54), (64, 54)]
2025-11-23 14:28:14,713 - create_connect_point - INFO - [create_connect_point.py:176] - 还存在连接点
2025-11-23 14:28:14,713 - create_connect_point - INFO - [create_connect_point.py:178] - 
可选择房间集合[0, 1, 2, 4, 5, 6, 7, 8, 9, 10, 11, 12, 13, 15, 16, 17, 18, 19, 20, 21, 22, 23, 24, 26, 27, 28, 29, 30, 31, 32, 34, 35, 36, 38, 40, 41, 43, 44, 45, 46, 47, 48, 49, 52, 53, 54, 55, 56, 57, 58, 59, 60, 62, 63, 64, 65, 67, 69, 70, 71, 73, 76, 77, 78, 80, 81, 82, 84, 85, 86, 87, 88, 89, 91, 92, 94, 96, 97, 99]
2025-11-23 14:28:14,713 - create_connect_point - INFO - [create_connect_point.py:180] - 
选择房间63:(91,51)-(95,55)
	[(90, 51), (90, 52), (90, 53), (90, 54), (90, 55), (91, 50), (91, 56), (93, 50), (93, 56), (94, 50), (94, 56), (95, 50), (95, 56), (96, 51), (96, 53), (96, 55)]
2025-11-23 14:28:14,713 - create_connect_point - INFO - [create_connect_point.py:183] - 选择点(94, 56)
2025-11-23 14:28:14,713 - create_connect_point - INFO - [create_connect_point.py:201] - 找到对应path
2025-11-23 14:28:14,713 - create_connect_point - INFO - [create_connect_point.py:120] - 找到与room相连的path，通过邻居点 {(94, 57)}
2025-11-23 14:28:14,713 - create_connect_point - INFO - [create_connect_point.py:136] - 移除了{(93, 56), (96, 55), (96, 51), (94, 56), (96, 53), (95, 56)}，剩下63:[(90, 51), (90, 52), (90, 53), (90, 54), (90, 55), (91, 50), (91, 56), (93, 50), (94, 50), (95, 50)]
2025-11-23 14:28:14,713 - create_connect_point - INFO - [create_connect_point.py:205] - cCPbrap[(93, 56), (96, 55), (96, 51), (94, 56), (96, 53), (95, 56)]
2025-11-23 14:28:14,713 - create_connect_point - INFO - [create_connect_point.py:176] - 还存在连接点
2025-11-23 14:28:14,713 - create_connect_point - INFO - [create_connect_point.py:178] - 
可选择房间集合[0, 1, 2, 4, 5, 6, 7, 8, 9, 10, 11, 12, 13, 15, 16, 17, 18, 19, 20, 21, 22, 23, 24, 26, 27, 28, 29, 30, 31, 32, 34, 35, 36, 38, 40, 41, 43, 44, 45, 46, 47, 48, 49, 52, 53, 54, 55, 56, 57, 58, 59, 60, 62, 63, 64, 65, 67, 69, 70, 71, 73, 76, 77, 78, 80, 81, 82, 84, 85, 86, 87, 88, 89, 91, 92, 94, 96, 97, 99]
2025-11-23 14:28:14,713 - create_connect_point - INFO - [create_connect_point.py:180] - 
选择房间43:(77,97)-(83,99)
	[(76, 97), (76, 98), (76, 99), (79, 96), (80, 96), (81, 96), (83, 96), (84, 97), (84, 99)]
2025-11-23 14:28:14,713 - create_connect_point - INFO - [create_connect_point.py:183] - 选择点(76, 99)
2025-11-23 14:28:14,713 - create_connect_point - INFO - [create_connect_point.py:201] - 找到对应path
2025-11-23 14:28:14,714 - create_connect_point - INFO - [create_connect_point.py:120] - 找到与room相连的path，通过邻居点 {(75, 99)}
2025-11-23 14:28:14,714 - create_connect_point - INFO - [create_connect_point.py:136] - 移除了{(76, 98), (76, 99), (83, 96), (76, 97)}，剩下43:[(79, 96), (80, 96), (81, 96), (84, 97), (84, 99)]
2025-11-23 14:28:14,714 - create_connect_point - INFO - [create_connect_point.py:205] - cCPbrap[(76, 98), (76, 99), (83, 96), (76, 97)]
2025-11-23 14:28:14,714 - create_connect_point - INFO - [create_connect_point.py:176] - 还存在连接点
2025-11-23 14:28:14,714 - create_connect_point - INFO - [create_connect_point.py:178] - 
可选择房间集合[0, 1, 2, 4, 5, 6, 7, 8, 9, 10, 11, 12, 13, 15, 16, 17, 18, 19, 20, 21, 22, 23, 24, 26, 27, 28, 29, 30, 31, 32, 34, 35, 36, 38, 40, 41, 43, 44, 45, 46, 47, 48, 49, 52, 53, 54, 55, 56, 57, 58, 59, 60, 62, 63, 64, 65, 67, 69, 70, 71, 73, 76, 77, 78, 80, 81, 82, 84, 85, 86, 87, 88, 89, 91, 92, 94, 96, 97, 99]
2025-11-23 14:28:14,714 - create_connect_point - INFO - [create_connect_point.py:180] - 
选择房间54:(21,49)-(23,53)
	[(20, 49), (20, 50), (20, 51), (20, 53), (21, 48), (22, 48), (23, 48)]
2025-11-23 14:28:14,714 - create_connect_point - INFO - [create_connect_point.py:183] - 选择点(20, 53)
2025-11-23 14:28:14,714 - create_connect_point - INFO - [create_connect_point.py:201] - 找到对应path
2025-11-23 14:28:14,714 - create_connect_point - INFO - [create_connect_point.py:120] - 找到与room相连的path，通过邻居点 {(19, 53)}
2025-11-23 14:28:14,714 - create_connect_point - INFO - [create_connect_point.py:136] - 移除了{(20, 53)}，剩下54:[(20, 49), (20, 50), (20, 51), (21, 48), (22, 48), (23, 48)]
2025-11-23 14:28:14,714 - create_connect_point - INFO - [create_connect_point.py:205] - cCPbrap[(20, 53)]
2025-11-23 14:28:14,714 - create_connect_point - INFO - [create_connect_point.py:176] - 还存在连接点
2025-11-23 14:28:14,714 - create_connect_point - INFO - [create_connect_point.py:178] - 
可选择房间集合[0, 1, 2, 4, 5, 6, 7, 8, 9, 10, 11, 12, 13, 15, 16, 17, 18, 19, 20, 21, 22, 23, 24, 26, 27, 28, 29, 30, 31, 32, 34, 35, 36, 38, 40, 41, 43, 44, 45, 46, 47, 48, 49, 52, 53, 54, 55, 56, 57, 58, 59, 60, 62, 63, 64, 65, 67, 69, 70, 71, 73, 76, 77, 78, 80, 81, 82, 84, 85, 86, 87, 88, 89, 91, 92, 94, 96, 97, 99]
2025-11-23 14:28:14,714 - create_connect_point - INFO - [create_connect_point.py:180] - 
选择房间52:(65,69)-(73,71)
	[(64, 69), (64, 70), (64, 71), (65, 68), (65, 72), (66, 72), (67, 68), (67, 72), (68, 68), (69, 68), (69, 72), (70, 68), (71, 68), (71, 72), (72, 68), (73, 68), (73, 72), (74, 69), (74, 70), (74, 71)]
2025-11-23 14:28:14,714 - create_connect_point - INFO - [create_connect_point.py:183] - 选择点(65, 72)
2025-11-23 14:28:14,714 - create_connect_point - INFO - [create_connect_point.py:188] - 
找到对应room96:(63,73)-(67,81)
	[(62, 73), (62, 74), (62, 75), (62, 77), (62, 79), (62, 80), (62, 81), (63, 72), (63, 82), (64, 82), (65, 72), (65, 82), (66, 72), (66, 82), (67, 72), (67, 82), (68, 73), (68, 74), (68, 75), (68, 81)]
2025-11-23 14:28:14,714 - create_connect_point - INFO - [create_connect_point.py:89] - 
移除了{(67, 72), (65, 72), (66, 72)}
剩下52:[(64, 69), (64, 70), (64, 71), (65, 68), (67, 68), (68, 68), (69, 68), (69, 72), (70, 68), (71, 68), (71, 72), (72, 68), (73, 68), (73, 72), (74, 69), (74, 70), (74, 71)]
96:[(62, 73), (62, 74), (62, 75), (62, 77), (62, 79), (62, 80), (62, 81), (63, 72), (63, 82), (64, 82), (65, 82), (66, 82), (67, 82), (68, 73), (68, 74), (68, 75), (68, 81)]
2025-11-23 14:28:14,714 - create_connect_point - INFO - [create_connect_point.py:193] - cCPbrar[(67, 72), (65, 72), (66, 72)]
2025-11-23 14:28:14,714 - create_connect_point - INFO - [create_connect_point.py:176] - 还存在连接点
2025-11-23 14:28:14,714 - create_connect_point - INFO - [create_connect_point.py:178] - 
可选择房间集合[0, 1, 2, 4, 5, 6, 7, 8, 9, 10, 11, 12, 13, 15, 16, 17, 18, 19, 20, 21, 22, 23, 24, 26, 27, 28, 29, 30, 31, 32, 34, 35, 36, 38, 40, 41, 43, 44, 45, 46, 47, 48, 49, 52, 53, 54, 55, 56, 57, 58, 59, 60, 62, 63, 64, 65, 67, 69, 70, 71, 73, 76, 77, 78, 80, 81, 82, 84, 85, 86, 87, 88, 89, 91, 92, 94, 96, 97, 99]
2025-11-23 14:28:14,714 - create_connect_point - INFO - [create_connect_point.py:180] - 
选择房间69:(7,53)-(9,59)
	[(10, 53), (10, 54), (10, 55), (10, 56), (10, 57), (10, 59)]
2025-11-23 14:28:14,715 - create_connect_point - INFO - [create_connect_point.py:183] - 选择点(10, 56)
2025-11-23 14:28:14,715 - create_connect_point - INFO - [create_connect_point.py:188] - 
找到对应room13:(11,51)-(17,57)
	[(10, 51), (10, 53), (10, 54), (10, 55), (10, 56), (10, 57), (11, 50), (11, 58), (12, 50), (12, 58), (13, 50), (13, 58), (14, 50), (15, 50), (15, 58), (17, 50), (17, 58), (18, 51), (18, 53), (18, 55), (18, 56), (18, 57)]
2025-11-23 14:28:14,715 - create_connect_point - INFO - [create_connect_point.py:89] - 
移除了{(10, 56), (10, 53), (10, 55), (10, 54), (10, 57)}
剩下69:[(10, 59)]
13:[(10, 51), (11, 50), (11, 58), (12, 50), (12, 58), (13, 50), (13, 58), (14, 50), (15, 50), (15, 58), (17, 50), (17, 58), (18, 51), (18, 53), (18, 55), (18, 56), (18, 57)]
2025-11-23 14:28:14,715 - create_connect_point - INFO - [create_connect_point.py:193] - cCPbrar[(10, 56), (10, 53), (10, 55), (10, 54), (10, 57)]
2025-11-23 14:28:14,715 - create_connect_point - INFO - [create_connect_point.py:176] - 还存在连接点
2025-11-23 14:28:14,715 - create_connect_point - INFO - [create_connect_point.py:178] - 
可选择房间集合[0, 1, 2, 4, 5, 6, 7, 8, 9, 10, 11, 12, 13, 15, 16, 17, 18, 19, 20, 21, 22, 23, 24, 26, 27, 28, 29, 30, 31, 32, 34, 35, 36, 38, 40, 41, 43, 44, 45, 46, 47, 48, 49, 52, 53, 54, 55, 56, 57, 58, 59, 60, 62, 63, 64, 65, 67, 69, 70, 71, 73, 76, 77, 78, 80, 81, 82, 84, 85, 86, 87, 88, 89, 91, 92, 94, 96, 97, 99]
2025-11-23 14:28:14,715 - create_connect_point - INFO - [create_connect_point.py:180] - 
选择房间9:(17,69)-(21,77)
	[(16, 69), (16, 70), (16, 71), (16, 73), (16, 74), (16, 75), (16, 77), (17, 68), (17, 78), (19, 68), (19, 78), (20, 68), (20, 78), (21, 68), (21, 78), (22, 69), (22, 71), (22, 73), (22, 74), (22, 75), (22, 76), (22, 77)]
2025-11-23 14:28:14,715 - create_connect_point - INFO - [create_connect_point.py:183] - 选择点(16, 71)
2025-11-23 14:28:14,715 - create_connect_point - INFO - [create_connect_point.py:201] - 找到对应path
2025-11-23 14:28:14,715 - create_connect_point - INFO - [create_connect_point.py:120] - 找到与room相连的path，通过邻居点 {(15, 71)}
2025-11-23 14:28:14,715 - create_connect_point - INFO - [create_connect_point.py:136] - 移除了{(20, 78), (22, 69), (22, 75), (16, 71), (16, 74), (20, 68), (16, 77), (22, 71), (22, 77), (22, 74), (17, 78), (19, 78), (16, 73), (16, 70), (21, 78), (22, 73), (22, 76), (19, 68), (16, 69), (16, 75), (21, 68)}，剩下9:[(17, 68)]
2025-11-23 14:28:14,715 - create_connect_point - INFO - [create_connect_point.py:205] - cCPbrap[(20, 78), (22, 69), (22, 75), (16, 71), (16, 74), (20, 68), (16, 77), (22, 71), (22, 77), (22, 74), (17, 78), (19, 78), (16, 73), (16, 70), (21, 78), (22, 73), (22, 76), (19, 68), (16, 69), (16, 75), (21, 68)]
2025-11-23 14:28:14,715 - create_connect_point - INFO - [create_connect_point.py:176] - 还存在连接点
2025-11-23 14:28:14,715 - create_connect_point - INFO - [create_connect_point.py:178] - 
可选择房间集合[0, 1, 2, 4, 5, 6, 7, 8, 9, 10, 11, 12, 13, 15, 16, 17, 18, 19, 20, 21, 22, 23, 24, 26, 27, 28, 29, 30, 31, 32, 34, 35, 36, 38, 40, 41, 43, 44, 45, 46, 47, 48, 49, 52, 53, 54, 55, 56, 57, 58, 59, 60, 62, 63, 64, 65, 67, 69, 70, 71, 73, 76, 77, 78, 80, 81, 82, 84, 85, 86, 87, 88, 89, 91, 92, 94, 96, 97, 99]
2025-11-23 14:28:14,715 - create_connect_point - INFO - [create_connect_point.py:180] - 
选择房间71:(97,79)-(99,83)
	[(96, 79), (96, 80), (96, 81), (97, 78), (97, 84), (99, 78), (99, 84)]
2025-11-23 14:28:14,715 - create_connect_point - INFO - [create_connect_point.py:183] - 选择点(96, 81)
2025-11-23 14:28:14,715 - create_connect_point - INFO - [create_connect_point.py:201] - 找到对应path
2025-11-23 14:28:14,715 - create_connect_point - INFO - [create_connect_point.py:120] - 找到与room相连的path，通过邻居点 {(95, 81)}
2025-11-23 14:28:14,715 - create_connect_point - INFO - [create_connect_point.py:136] - 移除了{(99, 78), (97, 78), (96, 81), (96, 80), (96, 79)}，剩下71:[(97, 84), (99, 84)]
2025-11-23 14:28:14,715 - create_connect_point - INFO - [create_connect_point.py:205] - cCPbrap[(99, 78), (97, 78), (96, 81), (96, 80), (96, 79)]
2025-11-23 14:28:14,716 - create_connect_point - INFO - [create_connect_point.py:176] - 还存在连接点
2025-11-23 14:28:14,716 - create_connect_point - INFO - [create_connect_point.py:178] - 
可选择房间集合[0, 1, 2, 4, 5, 6, 7, 8, 9, 10, 11, 12, 13, 15, 16, 17, 18, 19, 20, 21, 22, 23, 24, 26, 27, 28, 29, 30, 31, 32, 34, 35, 36, 38, 40, 41, 43, 44, 45, 46, 47, 48, 49, 52, 53, 54, 55, 56, 57, 58, 59, 60, 62, 63, 64, 65, 67, 69, 70, 71, 73, 76, 77, 78, 80, 81, 82, 84, 85, 86, 87, 88, 89, 91, 92, 94, 96, 97, 99]
2025-11-23 14:28:14,716 - create_connect_point - INFO - [create_connect_point.py:180] - 
选择房间38:(85,65)-(89,73)
	[(84, 65), (84, 66), (84, 67), (84, 68), (84, 69), (84, 71), (84, 72), (84, 73), (85, 74), (87, 74), (88, 74), (89, 74), (90, 65), (90, 66), (90, 67), (90, 68), (90, 69), (90, 70), (90, 71), (90, 73)]
2025-11-23 14:28:14,716 - create_connect_point - INFO - [create_connect_point.py:183] - 选择点(84, 71)
2025-11-23 14:28:14,716 - create_connect_point - INFO - [create_connect_point.py:201] - 找到对应path
2025-11-23 14:28:14,716 - create_connect_point - INFO - [create_connect_point.py:120] - 找到与room相连的path，通过邻居点 {(83, 71)}
2025-11-23 14:28:14,716 - create_connect_point - INFO - [create_connect_point.py:136] - 移除了{(84, 71), (84, 72), (84, 73)}，剩下38:[(84, 65), (84, 66), (84, 67), (84, 68), (84, 69), (85, 74), (87, 74), (88, 74), (89, 74), (90, 65), (90, 66), (90, 67), (90, 68), (90, 69), (90, 70), (90, 71), (90, 73)]
2025-11-23 14:28:14,716 - create_connect_point - INFO - [create_connect_point.py:205] - cCPbrap[(84, 71), (84, 72), (84, 73)]
2025-11-23 14:28:14,716 - create_connect_point - INFO - [create_connect_point.py:176] - 还存在连接点
2025-11-23 14:28:14,716 - create_connect_point - INFO - [create_connect_point.py:178] - 
可选择房间集合[0, 1, 2, 4, 5, 6, 7, 8, 9, 10, 11, 12, 13, 15, 16, 17, 18, 19, 20, 21, 22, 23, 24, 26, 27, 28, 29, 30, 31, 32, 34, 35, 36, 38, 40, 41, 43, 44, 45, 46, 47, 48, 49, 52, 53, 54, 55, 56, 57, 58, 59, 60, 62, 63, 64, 65, 67, 69, 70, 71, 73, 76, 77, 78, 80, 81, 82, 84, 85, 86, 87, 88, 89, 91, 92, 94, 96, 97, 99]
2025-11-23 14:28:14,716 - create_connect_point - INFO - [create_connect_point.py:180] - 
选择房间11:(31,91)-(39,95)
	[(30, 91), (30, 92), (30, 93), (30, 94), (30, 95), (31, 96), (32, 96), (33, 90), (33, 96), (34, 90), (34, 96), (35, 90), (35, 96), (36, 90), (36, 96), (37, 90), (37, 96), (38, 90), (39, 90), (39, 96), (40, 91), (40, 92), (40, 93), (40, 95)]
2025-11-23 14:28:14,716 - create_connect_point - INFO - [create_connect_point.py:183] - 选择点(33, 96)
2025-11-23 14:28:14,716 - create_connect_point - INFO - [create_connect_point.py:201] - 找到对应path
2025-11-23 14:28:14,716 - create_connect_point - INFO - [create_connect_point.py:120] - 找到与room相连的path，通过邻居点 {(33, 97)}
2025-11-23 14:28:14,716 - create_connect_point - INFO - [create_connect_point.py:136] - 移除了{(38, 90), (31, 96), (30, 94), (30, 91), (33, 90), (35, 90), (35, 96), (33, 96), (39, 90), (39, 96), (40, 95), (37, 90), (37, 96), (30, 93), (32, 96), (34, 90), (34, 96), (36, 90), (36, 96), (30, 92), (30, 95)}，剩下11:[(40, 91), (40, 92), (40, 93)]
2025-11-23 14:28:14,716 - create_connect_point - INFO - [create_connect_point.py:205] - cCPbrap[(38, 90), (31, 96), (30, 94), (30, 91), (33, 90), (35, 90), (35, 96), (33, 96), (39, 90), (39, 96), (40, 95), (37, 90), (37, 96), (30, 93), (32, 96), (34, 90), (34, 96), (36, 90), (36, 96), (30, 92), (30, 95)]
2025-11-23 14:28:14,716 - create_connect_point - INFO - [create_connect_point.py:163] - 0:以1/50的概率加入了(33, 90)
2025-11-23 14:28:14,716 - create_connect_point - INFO - [create_connect_point.py:176] - 还存在连接点
2025-11-23 14:28:14,716 - create_connect_point - INFO - [create_connect_point.py:178] - 
可选择房间集合[0, 1, 2, 4, 5, 6, 7, 8, 9, 10, 11, 12, 13, 15, 16, 17, 18, 19, 20, 21, 22, 23, 24, 26, 27, 28, 29, 30, 31, 32, 34, 35, 36, 38, 40, 41, 43, 44, 45, 46, 47, 48, 49, 52, 53, 54, 55, 56, 57, 58, 59, 60, 62, 63, 64, 65, 67, 69, 70, 71, 73, 76, 77, 78, 80, 81, 82, 84, 85, 86, 87, 88, 89, 91, 92, 94, 96, 97, 99]
2025-11-23 14:28:14,716 - create_connect_point - INFO - [create_connect_point.py:180] - 
选择房间60:(23,33)-(31,35)
	[(22, 35), (23, 32), (23, 36), (25, 32), (25, 36), (26, 32), (26, 36), (27, 32), (27, 36), (28, 36), (29, 32), (29, 36), (30, 32), (30, 36), (31, 32), (31, 36), (32, 33), (32, 34), (32, 35)]
2025-11-23 14:28:14,717 - create_connect_point - INFO - [create_connect_point.py:183] - 选择点(22, 35)
2025-11-23 14:28:14,717 - create_connect_point - INFO - [create_connect_point.py:201] - 找到对应path
2025-11-23 14:28:14,717 - create_connect_point - INFO - [create_connect_point.py:120] - 找到与room相连的path，通过邻居点 {(21, 35)}
2025-11-23 14:28:14,717 - create_connect_point - INFO - [create_connect_point.py:136] - 移除了{(22, 35)}，剩下60:[(23, 32), (23, 36), (25, 32), (25, 36), (26, 32), (26, 36), (27, 32), (27, 36), (28, 36), (29, 32), (29, 36), (30, 32), (30, 36), (31, 32), (31, 36), (32, 33), (32, 34), (32, 35)]
2025-11-23 14:28:14,717 - create_connect_point - INFO - [create_connect_point.py:205] - cCPbrap[(22, 35)]
2025-11-23 14:28:14,717 - create_connect_point - INFO - [create_connect_point.py:176] - 还存在连接点
2025-11-23 14:28:14,717 - create_connect_point - INFO - [create_connect_point.py:178] - 
可选择房间集合[0, 1, 2, 4, 5, 6, 7, 8, 9, 10, 11, 12, 13, 15, 16, 17, 18, 19, 20, 21, 22, 23, 24, 26, 27, 28, 29, 30, 31, 32, 34, 35, 36, 38, 40, 41, 43, 44, 45, 46, 47, 48, 49, 52, 53, 54, 55, 56, 57, 58, 59, 60, 62, 63, 64, 65, 67, 69, 70, 71, 73, 76, 77, 78, 80, 81, 82, 84, 85, 86, 87, 88, 89, 91, 92, 94, 96, 97, 99]
2025-11-23 14:28:14,717 - create_connect_point - INFO - [create_connect_point.py:180] - 
选择房间97:(93,61)-(97,67)
	[(92, 61), (92, 62), (92, 63), (93, 60), (94, 60), (95, 60), (96, 60), (97, 60)]
2025-11-23 14:28:14,717 - create_connect_point - INFO - [create_connect_point.py:183] - 选择点(92, 62)
2025-11-23 14:28:14,717 - create_connect_point - INFO - [create_connect_point.py:188] - 
找到对应room12:(83,57)-(91,63)
	[(82, 57), (82, 59), (82, 61), (82, 63), (83, 56), (83, 64), (85, 56), (87, 56), (88, 56), (89, 56), (91, 56), (91, 64), (92, 57), (92, 59), (92, 61), (92, 62), (92, 63)]
2025-11-23 14:28:14,717 - create_connect_point - INFO - [create_connect_point.py:89] - 
移除了{(92, 63), (92, 61), (92, 62)}
剩下97:[(93, 60), (94, 60), (95, 60), (96, 60), (97, 60)]
12:[(82, 57), (82, 59), (82, 61), (82, 63), (83, 56), (83, 64), (85, 56), (87, 56), (88, 56), (89, 56), (91, 56), (91, 64), (92, 57), (92, 59)]
2025-11-23 14:28:14,717 - create_connect_point - INFO - [create_connect_point.py:193] - cCPbrar[(92, 63), (92, 61), (92, 62)]
2025-11-23 14:28:14,717 - create_connect_point - INFO - [create_connect_point.py:176] - 还存在连接点
2025-11-23 14:28:14,717 - create_connect_point - INFO - [create_connect_point.py:178] - 
可选择房间集合[0, 1, 2, 4, 5, 6, 7, 8, 9, 10, 11, 12, 13, 15, 16, 17, 18, 19, 20, 21, 22, 23, 24, 26, 27, 28, 29, 30, 31, 32, 34, 35, 36, 38, 40, 41, 43, 44, 45, 46, 47, 48, 49, 52, 53, 54, 55, 56, 57, 58, 59, 60, 62, 63, 64, 65, 67, 69, 70, 71, 73, 76, 77, 78, 80, 81, 82, 84, 85, 86, 87, 88, 89, 91, 92, 94, 96, 97, 99]
2025-11-23 14:28:14,717 - create_connect_point - INFO - [create_connect_point.py:180] - 
选择房间9:(17,69)-(21,77)
	[(17, 68)]
2025-11-23 14:28:14,717 - create_connect_point - INFO - [create_connect_point.py:183] - 选择点(17, 68)
2025-11-23 14:28:14,717 - create_connect_point - INFO - [create_connect_point.py:201] - 找到对应path
2025-11-23 14:28:14,717 - create_connect_point - INFO - [create_connect_point.py:120] - 找到与room相连的path，通过邻居点 {(17, 67)}
2025-11-23 14:28:14,717 - create_connect_point - INFO - [create_connect_point.py:136] - 移除了{(17, 68)}，剩下9:[]
2025-11-23 14:28:14,717 - create_connect_point - INFO - [create_connect_point.py:205] - cCPbrap[(17, 68)]
2025-11-23 14:28:14,717 - create_connect_point - INFO - [create_connect_point.py:176] - 还存在连接点
2025-11-23 14:28:14,718 - create_connect_point - INFO - [create_connect_point.py:178] - 
可选择房间集合[0, 1, 2, 4, 5, 6, 7, 8, 10, 11, 12, 13, 15, 16, 17, 18, 19, 20, 21, 22, 23, 24, 26, 27, 28, 29, 30, 31, 32, 34, 35, 36, 38, 40, 41, 43, 44, 45, 46, 47, 48, 49, 52, 53, 54, 55, 56, 57, 58, 59, 60, 62, 63, 64, 65, 67, 69, 70, 71, 73, 76, 77, 78, 80, 81, 82, 84, 85, 86, 87, 88, 89, 91, 92, 94, 96, 97, 99]
2025-11-23 14:28:14,718 - create_connect_point - INFO - [create_connect_point.py:180] - 
选择房间45:(81,77)-(87,83)
	[(80, 77), (80, 79), (80, 80), (80, 81), (80, 82), (80, 83), (81, 76), (81, 84), (82, 76), (82, 84), (83, 76), (83, 84), (84, 76), (85, 76), (85, 84), (86, 84), (87, 76), (87, 84), (88, 77), (88, 79), (88, 81), (88, 82), (88, 83)]
2025-11-23 14:28:14,718 - create_connect_point - INFO - [create_connect_point.py:183] - 选择点(80, 80)
2025-11-23 14:28:14,718 - create_connect_point - INFO - [create_connect_point.py:201] - 找到对应path
2025-11-23 14:28:14,718 - create_connect_point - INFO - [create_connect_point.py:120] - 找到与room相连的path，通过邻居点 {(79, 80)}
2025-11-23 14:28:14,718 - create_connect_point - INFO - [create_connect_point.py:136] - 移除了{(81, 76), (82, 84), (86, 84), (80, 77), (80, 80), (83, 76), (80, 83), (85, 76), (88, 81), (81, 84), (87, 76), (80, 79), (80, 82), (83, 84), (85, 84), (88, 77), (88, 83), (82, 76), (84, 76), (87, 84), (80, 81), (88, 82), (88, 79)}，剩下45:[]
2025-11-23 14:28:14,718 - create_connect_point - INFO - [create_connect_point.py:205] - cCPbrap[(81, 76), (82, 84), (86, 84), (80, 77), (80, 80), (83, 76), (80, 83), (85, 76), (88, 81), (81, 84), (87, 76), (80, 79), (80, 82), (83, 84), (85, 84), (88, 77), (88, 83), (82, 76), (84, 76), (87, 84), (80, 81), (88, 82), (88, 79)]
2025-11-23 14:28:14,718 - create_connect_point - INFO - [create_connect_point.py:176] - 还存在连接点
2025-11-23 14:28:14,718 - create_connect_point - INFO - [create_connect_point.py:178] - 
可选择房间集合[0, 1, 2, 4, 5, 6, 7, 8, 10, 11, 12, 13, 15, 16, 17, 18, 19, 20, 21, 22, 23, 24, 26, 27, 28, 29, 30, 31, 32, 34, 35, 36, 38, 40, 41, 43, 44, 46, 47, 48, 49, 52, 53, 54, 55, 56, 57, 58, 59, 60, 62, 63, 64, 65, 67, 69, 70, 71, 73, 76, 77, 78, 80, 81, 82, 84, 85, 86, 87, 88, 89, 91, 92, 94, 96, 97, 99]
2025-11-23 14:28:14,718 - create_connect_point - INFO - [create_connect_point.py:180] - 
选择房间70:(51,51)-(57,53)
	[(50, 51), (50, 53), (51, 50), (51, 54), (52, 50), (52, 54), (53, 50), (53, 54), (54, 54), (55, 50), (55, 54), (56, 50), (56, 54), (57, 50), (57, 54), (58, 51), (58, 52), (58, 53)]
2025-11-23 14:28:14,718 - create_connect_point - INFO - [create_connect_point.py:183] - 选择点(52, 54)
2025-11-23 14:28:14,718 - create_connect_point - INFO - [create_connect_point.py:201] - 找到对应path
2025-11-23 14:28:14,718 - create_connect_point - INFO - [create_connect_point.py:120] - 找到与room相连的path，通过邻居点 {(52, 55)}
2025-11-23 14:28:14,718 - create_connect_point - INFO - [create_connect_point.py:136] - 移除了{(51, 54), (54, 54), (58, 52), (56, 54), (58, 51), (57, 54), (52, 54), (53, 54), (55, 54), (58, 53)}，剩下70:[(50, 51), (50, 53), (51, 50), (52, 50), (53, 50), (55, 50), (56, 50), (57, 50)]
2025-11-23 14:28:14,718 - create_connect_point - INFO - [create_connect_point.py:205] - cCPbrap[(51, 54), (54, 54), (58, 52), (56, 54), (58, 51), (57, 54), (52, 54), (53, 54), (55, 54), (58, 53)]
2025-11-23 14:28:14,718 - create_connect_point - INFO - [create_connect_point.py:176] - 还存在连接点
2025-11-23 14:28:14,718 - create_connect_point - INFO - [create_connect_point.py:178] - 
可选择房间集合[0, 1, 2, 4, 5, 6, 7, 8, 10, 11, 12, 13, 15, 16, 17, 18, 19, 20, 21, 22, 23, 24, 26, 27, 28, 29, 30, 31, 32, 34, 35, 36, 38, 40, 41, 43, 44, 46, 47, 48, 49, 52, 53, 54, 55, 56, 57, 58, 59, 60, 62, 63, 64, 65, 67, 69, 70, 71, 73, 76, 77, 78, 80, 81, 82, 84, 85, 86, 87, 88, 89, 91, 92, 94, 96, 97, 99]
2025-11-23 14:28:14,718 - create_connect_point - INFO - [create_connect_point.py:180] - 
选择房间34:(17,13)-(25,19)
	[(16, 13), (16, 14), (16, 15), (16, 16), (16, 17), (16, 19), (17, 12), (17, 20), (18, 12), (19, 12), (19, 20), (21, 12), (21, 20), (22, 12), (23, 12), (23, 20), (24, 12), (25, 12), (25, 20), (26, 13), (26, 15)]
2025-11-23 14:28:14,718 - create_connect_point - INFO - [create_connect_point.py:183] - 选择点(21, 12)
2025-11-23 14:28:14,718 - create_connect_point - INFO - [create_connect_point.py:188] - 
找到对应room8:(21,9)-(27,11)
	[(20, 9), (20, 10), (20, 11), (21, 8), (21, 12), (22, 8), (22, 12), (23, 8), (23, 12), (24, 12), (25, 8), (25, 12), (26, 8), (27, 8), (27, 12), (28, 9), (28, 11)]
2025-11-23 14:28:14,719 - create_connect_point - INFO - [create_connect_point.py:89] - 
移除了{(25, 12), (21, 12), (23, 12), (24, 12), (22, 12)}
剩下34:[(16, 13), (16, 14), (16, 15), (16, 16), (16, 17), (16, 19), (17, 12), (17, 20), (18, 12), (19, 12), (19, 20), (21, 20), (23, 20), (25, 20), (26, 13), (26, 15)]
8:[(20, 9), (20, 10), (20, 11), (21, 8), (22, 8), (23, 8), (25, 8), (26, 8), (27, 8), (27, 12), (28, 9), (28, 11)]
2025-11-23 14:28:14,719 - create_connect_point - INFO - [create_connect_point.py:193] - cCPbrar[(25, 12), (21, 12), (23, 12), (24, 12), (22, 12)]
2025-11-23 14:28:14,719 - create_connect_point - INFO - [create_connect_point.py:176] - 还存在连接点
2025-11-23 14:28:14,719 - create_connect_point - INFO - [create_connect_point.py:178] - 
可选择房间集合[0, 1, 2, 4, 5, 6, 7, 8, 10, 11, 12, 13, 15, 16, 17, 18, 19, 20, 21, 22, 23, 24, 26, 27, 28, 29, 30, 31, 32, 34, 35, 36, 38, 40, 41, 43, 44, 46, 47, 48, 49, 52, 53, 54, 55, 56, 57, 58, 59, 60, 62, 63, 64, 65, 67, 69, 70, 71, 73, 76, 77, 78, 80, 81, 82, 84, 85, 86, 87, 88, 89, 91, 92, 94, 96, 97, 99]
2025-11-23 14:28:14,719 - create_connect_point - INFO - [create_connect_point.py:180] - 
选择房间88:(41,85)-(43,93)
	[(40, 85), (40, 86), (40, 87), (40, 88), (40, 89), (40, 91), (40, 92), (40, 93), (41, 84), (41, 94), (42, 94), (43, 84), (43, 94), (44, 85), (44, 91), (44, 92), (44, 93)]
2025-11-23 14:28:14,719 - create_connect_point - INFO - [create_connect_point.py:183] - 选择点(44, 93)
2025-11-23 14:28:14,719 - create_connect_point - INFO - [create_connect_point.py:201] - 找到对应path
2025-11-23 14:28:14,719 - create_connect_point - INFO - [create_connect_point.py:120] - 找到与room相连的path，通过邻居点 {(45, 93)}
2025-11-23 14:28:14,719 - create_connect_point - INFO - [create_connect_point.py:136] - 移除了{(40, 88), (44, 91), (41, 94), (41, 84), (40, 87), (43, 94), (43, 84), (44, 93), (40, 89), (44, 92), (44, 85), (40, 86), (42, 94), (40, 85)}，剩下88:[(40, 91), (40, 92), (40, 93)]
2025-11-23 14:28:14,719 - create_connect_point - INFO - [create_connect_point.py:205] - cCPbrap[(40, 88), (44, 91), (41, 94), (41, 84), (40, 87), (43, 94), (43, 84), (44, 93), (40, 89), (44, 92), (44, 85), (40, 86), (42, 94), (40, 85)]
2025-11-23 14:28:14,719 - create_connect_point - INFO - [create_connect_point.py:176] - 还存在连接点
2025-11-23 14:28:14,719 - create_connect_point - INFO - [create_connect_point.py:178] - 
可选择房间集合[0, 1, 2, 4, 5, 6, 7, 8, 10, 11, 12, 13, 15, 16, 17, 18, 19, 20, 21, 22, 23, 24, 26, 27, 28, 29, 30, 31, 32, 34, 35, 36, 38, 40, 41, 43, 44, 46, 47, 48, 49, 52, 53, 54, 55, 56, 57, 58, 59, 60, 62, 63, 64, 65, 67, 69, 70, 71, 73, 76, 77, 78, 80, 81, 82, 84, 85, 86, 87, 88, 89, 91, 92, 94, 96, 97, 99]
2025-11-23 14:28:14,719 - create_connect_point - INFO - [create_connect_point.py:180] - 
选择房间76:(65,13)-(71,21)
	[(69, 12), (70, 12), (71, 12)]
2025-11-23 14:28:14,719 - create_connect_point - INFO - [create_connect_point.py:183] - 选择点(69, 12)
2025-11-23 14:28:14,719 - create_connect_point - INFO - [create_connect_point.py:188] - 
找到对应room94:(69,9)-(73,11)
	[(68, 9), (68, 10), (68, 11), (69, 8), (69, 12), (70, 8), (70, 12), (71, 8), (71, 12), (73, 8), (74, 9)]
2025-11-23 14:28:14,719 - create_connect_point - INFO - [create_connect_point.py:89] - 
移除了{(71, 12), (69, 12), (70, 12)}
剩下76:[]
94:[(68, 9), (68, 10), (68, 11), (69, 8), (70, 8), (71, 8), (73, 8), (74, 9)]
2025-11-23 14:28:14,719 - create_connect_point - INFO - [create_connect_point.py:193] - cCPbrar[(71, 12), (69, 12), (70, 12)]
2025-11-23 14:28:14,719 - create_connect_point - INFO - [create_connect_point.py:176] - 还存在连接点
2025-11-23 14:28:14,719 - create_connect_point - INFO - [create_connect_point.py:178] - 
可选择房间集合[0, 1, 2, 4, 5, 6, 7, 8, 10, 11, 12, 13, 15, 16, 17, 18, 19, 20, 21, 22, 23, 24, 26, 27, 28, 29, 30, 31, 32, 34, 35, 36, 38, 40, 41, 43, 44, 46, 47, 48, 49, 52, 53, 54, 55, 56, 57, 58, 59, 60, 62, 63, 64, 65, 67, 69, 70, 71, 73, 77, 78, 80, 81, 82, 84, 85, 86, 87, 88, 89, 91, 92, 94, 96, 97, 99]
2025-11-23 14:28:14,720 - create_connect_point - INFO - [create_connect_point.py:180] - 
选择房间70:(51,51)-(57,53)
	[(50, 51), (50, 53), (51, 50), (52, 50), (53, 50), (55, 50), (56, 50), (57, 50)]
2025-11-23 14:28:14,720 - create_connect_point - INFO - [create_connect_point.py:183] - 选择点(53, 50)
2025-11-23 14:28:14,720 - create_connect_point - INFO - [create_connect_point.py:201] - 找到对应path
2025-11-23 14:28:14,720 - create_connect_point - INFO - [create_connect_point.py:120] - 找到与room相连的path，通过邻居点 {(53, 49)}
2025-11-23 14:28:14,720 - create_connect_point - INFO - [create_connect_point.py:136] - 移除了{(53, 50), (51, 50), (50, 51), (52, 50)}，剩下70:[(50, 53), (55, 50), (56, 50), (57, 50)]
2025-11-23 14:28:14,720 - create_connect_point - INFO - [create_connect_point.py:205] - cCPbrap[(53, 50), (51, 50), (50, 51), (52, 50)]
2025-11-23 14:28:14,720 - create_connect_point - INFO - [create_connect_point.py:176] - 还存在连接点
2025-11-23 14:28:14,720 - create_connect_point - INFO - [create_connect_point.py:178] - 
可选择房间集合[0, 1, 2, 4, 5, 6, 7, 8, 10, 11, 12, 13, 15, 16, 17, 18, 19, 20, 21, 22, 23, 24, 26, 27, 28, 29, 30, 31, 32, 34, 35, 36, 38, 40, 41, 43, 44, 46, 47, 48, 49, 52, 53, 54, 55, 56, 57, 58, 59, 60, 62, 63, 64, 65, 67, 69, 70, 71, 73, 77, 78, 80, 81, 82, 84, 85, 86, 87, 88, 89, 91, 92, 94, 96, 97, 99]
2025-11-23 14:28:14,720 - create_connect_point - INFO - [create_connect_point.py:180] - 
选择房间26:(89,1)-(97,9)
	[(88, 1), (88, 3), (88, 4), (88, 5), (88, 6), (88, 7), (88, 8), (88, 9), (89, 10), (90, 10), (91, 10), (93, 10), (94, 10), (95, 10), (96, 10), (97, 10), (98, 5), (98, 6), (98, 7), (98, 9)]
2025-11-23 14:28:14,720 - create_connect_point - INFO - [create_connect_point.py:183] - 选择点(97, 10)
2025-11-23 14:28:14,720 - create_connect_point - INFO - [create_connect_point.py:188] - 
找到对应room91:(93,11)-(97,15)
	[(92, 11), (92, 12), (92, 13), (92, 14), (92, 15), (93, 10), (94, 10), (95, 10), (96, 10), (97, 10), (98, 11), (98, 12), (98, 13), (98, 14), (98, 15)]
2025-11-23 14:28:14,720 - create_connect_point - INFO - [create_connect_point.py:89] - 
移除了{(94, 10), (97, 10), (95, 10), (93, 10), (96, 10)}
剩下26:[(88, 1), (88, 3), (88, 4), (88, 5), (88, 6), (88, 7), (88, 8), (88, 9), (89, 10), (90, 10), (91, 10), (98, 5), (98, 6), (98, 7), (98, 9)]
91:[(92, 11), (92, 12), (92, 13), (92, 14), (92, 15), (98, 11), (98, 12), (98, 13), (98, 14), (98, 15)]
2025-11-23 14:28:14,720 - create_connect_point - INFO - [create_connect_point.py:193] - cCPbrar[(94, 10), (97, 10), (95, 10), (93, 10), (96, 10)]
2025-11-23 14:28:14,720 - create_connect_point - INFO - [create_connect_point.py:176] - 还存在连接点
2025-11-23 14:28:14,720 - create_connect_point - INFO - [create_connect_point.py:178] - 
可选择房间集合[0, 1, 2, 4, 5, 6, 7, 8, 10, 11, 12, 13, 15, 16, 17, 18, 19, 20, 21, 22, 23, 24, 26, 27, 28, 29, 30, 31, 32, 34, 35, 36, 38, 40, 41, 43, 44, 46, 47, 48, 49, 52, 53, 54, 55, 56, 57, 58, 59, 60, 62, 63, 64, 65, 67, 69, 70, 71, 73, 77, 78, 80, 81, 82, 84, 85, 86, 87, 88, 89, 91, 92, 94, 96, 97, 99]
2025-11-23 14:28:14,720 - create_connect_point - INFO - [create_connect_point.py:180] - 
选择房间55:(3,13)-(7,15)
	[(2, 13), (2, 15), (3, 12), (3, 16), (4, 16), (5, 12), (5, 16), (6, 12), (6, 16), (7, 12), (7, 16), (8, 13), (8, 14), (8, 15)]
2025-11-23 14:28:14,720 - create_connect_point - INFO - [create_connect_point.py:183] - 选择点(2, 13)
2025-11-23 14:28:14,720 - create_connect_point - INFO - [create_connect_point.py:201] - 找到对应path
2025-11-23 14:28:14,720 - create_connect_point - INFO - [create_connect_point.py:120] - 找到与room相连的path，通过邻居点 {(1, 13)}
2025-11-23 14:28:14,721 - create_connect_point - INFO - [create_connect_point.py:136] - 移除了{(3, 12), (2, 13)}，剩下55:[(2, 15), (3, 16), (4, 16), (5, 12), (5, 16), (6, 12), (6, 16), (7, 12), (7, 16), (8, 13), (8, 14), (8, 15)]
2025-11-23 14:28:14,721 - create_connect_point - INFO - [create_connect_point.py:205] - cCPbrap[(3, 12), (2, 13)]
2025-11-23 14:28:14,721 - create_connect_point - INFO - [create_connect_point.py:176] - 还存在连接点
2025-11-23 14:28:14,721 - create_connect_point - INFO - [create_connect_point.py:178] - 
可选择房间集合[0, 1, 2, 4, 5, 6, 7, 8, 10, 11, 12, 13, 15, 16, 17, 18, 19, 20, 21, 22, 23, 24, 26, 27, 28, 29, 30, 31, 32, 34, 35, 36, 38, 40, 41, 43, 44, 46, 47, 48, 49, 52, 53, 54, 55, 56, 57, 58, 59, 60, 62, 63, 64, 65, 67, 69, 70, 71, 73, 77, 78, 80, 81, 82, 84, 85, 86, 87, 88, 89, 91, 92, 94, 96, 97, 99]
2025-11-23 14:28:14,721 - create_connect_point - INFO - [create_connect_point.py:180] - 
选择房间53:(9,21)-(13,23)
	[(8, 21), (8, 23), (9, 20), (9, 24), (11, 20), (11, 24), (12, 20), (12, 24), (13, 20), (13, 24), (14, 21), (14, 22), (14, 23)]
2025-11-23 14:28:14,721 - create_connect_point - INFO - [create_connect_point.py:183] - 选择点(12, 24)
2025-11-23 14:28:14,721 - create_connect_point - INFO - [create_connect_point.py:201] - 找到对应path
2025-11-23 14:28:14,721 - create_connect_point - INFO - [create_connect_point.py:120] - 找到与room相连的path，通过邻居点 {(12, 25)}
2025-11-23 14:28:14,721 - create_connect_point - INFO - [create_connect_point.py:136] - 移除了{(11, 20), (12, 20), (14, 23), (13, 20), (14, 22), (11, 24), (12, 24), (14, 21), (13, 24)}，剩下53:[(8, 21), (8, 23), (9, 20), (9, 24)]
2025-11-23 14:28:14,721 - create_connect_point - INFO - [create_connect_point.py:205] - cCPbrap[(11, 20), (12, 20), (14, 23), (13, 20), (14, 22), (11, 24), (12, 24), (14, 21), (13, 24)]
2025-11-23 14:28:14,721 - create_connect_point - INFO - [create_connect_point.py:176] - 还存在连接点
2025-11-23 14:28:14,721 - create_connect_point - INFO - [create_connect_point.py:178] - 
可选择房间集合[0, 1, 2, 4, 5, 6, 7, 8, 10, 11, 12, 13, 15, 16, 17, 18, 19, 20, 21, 22, 23, 24, 26, 27, 28, 29, 30, 31, 32, 34, 35, 36, 38, 40, 41, 43, 44, 46, 47, 48, 49, 52, 53, 54, 55, 56, 57, 58, 59, 60, 62, 63, 64, 65, 67, 69, 70, 71, 73, 77, 78, 80, 81, 82, 84, 85, 86, 87, 88, 89, 91, 92, 94, 96, 97, 99]
2025-11-23 14:28:14,721 - create_connect_point - INFO - [create_connect_point.py:180] - 
选择房间96:(63,73)-(67,81)
	[(62, 73), (62, 74), (62, 75), (62, 77), (62, 79), (62, 80), (62, 81), (63, 72), (63, 82), (64, 82), (65, 82), (66, 82), (67, 82), (68, 73), (68, 74), (68, 75), (68, 81)]
2025-11-23 14:28:14,721 - create_connect_point - INFO - [create_connect_point.py:183] - 选择点(62, 81)
2025-11-23 14:28:14,722 - create_connect_point - INFO - [create_connect_point.py:201] - 找到对应path
2025-11-23 14:28:14,722 - create_connect_point - INFO - [create_connect_point.py:120] - 找到与room相连的path，通过邻居点 {(61, 81)}
2025-11-23 14:28:14,722 - create_connect_point - INFO - [create_connect_point.py:136] - 移除了{(62, 75), (65, 82), (62, 81), (68, 81), (62, 77), (62, 74), (62, 80), (63, 82), (62, 73), (66, 82), (63, 72), (67, 82), (62, 79), (64, 82)}，剩下96:[(68, 73), (68, 74), (68, 75)]
2025-11-23 14:28:14,722 - create_connect_point - INFO - [create_connect_point.py:205] - cCPbrap[(62, 75), (65, 82), (62, 81), (68, 81), (62, 77), (62, 74), (62, 80), (63, 82), (62, 73), (66, 82), (63, 72), (67, 82), (62, 79), (64, 82)]
2025-11-23 14:28:14,722 - create_connect_point - INFO - [create_connect_point.py:176] - 还存在连接点
2025-11-23 14:28:14,722 - create_connect_point - INFO - [create_connect_point.py:178] - 
可选择房间集合[0, 1, 2, 4, 5, 6, 7, 8, 10, 11, 12, 13, 15, 16, 17, 18, 19, 20, 21, 22, 23, 24, 26, 27, 28, 29, 30, 31, 32, 34, 35, 36, 38, 40, 41, 43, 44, 46, 47, 48, 49, 52, 53, 54, 55, 56, 57, 58, 59, 60, 62, 63, 64, 65, 67, 69, 70, 71, 73, 77, 78, 80, 81, 82, 84, 85, 86, 87, 88, 89, 91, 92, 94, 96, 97, 99]
2025-11-23 14:28:14,722 - create_connect_point - INFO - [create_connect_point.py:180] - 
选择房间41:(45,87)-(49,89)
	[(49, 86), (49, 90)]
2025-11-23 14:28:14,722 - create_connect_point - INFO - [create_connect_point.py:183] - 选择点(49, 90)
2025-11-23 14:28:14,722 - create_connect_point - INFO - [create_connect_point.py:188] - 
找到对应room6:(49,91)-(53,97)
	[(48, 91), (48, 93), (48, 94), (48, 95), (48, 96), (48, 97), (49, 90), (49, 98), (50, 98), (51, 90), (51, 98), (52, 90), (53, 90), (54, 91), (54, 93), (54, 94), (54, 95), (54, 96), (54, 97)]
2025-11-23 14:28:14,722 - create_connect_point - INFO - [create_connect_point.py:89] - 
移除了{(49, 90)}
剩下41:[(49, 86)]
6:[(48, 91), (48, 93), (48, 94), (48, 95), (48, 96), (48, 97), (49, 98), (50, 98), (51, 90), (51, 98), (52, 90), (53, 90), (54, 91), (54, 93), (54, 94), (54, 95), (54, 96), (54, 97)]
2025-11-23 14:28:14,722 - create_connect_point - INFO - [create_connect_point.py:193] - cCPbrar[(49, 90)]
2025-11-23 14:28:14,722 - create_connect_point - INFO - [create_connect_point.py:176] - 还存在连接点
2025-11-23 14:28:14,723 - create_connect_point - INFO - [create_connect_point.py:178] - 
可选择房间集合[0, 1, 2, 4, 5, 6, 7, 8, 10, 11, 12, 13, 15, 16, 17, 18, 19, 20, 21, 22, 23, 24, 26, 27, 28, 29, 30, 31, 32, 34, 35, 36, 38, 40, 41, 43, 44, 46, 47, 48, 49, 52, 53, 54, 55, 56, 57, 58, 59, 60, 62, 63, 64, 65, 67, 69, 70, 71, 73, 77, 78, 80, 81, 82, 84, 85, 86, 87, 88, 89, 91, 92, 94, 96, 97, 99]
2025-11-23 14:28:14,723 - create_connect_point - INFO - [create_connect_point.py:180] - 
选择房间46:(5,73)-(9,75)
	[(4, 75), (5, 72), (5, 76), (6, 76), (7, 72), (7, 76), (9, 72), (9, 76), (10, 73), (10, 75)]
2025-11-23 14:28:14,723 - create_connect_point - INFO - [create_connect_point.py:183] - 选择点(10, 75)
2025-11-23 14:28:14,723 - create_connect_point - INFO - [create_connect_point.py:201] - 找到对应path
2025-11-23 14:28:14,723 - create_connect_point - INFO - [create_connect_point.py:120] - 找到与room相连的path，通过邻居点 {(11, 75)}
2025-11-23 14:28:14,723 - create_connect_point - INFO - [create_connect_point.py:136] - 移除了{(9, 72), (10, 73), (10, 75), (9, 76)}，剩下46:[(4, 75), (5, 72), (5, 76), (6, 76), (7, 72), (7, 76)]
2025-11-23 14:28:14,723 - create_connect_point - INFO - [create_connect_point.py:205] - cCPbrap[(9, 72), (10, 73), (10, 75), (9, 76)]
2025-11-23 14:28:14,723 - create_connect_point - INFO - [create_connect_point.py:176] - 还存在连接点
2025-11-23 14:28:14,723 - create_connect_point - INFO - [create_connect_point.py:178] - 
可选择房间集合[0, 1, 2, 4, 5, 6, 7, 8, 10, 11, 12, 13, 15, 16, 17, 18, 19, 20, 21, 22, 23, 24, 26, 27, 28, 29, 30, 31, 32, 34, 35, 36, 38, 40, 41, 43, 44, 46, 47, 48, 49, 52, 53, 54, 55, 56, 57, 58, 59, 60, 62, 63, 64, 65, 67, 69, 70, 71, 73, 77, 78, 80, 81, 82, 84, 85, 86, 87, 88, 89, 91, 92, 94, 96, 97, 99]
2025-11-23 14:28:14,723 - create_connect_point - INFO - [create_connect_point.py:180] - 
选择房间64:(13,39)-(17,45)
	[(12, 39), (12, 40), (12, 41), (12, 42), (12, 43), (12, 44), (12, 45), (13, 38), (13, 46), (14, 38), (14, 46), (15, 38), (15, 46), (16, 38), (17, 38), (17, 46), (18, 39), (18, 40), (18, 41), (18, 42), (18, 43), (18, 44), (18, 45)]
2025-11-23 14:28:14,723 - create_connect_point - INFO - [create_connect_point.py:183] - 选择点(15, 38)
2025-11-23 14:28:14,723 - create_connect_point - INFO - [create_connect_point.py:201] - 找到对应path
2025-11-23 14:28:14,723 - create_connect_point - INFO - [create_connect_point.py:120] - 找到与room相连的path，通过邻居点 {(15, 37)}
2025-11-23 14:28:14,723 - create_connect_point - INFO - [create_connect_point.py:136] - 移除了{(12, 42), (12, 39), (12, 45), (16, 38), (17, 38), (15, 38), (13, 38), (12, 41), (14, 38), (12, 44), (12, 40), (12, 43)}，剩下64:[(13, 46), (14, 46), (15, 46), (17, 46), (18, 39), (18, 40), (18, 41), (18, 42), (18, 43), (18, 44), (18, 45)]
2025-11-23 14:28:14,723 - create_connect_point - INFO - [create_connect_point.py:205] - cCPbrap[(12, 42), (12, 39), (12, 45), (16, 38), (17, 38), (15, 38), (13, 38), (12, 41), (14, 38), (12, 44), (12, 40), (12, 43)]
2025-11-23 14:28:14,723 - create_connect_point - INFO - [create_connect_point.py:176] - 还存在连接点
2025-11-23 14:28:14,723 - create_connect_point - INFO - [create_connect_point.py:178] - 
可选择房间集合[0, 1, 2, 4, 5, 6, 7, 8, 10, 11, 12, 13, 15, 16, 17, 18, 19, 20, 21, 22, 23, 24, 26, 27, 28, 29, 30, 31, 32, 34, 35, 36, 38, 40, 41, 43, 44, 46, 47, 48, 49, 52, 53, 54, 55, 56, 57, 58, 59, 60, 62, 63, 64, 65, 67, 69, 70, 71, 73, 77, 78, 80, 81, 82, 84, 85, 86, 87, 88, 89, 91, 92, 94, 96, 97, 99]
2025-11-23 14:28:14,723 - create_connect_point - INFO - [create_connect_point.py:180] - 
选择房间70:(51,51)-(57,53)
	[(50, 53), (55, 50), (56, 50), (57, 50)]
2025-11-23 14:28:14,724 - create_connect_point - INFO - [create_connect_point.py:183] - 选择点(57, 50)
2025-11-23 14:28:14,724 - create_connect_point - INFO - [create_connect_point.py:188] - 
找到对应room35:(55,43)-(63,49)
	[(54, 47), (54, 48), (54, 49), (55, 50), (56, 50), (57, 50), (59, 50), (60, 50), (61, 50), (63, 50)]
2025-11-23 14:28:14,724 - create_connect_point - INFO - [create_connect_point.py:89] - 
移除了{(56, 50), (57, 50), (55, 50)}
剩下70:[(50, 53)]
35:[(54, 47), (54, 48), (54, 49), (59, 50), (60, 50), (61, 50), (63, 50)]
2025-11-23 14:28:14,724 - create_connect_point - INFO - [create_connect_point.py:193] - cCPbrar[(56, 50), (57, 50), (55, 50)]
2025-11-23 14:28:14,724 - create_connect_point - INFO - [create_connect_point.py:176] - 还存在连接点
2025-11-23 14:28:14,724 - create_connect_point - INFO - [create_connect_point.py:178] - 
可选择房间集合[0, 1, 2, 4, 5, 6, 7, 8, 10, 11, 12, 13, 15, 16, 17, 18, 19, 20, 21, 22, 23, 24, 26, 27, 28, 29, 30, 31, 32, 34, 35, 36, 38, 40, 41, 43, 44, 46, 47, 48, 49, 52, 53, 54, 55, 56, 57, 58, 59, 60, 62, 63, 64, 65, 67, 69, 70, 71, 73, 77, 78, 80, 81, 82, 84, 85, 86, 87, 88, 89, 91, 92, 94, 96, 97, 99]
2025-11-23 14:28:14,724 - create_connect_point - INFO - [create_connect_point.py:180] - 
选择房间10:(75,65)-(81,71)
	[(74, 65), (74, 66), (74, 67), (74, 69), (74, 70), (74, 71), (82, 65), (82, 66), (82, 67), (82, 68), (82, 69), (82, 71)]
2025-11-23 14:28:14,724 - create_connect_point - INFO - [create_connect_point.py:183] - 选择点(82, 66)
2025-11-23 14:28:14,724 - create_connect_point - INFO - [create_connect_point.py:201] - 找到对应path
2025-11-23 14:28:14,724 - create_connect_point - INFO - [create_connect_point.py:120] - 找到与room相连的path，通过邻居点 {(83, 66)}
2025-11-23 14:28:14,724 - create_connect_point - INFO - [create_connect_point.py:136] - 移除了{(82, 68), (82, 67), (82, 66), (82, 69), (82, 65)}，剩下10:[(74, 65), (74, 66), (74, 67), (74, 69), (74, 70), (74, 71), (82, 71)]
2025-11-23 14:28:14,724 - create_connect_point - INFO - [create_connect_point.py:205] - cCPbrap[(82, 68), (82, 67), (82, 66), (82, 69), (82, 65)]
2025-11-23 14:28:14,724 - create_connect_point - INFO - [create_connect_point.py:176] - 还存在连接点
2025-11-23 14:28:14,724 - create_connect_point - INFO - [create_connect_point.py:178] - 
可选择房间集合[0, 1, 2, 4, 5, 6, 7, 8, 10, 11, 12, 13, 15, 16, 17, 18, 19, 20, 21, 22, 23, 24, 26, 27, 28, 29, 30, 31, 32, 34, 35, 36, 38, 40, 41, 43, 44, 46, 47, 48, 49, 52, 53, 54, 55, 56, 57, 58, 59, 60, 62, 63, 64, 65, 67, 69, 70, 71, 73, 77, 78, 80, 81, 82, 84, 85, 86, 87, 88, 89, 91, 92, 94, 96, 97, 99]
2025-11-23 14:28:14,724 - create_connect_point - INFO - [create_connect_point.py:180] - 
选择房间31:(93,33)-(97,41)
	[(92, 41)]
2025-11-23 14:28:14,724 - create_connect_point - INFO - [create_connect_point.py:183] - 选择点(92, 41)
2025-11-23 14:28:14,724 - create_connect_point - INFO - [create_connect_point.py:188] - 
找到对应room7:(85,41)-(91,49)
	[(89, 50), (91, 50), (92, 41), (92, 43)]
2025-11-23 14:28:14,725 - create_connect_point - INFO - [create_connect_point.py:89] - 
移除了{(92, 41)}
剩下31:[]
7:[(89, 50), (91, 50), (92, 43)]
2025-11-23 14:28:14,725 - create_connect_point - INFO - [create_connect_point.py:193] - cCPbrar[(92, 41)]
2025-11-23 14:28:14,725 - create_connect_point - INFO - [create_connect_point.py:176] - 还存在连接点
2025-11-23 14:28:14,725 - create_connect_point - INFO - [create_connect_point.py:178] - 
可选择房间集合[0, 1, 2, 4, 5, 6, 7, 8, 10, 11, 12, 13, 15, 16, 17, 18, 19, 20, 21, 22, 23, 24, 26, 27, 28, 29, 30, 32, 34, 35, 36, 38, 40, 41, 43, 44, 46, 47, 48, 49, 52, 53, 54, 55, 56, 57, 58, 59, 60, 62, 63, 64, 65, 67, 69, 70, 71, 73, 77, 78, 80, 81, 82, 84, 85, 86, 87, 88, 89, 91, 92, 94, 96, 97, 99]
2025-11-23 14:28:14,725 - create_connect_point - INFO - [create_connect_point.py:180] - 
选择房间41:(45,87)-(49,89)
	[(49, 86)]
2025-11-23 14:28:14,725 - create_connect_point - INFO - [create_connect_point.py:183] - 选择点(49, 86)
2025-11-23 14:28:14,725 - create_connect_point - INFO - [create_connect_point.py:201] - 找到对应path
2025-11-23 14:28:14,725 - create_connect_point - INFO - [create_connect_point.py:120] - 找到与room相连的path，通过邻居点 {(49, 85)}
2025-11-23 14:28:14,725 - create_connect_point - INFO - [create_connect_point.py:136] - 移除了{(49, 86)}，剩下41:[]
2025-11-23 14:28:14,725 - create_connect_point - INFO - [create_connect_point.py:205] - cCPbrap[(49, 86)]
2025-11-23 14:28:14,725 - create_connect_point - INFO - [create_connect_point.py:176] - 还存在连接点
2025-11-23 14:28:14,725 - create_connect_point - INFO - [create_connect_point.py:178] - 
可选择房间集合[0, 1, 2, 4, 5, 6, 7, 8, 10, 11, 12, 13, 15, 16, 17, 18, 19, 20, 21, 22, 23, 24, 26, 27, 28, 29, 30, 32, 34, 35, 36, 38, 40, 43, 44, 46, 47, 48, 49, 52, 53, 54, 55, 56, 57, 58, 59, 60, 62, 63, 64, 65, 67, 69, 70, 71, 73, 77, 78, 80, 81, 82, 84, 85, 86, 87, 88, 89, 91, 92, 94, 96, 97, 99]
2025-11-23 14:28:14,725 - create_connect_point - INFO - [create_connect_point.py:180] - 
选择房间15:(5,31)-(9,35)
	[(4, 31), (4, 32), (4, 33), (4, 35), (5, 30), (5, 36), (6, 30), (6, 36), (7, 30), (7, 36), (9, 30), (9, 36), (10, 31), (10, 32), (10, 33), (10, 34), (10, 35)]
2025-11-23 14:28:14,725 - create_connect_point - INFO - [create_connect_point.py:183] - 选择点(4, 33)
2025-11-23 14:28:14,725 - create_connect_point - INFO - [create_connect_point.py:201] - 找到对应path
2025-11-23 14:28:14,725 - create_connect_point - INFO - [create_connect_point.py:120] - 找到与room相连的path，通过邻居点 {(3, 33)}
2025-11-23 14:28:14,725 - create_connect_point - INFO - [create_connect_point.py:136] - 移除了{(10, 34), (4, 35), (7, 36), (4, 32), (10, 33), (5, 36), (4, 31), (10, 32), (6, 36), (10, 35), (4, 33), (9, 30), (9, 36), (10, 31)}，剩下15:[(5, 30), (6, 30), (7, 30)]
2025-11-23 14:28:14,725 - create_connect_point - INFO - [create_connect_point.py:205] - cCPbrap[(10, 34), (4, 35), (7, 36), (4, 32), (10, 33), (5, 36), (4, 31), (10, 32), (6, 36), (10, 35), (4, 33), (9, 30), (9, 36), (10, 31)]
2025-11-23 14:28:14,725 - create_connect_point - INFO - [create_connect_point.py:176] - 还存在连接点
2025-11-23 14:28:14,725 - create_connect_point - INFO - [create_connect_point.py:178] - 
可选择房间集合[0, 1, 2, 4, 5, 6, 7, 8, 10, 11, 12, 13, 15, 16, 17, 18, 19, 20, 21, 22, 23, 24, 26, 27, 28, 29, 30, 32, 34, 35, 36, 38, 40, 43, 44, 46, 47, 48, 49, 52, 53, 54, 55, 56, 57, 58, 59, 60, 62, 63, 64, 65, 67, 69, 70, 71, 73, 77, 78, 80, 81, 82, 84, 85, 86, 87, 88, 89, 91, 92, 94, 96, 97, 99]
2025-11-23 14:28:14,726 - create_connect_point - INFO - [create_connect_point.py:180] - 
选择房间73:(45,5)-(53,9)
	[(44, 9), (47, 4), (48, 4), (49, 4)]
2025-11-23 14:28:14,726 - create_connect_point - INFO - [create_connect_point.py:183] - 选择点(49, 4)
2025-11-23 14:28:14,726 - create_connect_point - INFO - [create_connect_point.py:201] - 找到对应path
2025-11-23 14:28:14,726 - create_connect_point - INFO - [create_connect_point.py:120] - 找到与room相连的path，通过邻居点 {(49, 3)}
2025-11-23 14:28:14,726 - create_connect_point - INFO - [create_connect_point.py:136] - 移除了{(48, 4), (49, 4), (47, 4)}，剩下73:[(44, 9)]
2025-11-23 14:28:14,726 - create_connect_point - INFO - [create_connect_point.py:205] - cCPbrap[(48, 4), (49, 4), (47, 4)]
2025-11-23 14:28:14,726 - create_connect_point - INFO - [create_connect_point.py:176] - 还存在连接点
2025-11-23 14:28:14,726 - create_connect_point - INFO - [create_connect_point.py:178] - 
可选择房间集合[0, 1, 2, 4, 5, 6, 7, 8, 10, 11, 12, 13, 15, 16, 17, 18, 19, 20, 21, 22, 23, 24, 26, 27, 28, 29, 30, 32, 34, 35, 36, 38, 40, 43, 44, 46, 47, 48, 49, 52, 53, 54, 55, 56, 57, 58, 59, 60, 62, 63, 64, 65, 67, 69, 70, 71, 73, 77, 78, 80, 81, 82, 84, 85, 86, 87, 88, 89, 91, 92, 94, 96, 97, 99]
2025-11-23 14:28:14,726 - create_connect_point - INFO - [create_connect_point.py:180] - 
选择房间77:(69,77)-(71,79)
	[(69, 76), (70, 76), (71, 76)]
2025-11-23 14:28:14,726 - create_connect_point - INFO - [create_connect_point.py:183] - 选择点(71, 76)
2025-11-23 14:28:14,726 - create_connect_point - INFO - [create_connect_point.py:201] - 找到对应path
2025-11-23 14:28:14,726 - create_connect_point - INFO - [create_connect_point.py:120] - 找到与room相连的path，通过邻居点 {(71, 75)}
2025-11-23 14:28:14,726 - create_connect_point - INFO - [create_connect_point.py:136] - 移除了{(70, 76), (71, 76), (69, 76)}，剩下77:[]
2025-11-23 14:28:14,726 - create_connect_point - INFO - [create_connect_point.py:205] - cCPbrap[(70, 76), (71, 76), (69, 76)]
2025-11-23 14:28:14,726 - create_connect_point - INFO - [create_connect_point.py:176] - 还存在连接点
2025-11-23 14:28:14,726 - create_connect_point - INFO - [create_connect_point.py:178] - 
可选择房间集合[0, 1, 2, 4, 5, 6, 7, 8, 10, 11, 12, 13, 15, 16, 17, 18, 19, 20, 21, 22, 23, 24, 26, 27, 28, 29, 30, 32, 34, 35, 36, 38, 40, 43, 44, 46, 47, 48, 49, 52, 53, 54, 55, 56, 57, 58, 59, 60, 62, 63, 64, 65, 67, 69, 70, 71, 73, 78, 80, 81, 82, 84, 85, 86, 87, 88, 89, 91, 92, 94, 96, 97, 99]
2025-11-23 14:28:14,726 - create_connect_point - INFO - [create_connect_point.py:180] - 
选择房间92:(41,37)-(49,39)
	[(40, 37), (41, 40), (42, 40), (43, 36), (43, 40), (44, 36), (44, 40), (45, 36), (45, 40), (47, 36), (48, 36), (49, 36), (50, 37), (50, 39)]
2025-11-23 14:28:14,726 - create_connect_point - INFO - [create_connect_point.py:183] - 选择点(45, 40)
2025-11-23 14:28:14,727 - create_connect_point - INFO - [create_connect_point.py:201] - 找到对应path
2025-11-23 14:28:14,727 - create_connect_point - INFO - [create_connect_point.py:120] - 找到与room相连的path，通过邻居点 {(45, 41)}
2025-11-23 14:28:14,727 - create_connect_point - INFO - [create_connect_point.py:136] - 移除了{(41, 40), (43, 40), (42, 40), (44, 40), (45, 40)}，剩下92:[(40, 37), (43, 36), (44, 36), (45, 36), (47, 36), (48, 36), (49, 36), (50, 37), (50, 39)]
2025-11-23 14:28:14,727 - create_connect_point - INFO - [create_connect_point.py:205] - cCPbrap[(41, 40), (43, 40), (42, 40), (44, 40), (45, 40)]
2025-11-23 14:28:14,727 - create_connect_point - INFO - [create_connect_point.py:176] - 还存在连接点
2025-11-23 14:28:14,727 - create_connect_point - INFO - [create_connect_point.py:178] - 
可选择房间集合[0, 1, 2, 4, 5, 6, 7, 8, 10, 11, 12, 13, 15, 16, 17, 18, 19, 20, 21, 22, 23, 24, 26, 27, 28, 29, 30, 32, 34, 35, 36, 38, 40, 43, 44, 46, 47, 48, 49, 52, 53, 54, 55, 56, 57, 58, 59, 60, 62, 63, 64, 65, 67, 69, 70, 71, 73, 78, 80, 81, 82, 84, 85, 86, 87, 88, 89, 91, 92, 94, 96, 97, 99]
2025-11-23 14:28:14,727 - create_connect_point - INFO - [create_connect_point.py:180] - 
选择房间73:(45,5)-(53,9)
	[(44, 9)]
2025-11-23 14:28:14,727 - create_connect_point - INFO - [create_connect_point.py:183] - 选择点(44, 9)
2025-11-23 14:28:14,727 - create_connect_point - INFO - [create_connect_point.py:201] - 找到对应path
2025-11-23 14:28:14,727 - create_connect_point - INFO - [create_connect_point.py:120] - 找到与room相连的path，通过邻居点 {(43, 9)}
2025-11-23 14:28:14,727 - create_connect_point - INFO - [create_connect_point.py:136] - 移除了{(44, 9)}，剩下73:[]
2025-11-23 14:28:14,727 - create_connect_point - INFO - [create_connect_point.py:205] - cCPbrap[(44, 9)]
2025-11-23 14:28:14,727 - create_connect_point - INFO - [create_connect_point.py:176] - 还存在连接点
2025-11-23 14:28:14,727 - create_connect_point - INFO - [create_connect_point.py:178] - 
可选择房间集合[0, 1, 2, 4, 5, 6, 7, 8, 10, 11, 12, 13, 15, 16, 17, 18, 19, 20, 21, 22, 23, 24, 26, 27, 28, 29, 30, 32, 34, 35, 36, 38, 40, 43, 44, 46, 47, 48, 49, 52, 53, 54, 55, 56, 57, 58, 59, 60, 62, 63, 64, 65, 67, 69, 70, 71, 78, 80, 81, 82, 84, 85, 86, 87, 88, 89, 91, 92, 94, 96, 97, 99]
2025-11-23 14:28:14,727 - create_connect_point - INFO - [create_connect_point.py:180] - 
选择房间36:(57,89)-(65,93)
	[(56, 91), (56, 93), (57, 94), (59, 94), (60, 94), (61, 94), (63, 94), (65, 94)]
2025-11-23 14:28:14,727 - create_connect_point - INFO - [create_connect_point.py:183] - 选择点(59, 94)
2025-11-23 14:28:14,727 - create_connect_point - INFO - [create_connect_point.py:201] - 找到对应path
2025-11-23 14:28:14,727 - create_connect_point - INFO - [create_connect_point.py:120] - 找到与room相连的path，通过邻居点 {(59, 95)}
2025-11-23 14:28:14,727 - create_connect_point - INFO - [create_connect_point.py:136] - 移除了{(61, 94), (59, 94), (60, 94)}，剩下36:[(56, 91), (56, 93), (57, 94), (63, 94), (65, 94)]
2025-11-23 14:28:14,727 - create_connect_point - INFO - [create_connect_point.py:205] - cCPbrap[(61, 94), (59, 94), (60, 94)]
2025-11-23 14:28:14,728 - create_connect_point - INFO - [create_connect_point.py:176] - 还存在连接点
2025-11-23 14:28:14,728 - create_connect_point - INFO - [create_connect_point.py:178] - 
可选择房间集合[0, 1, 2, 4, 5, 6, 7, 8, 10, 11, 12, 13, 15, 16, 17, 18, 19, 20, 21, 22, 23, 24, 26, 27, 28, 29, 30, 32, 34, 35, 36, 38, 40, 43, 44, 46, 47, 48, 49, 52, 53, 54, 55, 56, 57, 58, 59, 60, 62, 63, 64, 65, 67, 69, 70, 71, 78, 80, 81, 82, 84, 85, 86, 87, 88, 89, 91, 92, 94, 96, 97, 99]
2025-11-23 14:28:14,728 - create_connect_point - INFO - [create_connect_point.py:180] - 
选择房间62:(29,45)-(31,47)
	[(28, 45), (28, 46), (28, 47), (29, 44), (30, 44), (31, 44)]
2025-11-23 14:28:14,728 - create_connect_point - INFO - [create_connect_point.py:183] - 选择点(28, 46)
2025-11-23 14:28:14,728 - create_connect_point - INFO - [create_connect_point.py:201] - 找到对应path
2025-11-23 14:28:14,728 - create_connect_point - INFO - [create_connect_point.py:120] - 找到与room相连的path，通过邻居点 {(27, 46)}
2025-11-23 14:28:14,728 - create_connect_point - INFO - [create_connect_point.py:136] - 移除了{(28, 46), (28, 45), (29, 44), (28, 47), (30, 44), (31, 44)}，剩下62:[]
2025-11-23 14:28:14,728 - create_connect_point - INFO - [create_connect_point.py:205] - cCPbrap[(28, 46), (28, 45), (29, 44), (28, 47), (30, 44), (31, 44)]
2025-11-23 14:28:14,728 - create_connect_point - INFO - [create_connect_point.py:176] - 还存在连接点
2025-11-23 14:28:14,728 - create_connect_point - INFO - [create_connect_point.py:178] - 
可选择房间集合[0, 1, 2, 4, 5, 6, 7, 8, 10, 11, 12, 13, 15, 16, 17, 18, 19, 20, 21, 22, 23, 24, 26, 27, 28, 29, 30, 32, 34, 35, 36, 38, 40, 43, 44, 46, 47, 48, 49, 52, 53, 54, 55, 56, 57, 58, 59, 60, 63, 64, 65, 67, 69, 70, 71, 78, 80, 81, 82, 84, 85, 86, 87, 88, 89, 91, 92, 94, 96, 97, 99]
2025-11-23 14:28:14,728 - create_connect_point - INFO - [create_connect_point.py:180] - 
选择房间71:(97,79)-(99,83)
	[(97, 84), (99, 84)]
2025-11-23 14:28:14,728 - create_connect_point - INFO - [create_connect_point.py:183] - 选择点(99, 84)
2025-11-23 14:28:14,728 - create_connect_point - INFO - [create_connect_point.py:201] - 找到对应path
2025-11-23 14:28:14,728 - create_connect_point - INFO - [create_connect_point.py:120] - 找到与room相连的path，通过邻居点 {(99, 85)}
2025-11-23 14:28:14,728 - create_connect_point - INFO - [create_connect_point.py:136] - 移除了{(99, 84)}，剩下71:[(97, 84)]
2025-11-23 14:28:14,728 - create_connect_point - INFO - [create_connect_point.py:205] - cCPbrap[(99, 84)]
2025-11-23 14:28:14,728 - create_connect_point - INFO - [create_connect_point.py:176] - 还存在连接点
2025-11-23 14:28:14,728 - create_connect_point - INFO - [create_connect_point.py:178] - 
可选择房间集合[0, 1, 2, 4, 5, 6, 7, 8, 10, 11, 12, 13, 15, 16, 17, 18, 19, 20, 21, 22, 23, 24, 26, 27, 28, 29, 30, 32, 34, 35, 36, 38, 40, 43, 44, 46, 47, 48, 49, 52, 53, 54, 55, 56, 57, 58, 59, 60, 63, 64, 65, 67, 69, 70, 71, 78, 80, 81, 82, 84, 85, 86, 87, 88, 89, 91, 92, 94, 96, 97, 99]
2025-11-23 14:28:14,728 - create_connect_point - INFO - [create_connect_point.py:180] - 
选择房间1:(17,23)-(21,29)
	[(16, 23), (16, 24), (16, 25), (17, 22), (17, 30), (18, 30), (19, 22), (19, 30), (20, 30), (21, 22), (21, 30)]
2025-11-23 14:28:14,728 - create_connect_point - INFO - [create_connect_point.py:183] - 选择点(16, 25)
2025-11-23 14:28:14,729 - create_connect_point - INFO - [create_connect_point.py:201] - 找到对应path
2025-11-23 14:28:14,729 - create_connect_point - INFO - [create_connect_point.py:120] - 找到与room相连的path，通过邻居点 {(15, 25)}
2025-11-23 14:28:14,729 - create_connect_point - INFO - [create_connect_point.py:136] - 移除了{(16, 24), (16, 25), (17, 22), (16, 23)}，剩下1:[(17, 30), (18, 30), (19, 22), (19, 30), (20, 30), (21, 22), (21, 30)]
2025-11-23 14:28:14,729 - create_connect_point - INFO - [create_connect_point.py:205] - cCPbrap[(16, 24), (16, 25), (17, 22), (16, 23)]
2025-11-23 14:28:14,729 - create_connect_point - INFO - [create_connect_point.py:176] - 还存在连接点
2025-11-23 14:28:14,729 - create_connect_point - INFO - [create_connect_point.py:178] - 
可选择房间集合[0, 1, 2, 4, 5, 6, 7, 8, 10, 11, 12, 13, 15, 16, 17, 18, 19, 20, 21, 22, 23, 24, 26, 27, 28, 29, 30, 32, 34, 35, 36, 38, 40, 43, 44, 46, 47, 48, 49, 52, 53, 54, 55, 56, 57, 58, 59, 60, 63, 64, 65, 67, 69, 70, 71, 78, 80, 81, 82, 84, 85, 86, 87, 88, 89, 91, 92, 94, 96, 97, 99]
2025-11-23 14:28:14,729 - create_connect_point - INFO - [create_connect_point.py:180] - 
选择房间11:(31,91)-(39,95)
	[(40, 91), (40, 92), (40, 93)]
2025-11-23 14:28:14,729 - create_connect_point - INFO - [create_connect_point.py:183] - 选择点(40, 91)
2025-11-23 14:28:14,729 - create_connect_point - INFO - [create_connect_point.py:188] - 
找到对应room88:(41,85)-(43,93)
	[(40, 91), (40, 92), (40, 93)]
2025-11-23 14:28:14,729 - create_connect_point - INFO - [create_connect_point.py:89] - 
移除了{(40, 93), (40, 91), (40, 92)}
剩下11:[]
88:[]
2025-11-23 14:28:14,729 - create_connect_point - INFO - [create_connect_point.py:193] - cCPbrar[(40, 93), (40, 91), (40, 92)]
2025-11-23 14:28:14,729 - create_connect_point - INFO - [create_connect_point.py:176] - 还存在连接点
2025-11-23 14:28:14,729 - create_connect_point - INFO - [create_connect_point.py:178] - 
可选择房间集合[0, 1, 2, 4, 5, 6, 7, 8, 10, 12, 13, 15, 16, 17, 18, 19, 20, 21, 22, 23, 24, 26, 27, 28, 29, 30, 32, 34, 35, 36, 38, 40, 43, 44, 46, 47, 48, 49, 52, 53, 54, 55, 56, 57, 58, 59, 60, 63, 64, 65, 67, 69, 70, 71, 78, 80, 81, 82, 84, 85, 86, 87, 89, 91, 92, 94, 96, 97, 99]
2025-11-23 14:28:14,729 - create_connect_point - INFO - [create_connect_point.py:180] - 
选择房间99:(9,13)-(15,17)
	[(8, 13), (8, 14), (8, 15), (9, 12), (11, 12), (11, 18), (12, 12), (12, 18), (13, 12), (13, 18), (14, 12), (14, 18), (15, 12), (15, 18), (16, 13), (16, 14), (16, 15), (16, 16), (16, 17)]
2025-11-23 14:28:14,729 - create_connect_point - INFO - [create_connect_point.py:183] - 选择点(15, 18)
2025-11-23 14:28:14,729 - create_connect_point - INFO - [create_connect_point.py:201] - 找到对应path
2025-11-23 14:28:14,729 - create_connect_point - INFO - [create_connect_point.py:120] - 找到与room相连的path，通过邻居点 {(15, 19)}
2025-11-23 14:28:14,730 - create_connect_point - INFO - [create_connect_point.py:136] - 移除了{(13, 18), (11, 18), (14, 18), (12, 18), (15, 18)}，剩下99:[(8, 13), (8, 14), (8, 15), (9, 12), (11, 12), (12, 12), (13, 12), (14, 12), (15, 12), (16, 13), (16, 14), (16, 15), (16, 16), (16, 17)]
2025-11-23 14:28:14,730 - create_connect_point - INFO - [create_connect_point.py:205] - cCPbrap[(13, 18), (11, 18), (14, 18), (12, 18), (15, 18)]
2025-11-23 14:28:14,730 - create_connect_point - INFO - [create_connect_point.py:176] - 还存在连接点
2025-11-23 14:28:14,730 - create_connect_point - INFO - [create_connect_point.py:178] - 
可选择房间集合[0, 1, 2, 4, 5, 6, 7, 8, 10, 12, 13, 15, 16, 17, 18, 19, 20, 21, 22, 23, 24, 26, 27, 28, 29, 30, 32, 34, 35, 36, 38, 40, 43, 44, 46, 47, 48, 49, 52, 53, 54, 55, 56, 57, 58, 59, 60, 63, 64, 65, 67, 69, 70, 71, 78, 80, 81, 82, 84, 85, 86, 87, 89, 91, 92, 94, 96, 97, 99]
2025-11-23 14:28:14,730 - create_connect_point - INFO - [create_connect_point.py:180] - 
选择房间63:(91,51)-(95,55)
	[(90, 51), (90, 52), (90, 53), (90, 54), (90, 55), (91, 50), (91, 56), (93, 50), (94, 50), (95, 50)]
2025-11-23 14:28:14,730 - create_connect_point - INFO - [create_connect_point.py:183] - 选择点(90, 51)
2025-11-23 14:28:14,730 - create_connect_point - INFO - [create_connect_point.py:201] - 找到对应path
2025-11-23 14:28:14,730 - create_connect_point - INFO - [create_connect_point.py:120] - 找到与room相连的path，通过邻居点 {(89, 51)}
2025-11-23 14:28:14,730 - create_connect_point - INFO - [create_connect_point.py:136] - 移除了{(90, 52), (90, 55), (90, 51), (90, 54), (90, 53)}，剩下63:[(91, 50), (91, 56), (93, 50), (94, 50), (95, 50)]
2025-11-23 14:28:14,730 - create_connect_point - INFO - [create_connect_point.py:205] - cCPbrap[(90, 52), (90, 55), (90, 51), (90, 54), (90, 53)]
2025-11-23 14:28:14,730 - create_connect_point - INFO - [create_connect_point.py:176] - 还存在连接点
2025-11-23 14:28:14,730 - create_connect_point - INFO - [create_connect_point.py:178] - 
可选择房间集合[0, 1, 2, 4, 5, 6, 7, 8, 10, 12, 13, 15, 16, 17, 18, 19, 20, 21, 22, 23, 24, 26, 27, 28, 29, 30, 32, 34, 35, 36, 38, 40, 43, 44, 46, 47, 48, 49, 52, 53, 54, 55, 56, 57, 58, 59, 60, 63, 64, 65, 67, 69, 70, 71, 78, 80, 81, 82, 84, 85, 86, 87, 89, 91, 92, 94, 96, 97, 99]
2025-11-23 14:28:14,730 - create_connect_point - INFO - [create_connect_point.py:180] - 
选择房间87:(81,45)-(83,49)
	[(80, 45), (80, 46), (80, 47), (80, 48), (80, 49), (81, 44), (81, 50), (82, 44), (83, 44), (83, 50)]
2025-11-23 14:28:14,730 - create_connect_point - INFO - [create_connect_point.py:183] - 选择点(80, 45)
2025-11-23 14:28:14,730 - create_connect_point - INFO - [create_connect_point.py:201] - 找到对应path
2025-11-23 14:28:14,730 - create_connect_point - INFO - [create_connect_point.py:120] - 找到与room相连的path，通过邻居点 {(79, 45)}
2025-11-23 14:28:14,730 - create_connect_point - INFO - [create_connect_point.py:136] - 移除了{(80, 46), (81, 50), (80, 49), (80, 48), (82, 44), (80, 45), (83, 44), (81, 44), (80, 47)}，剩下87:[(83, 50)]
2025-11-23 14:28:14,730 - create_connect_point - INFO - [create_connect_point.py:205] - cCPbrap[(80, 46), (81, 50), (80, 49), (80, 48), (82, 44), (80, 45), (83, 44), (81, 44), (80, 47)]
2025-11-23 14:28:14,730 - create_connect_point - INFO - [create_connect_point.py:176] - 还存在连接点
2025-11-23 14:28:14,730 - create_connect_point - INFO - [create_connect_point.py:178] - 
可选择房间集合[0, 1, 2, 4, 5, 6, 7, 8, 10, 12, 13, 15, 16, 17, 18, 19, 20, 21, 22, 23, 24, 26, 27, 28, 29, 30, 32, 34, 35, 36, 38, 40, 43, 44, 46, 47, 48, 49, 52, 53, 54, 55, 56, 57, 58, 59, 60, 63, 64, 65, 67, 69, 70, 71, 78, 80, 81, 82, 84, 85, 86, 87, 89, 91, 92, 94, 96, 97, 99]
2025-11-23 14:28:14,730 - create_connect_point - INFO - [create_connect_point.py:180] - 
选择房间1:(17,23)-(21,29)
	[(17, 30), (18, 30), (19, 22), (19, 30), (20, 30), (21, 22), (21, 30)]
2025-11-23 14:28:14,731 - create_connect_point - INFO - [create_connect_point.py:183] - 选择点(21, 22)
2025-11-23 14:28:14,731 - create_connect_point - INFO - [create_connect_point.py:201] - 找到对应path
2025-11-23 14:28:14,731 - create_connect_point - INFO - [create_connect_point.py:120] - 找到与room相连的path，通过邻居点 {(21, 21)}
2025-11-23 14:28:14,731 - create_connect_point - INFO - [create_connect_point.py:136] - 移除了{(21, 22)}，剩下1:[(17, 30), (18, 30), (19, 22), (19, 30), (20, 30), (21, 30)]
2025-11-23 14:28:14,731 - create_connect_point - INFO - [create_connect_point.py:205] - cCPbrap[(21, 22)]
2025-11-23 14:28:14,731 - create_connect_point - INFO - [create_connect_point.py:176] - 还存在连接点
2025-11-23 14:28:14,731 - create_connect_point - INFO - [create_connect_point.py:178] - 
可选择房间集合[0, 1, 2, 4, 5, 6, 7, 8, 10, 12, 13, 15, 16, 17, 18, 19, 20, 21, 22, 23, 24, 26, 27, 28, 29, 30, 32, 34, 35, 36, 38, 40, 43, 44, 46, 47, 48, 49, 52, 53, 54, 55, 56, 57, 58, 59, 60, 63, 64, 65, 67, 69, 70, 71, 78, 80, 81, 82, 84, 85, 86, 87, 89, 91, 92, 94, 96, 97, 99]
2025-11-23 14:28:14,731 - create_connect_point - INFO - [create_connect_point.py:180] - 
选择房间60:(23,33)-(31,35)
	[(23, 32), (23, 36), (25, 32), (25, 36), (26, 32), (26, 36), (27, 32), (27, 36), (28, 36), (29, 32), (29, 36), (30, 32), (30, 36), (31, 32), (31, 36), (32, 33), (32, 34), (32, 35)]
2025-11-23 14:28:14,731 - create_connect_point - INFO - [create_connect_point.py:183] - 选择点(32, 33)
2025-11-23 14:28:14,731 - create_connect_point - INFO - [create_connect_point.py:201] - 找到对应path
2025-11-23 14:28:14,731 - create_connect_point - INFO - [create_connect_point.py:120] - 找到与room相连的path，通过邻居点 {(33, 33)}
2025-11-23 14:28:14,731 - create_connect_point - INFO - [create_connect_point.py:136] - 移除了{(32, 34), (25, 32), (32, 33), (30, 32), (23, 32), (26, 32), (29, 32), (31, 32), (27, 32), (32, 35)}，剩下60:[(23, 36), (25, 36), (26, 36), (27, 36), (28, 36), (29, 36), (30, 36), (31, 36)]
2025-11-23 14:28:14,731 - create_connect_point - INFO - [create_connect_point.py:205] - cCPbrap[(32, 34), (25, 32), (32, 33), (30, 32), (23, 32), (26, 32), (29, 32), (31, 32), (27, 32), (32, 35)]
2025-11-23 14:28:14,731 - create_connect_point - INFO - [create_connect_point.py:176] - 还存在连接点
2025-11-23 14:28:14,731 - create_connect_point - INFO - [create_connect_point.py:178] - 
可选择房间集合[0, 1, 2, 4, 5, 6, 7, 8, 10, 12, 13, 15, 16, 17, 18, 19, 20, 21, 22, 23, 24, 26, 27, 28, 29, 30, 32, 34, 35, 36, 38, 40, 43, 44, 46, 47, 48, 49, 52, 53, 54, 55, 56, 57, 58, 59, 60, 63, 64, 65, 67, 69, 70, 71, 78, 80, 81, 82, 84, 85, 86, 87, 89, 91, 92, 94, 96, 97, 99]
2025-11-23 14:28:14,731 - create_connect_point - INFO - [create_connect_point.py:180] - 
选择房间38:(85,65)-(89,73)
	[(84, 65), (84, 66), (84, 67), (84, 68), (84, 69), (85, 74), (87, 74), (88, 74), (89, 74), (90, 65), (90, 66), (90, 67), (90, 68), (90, 69), (90, 70), (90, 71), (90, 73)]
2025-11-23 14:28:14,731 - create_connect_point - INFO - [create_connect_point.py:183] - 选择点(84, 67)
2025-11-23 14:28:14,731 - create_connect_point - INFO - [create_connect_point.py:201] - 找到对应path
2025-11-23 14:28:14,731 - create_connect_point - INFO - [create_connect_point.py:120] - 找到与room相连的path，通过邻居点 {(83, 67)}
2025-11-23 14:28:14,731 - create_connect_point - INFO - [create_connect_point.py:136] - 移除了{(84, 69), (84, 65), (84, 68), (84, 67), (84, 66)}，剩下38:[(85, 74), (87, 74), (88, 74), (89, 74), (90, 65), (90, 66), (90, 67), (90, 68), (90, 69), (90, 70), (90, 71), (90, 73)]
2025-11-23 14:28:14,732 - create_connect_point - INFO - [create_connect_point.py:205] - cCPbrap[(84, 69), (84, 65), (84, 68), (84, 67), (84, 66)]
2025-11-23 14:28:14,732 - create_connect_point - INFO - [create_connect_point.py:176] - 还存在连接点
2025-11-23 14:28:14,732 - create_connect_point - INFO - [create_connect_point.py:178] - 
可选择房间集合[0, 1, 2, 4, 5, 6, 7, 8, 10, 12, 13, 15, 16, 17, 18, 19, 20, 21, 22, 23, 24, 26, 27, 28, 29, 30, 32, 34, 35, 36, 38, 40, 43, 44, 46, 47, 48, 49, 52, 53, 54, 55, 56, 57, 58, 59, 60, 63, 64, 65, 67, 69, 70, 71, 78, 80, 81, 82, 84, 85, 86, 87, 89, 91, 92, 94, 96, 97, 99]
2025-11-23 14:28:14,732 - create_connect_point - INFO - [create_connect_point.py:180] - 
选择房间5:(11,47)-(15,49)
	[(10, 47), (10, 48), (10, 49), (11, 46), (11, 50), (12, 50), (13, 46), (13, 50), (14, 46), (14, 50), (15, 46), (15, 50)]
2025-11-23 14:28:14,732 - create_connect_point - INFO - [create_connect_point.py:183] - 选择点(14, 50)
2025-11-23 14:28:14,732 - create_connect_point - INFO - [create_connect_point.py:188] - 
找到对应room13:(11,51)-(17,57)
	[(10, 51), (11, 50), (11, 58), (12, 50), (12, 58), (13, 50), (13, 58), (14, 50), (15, 50), (15, 58), (17, 50), (17, 58), (18, 51), (18, 53), (18, 55), (18, 56), (18, 57)]
2025-11-23 14:28:14,732 - create_connect_point - INFO - [create_connect_point.py:89] - 
移除了{(15, 50), (11, 50), (12, 50), (13, 50), (14, 50)}
剩下5:[(10, 47), (10, 48), (10, 49), (11, 46), (13, 46), (14, 46), (15, 46)]
13:[(10, 51), (11, 58), (12, 58), (13, 58), (15, 58), (17, 50), (17, 58), (18, 51), (18, 53), (18, 55), (18, 56), (18, 57)]
2025-11-23 14:28:14,732 - create_connect_point - INFO - [create_connect_point.py:193] - cCPbrar[(15, 50), (11, 50), (12, 50), (13, 50), (14, 50)]
2025-11-23 14:28:14,732 - create_connect_point - INFO - [create_connect_point.py:176] - 还存在连接点
2025-11-23 14:28:14,732 - create_connect_point - INFO - [create_connect_point.py:178] - 
可选择房间集合[0, 1, 2, 4, 5, 6, 7, 8, 10, 12, 13, 15, 16, 17, 18, 19, 20, 21, 22, 23, 24, 26, 27, 28, 29, 30, 32, 34, 35, 36, 38, 40, 43, 44, 46, 47, 48, 49, 52, 53, 54, 55, 56, 57, 58, 59, 60, 63, 64, 65, 67, 69, 70, 71, 78, 80, 81, 82, 84, 85, 86, 87, 89, 91, 92, 94, 96, 97, 99]
2025-11-23 14:28:14,732 - create_connect_point - INFO - [create_connect_point.py:180] - 
选择房间49:(43,57)-(51,65)
	[(42, 57), (42, 58), (42, 59), (42, 61), (42, 63), (42, 64), (42, 65), (43, 56), (43, 66), (44, 66), (45, 56), (45, 66), (46, 56), (46, 66), (47, 56), (47, 66), (49, 56), (49, 66), (50, 56), (50, 66), (51, 56), (51, 66), (52, 57), (52, 58), (52, 59), (52, 60), (52, 61), (52, 62), (52, 63), (52, 65)]
2025-11-23 14:28:14,732 - create_connect_point - INFO - [create_connect_point.py:183] - 选择点(45, 56)
2025-11-23 14:28:14,732 - create_connect_point - INFO - [create_connect_point.py:201] - 找到对应path
2025-11-23 14:28:14,732 - create_connect_point - INFO - [create_connect_point.py:120] - 找到与room相连的path，通过邻居点 {(45, 55)}
2025-11-23 14:28:14,732 - create_connect_point - INFO - [create_connect_point.py:136] - 移除了{(47, 56), (45, 56), (43, 56), (46, 56)}，剩下49:[(42, 57), (42, 58), (42, 59), (42, 61), (42, 63), (42, 64), (42, 65), (43, 66), (44, 66), (45, 66), (46, 66), (47, 66), (49, 56), (49, 66), (50, 56), (50, 66), (51, 56), (51, 66), (52, 57), (52, 58), (52, 59), (52, 60), (52, 61), (52, 62), (52, 63), (52, 65)]
2025-11-23 14:28:14,732 - create_connect_point - INFO - [create_connect_point.py:205] - cCPbrap[(47, 56), (45, 56), (43, 56), (46, 56)]
2025-11-23 14:28:14,732 - create_connect_point - INFO - [create_connect_point.py:176] - 还存在连接点
2025-11-23 14:28:14,732 - create_connect_point - INFO - [create_connect_point.py:178] - 
可选择房间集合[0, 1, 2, 4, 5, 6, 7, 8, 10, 12, 13, 15, 16, 17, 18, 19, 20, 21, 22, 23, 24, 26, 27, 28, 29, 30, 32, 34, 35, 36, 38, 40, 43, 44, 46, 47, 48, 49, 52, 53, 54, 55, 56, 57, 58, 59, 60, 63, 64, 65, 67, 69, 70, 71, 78, 80, 81, 82, 84, 85, 86, 87, 89, 91, 92, 94, 96, 97, 99]
2025-11-23 14:28:14,732 - create_connect_point - INFO - [create_connect_point.py:180] - 
选择房间26:(89,1)-(97,9)
	[(88, 1), (88, 3), (88, 4), (88, 5), (88, 6), (88, 7), (88, 8), (88, 9), (89, 10), (90, 10), (91, 10), (98, 5), (98, 6), (98, 7), (98, 9)]
2025-11-23 14:28:14,732 - create_connect_point - INFO - [create_connect_point.py:183] - 选择点(88, 5)
2025-11-23 14:28:14,733 - create_connect_point - INFO - [create_connect_point.py:201] - 找到对应path
2025-11-23 14:28:14,733 - create_connect_point - INFO - [create_connect_point.py:120] - 找到与room相连的path，通过邻居点 {(87, 5)}
2025-11-23 14:28:14,733 - create_connect_point - INFO - [create_connect_point.py:136] - 移除了{(88, 4), (88, 7), (88, 6), (88, 3), (88, 9), (88, 8), (88, 5), (88, 1)}，剩下26:[(89, 10), (90, 10), (91, 10), (98, 5), (98, 6), (98, 7), (98, 9)]
2025-11-23 14:28:14,733 - create_connect_point - INFO - [create_connect_point.py:205] - cCPbrap[(88, 4), (88, 7), (88, 6), (88, 3), (88, 9), (88, 8), (88, 5), (88, 1)]
2025-11-23 14:28:14,733 - create_connect_point - INFO - [create_connect_point.py:176] - 还存在连接点
2025-11-23 14:28:14,733 - create_connect_point - INFO - [create_connect_point.py:178] - 
可选择房间集合[0, 1, 2, 4, 5, 6, 7, 8, 10, 12, 13, 15, 16, 17, 18, 19, 20, 21, 22, 23, 24, 26, 27, 28, 29, 30, 32, 34, 35, 36, 38, 40, 43, 44, 46, 47, 48, 49, 52, 53, 54, 55, 56, 57, 58, 59, 60, 63, 64, 65, 67, 69, 70, 71, 78, 80, 81, 82, 84, 85, 86, 87, 89, 91, 92, 94, 96, 97, 99]
2025-11-23 14:28:14,733 - create_connect_point - INFO - [create_connect_point.py:180] - 
选择房间24:(31,51)-(39,59)
	[(30, 51), (30, 53), (30, 54), (30, 55), (30, 56), (30, 57), (30, 58), (30, 59), (31, 50), (31, 60), (32, 50), (33, 50), (33, 60), (34, 60), (35, 50), (35, 60), (36, 50), (36, 60), (37, 50), (37, 60), (38, 50), (39, 50), (39, 60), (40, 57), (40, 58), (40, 59)]
2025-11-23 14:28:14,733 - create_connect_point - INFO - [create_connect_point.py:183] - 选择点(32, 50)
2025-11-23 14:28:14,733 - create_connect_point - INFO - [create_connect_point.py:201] - 找到对应path
2025-11-23 14:28:14,733 - create_connect_point - INFO - [create_connect_point.py:120] - 找到与room相连的path，通过邻居点 {(32, 49)}
2025-11-23 14:28:14,733 - create_connect_point - INFO - [create_connect_point.py:136] - 移除了{(30, 58), (30, 55), (33, 60), (38, 50), (35, 60), (31, 50), (30, 51), (37, 60), (30, 54), (33, 50), (30, 57), (35, 50), (39, 50), (37, 50), (34, 60), (36, 60), (30, 56), (30, 53), (30, 59), (32, 50), (31, 60), (36, 50)}，剩下24:[(39, 60), (40, 57), (40, 58), (40, 59)]
2025-11-23 14:28:14,733 - create_connect_point - INFO - [create_connect_point.py:205] - cCPbrap[(30, 58), (30, 55), (33, 60), (38, 50), (35, 60), (31, 50), (30, 51), (37, 60), (30, 54), (33, 50), (30, 57), (35, 50), (39, 50), (37, 50), (34, 60), (36, 60), (30, 56), (30, 53), (30, 59), (32, 50), (31, 60), (36, 50)]
2025-11-23 14:28:14,733 - create_connect_point - INFO - [create_connect_point.py:176] - 还存在连接点
2025-11-23 14:28:14,733 - create_connect_point - INFO - [create_connect_point.py:178] - 
可选择房间集合[0, 1, 2, 4, 5, 6, 7, 8, 10, 12, 13, 15, 16, 17, 18, 19, 20, 21, 22, 23, 24, 26, 27, 28, 29, 30, 32, 34, 35, 36, 38, 40, 43, 44, 46, 47, 48, 49, 52, 53, 54, 55, 56, 57, 58, 59, 60, 63, 64, 65, 67, 69, 70, 71, 78, 80, 81, 82, 84, 85, 86, 87, 89, 91, 92, 94, 96, 97, 99]
2025-11-23 14:28:14,733 - create_connect_point - INFO - [create_connect_point.py:180] - 
选择房间63:(91,51)-(95,55)
	[(91, 50), (91, 56), (93, 50), (94, 50), (95, 50)]
2025-11-23 14:28:14,733 - create_connect_point - INFO - [create_connect_point.py:183] - 选择点(93, 50)
2025-11-23 14:28:14,733 - create_connect_point - INFO - [create_connect_point.py:201] - 找到对应path
2025-11-23 14:28:14,733 - create_connect_point - INFO - [create_connect_point.py:120] - 找到与room相连的path，通过邻居点 {(93, 49)}
2025-11-23 14:28:14,734 - create_connect_point - INFO - [create_connect_point.py:136] - 移除了{(94, 50), (95, 50), (93, 50)}，剩下63:[(91, 50), (91, 56)]
2025-11-23 14:28:14,734 - create_connect_point - INFO - [create_connect_point.py:205] - cCPbrap[(94, 50), (95, 50), (93, 50)]
2025-11-23 14:28:14,734 - create_connect_point - INFO - [create_connect_point.py:176] - 还存在连接点
2025-11-23 14:28:14,734 - create_connect_point - INFO - [create_connect_point.py:178] - 
可选择房间集合[0, 1, 2, 4, 5, 6, 7, 8, 10, 12, 13, 15, 16, 17, 18, 19, 20, 21, 22, 23, 24, 26, 27, 28, 29, 30, 32, 34, 35, 36, 38, 40, 43, 44, 46, 47, 48, 49, 52, 53, 54, 55, 56, 57, 58, 59, 60, 63, 64, 65, 67, 69, 70, 71, 78, 80, 81, 82, 84, 85, 86, 87, 89, 91, 92, 94, 96, 97, 99]
2025-11-23 14:28:14,734 - create_connect_point - INFO - [create_connect_point.py:180] - 
选择房间40:(9,87)-(17,95)
	[(8, 93), (8, 94), (8, 95), (9, 86), (9, 96), (10, 86), (10, 96), (11, 86), (11, 96), (12, 86), (13, 86), (13, 96), (15, 86), (15, 96), (16, 86), (16, 96), (17, 86), (17, 96), (18, 87), (18, 88), (18, 89), (18, 90), (18, 91), (18, 92), (18, 93), (18, 94), (18, 95)]
2025-11-23 14:28:14,734 - create_connect_point - INFO - [create_connect_point.py:183] - 选择点(17, 96)
2025-11-23 14:28:14,734 - create_connect_point - INFO - [create_connect_point.py:201] - 找到对应path
2025-11-23 14:28:14,734 - create_connect_point - INFO - [create_connect_point.py:120] - 找到与room相连的path，通过邻居点 {(17, 97)}
2025-11-23 14:28:14,734 - create_connect_point - INFO - [create_connect_point.py:136] - 移除了{(18, 87), (18, 90), (16, 96), (18, 93), (12, 86), (16, 86), (18, 89), (15, 96), (13, 96), (18, 92), (18, 95), (9, 86), (11, 86), (17, 96), (13, 86), (15, 86), (18, 88), (18, 94), (18, 91), (17, 86), (10, 86)}，剩下40:[(8, 93), (8, 94), (8, 95), (9, 96), (10, 96), (11, 96)]
2025-11-23 14:28:14,734 - create_connect_point - INFO - [create_connect_point.py:205] - cCPbrap[(18, 87), (18, 90), (16, 96), (18, 93), (12, 86), (16, 86), (18, 89), (15, 96), (13, 96), (18, 92), (18, 95), (9, 86), (11, 86), (17, 96), (13, 86), (15, 86), (18, 88), (18, 94), (18, 91), (17, 86), (10, 86)]
2025-11-23 14:28:14,734 - create_connect_point - INFO - [create_connect_point.py:176] - 还存在连接点
2025-11-23 14:28:14,734 - create_connect_point - INFO - [create_connect_point.py:178] - 
可选择房间集合[0, 1, 2, 4, 5, 6, 7, 8, 10, 12, 13, 15, 16, 17, 18, 19, 20, 21, 22, 23, 24, 26, 27, 28, 29, 30, 32, 34, 35, 36, 38, 40, 43, 44, 46, 47, 48, 49, 52, 53, 54, 55, 56, 57, 58, 59, 60, 63, 64, 65, 67, 69, 70, 71, 78, 80, 81, 82, 84, 85, 86, 87, 89, 91, 92, 94, 96, 97, 99]
2025-11-23 14:28:14,734 - create_connect_point - INFO - [create_connect_point.py:180] - 
选择房间70:(51,51)-(57,53)
	[(50, 53)]
2025-11-23 14:28:14,734 - create_connect_point - INFO - [create_connect_point.py:183] - 选择点(50, 53)
2025-11-23 14:28:14,734 - create_connect_point - INFO - [create_connect_point.py:201] - 找到对应path
2025-11-23 14:28:14,734 - create_connect_point - INFO - [create_connect_point.py:120] - 找到与room相连的path，通过邻居点 {(49, 53)}
2025-11-23 14:28:14,734 - create_connect_point - INFO - [create_connect_point.py:136] - 移除了{(50, 53)}，剩下70:[]
2025-11-23 14:28:14,734 - create_connect_point - INFO - [create_connect_point.py:205] - cCPbrap[(50, 53)]
2025-11-23 14:28:14,734 - create_connect_point - INFO - [create_connect_point.py:176] - 还存在连接点
2025-11-23 14:28:14,735 - create_connect_point - INFO - [create_connect_point.py:178] - 
可选择房间集合[0, 1, 2, 4, 5, 6, 7, 8, 10, 12, 13, 15, 16, 17, 18, 19, 20, 21, 22, 23, 24, 26, 27, 28, 29, 30, 32, 34, 35, 36, 38, 40, 43, 44, 46, 47, 48, 49, 52, 53, 54, 55, 56, 57, 58, 59, 60, 63, 64, 65, 67, 69, 71, 78, 80, 81, 82, 84, 85, 86, 87, 89, 91, 92, 94, 96, 97, 99]
2025-11-23 14:28:14,735 - create_connect_point - INFO - [create_connect_point.py:180] - 
选择房间47:(87,91)-(89,99)
	[(86, 91), (86, 92), (86, 93), (86, 95), (86, 97), (86, 99), (87, 90), (89, 90), (90, 91), (90, 92), (90, 93), (90, 94), (90, 95), (90, 96), (90, 97), (90, 99)]
2025-11-23 14:28:14,735 - create_connect_point - INFO - [create_connect_point.py:183] - 选择点(90, 92)
2025-11-23 14:28:14,735 - create_connect_point - INFO - [create_connect_point.py:201] - 找到对应path
2025-11-23 14:28:14,735 - create_connect_point - INFO - [create_connect_point.py:120] - 找到与room相连的path，通过邻居点 {(91, 92)}
2025-11-23 14:28:14,735 - create_connect_point - INFO - [create_connect_point.py:136] - 移除了{(90, 91), (90, 94), (90, 97), (90, 96), (90, 93), (90, 99), (90, 92), (90, 95)}，剩下47:[(86, 91), (86, 92), (86, 93), (86, 95), (86, 97), (86, 99), (87, 90), (89, 90)]
2025-11-23 14:28:14,735 - create_connect_point - INFO - [create_connect_point.py:205] - cCPbrap[(90, 91), (90, 94), (90, 97), (90, 96), (90, 93), (90, 99), (90, 92), (90, 95)]
2025-11-23 14:28:14,735 - create_connect_point - INFO - [create_connect_point.py:176] - 还存在连接点
2025-11-23 14:28:14,735 - create_connect_point - INFO - [create_connect_point.py:178] - 
可选择房间集合[0, 1, 2, 4, 5, 6, 7, 8, 10, 12, 13, 15, 16, 17, 18, 19, 20, 21, 22, 23, 24, 26, 27, 28, 29, 30, 32, 34, 35, 36, 38, 40, 43, 44, 46, 47, 48, 49, 52, 53, 54, 55, 56, 57, 58, 59, 60, 63, 64, 65, 67, 69, 71, 78, 80, 81, 82, 84, 85, 86, 87, 89, 91, 92, 94, 96, 97, 99]
2025-11-23 14:28:14,735 - create_connect_point - INFO - [create_connect_point.py:180] - 
选择房间20:(7,63)-(13,67)
	[(6, 63), (6, 64), (6, 65), (6, 66), (6, 67), (7, 62), (7, 68), (8, 62), (9, 62)]
2025-11-23 14:28:14,735 - create_connect_point - INFO - [create_connect_point.py:183] - 选择点(6, 63)
2025-11-23 14:28:14,735 - create_connect_point - INFO - [create_connect_point.py:201] - 找到对应path
2025-11-23 14:28:14,735 - create_connect_point - INFO - [create_connect_point.py:120] - 找到与room相连的path，通过邻居点 {(5, 63)}
2025-11-23 14:28:14,735 - create_connect_point - INFO - [create_connect_point.py:136] - 移除了{(6, 63), (7, 62), (6, 66), (8, 62), (9, 62), (6, 65), (6, 64), (6, 67)}，剩下20:[(7, 68)]
2025-11-23 14:28:14,735 - create_connect_point - INFO - [create_connect_point.py:205] - cCPbrap[(6, 63), (7, 62), (6, 66), (8, 62), (9, 62), (6, 65), (6, 64), (6, 67)]
2025-11-23 14:28:14,735 - create_connect_point - INFO - [create_connect_point.py:176] - 还存在连接点
2025-11-23 14:28:14,735 - create_connect_point - INFO - [create_connect_point.py:178] - 
可选择房间集合[0, 1, 2, 4, 5, 6, 7, 8, 10, 12, 13, 15, 16, 17, 18, 19, 20, 21, 22, 23, 24, 26, 27, 28, 29, 30, 32, 34, 35, 36, 38, 40, 43, 44, 46, 47, 48, 49, 52, 53, 54, 55, 56, 57, 58, 59, 60, 63, 64, 65, 67, 69, 71, 78, 80, 81, 82, 84, 85, 86, 87, 89, 91, 92, 94, 96, 97, 99]
2025-11-23 14:28:14,736 - create_connect_point - INFO - [create_connect_point.py:180] - 
选择房间35:(55,43)-(63,49)
	[(54, 47), (54, 48), (54, 49), (59, 50), (60, 50), (61, 50), (63, 50)]
2025-11-23 14:28:14,736 - create_connect_point - INFO - [create_connect_point.py:183] - 选择点(60, 50)
2025-11-23 14:28:14,736 - create_connect_point - INFO - [create_connect_point.py:201] - 找到对应path
2025-11-23 14:28:14,736 - create_connect_point - INFO - [create_connect_point.py:120] - 找到与room相连的path，通过邻居点 {(60, 51)}
2025-11-23 14:28:14,736 - create_connect_point - INFO - [create_connect_point.py:136] - 移除了{(61, 50), (59, 50), (60, 50)}，剩下35:[(54, 47), (54, 48), (54, 49), (63, 50)]
2025-11-23 14:28:14,736 - create_connect_point - INFO - [create_connect_point.py:205] - cCPbrap[(61, 50), (59, 50), (60, 50)]
2025-11-23 14:28:14,736 - create_connect_point - INFO - [create_connect_point.py:176] - 还存在连接点
2025-11-23 14:28:14,736 - create_connect_point - INFO - [create_connect_point.py:178] - 
可选择房间集合[0, 1, 2, 4, 5, 6, 7, 8, 10, 12, 13, 15, 16, 17, 18, 19, 20, 21, 22, 23, 24, 26, 27, 28, 29, 30, 32, 34, 35, 36, 38, 40, 43, 44, 46, 47, 48, 49, 52, 53, 54, 55, 56, 57, 58, 59, 60, 63, 64, 65, 67, 69, 71, 78, 80, 81, 82, 84, 85, 86, 87, 89, 91, 92, 94, 96, 97, 99]
2025-11-23 14:28:14,736 - create_connect_point - INFO - [create_connect_point.py:180] - 
选择房间59:(5,23)-(7,29)
	[(4, 25), (4, 26), (4, 27), (4, 29), (5, 22), (5, 30), (6, 22), (6, 30), (7, 22), (7, 30), (8, 23), (8, 25), (8, 26), (8, 27), (8, 28), (8, 29)]
2025-11-23 14:28:14,736 - create_connect_point - INFO - [create_connect_point.py:183] - 选择点(8, 28)
2025-11-23 14:28:14,736 - create_connect_point - INFO - [create_connect_point.py:201] - 找到对应path
2025-11-23 14:28:14,736 - create_connect_point - INFO - [create_connect_point.py:120] - 找到与room相连的path，通过邻居点 {(9, 28)}
2025-11-23 14:28:14,736 - create_connect_point - INFO - [create_connect_point.py:136] - 移除了{(4, 26), (4, 29), (8, 27), (8, 26), (4, 25), (8, 29), (8, 25), (7, 22), (8, 28), (4, 27), (5, 22), (6, 22)}，剩下59:[(5, 30), (6, 30), (7, 30), (8, 23)]
2025-11-23 14:28:14,736 - create_connect_point - INFO - [create_connect_point.py:205] - cCPbrap[(4, 26), (4, 29), (8, 27), (8, 26), (4, 25), (8, 29), (8, 25), (7, 22), (8, 28), (4, 27), (5, 22), (6, 22)]
2025-11-23 14:28:14,736 - create_connect_point - INFO - [create_connect_point.py:176] - 还存在连接点
2025-11-23 14:28:14,736 - create_connect_point - INFO - [create_connect_point.py:178] - 
可选择房间集合[0, 1, 2, 4, 5, 6, 7, 8, 10, 12, 13, 15, 16, 17, 18, 19, 20, 21, 22, 23, 24, 26, 27, 28, 29, 30, 32, 34, 35, 36, 38, 40, 43, 44, 46, 47, 48, 49, 52, 53, 54, 55, 56, 57, 58, 59, 60, 63, 64, 65, 67, 69, 71, 78, 80, 81, 82, 84, 85, 86, 87, 89, 91, 92, 94, 96, 97, 99]
2025-11-23 14:28:14,736 - create_connect_point - INFO - [create_connect_point.py:180] - 
选择房间91:(93,11)-(97,15)
	[(92, 11), (92, 12), (92, 13), (92, 14), (92, 15), (98, 11), (98, 12), (98, 13), (98, 14), (98, 15)]
2025-11-23 14:28:14,736 - create_connect_point - INFO - [create_connect_point.py:183] - 选择点(92, 14)
2025-11-23 14:28:14,736 - create_connect_point - INFO - [create_connect_point.py:201] - 找到对应path
2025-11-23 14:28:14,737 - create_connect_point - INFO - [create_connect_point.py:120] - 找到与room相连的path，通过邻居点 {(91, 14)}
2025-11-23 14:28:14,737 - create_connect_point - INFO - [create_connect_point.py:136] - 移除了{(92, 13), (92, 12), (92, 15), (92, 11), (92, 14)}，剩下91:[(98, 11), (98, 12), (98, 13), (98, 14), (98, 15)]
2025-11-23 14:28:14,737 - create_connect_point - INFO - [create_connect_point.py:205] - cCPbrap[(92, 13), (92, 12), (92, 15), (92, 11), (92, 14)]
2025-11-23 14:28:14,737 - create_connect_point - INFO - [create_connect_point.py:176] - 还存在连接点
2025-11-23 14:28:14,737 - create_connect_point - INFO - [create_connect_point.py:178] - 
可选择房间集合[0, 1, 2, 4, 5, 6, 7, 8, 10, 12, 13, 15, 16, 17, 18, 19, 20, 21, 22, 23, 24, 26, 27, 28, 29, 30, 32, 34, 35, 36, 38, 40, 43, 44, 46, 47, 48, 49, 52, 53, 54, 55, 56, 57, 58, 59, 60, 63, 64, 65, 67, 69, 71, 78, 80, 81, 82, 84, 85, 86, 87, 89, 91, 92, 94, 96, 97, 99]
2025-11-23 14:28:14,737 - create_connect_point - INFO - [create_connect_point.py:180] - 
选择房间13:(11,51)-(17,57)
	[(10, 51), (11, 58), (12, 58), (13, 58), (15, 58), (17, 50), (17, 58), (18, 51), (18, 53), (18, 55), (18, 56), (18, 57)]
2025-11-23 14:28:14,737 - create_connect_point - INFO - [create_connect_point.py:183] - 选择点(13, 58)
2025-11-23 14:28:14,737 - create_connect_point - INFO - [create_connect_point.py:188] - 
找到对应room44:(11,59)-(13,61)
	[(10, 59), (10, 61), (11, 58), (12, 58), (13, 58), (14, 59), (14, 61)]
2025-11-23 14:28:14,737 - create_connect_point - INFO - [create_connect_point.py:89] - 
移除了{(11, 58), (12, 58), (13, 58)}
剩下13:[(10, 51), (15, 58), (17, 50), (17, 58), (18, 51), (18, 53), (18, 55), (18, 56), (18, 57)]
44:[(10, 59), (10, 61), (14, 59), (14, 61)]
2025-11-23 14:28:14,737 - create_connect_point - INFO - [create_connect_point.py:193] - cCPbrar[(11, 58), (12, 58), (13, 58)]
2025-11-23 14:28:14,737 - create_connect_point - INFO - [create_connect_point.py:176] - 还存在连接点
2025-11-23 14:28:14,737 - create_connect_point - INFO - [create_connect_point.py:178] - 
可选择房间集合[0, 1, 2, 4, 5, 6, 7, 8, 10, 12, 13, 15, 16, 17, 18, 19, 20, 21, 22, 23, 24, 26, 27, 28, 29, 30, 32, 34, 35, 36, 38, 40, 43, 44, 46, 47, 48, 49, 52, 53, 54, 55, 56, 57, 58, 59, 60, 63, 64, 65, 67, 69, 71, 78, 80, 81, 82, 84, 85, 86, 87, 89, 91, 92, 94, 96, 97, 99]
2025-11-23 14:28:14,737 - create_connect_point - INFO - [create_connect_point.py:180] - 
选择房间60:(23,33)-(31,35)
	[(23, 36), (25, 36), (26, 36), (27, 36), (28, 36), (29, 36), (30, 36), (31, 36)]
2025-11-23 14:28:14,737 - create_connect_point - INFO - [create_connect_point.py:183] - 选择点(31, 36)
2025-11-23 14:28:14,737 - create_connect_point - INFO - [create_connect_point.py:188] - 
找到对应room86:(25,37)-(31,39)
	[(24, 37), (24, 38), (24, 39), (25, 36), (25, 40), (26, 36), (26, 40), (27, 36), (27, 40), (28, 36), (28, 40), (29, 36), (29, 40), (30, 36), (31, 36), (31, 40), (32, 37), (32, 38), (32, 39)]
2025-11-23 14:28:14,737 - create_connect_point - INFO - [create_connect_point.py:89] - 
移除了{(28, 36), (29, 36), (30, 36), (31, 36), (26, 36), (27, 36), (25, 36)}
剩下60:[(23, 36)]
86:[(24, 37), (24, 38), (24, 39), (25, 40), (26, 40), (27, 40), (28, 40), (29, 40), (31, 40), (32, 37), (32, 38), (32, 39)]
2025-11-23 14:28:14,737 - create_connect_point - INFO - [create_connect_point.py:193] - cCPbrar[(28, 36), (29, 36), (30, 36), (31, 36), (26, 36), (27, 36), (25, 36)]
2025-11-23 14:28:14,737 - create_connect_point - INFO - [create_connect_point.py:176] - 还存在连接点
2025-11-23 14:28:14,737 - create_connect_point - INFO - [create_connect_point.py:178] - 
可选择房间集合[0, 1, 2, 4, 5, 6, 7, 8, 10, 12, 13, 15, 16, 17, 18, 19, 20, 21, 22, 23, 24, 26, 27, 28, 29, 30, 32, 34, 35, 36, 38, 40, 43, 44, 46, 47, 48, 49, 52, 53, 54, 55, 56, 57, 58, 59, 60, 63, 64, 65, 67, 69, 71, 78, 80, 81, 82, 84, 85, 86, 87, 89, 91, 92, 94, 96, 97, 99]
2025-11-23 14:28:14,738 - create_connect_point - INFO - [create_connect_point.py:180] - 
选择房间6:(49,91)-(53,97)
	[(48, 91), (48, 93), (48, 94), (48, 95), (48, 96), (48, 97), (49, 98), (50, 98), (51, 90), (51, 98), (52, 90), (53, 90), (54, 91), (54, 93), (54, 94), (54, 95), (54, 96), (54, 97)]
2025-11-23 14:28:14,738 - create_connect_point - INFO - [create_connect_point.py:183] - 选择点(51, 98)
2025-11-23 14:28:14,738 - create_connect_point - INFO - [create_connect_point.py:201] - 找到对应path
2025-11-23 14:28:14,738 - create_connect_point - INFO - [create_connect_point.py:120] - 找到与room相连的path，通过邻居点 {(51, 99)}
2025-11-23 14:28:14,738 - create_connect_point - INFO - [create_connect_point.py:136] - 移除了{(48, 95), (48, 91), (51, 98), (48, 94), (48, 97), (52, 90), (53, 90), (48, 96), (48, 93), (49, 98), (51, 90), (50, 98)}，剩下6:[(54, 91), (54, 93), (54, 94), (54, 95), (54, 96), (54, 97)]
2025-11-23 14:28:14,738 - create_connect_point - INFO - [create_connect_point.py:205] - cCPbrap[(48, 95), (48, 91), (51, 98), (48, 94), (48, 97), (52, 90), (53, 90), (48, 96), (48, 93), (49, 98), (51, 90), (50, 98)]
2025-11-23 14:28:14,738 - create_connect_point - INFO - [create_connect_point.py:176] - 还存在连接点
2025-11-23 14:28:14,738 - create_connect_point - INFO - [create_connect_point.py:178] - 
可选择房间集合[0, 1, 2, 4, 5, 6, 7, 8, 10, 12, 13, 15, 16, 17, 18, 19, 20, 21, 22, 23, 24, 26, 27, 28, 29, 30, 32, 34, 35, 36, 38, 40, 43, 44, 46, 47, 48, 49, 52, 53, 54, 55, 56, 57, 58, 59, 60, 63, 64, 65, 67, 69, 71, 78, 80, 81, 82, 84, 85, 86, 87, 89, 91, 92, 94, 96, 97, 99]
2025-11-23 14:28:14,738 - create_connect_point - INFO - [create_connect_point.py:180] - 
选择房间82:(19,37)-(21,45)
	[(18, 37), (18, 39), (18, 40), (18, 41), (18, 42), (18, 43), (18, 44), (18, 45), (19, 36), (19, 46), (20, 46), (21, 36), (21, 46), (22, 37), (22, 38), (22, 39), (22, 41), (22, 42), (22, 43), (22, 45)]
2025-11-23 14:28:14,738 - create_connect_point - INFO - [create_connect_point.py:183] - 选择点(22, 45)
2025-11-23 14:28:14,738 - create_connect_point - INFO - [create_connect_point.py:201] - 找到对应path
2025-11-23 14:28:14,738 - create_connect_point - INFO - [create_connect_point.py:120] - 找到与room相连的path，通过邻居点 {(23, 45)}
2025-11-23 14:28:14,738 - create_connect_point - INFO - [create_connect_point.py:136] - 移除了{(22, 41), (19, 46), (20, 46), (22, 43), (22, 42), (22, 45), (21, 46)}，剩下82:[(18, 37), (18, 39), (18, 40), (18, 41), (18, 42), (18, 43), (18, 44), (18, 45), (19, 36), (21, 36), (22, 37), (22, 38), (22, 39)]
2025-11-23 14:28:14,738 - create_connect_point - INFO - [create_connect_point.py:205] - cCPbrap[(22, 41), (19, 46), (20, 46), (22, 43), (22, 42), (22, 45), (21, 46)]
2025-11-23 14:28:14,738 - create_connect_point - INFO - [create_connect_point.py:176] - 还存在连接点
2025-11-23 14:28:14,738 - create_connect_point - INFO - [create_connect_point.py:178] - 
可选择房间集合[0, 1, 2, 4, 5, 6, 7, 8, 10, 12, 13, 15, 16, 17, 18, 19, 20, 21, 22, 23, 24, 26, 27, 28, 29, 30, 32, 34, 35, 36, 38, 40, 43, 44, 46, 47, 48, 49, 52, 53, 54, 55, 56, 57, 58, 59, 60, 63, 64, 65, 67, 69, 71, 78, 80, 81, 82, 84, 85, 86, 87, 89, 91, 92, 94, 96, 97, 99]
2025-11-23 14:28:14,738 - create_connect_point - INFO - [create_connect_point.py:180] - 
选择房间8:(21,9)-(27,11)
	[(20, 9), (20, 10), (20, 11), (21, 8), (22, 8), (23, 8), (25, 8), (26, 8), (27, 8), (27, 12), (28, 9), (28, 11)]
2025-11-23 14:28:14,738 - create_connect_point - INFO - [create_connect_point.py:183] - 选择点(21, 8)
2025-11-23 14:28:14,738 - create_connect_point - INFO - [create_connect_point.py:201] - 找到对应path
2025-11-23 14:28:14,738 - create_connect_point - INFO - [create_connect_point.py:120] - 找到与room相连的path，通过邻居点 {(21, 7)}
2025-11-23 14:28:14,738 - create_connect_point - INFO - [create_connect_point.py:136] - 移除了{(20, 11), (22, 8), (27, 8), (26, 8), (20, 10), (25, 8), (20, 9), (21, 8), (23, 8)}，剩下8:[(27, 12), (28, 9), (28, 11)]
2025-11-23 14:28:14,739 - create_connect_point - INFO - [create_connect_point.py:205] - cCPbrap[(20, 11), (22, 8), (27, 8), (26, 8), (20, 10), (25, 8), (20, 9), (21, 8), (23, 8)]
2025-11-23 14:28:14,739 - create_connect_point - INFO - [create_connect_point.py:176] - 还存在连接点
2025-11-23 14:28:14,739 - create_connect_point - INFO - [create_connect_point.py:178] - 
可选择房间集合[0, 1, 2, 4, 5, 6, 7, 8, 10, 12, 13, 15, 16, 17, 18, 19, 20, 21, 22, 23, 24, 26, 27, 28, 29, 30, 32, 34, 35, 36, 38, 40, 43, 44, 46, 47, 48, 49, 52, 53, 54, 55, 56, 57, 58, 59, 60, 63, 64, 65, 67, 69, 71, 78, 80, 81, 82, 84, 85, 86, 87, 89, 91, 92, 94, 96, 97, 99]
2025-11-23 14:28:14,739 - create_connect_point - INFO - [create_connect_point.py:180] - 
选择房间2:(63,51)-(65,53)
	[(63, 50)]
2025-11-23 14:28:14,739 - create_connect_point - INFO - [create_connect_point.py:183] - 选择点(63, 50)
2025-11-23 14:28:14,739 - create_connect_point - INFO - [create_connect_point.py:188] - 
找到对应room35:(55,43)-(63,49)
	[(54, 47), (54, 48), (54, 49), (63, 50)]
2025-11-23 14:28:14,739 - create_connect_point - INFO - [create_connect_point.py:89] - 
移除了{(63, 50)}
剩下2:[]
35:[(54, 47), (54, 48), (54, 49)]
2025-11-23 14:28:14,739 - create_connect_point - INFO - [create_connect_point.py:193] - cCPbrar[(63, 50)]
2025-11-23 14:28:14,739 - create_connect_point - INFO - [create_connect_point.py:176] - 还存在连接点
2025-11-23 14:28:14,739 - create_connect_point - INFO - [create_connect_point.py:178] - 
可选择房间集合[0, 1, 4, 5, 6, 7, 8, 10, 12, 13, 15, 16, 17, 18, 19, 20, 21, 22, 23, 24, 26, 27, 28, 29, 30, 32, 34, 35, 36, 38, 40, 43, 44, 46, 47, 48, 49, 52, 53, 54, 55, 56, 57, 58, 59, 60, 63, 64, 65, 67, 69, 71, 78, 80, 81, 82, 84, 85, 86, 87, 89, 91, 92, 94, 96, 97, 99]
2025-11-23 14:28:14,739 - create_connect_point - INFO - [create_connect_point.py:180] - 
选择房间5:(11,47)-(15,49)
	[(10, 47), (10, 48), (10, 49), (11, 46), (13, 46), (14, 46), (15, 46)]
2025-11-23 14:28:14,739 - create_connect_point - INFO - [create_connect_point.py:183] - 选择点(14, 46)
2025-11-23 14:28:14,739 - create_connect_point - INFO - [create_connect_point.py:188] - 
找到对应room64:(13,39)-(17,45)
	[(13, 46), (14, 46), (15, 46), (17, 46), (18, 39), (18, 40), (18, 41), (18, 42), (18, 43), (18, 44), (18, 45)]
2025-11-23 14:28:14,739 - create_connect_point - INFO - [create_connect_point.py:89] - 
移除了{(14, 46), (15, 46), (13, 46)}
剩下5:[(10, 47), (10, 48), (10, 49), (11, 46)]
64:[(17, 46), (18, 39), (18, 40), (18, 41), (18, 42), (18, 43), (18, 44), (18, 45)]
2025-11-23 14:28:14,739 - create_connect_point - INFO - [create_connect_point.py:193] - cCPbrar[(14, 46), (15, 46), (13, 46)]
2025-11-23 14:28:14,739 - create_connect_point - INFO - [create_connect_point.py:176] - 还存在连接点
2025-11-23 14:28:14,739 - create_connect_point - INFO - [create_connect_point.py:178] - 
可选择房间集合[0, 1, 4, 5, 6, 7, 8, 10, 12, 13, 15, 16, 17, 18, 19, 20, 21, 22, 23, 24, 26, 27, 28, 29, 30, 32, 34, 35, 36, 38, 40, 43, 44, 46, 47, 48, 49, 52, 53, 54, 55, 56, 57, 58, 59, 60, 63, 64, 65, 67, 69, 71, 78, 80, 81, 82, 84, 85, 86, 87, 89, 91, 92, 94, 96, 97, 99]
2025-11-23 14:28:14,739 - create_connect_point - INFO - [create_connect_point.py:180] - 
选择房间54:(21,49)-(23,53)
	[(20, 49), (20, 50), (20, 51), (21, 48), (22, 48), (23, 48)]
2025-11-23 14:28:14,739 - create_connect_point - INFO - [create_connect_point.py:183] - 选择点(20, 50)
2025-11-23 14:28:14,739 - create_connect_point - INFO - [create_connect_point.py:201] - 找到对应path
2025-11-23 14:28:14,739 - create_connect_point - INFO - [create_connect_point.py:120] - 找到与room相连的path，通过邻居点 {(19, 50)}
2025-11-23 14:28:14,739 - create_connect_point - INFO - [create_connect_point.py:136] - 移除了{(20, 50), (20, 49), (21, 48), (23, 48), (20, 51), (22, 48)}，剩下54:[]
2025-11-23 14:28:14,740 - create_connect_point - INFO - [create_connect_point.py:205] - cCPbrap[(20, 50), (20, 49), (21, 48), (23, 48), (20, 51), (22, 48)]
2025-11-23 14:28:14,740 - create_connect_point - INFO - [create_connect_point.py:176] - 还存在连接点
2025-11-23 14:28:14,740 - create_connect_point - INFO - [create_connect_point.py:178] - 
可选择房间集合[0, 1, 4, 5, 6, 7, 8, 10, 12, 13, 15, 16, 17, 18, 19, 20, 21, 22, 23, 24, 26, 27, 28, 29, 30, 32, 34, 35, 36, 38, 40, 43, 44, 46, 47, 48, 49, 52, 53, 55, 56, 57, 58, 59, 60, 63, 64, 65, 67, 69, 71, 78, 80, 81, 82, 84, 85, 86, 87, 89, 91, 92, 94, 96, 97, 99]
2025-11-23 14:28:14,740 - create_connect_point - INFO - [create_connect_point.py:180] - 
选择房间60:(23,33)-(31,35)
	[(23, 36)]
2025-11-23 14:28:14,740 - create_connect_point - INFO - [create_connect_point.py:183] - 选择点(23, 36)
2025-11-23 14:28:14,740 - create_connect_point - INFO - [create_connect_point.py:201] - 找到对应path
2025-11-23 14:28:14,740 - create_connect_point - INFO - [create_connect_point.py:120] - 找到与room相连的path，通过邻居点 {(23, 37)}
2025-11-23 14:28:14,740 - create_connect_point - INFO - [create_connect_point.py:136] - 移除了{(23, 36)}，剩下60:[]
2025-11-23 14:28:14,740 - create_connect_point - INFO - [create_connect_point.py:205] - cCPbrap[(23, 36)]
2025-11-23 14:28:14,740 - create_connect_point - INFO - [create_connect_point.py:176] - 还存在连接点
2025-11-23 14:28:14,740 - create_connect_point - INFO - [create_connect_point.py:178] - 
可选择房间集合[0, 1, 4, 5, 6, 7, 8, 10, 12, 13, 15, 16, 17, 18, 19, 20, 21, 22, 23, 24, 26, 27, 28, 29, 30, 32, 34, 35, 36, 38, 40, 43, 44, 46, 47, 48, 49, 52, 53, 55, 56, 57, 58, 59, 63, 64, 65, 67, 69, 71, 78, 80, 81, 82, 84, 85, 86, 87, 89, 91, 92, 94, 96, 97, 99]
2025-11-23 14:28:14,740 - create_connect_point - INFO - [create_connect_point.py:180] - 
选择房间0:(77,9)-(85,11)
	[(76, 9), (77, 8), (78, 8), (79, 8), (81, 8), (82, 8), (83, 8), (84, 8), (85, 8), (86, 9)]
2025-11-23 14:28:14,740 - create_connect_point - INFO - [create_connect_point.py:183] - 选择点(85, 8)
2025-11-23 14:28:14,740 - create_connect_point - INFO - [create_connect_point.py:201] - 找到对应path
2025-11-23 14:28:14,740 - create_connect_point - INFO - [create_connect_point.py:120] - 找到与room相连的path，通过邻居点 {(85, 7)}
2025-11-23 14:28:14,740 - create_connect_point - INFO - [create_connect_point.py:136] - 移除了{(81, 8), (83, 8), (86, 9), (84, 8), (82, 8), (85, 8)}，剩下0:[(76, 9), (77, 8), (78, 8), (79, 8)]
2025-11-23 14:28:14,740 - create_connect_point - INFO - [create_connect_point.py:205] - cCPbrap[(81, 8), (83, 8), (86, 9), (84, 8), (82, 8), (85, 8)]
2025-11-23 14:28:14,740 - create_connect_point - INFO - [create_connect_point.py:176] - 还存在连接点
2025-11-23 14:28:14,740 - create_connect_point - INFO - [create_connect_point.py:178] - 
可选择房间集合[0, 1, 4, 5, 6, 7, 8, 10, 12, 13, 15, 16, 17, 18, 19, 20, 21, 22, 23, 24, 26, 27, 28, 29, 30, 32, 34, 35, 36, 38, 40, 43, 44, 46, 47, 48, 49, 52, 53, 55, 56, 57, 58, 59, 63, 64, 65, 67, 69, 71, 78, 80, 81, 82, 84, 85, 86, 87, 89, 91, 92, 94, 96, 97, 99]
2025-11-23 14:28:14,740 - create_connect_point - INFO - [create_connect_point.py:180] - 
选择房间58:(47,41)-(51,45)
	[(46, 41), (46, 43), (46, 44), (46, 45), (47, 46), (51, 40), (52, 41), (52, 42), (52, 43), (52, 44), (52, 45)]
2025-11-23 14:28:14,740 - create_connect_point - INFO - [create_connect_point.py:183] - 选择点(52, 41)
2025-11-23 14:28:14,740 - create_connect_point - INFO - [create_connect_point.py:201] - 找到对应path
2025-11-23 14:28:14,740 - create_connect_point - INFO - [create_connect_point.py:120] - 找到与room相连的path，通过邻居点 {(53, 41)}
2025-11-23 14:28:14,741 - create_connect_point - INFO - [create_connect_point.py:136] - 移除了{(52, 43), (52, 42), (51, 40), (52, 45), (52, 44), (52, 41)}，剩下58:[(46, 41), (46, 43), (46, 44), (46, 45), (47, 46)]
2025-11-23 14:28:14,741 - create_connect_point - INFO - [create_connect_point.py:205] - cCPbrap[(52, 43), (52, 42), (51, 40), (52, 45), (52, 44), (52, 41)]
2025-11-23 14:28:14,741 - create_connect_point - INFO - [create_connect_point.py:176] - 还存在连接点
2025-11-23 14:28:14,741 - create_connect_point - INFO - [create_connect_point.py:178] - 
可选择房间集合[0, 1, 4, 5, 6, 7, 8, 10, 12, 13, 15, 16, 17, 18, 19, 20, 21, 22, 23, 24, 26, 27, 28, 29, 30, 32, 34, 35, 36, 38, 40, 43, 44, 46, 47, 48, 49, 52, 53, 55, 56, 57, 58, 59, 63, 64, 65, 67, 69, 71, 78, 80, 81, 82, 84, 85, 86, 87, 89, 91, 92, 94, 96, 97, 99]
2025-11-23 14:28:14,741 - create_connect_point - INFO - [create_connect_point.py:180] - 
选择房间5:(11,47)-(15,49)
	[(10, 47), (10, 48), (10, 49), (11, 46)]
2025-11-23 14:28:14,741 - create_connect_point - INFO - [create_connect_point.py:183] - 选择点(10, 49)
2025-11-23 14:28:14,741 - create_connect_point - INFO - [create_connect_point.py:201] - 找到对应path
2025-11-23 14:28:14,741 - create_connect_point - INFO - [create_connect_point.py:120] - 找到与room相连的path，通过邻居点 {(9, 49)}
2025-11-23 14:28:14,741 - create_connect_point - INFO - [create_connect_point.py:136] - 移除了{(11, 46), (10, 49), (10, 47), (10, 48)}，剩下5:[]
2025-11-23 14:28:14,741 - create_connect_point - INFO - [create_connect_point.py:205] - cCPbrap[(11, 46), (10, 49), (10, 47), (10, 48)]
2025-11-23 14:28:14,741 - create_connect_point - INFO - [create_connect_point.py:176] - 还存在连接点
2025-11-23 14:28:14,741 - create_connect_point - INFO - [create_connect_point.py:178] - 
可选择房间集合[0, 1, 4, 6, 7, 8, 10, 12, 13, 15, 16, 17, 18, 19, 20, 21, 22, 23, 24, 26, 27, 28, 29, 30, 32, 34, 35, 36, 38, 40, 43, 44, 46, 47, 48, 49, 52, 53, 55, 56, 57, 58, 59, 63, 64, 65, 67, 69, 71, 78, 80, 81, 82, 84, 85, 86, 87, 89, 91, 92, 94, 96, 97, 99]
2025-11-23 14:28:14,741 - create_connect_point - INFO - [create_connect_point.py:180] - 
选择房间23:(57,15)-(63,21)
	[(56, 15), (57, 14), (57, 22), (58, 14), (58, 22), (59, 14), (59, 22), (60, 22), (61, 14), (61, 22), (62, 14), (63, 14), (63, 22)]
2025-11-23 14:28:14,741 - create_connect_point - INFO - [create_connect_point.py:183] - 选择点(62, 14)
2025-11-23 14:28:14,741 - create_connect_point - INFO - [create_connect_point.py:201] - 找到对应path
2025-11-23 14:28:14,741 - create_connect_point - INFO - [create_connect_point.py:120] - 找到与room相连的path，通过邻居点 {(62, 13)}
2025-11-23 14:28:14,741 - create_connect_point - INFO - [create_connect_point.py:136] - 移除了{(62, 14), (57, 14), (58, 14), (63, 14), (56, 15), (59, 14), (61, 14)}，剩下23:[(57, 22), (58, 22), (59, 22), (60, 22), (61, 22), (63, 22)]
2025-11-23 14:28:14,741 - create_connect_point - INFO - [create_connect_point.py:205] - cCPbrap[(62, 14), (57, 14), (58, 14), (63, 14), (56, 15), (59, 14), (61, 14)]
2025-11-23 14:28:14,741 - create_connect_point - INFO - [create_connect_point.py:176] - 还存在连接点
2025-11-23 14:28:14,741 - create_connect_point - INFO - [create_connect_point.py:178] - 
可选择房间集合[0, 1, 4, 6, 7, 8, 10, 12, 13, 15, 16, 17, 18, 19, 20, 21, 22, 23, 24, 26, 27, 28, 29, 30, 32, 34, 35, 36, 38, 40, 43, 44, 46, 47, 48, 49, 52, 53, 55, 56, 57, 58, 59, 63, 64, 65, 67, 69, 71, 78, 80, 81, 82, 84, 85, 86, 87, 89, 91, 92, 94, 96, 97, 99]
2025-11-23 14:28:14,741 - create_connect_point - INFO - [create_connect_point.py:180] - 
选择房间81:(39,25)-(41,33)
	[(38, 25), (39, 24), (41, 24)]
2025-11-23 14:28:14,741 - create_connect_point - INFO - [create_connect_point.py:183] - 选择点(38, 25)
2025-11-23 14:28:14,742 - create_connect_point - INFO - [create_connect_point.py:188] - 
找到对应room16:(31,17)-(37,25)
	[(30, 21), (30, 23), (30, 24), (30, 25), (31, 16), (31, 26), (32, 16), (33, 16), (33, 26), (34, 16), (34, 26), (35, 16), (35, 26), (36, 16), (36, 26), (37, 16), (37, 26), (38, 17), (38, 25)]
2025-11-23 14:28:14,742 - create_connect_point - INFO - [create_connect_point.py:89] - 
移除了{(38, 25)}
剩下81:[(39, 24), (41, 24)]
16:[(30, 21), (30, 23), (30, 24), (30, 25), (31, 16), (31, 26), (32, 16), (33, 16), (33, 26), (34, 16), (34, 26), (35, 16), (35, 26), (36, 16), (36, 26), (37, 16), (37, 26), (38, 17)]
2025-11-23 14:28:14,742 - create_connect_point - INFO - [create_connect_point.py:193] - cCPbrar[(38, 25)]
2025-11-23 14:28:14,742 - create_connect_point - INFO - [create_connect_point.py:176] - 还存在连接点
2025-11-23 14:28:14,742 - create_connect_point - INFO - [create_connect_point.py:178] - 
可选择房间集合[0, 1, 4, 6, 7, 8, 10, 12, 13, 15, 16, 17, 18, 19, 20, 21, 22, 23, 24, 26, 27, 28, 29, 30, 32, 34, 35, 36, 38, 40, 43, 44, 46, 47, 48, 49, 52, 53, 55, 56, 57, 58, 59, 63, 64, 65, 67, 69, 71, 78, 80, 81, 82, 84, 85, 86, 87, 89, 91, 92, 94, 96, 97, 99]
2025-11-23 14:28:14,742 - create_connect_point - INFO - [create_connect_point.py:180] - 
选择房间29:(83,51)-(87,53)
	[(82, 51), (82, 52), (82, 53), (83, 50), (83, 54), (85, 54)]
2025-11-23 14:28:14,742 - create_connect_point - INFO - [create_connect_point.py:183] - 选择点(83, 50)
2025-11-23 14:28:14,742 - create_connect_point - INFO - [create_connect_point.py:188] - 
找到对应room87:(81,45)-(83,49)
	[(83, 50)]
2025-11-23 14:28:14,742 - create_connect_point - INFO - [create_connect_point.py:89] - 
移除了{(83, 50)}
剩下29:[(82, 51), (82, 52), (82, 53), (83, 54), (85, 54)]
87:[]
2025-11-23 14:28:14,742 - create_connect_point - INFO - [create_connect_point.py:193] - cCPbrar[(83, 50)]
2025-11-23 14:28:14,742 - create_connect_point - INFO - [create_connect_point.py:176] - 还存在连接点
2025-11-23 14:28:14,742 - create_connect_point - INFO - [create_connect_point.py:178] - 
可选择房间集合[0, 1, 4, 6, 7, 8, 10, 12, 13, 15, 16, 17, 18, 19, 20, 21, 22, 23, 24, 26, 27, 28, 29, 30, 32, 34, 35, 36, 38, 40, 43, 44, 46, 47, 48, 49, 52, 53, 55, 56, 57, 58, 59, 63, 64, 65, 67, 69, 71, 78, 80, 81, 82, 84, 85, 86, 89, 91, 92, 94, 96, 97, 99]
2025-11-23 14:28:14,742 - create_connect_point - INFO - [create_connect_point.py:180] - 
选择房间12:(83,57)-(91,63)
	[(82, 57), (82, 59), (82, 61), (82, 63), (83, 56), (83, 64), (85, 56), (87, 56), (88, 56), (89, 56), (91, 56), (91, 64), (92, 57), (92, 59)]
2025-11-23 14:28:14,742 - create_connect_point - INFO - [create_connect_point.py:183] - 选择点(92, 59)
2025-11-23 14:28:14,742 - create_connect_point - INFO - [create_connect_point.py:201] - 找到对应path
2025-11-23 14:28:14,742 - create_connect_point - INFO - [create_connect_point.py:120] - 找到与room相连的path，通过邻居点 {(93, 59)}
2025-11-23 14:28:14,742 - create_connect_point - INFO - [create_connect_point.py:136] - 移除了{(92, 59), (92, 57)}，剩下12:[(82, 57), (82, 59), (82, 61), (82, 63), (83, 56), (83, 64), (85, 56), (87, 56), (88, 56), (89, 56), (91, 56), (91, 64)]
2025-11-23 14:28:14,742 - create_connect_point - INFO - [create_connect_point.py:205] - cCPbrap[(92, 59), (92, 57)]
2025-11-23 14:28:14,742 - create_connect_point - INFO - [create_connect_point.py:176] - 还存在连接点
2025-11-23 14:28:14,743 - create_connect_point - INFO - [create_connect_point.py:178] - 
可选择房间集合[0, 1, 4, 6, 7, 8, 10, 12, 13, 15, 16, 17, 18, 19, 20, 21, 22, 23, 24, 26, 27, 28, 29, 30, 32, 34, 35, 36, 38, 40, 43, 44, 46, 47, 48, 49, 52, 53, 55, 56, 57, 58, 59, 63, 64, 65, 67, 69, 71, 78, 80, 81, 82, 84, 85, 86, 89, 91, 92, 94, 96, 97, 99]
2025-11-23 14:28:14,743 - create_connect_point - INFO - [create_connect_point.py:180] - 
选择房间22:(67,61)-(73,67)
	[(66, 61), (66, 63), (66, 64), (66, 65), (66, 66), (66, 67), (67, 60), (67, 68), (68, 68), (69, 60), (69, 68), (70, 60), (70, 68), (71, 60), (71, 68), (72, 60), (72, 68), (73, 60), (73, 68), (74, 61), (74, 63), (74, 65), (74, 66), (74, 67)]
2025-11-23 14:28:14,743 - create_connect_point - INFO - [create_connect_point.py:183] - 选择点(68, 68)
2025-11-23 14:28:14,743 - create_connect_point - INFO - [create_connect_point.py:188] - 
找到对应room52:(65,69)-(73,71)
	[(64, 69), (64, 70), (64, 71), (65, 68), (67, 68), (68, 68), (69, 68), (69, 72), (70, 68), (71, 68), (71, 72), (72, 68), (73, 68), (73, 72), (74, 69), (74, 70), (74, 71)]
2025-11-23 14:28:14,743 - create_connect_point - INFO - [create_connect_point.py:89] - 
移除了{(71, 68), (67, 68), (73, 68), (68, 68), (69, 68), (72, 68), (70, 68)}
剩下22:[(66, 61), (66, 63), (66, 64), (66, 65), (66, 66), (66, 67), (67, 60), (69, 60), (70, 60), (71, 60), (72, 60), (73, 60), (74, 61), (74, 63), (74, 65), (74, 66), (74, 67)]
52:[(64, 69), (64, 70), (64, 71), (65, 68), (69, 72), (71, 72), (73, 72), (74, 69), (74, 70), (74, 71)]
2025-11-23 14:28:14,743 - create_connect_point - INFO - [create_connect_point.py:193] - cCPbrar[(71, 68), (67, 68), (73, 68), (68, 68), (69, 68), (72, 68), (70, 68)]
2025-11-23 14:28:14,743 - create_connect_point - INFO - [create_connect_point.py:176] - 还存在连接点
2025-11-23 14:28:14,743 - create_connect_point - INFO - [create_connect_point.py:178] - 
可选择房间集合[0, 1, 4, 6, 7, 8, 10, 12, 13, 15, 16, 17, 18, 19, 20, 21, 22, 23, 24, 26, 27, 28, 29, 30, 32, 34, 35, 36, 38, 40, 43, 44, 46, 47, 48, 49, 52, 53, 55, 56, 57, 58, 59, 63, 64, 65, 67, 69, 71, 78, 80, 81, 82, 84, 85, 86, 89, 91, 92, 94, 96, 97, 99]
2025-11-23 14:28:14,743 - create_connect_point - INFO - [create_connect_point.py:180] - 
选择房间86:(25,37)-(31,39)
	[(24, 37), (24, 38), (24, 39), (25, 40), (26, 40), (27, 40), (28, 40), (29, 40), (31, 40), (32, 37), (32, 38), (32, 39)]
2025-11-23 14:28:14,743 - create_connect_point - INFO - [create_connect_point.py:183] - 选择点(25, 40)
2025-11-23 14:28:14,743 - create_connect_point - INFO - [create_connect_point.py:201] - 找到对应path
2025-11-23 14:28:14,743 - create_connect_point - INFO - [create_connect_point.py:120] - 找到与room相连的path，通过邻居点 {(25, 41)}
2025-11-23 14:28:14,743 - create_connect_point - INFO - [create_connect_point.py:136] - 移除了{(31, 40), (26, 40), (27, 40), (25, 40), (28, 40), (29, 40)}，剩下86:[(24, 37), (24, 38), (24, 39), (32, 37), (32, 38), (32, 39)]
2025-11-23 14:28:14,743 - create_connect_point - INFO - [create_connect_point.py:205] - cCPbrap[(31, 40), (26, 40), (27, 40), (25, 40), (28, 40), (29, 40)]
2025-11-23 14:28:14,743 - create_connect_point - INFO - [create_connect_point.py:176] - 还存在连接点
2025-11-23 14:28:14,743 - create_connect_point - INFO - [create_connect_point.py:178] - 
可选择房间集合[0, 1, 4, 6, 7, 8, 10, 12, 13, 15, 16, 17, 18, 19, 20, 21, 22, 23, 24, 26, 27, 28, 29, 30, 32, 34, 35, 36, 38, 40, 43, 44, 46, 47, 48, 49, 52, 53, 55, 56, 57, 58, 59, 63, 64, 65, 67, 69, 71, 78, 80, 81, 82, 84, 85, 86, 89, 91, 92, 94, 96, 97, 99]
2025-11-23 14:28:14,743 - create_connect_point - INFO - [create_connect_point.py:180] - 
选择房间64:(13,39)-(17,45)
	[(17, 46), (18, 39), (18, 40), (18, 41), (18, 42), (18, 43), (18, 44), (18, 45)]
2025-11-23 14:28:14,743 - create_connect_point - INFO - [create_connect_point.py:183] - 选择点(18, 44)
2025-11-23 14:28:14,743 - create_connect_point - INFO - [create_connect_point.py:188] - 
找到对应room82:(19,37)-(21,45)
	[(18, 37), (18, 39), (18, 40), (18, 41), (18, 42), (18, 43), (18, 44), (18, 45), (19, 36), (21, 36), (22, 37), (22, 38), (22, 39)]
2025-11-23 14:28:14,744 - create_connect_point - INFO - [create_connect_point.py:89] - 
移除了{(18, 43), (18, 42), (18, 39), (18, 45), (18, 44), (18, 41), (18, 40)}
剩下64:[(17, 46)]
82:[(18, 37), (19, 36), (21, 36), (22, 37), (22, 38), (22, 39)]
2025-11-23 14:28:14,744 - create_connect_point - INFO - [create_connect_point.py:193] - cCPbrar[(18, 43), (18, 42), (18, 39), (18, 45), (18, 44), (18, 41), (18, 40)]
2025-11-23 14:28:14,744 - create_connect_point - INFO - [create_connect_point.py:176] - 还存在连接点
2025-11-23 14:28:14,744 - create_connect_point - INFO - [create_connect_point.py:178] - 
可选择房间集合[0, 1, 4, 6, 7, 8, 10, 12, 13, 15, 16, 17, 18, 19, 20, 21, 22, 23, 24, 26, 27, 28, 29, 30, 32, 34, 35, 36, 38, 40, 43, 44, 46, 47, 48, 49, 52, 53, 55, 56, 57, 58, 59, 63, 64, 65, 67, 69, 71, 78, 80, 81, 82, 84, 85, 86, 89, 91, 92, 94, 96, 97, 99]
2025-11-23 14:28:14,744 - create_connect_point - INFO - [create_connect_point.py:180] - 
选择房间63:(91,51)-(95,55)
	[(91, 50), (91, 56)]
2025-11-23 14:28:14,744 - create_connect_point - INFO - [create_connect_point.py:183] - 选择点(91, 56)
2025-11-23 14:28:14,744 - create_connect_point - INFO - [create_connect_point.py:188] - 
找到对应room12:(83,57)-(91,63)
	[(82, 57), (82, 59), (82, 61), (82, 63), (83, 56), (83, 64), (85, 56), (87, 56), (88, 56), (89, 56), (91, 56), (91, 64)]
2025-11-23 14:28:14,744 - create_connect_point - INFO - [create_connect_point.py:89] - 
移除了{(91, 56)}
剩下63:[(91, 50)]
12:[(82, 57), (82, 59), (82, 61), (82, 63), (83, 56), (83, 64), (85, 56), (87, 56), (88, 56), (89, 56), (91, 64)]
2025-11-23 14:28:14,744 - create_connect_point - INFO - [create_connect_point.py:193] - cCPbrar[(91, 56)]
2025-11-23 14:28:14,744 - create_connect_point - INFO - [create_connect_point.py:176] - 还存在连接点
2025-11-23 14:28:14,744 - create_connect_point - INFO - [create_connect_point.py:178] - 
可选择房间集合[0, 1, 4, 6, 7, 8, 10, 12, 13, 15, 16, 17, 18, 19, 20, 21, 22, 23, 24, 26, 27, 28, 29, 30, 32, 34, 35, 36, 38, 40, 43, 44, 46, 47, 48, 49, 52, 53, 55, 56, 57, 58, 59, 63, 64, 65, 67, 69, 71, 78, 80, 81, 82, 84, 85, 86, 89, 91, 92, 94, 96, 97, 99]
2025-11-23 14:28:14,744 - create_connect_point - INFO - [create_connect_point.py:180] - 
选择房间21:(59,97)-(65,99)
	[(65, 96)]
2025-11-23 14:28:14,744 - create_connect_point - INFO - [create_connect_point.py:183] - 选择点(65, 96)
2025-11-23 14:28:14,744 - create_connect_point - INFO - [create_connect_point.py:201] - 找到对应path
2025-11-23 14:28:14,744 - create_connect_point - INFO - [create_connect_point.py:120] - 找到与room相连的path，通过邻居点 {(65, 95)}
2025-11-23 14:28:14,744 - create_connect_point - INFO - [create_connect_point.py:136] - 移除了{(65, 96)}，剩下21:[]
2025-11-23 14:28:14,744 - create_connect_point - INFO - [create_connect_point.py:205] - cCPbrap[(65, 96)]
2025-11-23 14:28:14,744 - create_connect_point - INFO - [create_connect_point.py:176] - 还存在连接点
2025-11-23 14:28:14,744 - create_connect_point - INFO - [create_connect_point.py:178] - 
可选择房间集合[0, 1, 4, 6, 7, 8, 10, 12, 13, 15, 16, 17, 18, 19, 20, 22, 23, 24, 26, 27, 28, 29, 30, 32, 34, 35, 36, 38, 40, 43, 44, 46, 47, 48, 49, 52, 53, 55, 56, 57, 58, 59, 63, 64, 65, 67, 69, 71, 78, 80, 81, 82, 84, 85, 86, 89, 91, 92, 94, 96, 97, 99]
2025-11-23 14:28:14,744 - create_connect_point - INFO - [create_connect_point.py:180] - 
选择房间17:(49,81)-(51,83)
	[(48, 81), (48, 83), (49, 80), (49, 84), (50, 80), (51, 80), (51, 84), (52, 81), (52, 83)]
2025-11-23 14:28:14,744 - create_connect_point - INFO - [create_connect_point.py:183] - 选择点(52, 81)
2025-11-23 14:28:14,744 - create_connect_point - INFO - [create_connect_point.py:201] - 找到对应path
2025-11-23 14:28:14,745 - create_connect_point - INFO - [create_connect_point.py:120] - 找到与room相连的path，通过邻居点 {(53, 81)}
2025-11-23 14:28:14,745 - create_connect_point - INFO - [create_connect_point.py:136] - 移除了{(49, 80), (52, 81), (50, 80), (48, 81), (51, 84), (52, 83), (48, 83), (51, 80)}，剩下17:[(49, 84)]
2025-11-23 14:28:14,745 - create_connect_point - INFO - [create_connect_point.py:205] - cCPbrap[(49, 80), (52, 81), (50, 80), (48, 81), (51, 84), (52, 83), (48, 83), (51, 80)]
2025-11-23 14:28:14,745 - create_connect_point - INFO - [create_connect_point.py:176] - 还存在连接点
2025-11-23 14:28:14,745 - create_connect_point - INFO - [create_connect_point.py:178] - 
可选择房间集合[0, 1, 4, 6, 7, 8, 10, 12, 13, 15, 16, 17, 18, 19, 20, 22, 23, 24, 26, 27, 28, 29, 30, 32, 34, 35, 36, 38, 40, 43, 44, 46, 47, 48, 49, 52, 53, 55, 56, 57, 58, 59, 63, 64, 65, 67, 69, 71, 78, 80, 81, 82, 84, 85, 86, 89, 91, 92, 94, 96, 97, 99]
2025-11-23 14:28:14,745 - create_connect_point - INFO - [create_connect_point.py:180] - 
选择房间92:(41,37)-(49,39)
	[(40, 37), (43, 36), (44, 36), (45, 36), (47, 36), (48, 36), (49, 36), (50, 37), (50, 39)]
2025-11-23 14:28:14,745 - create_connect_point - INFO - [create_connect_point.py:183] - 选择点(47, 36)
2025-11-23 14:28:14,745 - create_connect_point - INFO - [create_connect_point.py:201] - 找到对应path
2025-11-23 14:28:14,745 - create_connect_point - INFO - [create_connect_point.py:120] - 找到与room相连的path，通过邻居点 {(47, 35)}
2025-11-23 14:28:14,745 - create_connect_point - INFO - [create_connect_point.py:136] - 移除了{(49, 36), (50, 39), (47, 36), (48, 36), (50, 37)}，剩下92:[(40, 37), (43, 36), (44, 36), (45, 36)]
2025-11-23 14:28:14,745 - create_connect_point - INFO - [create_connect_point.py:205] - cCPbrap[(49, 36), (50, 39), (47, 36), (48, 36), (50, 37)]
2025-11-23 14:28:14,745 - create_connect_point - INFO - [create_connect_point.py:176] - 还存在连接点
2025-11-23 14:28:14,745 - create_connect_point - INFO - [create_connect_point.py:178] - 
可选择房间集合[0, 1, 4, 6, 7, 8, 10, 12, 13, 15, 16, 17, 18, 19, 20, 22, 23, 24, 26, 27, 28, 29, 30, 32, 34, 35, 36, 38, 40, 43, 44, 46, 47, 48, 49, 52, 53, 55, 56, 57, 58, 59, 63, 64, 65, 67, 69, 71, 78, 80, 81, 82, 84, 85, 86, 89, 91, 92, 94, 96, 97, 99]
2025-11-23 14:28:14,745 - create_connect_point - INFO - [create_connect_point.py:180] - 
选择房间84:(27,17)-(29,19)
	[(27, 16), (28, 16), (29, 16), (29, 20)]
2025-11-23 14:28:14,745 - create_connect_point - INFO - [create_connect_point.py:183] - 选择点(28, 16)
2025-11-23 14:28:14,745 - create_connect_point - INFO - [create_connect_point.py:201] - 找到对应path
2025-11-23 14:28:14,745 - create_connect_point - INFO - [create_connect_point.py:120] - 找到与room相连的path，通过邻居点 {(28, 15)}
2025-11-23 14:28:14,745 - create_connect_point - INFO - [create_connect_point.py:136] - 移除了{(28, 16), (29, 16), (27, 16)}，剩下84:[(29, 20)]
2025-11-23 14:28:14,745 - create_connect_point - INFO - [create_connect_point.py:205] - cCPbrap[(28, 16), (29, 16), (27, 16)]
2025-11-23 14:28:14,745 - create_connect_point - INFO - [create_connect_point.py:176] - 还存在连接点
2025-11-23 14:28:14,745 - create_connect_point - INFO - [create_connect_point.py:178] - 
可选择房间集合[0, 1, 4, 6, 7, 8, 10, 12, 13, 15, 16, 17, 18, 19, 20, 22, 23, 24, 26, 27, 28, 29, 30, 32, 34, 35, 36, 38, 40, 43, 44, 46, 47, 48, 49, 52, 53, 55, 56, 57, 58, 59, 63, 64, 65, 67, 69, 71, 78, 80, 81, 82, 84, 85, 86, 89, 91, 92, 94, 96, 97, 99]
2025-11-23 14:28:14,745 - create_connect_point - INFO - [create_connect_point.py:180] - 
选择房间26:(89,1)-(97,9)
	[(89, 10), (90, 10), (91, 10), (98, 5), (98, 6), (98, 7), (98, 9)]
2025-11-23 14:28:14,745 - create_connect_point - INFO - [create_connect_point.py:183] - 选择点(98, 7)
2025-11-23 14:28:14,746 - create_connect_point - INFO - [create_connect_point.py:201] - 找到对应path
2025-11-23 14:28:14,746 - create_connect_point - INFO - [create_connect_point.py:120] - 找到与room相连的path，通过邻居点 {(99, 7)}
2025-11-23 14:28:14,746 - create_connect_point - INFO - [create_connect_point.py:136] - 移除了{(98, 7), (98, 5), (98, 6)}，剩下26:[(89, 10), (90, 10), (91, 10), (98, 9)]
2025-11-23 14:28:14,746 - create_connect_point - INFO - [create_connect_point.py:205] - cCPbrap[(98, 7), (98, 5), (98, 6)]
2025-11-23 14:28:14,746 - create_connect_point - INFO - [create_connect_point.py:176] - 还存在连接点
2025-11-23 14:28:14,746 - create_connect_point - INFO - [create_connect_point.py:178] - 
可选择房间集合[0, 1, 4, 6, 7, 8, 10, 12, 13, 15, 16, 17, 18, 19, 20, 22, 23, 24, 26, 27, 28, 29, 30, 32, 34, 35, 36, 38, 40, 43, 44, 46, 47, 48, 49, 52, 53, 55, 56, 57, 58, 59, 63, 64, 65, 67, 69, 71, 78, 80, 81, 82, 84, 85, 86, 89, 91, 92, 94, 96, 97, 99]
2025-11-23 14:28:14,746 - create_connect_point - INFO - [create_connect_point.py:180] - 
选择房间65:(63,55)-(67,57)
	[(62, 55), (62, 56), (62, 57), (63, 58), (64, 58), (65, 58), (66, 58), (67, 54), (67, 58), (68, 55), (68, 56), (68, 57)]
2025-11-23 14:28:14,746 - create_connect_point - INFO - [create_connect_point.py:183] - 选择点(63, 58)
2025-11-23 14:28:14,746 - create_connect_point - INFO - [create_connect_point.py:201] - 找到对应path
2025-11-23 14:28:14,746 - create_connect_point - INFO - [create_connect_point.py:120] - 找到与room相连的path，通过邻居点 {(63, 59)}
2025-11-23 14:28:14,746 - create_connect_point - INFO - [create_connect_point.py:136] - 移除了{(63, 58), (66, 58), (67, 58), (62, 55), (64, 58), (65, 58), (62, 57), (62, 56)}，剩下65:[(67, 54), (68, 55), (68, 56), (68, 57)]
2025-11-23 14:28:14,746 - create_connect_point - INFO - [create_connect_point.py:205] - cCPbrap[(63, 58), (66, 58), (67, 58), (62, 55), (64, 58), (65, 58), (62, 57), (62, 56)]
2025-11-23 14:28:14,746 - create_connect_point - INFO - [create_connect_point.py:176] - 还存在连接点
2025-11-23 14:28:14,746 - create_connect_point - INFO - [create_connect_point.py:178] - 
可选择房间集合[0, 1, 4, 6, 7, 8, 10, 12, 13, 15, 16, 17, 18, 19, 20, 22, 23, 24, 26, 27, 28, 29, 30, 32, 34, 35, 36, 38, 40, 43, 44, 46, 47, 48, 49, 52, 53, 55, 56, 57, 58, 59, 63, 64, 65, 67, 69, 71, 78, 80, 81, 82, 84, 85, 86, 89, 91, 92, 94, 96, 97, 99]
2025-11-23 14:28:14,746 - create_connect_point - INFO - [create_connect_point.py:180] - 
选择房间78:(13,27)-(15,31)
	[(12, 27), (12, 29), (12, 30), (12, 31), (13, 32), (15, 32), (16, 31)]
2025-11-23 14:28:14,746 - create_connect_point - INFO - [create_connect_point.py:183] - 选择点(13, 32)
2025-11-23 14:28:14,746 - create_connect_point - INFO - [create_connect_point.py:201] - 找到对应path
2025-11-23 14:28:14,746 - create_connect_point - INFO - [create_connect_point.py:120] - 找到与room相连的path，通过邻居点 {(13, 33)}
2025-11-23 14:28:14,746 - create_connect_point - INFO - [create_connect_point.py:136] - 移除了{(12, 27), (12, 29), (15, 32), (13, 32), (16, 31), (12, 31), (12, 30)}，剩下78:[]
2025-11-23 14:28:14,746 - create_connect_point - INFO - [create_connect_point.py:205] - cCPbrap[(12, 27), (12, 29), (15, 32), (13, 32), (16, 31), (12, 31), (12, 30)]
2025-11-23 14:28:14,746 - create_connect_point - INFO - [create_connect_point.py:176] - 还存在连接点
2025-11-23 14:28:14,746 - create_connect_point - INFO - [create_connect_point.py:178] - 
可选择房间集合[0, 1, 4, 6, 7, 8, 10, 12, 13, 15, 16, 17, 18, 19, 20, 22, 23, 24, 26, 27, 28, 29, 30, 32, 34, 35, 36, 38, 40, 43, 44, 46, 47, 48, 49, 52, 53, 55, 56, 57, 58, 59, 63, 64, 65, 67, 69, 71, 80, 81, 82, 84, 85, 86, 89, 91, 92, 94, 96, 97, 99]
2025-11-23 14:28:14,747 - create_connect_point - INFO - [create_connect_point.py:180] - 
选择房间43:(77,97)-(83,99)
	[(79, 96), (80, 96), (81, 96), (84, 97), (84, 99)]
2025-11-23 14:28:14,747 - create_connect_point - INFO - [create_connect_point.py:183] - 选择点(84, 99)
2025-11-23 14:28:14,747 - create_connect_point - INFO - [create_connect_point.py:201] - 找到对应path
2025-11-23 14:28:14,747 - create_connect_point - INFO - [create_connect_point.py:120] - 找到与room相连的path，通过邻居点 {(85, 99)}
2025-11-23 14:28:14,747 - create_connect_point - INFO - [create_connect_point.py:136] - 移除了{(84, 99)}，剩下43:[(79, 96), (80, 96), (81, 96), (84, 97)]
2025-11-23 14:28:14,747 - create_connect_point - INFO - [create_connect_point.py:205] - cCPbrap[(84, 99)]
2025-11-23 14:28:14,747 - create_connect_point - INFO - [create_connect_point.py:176] - 还存在连接点
2025-11-23 14:28:14,747 - create_connect_point - INFO - [create_connect_point.py:178] - 
可选择房间集合[0, 1, 4, 6, 7, 8, 10, 12, 13, 15, 16, 17, 18, 19, 20, 22, 23, 24, 26, 27, 28, 29, 30, 32, 34, 35, 36, 38, 40, 43, 44, 46, 47, 48, 49, 52, 53, 55, 56, 57, 58, 59, 63, 64, 65, 67, 69, 71, 80, 81, 82, 84, 85, 86, 89, 91, 92, 94, 96, 97, 99]
2025-11-23 14:28:14,747 - create_connect_point - INFO - [create_connect_point.py:180] - 
选择房间65:(63,55)-(67,57)
	[(67, 54), (68, 55), (68, 56), (68, 57)]
2025-11-23 14:28:14,747 - create_connect_point - INFO - [create_connect_point.py:183] - 选择点(68, 55)
2025-11-23 14:28:14,747 - create_connect_point - INFO - [create_connect_point.py:201] - 找到对应path
2025-11-23 14:28:14,747 - create_connect_point - INFO - [create_connect_point.py:120] - 找到与room相连的path，通过邻居点 {(69, 55)}
2025-11-23 14:28:14,747 - create_connect_point - INFO - [create_connect_point.py:136] - 移除了{(67, 54), (68, 55), (68, 56), (68, 57)}，剩下65:[]
2025-11-23 14:28:14,747 - create_connect_point - INFO - [create_connect_point.py:205] - cCPbrap[(67, 54), (68, 55), (68, 56), (68, 57)]
2025-11-23 14:28:14,747 - create_connect_point - INFO - [create_connect_point.py:176] - 还存在连接点
2025-11-23 14:28:14,747 - create_connect_point - INFO - [create_connect_point.py:178] - 
可选择房间集合[0, 1, 4, 6, 7, 8, 10, 12, 13, 15, 16, 17, 18, 19, 20, 22, 23, 24, 26, 27, 28, 29, 30, 32, 34, 35, 36, 38, 40, 43, 44, 46, 47, 48, 49, 52, 53, 55, 56, 57, 58, 59, 63, 64, 67, 69, 71, 80, 81, 82, 84, 85, 86, 89, 91, 92, 94, 96, 97, 99]
2025-11-23 14:28:14,747 - create_connect_point - INFO - [create_connect_point.py:180] - 
选择房间19:(69,41)-(75,47)
	[(68, 41), (68, 42), (68, 43), (68, 45), (68, 46), (68, 47), (69, 40), (69, 48), (70, 40), (71, 40), (71, 48), (72, 48), (73, 48), (74, 48), (75, 48), (76, 41), (76, 42), (76, 43), (76, 44), (76, 45), (76, 46), (76, 47)]
2025-11-23 14:28:14,747 - create_connect_point - INFO - [create_connect_point.py:183] - 选择点(72, 48)
2025-11-23 14:28:14,747 - create_connect_point - INFO - [create_connect_point.py:201] - 找到对应path
2025-11-23 14:28:14,747 - create_connect_point - INFO - [create_connect_point.py:120] - 找到与room相连的path，通过邻居点 {(72, 49)}
2025-11-23 14:28:14,747 - create_connect_point - INFO - [create_connect_point.py:136] - 移除了{(76, 46), (75, 48), (68, 42), (76, 43), (68, 45), (72, 48), (69, 40), (76, 42), (74, 48), (76, 45), (68, 41), (68, 47), (71, 40), (69, 48), (76, 41), (76, 44), (68, 46), (76, 47), (68, 43), (71, 48), (73, 48), (70, 40)}，剩下19:[]
2025-11-23 14:28:14,748 - create_connect_point - INFO - [create_connect_point.py:205] - cCPbrap[(76, 46), (75, 48), (68, 42), (76, 43), (68, 45), (72, 48), (69, 40), (76, 42), (74, 48), (76, 45), (68, 41), (68, 47), (71, 40), (69, 48), (76, 41), (76, 44), (68, 46), (76, 47), (68, 43), (71, 48), (73, 48), (70, 40)]
2025-11-23 14:28:14,748 - create_connect_point - INFO - [create_connect_point.py:176] - 还存在连接点
2025-11-23 14:28:14,748 - create_connect_point - INFO - [create_connect_point.py:178] - 
可选择房间集合[0, 1, 4, 6, 7, 8, 10, 12, 13, 15, 16, 17, 18, 20, 22, 23, 24, 26, 27, 28, 29, 30, 32, 34, 35, 36, 38, 40, 43, 44, 46, 47, 48, 49, 52, 53, 55, 56, 57, 58, 59, 63, 64, 67, 69, 71, 80, 81, 82, 84, 85, 86, 89, 91, 92, 94, 96, 97, 99]
2025-11-23 14:28:14,748 - create_connect_point - INFO - [create_connect_point.py:180] - 
选择房间82:(19,37)-(21,45)
	[(18, 37), (19, 36), (21, 36), (22, 37), (22, 38), (22, 39)]
2025-11-23 14:28:14,748 - create_connect_point - INFO - [create_connect_point.py:183] - 选择点(19, 36)
2025-11-23 14:28:14,748 - create_connect_point - INFO - [create_connect_point.py:201] - 找到对应path
2025-11-23 14:28:14,748 - create_connect_point - INFO - [create_connect_point.py:120] - 找到与room相连的path，通过邻居点 {(19, 35)}
2025-11-23 14:28:14,748 - create_connect_point - INFO - [create_connect_point.py:136] - 移除了{(18, 37), (19, 36)}，剩下82:[(21, 36), (22, 37), (22, 38), (22, 39)]
2025-11-23 14:28:14,748 - create_connect_point - INFO - [create_connect_point.py:205] - cCPbrap[(18, 37), (19, 36)]
2025-11-23 14:28:14,748 - create_connect_point - INFO - [create_connect_point.py:163] - 0:以1/50的概率加入了(18, 37)
2025-11-23 14:28:14,748 - create_connect_point - INFO - [create_connect_point.py:176] - 还存在连接点
2025-11-23 14:28:14,748 - create_connect_point - INFO - [create_connect_point.py:178] - 
可选择房间集合[0, 1, 4, 6, 7, 8, 10, 12, 13, 15, 16, 17, 18, 20, 22, 23, 24, 26, 27, 28, 29, 30, 32, 34, 35, 36, 38, 40, 43, 44, 46, 47, 48, 49, 52, 53, 55, 56, 57, 58, 59, 63, 64, 67, 69, 71, 80, 81, 82, 84, 85, 86, 89, 91, 92, 94, 96, 97, 99]
2025-11-23 14:28:14,748 - create_connect_point - INFO - [create_connect_point.py:180] - 
选择房间57:(19,55)-(27,57)
	[(18, 55), (18, 56), (18, 57), (19, 54)]
2025-11-23 14:28:14,748 - create_connect_point - INFO - [create_connect_point.py:183] - 选择点(18, 56)
2025-11-23 14:28:14,748 - create_connect_point - INFO - [create_connect_point.py:188] - 
找到对应room13:(11,51)-(17,57)
	[(10, 51), (15, 58), (17, 50), (17, 58), (18, 51), (18, 53), (18, 55), (18, 56), (18, 57)]
2025-11-23 14:28:14,748 - create_connect_point - INFO - [create_connect_point.py:89] - 
移除了{(18, 55), (18, 56), (18, 57)}
剩下57:[(19, 54)]
13:[(10, 51), (15, 58), (17, 50), (17, 58), (18, 51), (18, 53)]
2025-11-23 14:28:14,748 - create_connect_point - INFO - [create_connect_point.py:193] - cCPbrar[(18, 55), (18, 56), (18, 57)]
2025-11-23 14:28:14,748 - create_connect_point - INFO - [create_connect_point.py:176] - 还存在连接点
2025-11-23 14:28:14,748 - create_connect_point - INFO - [create_connect_point.py:178] - 
可选择房间集合[0, 1, 4, 6, 7, 8, 10, 12, 13, 15, 16, 17, 18, 20, 22, 23, 24, 26, 27, 28, 29, 30, 32, 34, 35, 36, 38, 40, 43, 44, 46, 47, 48, 49, 52, 53, 55, 56, 57, 58, 59, 63, 64, 67, 69, 71, 80, 81, 82, 84, 85, 86, 89, 91, 92, 94, 96, 97, 99]
2025-11-23 14:28:14,748 - create_connect_point - INFO - [create_connect_point.py:180] - 
选择房间55:(3,13)-(7,15)
	[(2, 15), (3, 16), (4, 16), (5, 12), (5, 16), (6, 12), (6, 16), (7, 12), (7, 16), (8, 13), (8, 14), (8, 15)]
2025-11-23 14:28:14,748 - create_connect_point - INFO - [create_connect_point.py:183] - 选择点(4, 16)
2025-11-23 14:28:14,748 - create_connect_point - INFO - [create_connect_point.py:201] - 找到对应path
2025-11-23 14:28:14,748 - create_connect_point - INFO - [create_connect_point.py:120] - 找到与room相连的path，通过邻居点 {(4, 17)}
2025-11-23 14:28:14,749 - create_connect_point - INFO - [create_connect_point.py:136] - 移除了{(4, 16), (7, 16), (3, 16), (5, 16), (6, 16), (2, 15)}，剩下55:[(5, 12), (6, 12), (7, 12), (8, 13), (8, 14), (8, 15)]
2025-11-23 14:28:14,749 - create_connect_point - INFO - [create_connect_point.py:205] - cCPbrap[(4, 16), (7, 16), (3, 16), (5, 16), (6, 16), (2, 15)]
2025-11-23 14:28:14,749 - create_connect_point - INFO - [create_connect_point.py:176] - 还存在连接点
2025-11-23 14:28:14,749 - create_connect_point - INFO - [create_connect_point.py:178] - 
可选择房间集合[0, 1, 4, 6, 7, 8, 10, 12, 13, 15, 16, 17, 18, 20, 22, 23, 24, 26, 27, 28, 29, 30, 32, 34, 35, 36, 38, 40, 43, 44, 46, 47, 48, 49, 52, 53, 55, 56, 57, 58, 59, 63, 64, 67, 69, 71, 80, 81, 82, 84, 85, 86, 89, 91, 92, 94, 96, 97, 99]
2025-11-23 14:28:14,749 - create_connect_point - INFO - [create_connect_point.py:180] - 
选择房间44:(11,59)-(13,61)
	[(10, 59), (10, 61), (14, 59), (14, 61)]
2025-11-23 14:28:14,749 - create_connect_point - INFO - [create_connect_point.py:183] - 选择点(10, 59)
2025-11-23 14:28:14,749 - create_connect_point - INFO - [create_connect_point.py:188] - 
找到对应room69:(7,53)-(9,59)
	[(10, 59)]
2025-11-23 14:28:14,749 - create_connect_point - INFO - [create_connect_point.py:89] - 
移除了{(10, 59)}
剩下44:[(10, 61), (14, 59), (14, 61)]
69:[]
2025-11-23 14:28:14,749 - create_connect_point - INFO - [create_connect_point.py:193] - cCPbrar[(10, 59)]
2025-11-23 14:28:14,749 - create_connect_point - INFO - [create_connect_point.py:176] - 还存在连接点
2025-11-23 14:28:14,749 - create_connect_point - INFO - [create_connect_point.py:178] - 
可选择房间集合[0, 1, 4, 6, 7, 8, 10, 12, 13, 15, 16, 17, 18, 20, 22, 23, 24, 26, 27, 28, 29, 30, 32, 34, 35, 36, 38, 40, 43, 44, 46, 47, 48, 49, 52, 53, 55, 56, 57, 58, 59, 63, 64, 67, 71, 80, 81, 82, 84, 85, 86, 89, 91, 92, 94, 96, 97, 99]
2025-11-23 14:28:14,749 - create_connect_point - INFO - [create_connect_point.py:180] - 
选择房间81:(39,25)-(41,33)
	[(39, 24), (41, 24)]
2025-11-23 14:28:14,749 - create_connect_point - INFO - [create_connect_point.py:183] - 选择点(39, 24)
2025-11-23 14:28:14,749 - create_connect_point - INFO - [create_connect_point.py:201] - 找到对应path
2025-11-23 14:28:14,749 - create_connect_point - INFO - [create_connect_point.py:120] - 找到与room相连的path，通过邻居点 {(39, 23)}
2025-11-23 14:28:14,749 - create_connect_point - INFO - [create_connect_point.py:136] - 移除了{(39, 24)}，剩下81:[(41, 24)]
2025-11-23 14:28:14,749 - create_connect_point - INFO - [create_connect_point.py:205] - cCPbrap[(39, 24)]
2025-11-23 14:28:14,749 - create_connect_point - INFO - [create_connect_point.py:176] - 还存在连接点
2025-11-23 14:28:14,749 - create_connect_point - INFO - [create_connect_point.py:178] - 
可选择房间集合[0, 1, 4, 6, 7, 8, 10, 12, 13, 15, 16, 17, 18, 20, 22, 23, 24, 26, 27, 28, 29, 30, 32, 34, 35, 36, 38, 40, 43, 44, 46, 47, 48, 49, 52, 53, 55, 56, 57, 58, 59, 63, 64, 67, 71, 80, 81, 82, 84, 85, 86, 89, 91, 92, 94, 96, 97, 99]
2025-11-23 14:28:14,749 - create_connect_point - INFO - [create_connect_point.py:180] - 
选择房间4:(45,47)-(47,49)
	[(44, 47), (44, 49), (45, 46), (47, 46), (48, 47), (48, 48), (48, 49)]
2025-11-23 14:28:14,749 - create_connect_point - INFO - [create_connect_point.py:183] - 选择点(48, 49)
2025-11-23 14:28:14,749 - create_connect_point - INFO - [create_connect_point.py:201] - 找到对应path
2025-11-23 14:28:14,750 - create_connect_point - INFO - [create_connect_point.py:120] - 找到与room相连的path，通过邻居点 {(49, 49)}
2025-11-23 14:28:14,750 - create_connect_point - INFO - [create_connect_point.py:136] - 移除了{(48, 49), (48, 47), (48, 48)}，剩下4:[(44, 47), (44, 49), (45, 46), (47, 46)]
2025-11-23 14:28:14,750 - create_connect_point - INFO - [create_connect_point.py:205] - cCPbrap[(48, 49), (48, 47), (48, 48)]
2025-11-23 14:28:14,750 - create_connect_point - INFO - [create_connect_point.py:176] - 还存在连接点
2025-11-23 14:28:14,750 - create_connect_point - INFO - [create_connect_point.py:178] - 
可选择房间集合[0, 1, 4, 6, 7, 8, 10, 12, 13, 15, 16, 17, 18, 20, 22, 23, 24, 26, 27, 28, 29, 30, 32, 34, 35, 36, 38, 40, 43, 44, 46, 47, 48, 49, 52, 53, 55, 56, 57, 58, 59, 63, 64, 67, 71, 80, 81, 82, 84, 85, 86, 89, 91, 92, 94, 96, 97, 99]
2025-11-23 14:28:14,750 - create_connect_point - INFO - [create_connect_point.py:180] - 
选择房间89:(83,17)-(87,19)
	[(82, 17), (82, 19)]
2025-11-23 14:28:14,750 - create_connect_point - INFO - [create_connect_point.py:183] - 选择点(82, 19)
2025-11-23 14:28:14,750 - create_connect_point - INFO - [create_connect_point.py:201] - 找到对应path
2025-11-23 14:28:14,750 - create_connect_point - INFO - [create_connect_point.py:120] - 找到与room相连的path，通过邻居点 {(81, 19)}
2025-11-23 14:28:14,750 - create_connect_point - INFO - [create_connect_point.py:136] - 移除了{(82, 19)}，剩下89:[(82, 17)]
2025-11-23 14:28:14,750 - create_connect_point - INFO - [create_connect_point.py:205] - cCPbrap[(82, 19)]
2025-11-23 14:28:14,750 - create_connect_point - INFO - [create_connect_point.py:176] - 还存在连接点
2025-11-23 14:28:14,750 - create_connect_point - INFO - [create_connect_point.py:178] - 
可选择房间集合[0, 1, 4, 6, 7, 8, 10, 12, 13, 15, 16, 17, 18, 20, 22, 23, 24, 26, 27, 28, 29, 30, 32, 34, 35, 36, 38, 40, 43, 44, 46, 47, 48, 49, 52, 53, 55, 56, 57, 58, 59, 63, 64, 67, 71, 80, 81, 82, 84, 85, 86, 89, 91, 92, 94, 96, 97, 99]
2025-11-23 14:28:14,750 - create_connect_point - INFO - [create_connect_point.py:180] - 
选择房间27:(75,1)-(83,5)
	[(74, 1), (74, 2), (74, 3), (74, 5), (75, 6), (76, 6), (77, 6), (78, 6), (79, 6)]
2025-11-23 14:28:14,750 - create_connect_point - INFO - [create_connect_point.py:183] - 选择点(78, 6)
2025-11-23 14:28:14,750 - create_connect_point - INFO - [create_connect_point.py:201] - 找到对应path
2025-11-23 14:28:14,750 - create_connect_point - INFO - [create_connect_point.py:120] - 找到与room相连的path，通过邻居点 {(78, 7)}
2025-11-23 14:28:14,750 - create_connect_point - INFO - [create_connect_point.py:136] - 移除了{(74, 1), (75, 6), (78, 6), (79, 6), (74, 3), (76, 6), (77, 6), (74, 2), (74, 5)}，剩下27:[]
2025-11-23 14:28:14,750 - create_connect_point - INFO - [create_connect_point.py:205] - cCPbrap[(74, 1), (75, 6), (78, 6), (79, 6), (74, 3), (76, 6), (77, 6), (74, 2), (74, 5)]
2025-11-23 14:28:14,750 - create_connect_point - INFO - [create_connect_point.py:176] - 还存在连接点
2025-11-23 14:28:14,750 - create_connect_point - INFO - [create_connect_point.py:178] - 
可选择房间集合[0, 1, 4, 6, 7, 8, 10, 12, 13, 15, 16, 17, 18, 20, 22, 23, 24, 26, 28, 29, 30, 32, 34, 35, 36, 38, 40, 43, 44, 46, 47, 48, 49, 52, 53, 55, 56, 57, 58, 59, 63, 64, 67, 71, 80, 81, 82, 84, 85, 86, 89, 91, 92, 94, 96, 97, 99]
2025-11-23 14:28:14,750 - create_connect_point - INFO - [create_connect_point.py:180] - 
选择房间99:(9,13)-(15,17)
	[(8, 13), (8, 14), (8, 15), (9, 12), (11, 12), (12, 12), (13, 12), (14, 12), (15, 12), (16, 13), (16, 14), (16, 15), (16, 16), (16, 17)]
2025-11-23 14:28:14,750 - create_connect_point - INFO - [create_connect_point.py:183] - 选择点(16, 15)
2025-11-23 14:28:14,751 - create_connect_point - INFO - [create_connect_point.py:188] - 
找到对应room34:(17,13)-(25,19)
	[(16, 13), (16, 14), (16, 15), (16, 16), (16, 17), (16, 19), (17, 12), (17, 20), (18, 12), (19, 12), (19, 20), (21, 20), (23, 20), (25, 20), (26, 13), (26, 15)]
2025-11-23 14:28:14,751 - create_connect_point - INFO - [create_connect_point.py:89] - 
移除了{(16, 16), (16, 13), (16, 15), (16, 14), (16, 17)}
剩下99:[(8, 13), (8, 14), (8, 15), (9, 12), (11, 12), (12, 12), (13, 12), (14, 12), (15, 12)]
34:[(16, 19), (17, 12), (17, 20), (18, 12), (19, 12), (19, 20), (21, 20), (23, 20), (25, 20), (26, 13), (26, 15)]
2025-11-23 14:28:14,751 - create_connect_point - INFO - [create_connect_point.py:193] - cCPbrar[(16, 16), (16, 13), (16, 15), (16, 14), (16, 17)]
2025-11-23 14:28:14,751 - create_connect_point - INFO - [create_connect_point.py:176] - 还存在连接点
2025-11-23 14:28:14,751 - create_connect_point - INFO - [create_connect_point.py:178] - 
可选择房间集合[0, 1, 4, 6, 7, 8, 10, 12, 13, 15, 16, 17, 18, 20, 22, 23, 24, 26, 28, 29, 30, 32, 34, 35, 36, 38, 40, 43, 44, 46, 47, 48, 49, 52, 53, 55, 56, 57, 58, 59, 63, 64, 67, 71, 80, 81, 82, 84, 85, 86, 89, 91, 92, 94, 96, 97, 99]
2025-11-23 14:28:14,751 - create_connect_point - INFO - [create_connect_point.py:180] - 
选择房间17:(49,81)-(51,83)
	[(49, 84)]
2025-11-23 14:28:14,751 - create_connect_point - INFO - [create_connect_point.py:183] - 选择点(49, 84)
2025-11-23 14:28:14,751 - create_connect_point - INFO - [create_connect_point.py:201] - 找到对应path
2025-11-23 14:28:14,751 - create_connect_point - INFO - [create_connect_point.py:120] - 找到与room相连的path，通过邻居点 {(49, 85)}
2025-11-23 14:28:14,751 - create_connect_point - INFO - [create_connect_point.py:136] - 移除了{(49, 84)}，剩下17:[]
2025-11-23 14:28:14,751 - create_connect_point - INFO - [create_connect_point.py:205] - cCPbrap[(49, 84)]
2025-11-23 14:28:14,751 - create_connect_point - INFO - [create_connect_point.py:176] - 还存在连接点
2025-11-23 14:28:14,751 - create_connect_point - INFO - [create_connect_point.py:178] - 
可选择房间集合[0, 1, 4, 6, 7, 8, 10, 12, 13, 15, 16, 18, 20, 22, 23, 24, 26, 28, 29, 30, 32, 34, 35, 36, 38, 40, 43, 44, 46, 47, 48, 49, 52, 53, 55, 56, 57, 58, 59, 63, 64, 67, 71, 80, 81, 82, 84, 85, 86, 89, 91, 92, 94, 96, 97, 99]
2025-11-23 14:28:14,751 - create_connect_point - INFO - [create_connect_point.py:180] - 
选择房间23:(57,15)-(63,21)
	[(57, 22), (58, 22), (59, 22), (60, 22), (61, 22), (63, 22)]
2025-11-23 14:28:14,751 - create_connect_point - INFO - [create_connect_point.py:183] - 选择点(61, 22)
2025-11-23 14:28:14,751 - create_connect_point - INFO - [create_connect_point.py:201] - 找到对应path
2025-11-23 14:28:14,751 - create_connect_point - INFO - [create_connect_point.py:120] - 找到与room相连的path，通过邻居点 {(61, 23)}
2025-11-23 14:28:14,751 - create_connect_point - INFO - [create_connect_point.py:136] - 移除了{(63, 22), (59, 22), (61, 22), (57, 22), (60, 22), (58, 22)}，剩下23:[]
2025-11-23 14:28:14,751 - create_connect_point - INFO - [create_connect_point.py:205] - cCPbrap[(63, 22), (59, 22), (61, 22), (57, 22), (60, 22), (58, 22)]
2025-11-23 14:28:14,751 - create_connect_point - INFO - [create_connect_point.py:176] - 还存在连接点
2025-11-23 14:28:14,751 - create_connect_point - INFO - [create_connect_point.py:178] - 
可选择房间集合[0, 1, 4, 6, 7, 8, 10, 12, 13, 15, 16, 18, 20, 22, 24, 26, 28, 29, 30, 32, 34, 35, 36, 38, 40, 43, 44, 46, 47, 48, 49, 52, 53, 55, 56, 57, 58, 59, 63, 64, 67, 71, 80, 81, 82, 84, 85, 86, 89, 91, 92, 94, 96, 97, 99]
2025-11-23 14:28:14,752 - create_connect_point - INFO - [create_connect_point.py:180] - 
选择房间97:(93,61)-(97,67)
	[(93, 60), (94, 60), (95, 60), (96, 60), (97, 60)]
2025-11-23 14:28:14,752 - create_connect_point - INFO - [create_connect_point.py:183] - 选择点(95, 60)
2025-11-23 14:28:14,752 - create_connect_point - INFO - [create_connect_point.py:201] - 找到对应path
2025-11-23 14:28:14,752 - create_connect_point - INFO - [create_connect_point.py:120] - 找到与room相连的path，通过邻居点 {(95, 59)}
2025-11-23 14:28:14,752 - create_connect_point - INFO - [create_connect_point.py:136] - 移除了{(94, 60), (95, 60), (96, 60), (97, 60), (93, 60)}，剩下97:[]
2025-11-23 14:28:14,752 - create_connect_point - INFO - [create_connect_point.py:205] - cCPbrap[(94, 60), (95, 60), (96, 60), (97, 60), (93, 60)]
2025-11-23 14:28:14,752 - create_connect_point - INFO - [create_connect_point.py:176] - 还存在连接点
2025-11-23 14:28:14,752 - create_connect_point - INFO - [create_connect_point.py:178] - 
可选择房间集合[0, 1, 4, 6, 7, 8, 10, 12, 13, 15, 16, 18, 20, 22, 24, 26, 28, 29, 30, 32, 34, 35, 36, 38, 40, 43, 44, 46, 47, 48, 49, 52, 53, 55, 56, 57, 58, 59, 63, 64, 67, 71, 80, 81, 82, 84, 85, 86, 89, 91, 92, 94, 96, 99]
2025-11-23 14:28:14,752 - create_connect_point - INFO - [create_connect_point.py:180] - 
选择房间8:(21,9)-(27,11)
	[(27, 12), (28, 9), (28, 11)]
2025-11-23 14:28:14,752 - create_connect_point - INFO - [create_connect_point.py:183] - 选择点(27, 12)
2025-11-23 14:28:14,752 - create_connect_point - INFO - [create_connect_point.py:201] - 找到对应path
2025-11-23 14:28:14,752 - create_connect_point - INFO - [create_connect_point.py:120] - 找到与room相连的path，通过邻居点 {(27, 13)}
2025-11-23 14:28:14,752 - create_connect_point - INFO - [create_connect_point.py:136] - 移除了{(28, 11), (28, 9), (27, 12)}，剩下8:[]
2025-11-23 14:28:14,752 - create_connect_point - INFO - [create_connect_point.py:205] - cCPbrap[(28, 11), (28, 9), (27, 12)]
2025-11-23 14:28:14,752 - create_connect_point - INFO - [create_connect_point.py:176] - 还存在连接点
2025-11-23 14:28:14,752 - create_connect_point - INFO - [create_connect_point.py:178] - 
可选择房间集合[0, 1, 4, 6, 7, 10, 12, 13, 15, 16, 18, 20, 22, 24, 26, 28, 29, 30, 32, 34, 35, 36, 38, 40, 43, 44, 46, 47, 48, 49, 52, 53, 55, 56, 57, 58, 59, 63, 64, 67, 71, 80, 81, 82, 84, 85, 86, 89, 91, 92, 94, 96, 99]
2025-11-23 14:28:14,752 - create_connect_point - INFO - [create_connect_point.py:180] - 
选择房间99:(9,13)-(15,17)
	[(8, 13), (8, 14), (8, 15), (9, 12), (11, 12), (12, 12), (13, 12), (14, 12), (15, 12)]
2025-11-23 14:28:14,752 - create_connect_point - INFO - [create_connect_point.py:183] - 选择点(8, 14)
2025-11-23 14:28:14,752 - create_connect_point - INFO - [create_connect_point.py:188] - 
找到对应room55:(3,13)-(7,15)
	[(5, 12), (6, 12), (7, 12), (8, 13), (8, 14), (8, 15)]
2025-11-23 14:28:14,752 - create_connect_point - INFO - [create_connect_point.py:89] - 
移除了{(8, 13), (8, 14), (8, 15)}
剩下99:[(9, 12), (11, 12), (12, 12), (13, 12), (14, 12), (15, 12)]
55:[(5, 12), (6, 12), (7, 12)]
2025-11-23 14:28:14,752 - create_connect_point - INFO - [create_connect_point.py:193] - cCPbrar[(8, 13), (8, 14), (8, 15)]
2025-11-23 14:28:14,752 - create_connect_point - INFO - [create_connect_point.py:176] - 还存在连接点
2025-11-23 14:28:14,753 - create_connect_point - INFO - [create_connect_point.py:178] - 
可选择房间集合[0, 1, 4, 6, 7, 10, 12, 13, 15, 16, 18, 20, 22, 24, 26, 28, 29, 30, 32, 34, 35, 36, 38, 40, 43, 44, 46, 47, 48, 49, 52, 53, 55, 56, 57, 58, 59, 63, 64, 67, 71, 80, 81, 82, 84, 85, 86, 89, 91, 92, 94, 96, 99]
2025-11-23 14:28:14,753 - create_connect_point - INFO - [create_connect_point.py:180] - 
选择房间84:(27,17)-(29,19)
	[(29, 20)]
2025-11-23 14:28:14,753 - create_connect_point - INFO - [create_connect_point.py:183] - 选择点(29, 20)
2025-11-23 14:28:14,753 - create_connect_point - INFO - [create_connect_point.py:201] - 找到对应path
2025-11-23 14:28:14,753 - create_connect_point - INFO - [create_connect_point.py:120] - 找到与room相连的path，通过邻居点 {(29, 21)}
2025-11-23 14:28:14,753 - create_connect_point - INFO - [create_connect_point.py:136] - 移除了{(29, 20)}，剩下84:[]
2025-11-23 14:28:14,753 - create_connect_point - INFO - [create_connect_point.py:205] - cCPbrap[(29, 20)]
2025-11-23 14:28:14,753 - create_connect_point - INFO - [create_connect_point.py:176] - 还存在连接点
2025-11-23 14:28:14,753 - create_connect_point - INFO - [create_connect_point.py:178] - 
可选择房间集合[0, 1, 4, 6, 7, 10, 12, 13, 15, 16, 18, 20, 22, 24, 26, 28, 29, 30, 32, 34, 35, 36, 38, 40, 43, 44, 46, 47, 48, 49, 52, 53, 55, 56, 57, 58, 59, 63, 64, 67, 71, 80, 81, 82, 85, 86, 89, 91, 92, 94, 96, 99]
2025-11-23 14:28:14,753 - create_connect_point - INFO - [create_connect_point.py:180] - 
选择房间4:(45,47)-(47,49)
	[(44, 47), (44, 49), (45, 46), (47, 46)]
2025-11-23 14:28:14,753 - create_connect_point - INFO - [create_connect_point.py:183] - 选择点(44, 49)
2025-11-23 14:28:14,753 - create_connect_point - INFO - [create_connect_point.py:201] - 找到对应path
2025-11-23 14:28:14,753 - create_connect_point - INFO - [create_connect_point.py:120] - 找到与room相连的path，通过邻居点 {(43, 49)}
2025-11-23 14:28:14,753 - create_connect_point - INFO - [create_connect_point.py:136] - 移除了{(44, 49)}，剩下4:[(44, 47), (45, 46), (47, 46)]
2025-11-23 14:28:14,753 - create_connect_point - INFO - [create_connect_point.py:205] - cCPbrap[(44, 49)]
2025-11-23 14:28:14,753 - create_connect_point - INFO - [create_connect_point.py:176] - 还存在连接点
2025-11-23 14:28:14,753 - create_connect_point - INFO - [create_connect_point.py:178] - 
可选择房间集合[0, 1, 4, 6, 7, 10, 12, 13, 15, 16, 18, 20, 22, 24, 26, 28, 29, 30, 32, 34, 35, 36, 38, 40, 43, 44, 46, 47, 48, 49, 52, 53, 55, 56, 57, 58, 59, 63, 64, 67, 71, 80, 81, 82, 85, 86, 89, 91, 92, 94, 96, 99]
2025-11-23 14:28:14,753 - create_connect_point - INFO - [create_connect_point.py:180] - 
选择房间67:(1,77)-(7,79)
	[(1, 76), (2, 76), (3, 76), (5, 76), (6, 76), (7, 76)]
2025-11-23 14:28:14,753 - create_connect_point - INFO - [create_connect_point.py:183] - 选择点(3, 76)
2025-11-23 14:28:14,753 - create_connect_point - INFO - [create_connect_point.py:201] - 找到对应path
2025-11-23 14:28:14,753 - create_connect_point - INFO - [create_connect_point.py:120] - 找到与room相连的path，通过邻居点 {(3, 75)}
2025-11-23 14:28:14,753 - create_connect_point - INFO - [create_connect_point.py:136] - 移除了{(2, 76), (3, 76), (1, 76)}，剩下67:[(5, 76), (6, 76), (7, 76)]
2025-11-23 14:28:14,753 - create_connect_point - INFO - [create_connect_point.py:205] - cCPbrap[(2, 76), (3, 76), (1, 76)]
2025-11-23 14:28:14,754 - create_connect_point - INFO - [create_connect_point.py:176] - 还存在连接点
2025-11-23 14:28:14,754 - create_connect_point - INFO - [create_connect_point.py:178] - 
可选择房间集合[0, 1, 4, 6, 7, 10, 12, 13, 15, 16, 18, 20, 22, 24, 26, 28, 29, 30, 32, 34, 35, 36, 38, 40, 43, 44, 46, 47, 48, 49, 52, 53, 55, 56, 57, 58, 59, 63, 64, 67, 71, 80, 81, 82, 85, 86, 89, 91, 92, 94, 96, 99]
2025-11-23 14:28:14,754 - create_connect_point - INFO - [create_connect_point.py:180] - 
选择房间55:(3,13)-(7,15)
	[(5, 12), (6, 12), (7, 12)]
2025-11-23 14:28:14,754 - create_connect_point - INFO - [create_connect_point.py:183] - 选择点(5, 12)
2025-11-23 14:28:14,754 - create_connect_point - INFO - [create_connect_point.py:188] - 
找到对应room18:(5,5)-(7,11)
	[(5, 12), (6, 12), (7, 12)]
2025-11-23 14:28:14,754 - create_connect_point - INFO - [create_connect_point.py:89] - 
移除了{(6, 12), (7, 12), (5, 12)}
剩下55:[]
18:[]
2025-11-23 14:28:14,754 - create_connect_point - INFO - [create_connect_point.py:193] - cCPbrar[(6, 12), (7, 12), (5, 12)]
2025-11-23 14:28:14,754 - create_connect_point - INFO - [create_connect_point.py:176] - 还存在连接点
2025-11-23 14:28:14,754 - create_connect_point - INFO - [create_connect_point.py:178] - 
可选择房间集合[0, 1, 4, 6, 7, 10, 12, 13, 15, 16, 20, 22, 24, 26, 28, 29, 30, 32, 34, 35, 36, 38, 40, 43, 44, 46, 47, 48, 49, 52, 53, 56, 57, 58, 59, 63, 64, 67, 71, 80, 81, 82, 85, 86, 89, 91, 92, 94, 96, 99]
2025-11-23 14:28:14,754 - create_connect_point - INFO - [create_connect_point.py:180] - 
选择房间12:(83,57)-(91,63)
	[(82, 57), (82, 59), (82, 61), (82, 63), (83, 56), (83, 64), (85, 56), (87, 56), (88, 56), (89, 56), (91, 64)]
2025-11-23 14:28:14,754 - create_connect_point - INFO - [create_connect_point.py:183] - 选择点(87, 56)
2025-11-23 14:28:14,754 - create_connect_point - INFO - [create_connect_point.py:201] - 找到对应path
2025-11-23 14:28:14,754 - create_connect_point - INFO - [create_connect_point.py:120] - 找到与room相连的path，通过邻居点 {(87, 55)}
2025-11-23 14:28:14,754 - create_connect_point - INFO - [create_connect_point.py:136] - 移除了{(88, 56), (89, 56), (87, 56)}，剩下12:[(82, 57), (82, 59), (82, 61), (82, 63), (83, 56), (83, 64), (85, 56), (91, 64)]
2025-11-23 14:28:14,754 - create_connect_point - INFO - [create_connect_point.py:205] - cCPbrap[(88, 56), (89, 56), (87, 56)]
2025-11-23 14:28:14,754 - create_connect_point - INFO - [create_connect_point.py:176] - 还存在连接点
2025-11-23 14:28:14,754 - create_connect_point - INFO - [create_connect_point.py:178] - 
可选择房间集合[0, 1, 4, 6, 7, 10, 12, 13, 15, 16, 20, 22, 24, 26, 28, 29, 30, 32, 34, 35, 36, 38, 40, 43, 44, 46, 47, 48, 49, 52, 53, 56, 57, 58, 59, 63, 64, 67, 71, 80, 81, 82, 85, 86, 89, 91, 92, 94, 96, 99]
2025-11-23 14:28:14,754 - create_connect_point - INFO - [create_connect_point.py:180] - 
选择房间46:(5,73)-(9,75)
	[(4, 75), (5, 72), (5, 76), (6, 76), (7, 72), (7, 76)]
2025-11-23 14:28:14,754 - create_connect_point - INFO - [create_connect_point.py:183] - 选择点(6, 76)
2025-11-23 14:28:14,754 - create_connect_point - INFO - [create_connect_point.py:188] - 
找到对应room67:(1,77)-(7,79)
	[(5, 76), (6, 76), (7, 76)]
2025-11-23 14:28:14,754 - create_connect_point - INFO - [create_connect_point.py:89] - 
移除了{(5, 76), (6, 76), (7, 76)}
剩下46:[(4, 75), (5, 72), (7, 72)]
67:[]
2025-11-23 14:28:14,754 - create_connect_point - INFO - [create_connect_point.py:193] - cCPbrar[(5, 76), (6, 76), (7, 76)]
2025-11-23 14:28:14,754 - create_connect_point - INFO - [create_connect_point.py:176] - 还存在连接点
2025-11-23 14:28:14,755 - create_connect_point - INFO - [create_connect_point.py:178] - 
可选择房间集合[0, 1, 4, 6, 7, 10, 12, 13, 15, 16, 20, 22, 24, 26, 28, 29, 30, 32, 34, 35, 36, 38, 40, 43, 44, 46, 47, 48, 49, 52, 53, 56, 57, 58, 59, 63, 64, 71, 80, 81, 82, 85, 86, 89, 91, 92, 94, 96, 99]
2025-11-23 14:28:14,755 - create_connect_point - INFO - [create_connect_point.py:180] - 
选择房间35:(55,43)-(63,49)
	[(54, 47), (54, 48), (54, 49)]
2025-11-23 14:28:14,755 - create_connect_point - INFO - [create_connect_point.py:183] - 选择点(54, 47)
2025-11-23 14:28:14,755 - create_connect_point - INFO - [create_connect_point.py:201] - 找到对应path
2025-11-23 14:28:14,755 - create_connect_point - INFO - [create_connect_point.py:120] - 找到与room相连的path，通过邻居点 {(53, 47)}
2025-11-23 14:28:14,755 - create_connect_point - INFO - [create_connect_point.py:136] - 移除了{(54, 47), (54, 48), (54, 49)}，剩下35:[]
2025-11-23 14:28:14,755 - create_connect_point - INFO - [create_connect_point.py:205] - cCPbrap[(54, 47), (54, 48), (54, 49)]
2025-11-23 14:28:14,755 - create_connect_point - INFO - [create_connect_point.py:176] - 还存在连接点
2025-11-23 14:28:14,755 - create_connect_point - INFO - [create_connect_point.py:178] - 
可选择房间集合[0, 1, 4, 6, 7, 10, 12, 13, 15, 16, 20, 22, 24, 26, 28, 29, 30, 32, 34, 36, 38, 40, 43, 44, 46, 47, 48, 49, 52, 53, 56, 57, 58, 59, 63, 64, 71, 80, 81, 82, 85, 86, 89, 91, 92, 94, 96, 99]
2025-11-23 14:28:14,755 - create_connect_point - INFO - [create_connect_point.py:180] - 
选择房间29:(83,51)-(87,53)
	[(82, 51), (82, 52), (82, 53), (83, 54), (85, 54)]
2025-11-23 14:28:14,755 - create_connect_point - INFO - [create_connect_point.py:183] - 选择点(82, 51)
2025-11-23 14:28:14,755 - create_connect_point - INFO - [create_connect_point.py:201] - 找到对应path
2025-11-23 14:28:14,755 - create_connect_point - INFO - [create_connect_point.py:120] - 找到与room相连的path，通过邻居点 {(81, 51)}
2025-11-23 14:28:14,755 - create_connect_point - INFO - [create_connect_point.py:136] - 移除了{(83, 54), (82, 51), (82, 52), (82, 53)}，剩下29:[(85, 54)]
2025-11-23 14:28:14,755 - create_connect_point - INFO - [create_connect_point.py:205] - cCPbrap[(83, 54), (82, 51), (82, 52), (82, 53)]
2025-11-23 14:28:14,755 - create_connect_point - INFO - [create_connect_point.py:176] - 还存在连接点
2025-11-23 14:28:14,755 - create_connect_point - INFO - [create_connect_point.py:178] - 
可选择房间集合[0, 1, 4, 6, 7, 10, 12, 13, 15, 16, 20, 22, 24, 26, 28, 29, 30, 32, 34, 36, 38, 40, 43, 44, 46, 47, 48, 49, 52, 53, 56, 57, 58, 59, 63, 64, 71, 80, 81, 82, 85, 86, 89, 91, 92, 94, 96, 99]
2025-11-23 14:28:14,755 - create_connect_point - INFO - [create_connect_point.py:180] - 
选择房间71:(97,79)-(99,83)
	[(97, 84)]
2025-11-23 14:28:14,755 - create_connect_point - INFO - [create_connect_point.py:183] - 选择点(97, 84)
2025-11-23 14:28:14,755 - create_connect_point - INFO - [create_connect_point.py:201] - 找到对应path
2025-11-23 14:28:14,755 - create_connect_point - INFO - [create_connect_point.py:120] - 找到与room相连的path，通过邻居点 {(97, 85)}
2025-11-23 14:28:14,755 - create_connect_point - INFO - [create_connect_point.py:136] - 移除了{(97, 84)}，剩下71:[]
2025-11-23 14:28:14,756 - create_connect_point - INFO - [create_connect_point.py:205] - cCPbrap[(97, 84)]
2025-11-23 14:28:14,756 - create_connect_point - INFO - [create_connect_point.py:176] - 还存在连接点
2025-11-23 14:28:14,756 - create_connect_point - INFO - [create_connect_point.py:178] - 
可选择房间集合[0, 1, 4, 6, 7, 10, 12, 13, 15, 16, 20, 22, 24, 26, 28, 29, 30, 32, 34, 36, 38, 40, 43, 44, 46, 47, 48, 49, 52, 53, 56, 57, 58, 59, 63, 64, 80, 81, 82, 85, 86, 89, 91, 92, 94, 96, 99]
2025-11-23 14:28:14,756 - create_connect_point - INFO - [create_connect_point.py:180] - 
选择房间57:(19,55)-(27,57)
	[(19, 54)]
2025-11-23 14:28:14,756 - create_connect_point - INFO - [create_connect_point.py:183] - 选择点(19, 54)
2025-11-23 14:28:14,756 - create_connect_point - INFO - [create_connect_point.py:201] - 找到对应path
2025-11-23 14:28:14,756 - create_connect_point - INFO - [create_connect_point.py:120] - 找到与room相连的path，通过邻居点 {(19, 53)}
2025-11-23 14:28:14,756 - create_connect_point - INFO - [create_connect_point.py:136] - 移除了{(19, 54)}，剩下57:[]
2025-11-23 14:28:14,756 - create_connect_point - INFO - [create_connect_point.py:205] - cCPbrap[(19, 54)]
2025-11-23 14:28:14,756 - create_connect_point - INFO - [create_connect_point.py:176] - 还存在连接点
2025-11-23 14:28:14,756 - create_connect_point - INFO - [create_connect_point.py:178] - 
可选择房间集合[0, 1, 4, 6, 7, 10, 12, 13, 15, 16, 20, 22, 24, 26, 28, 29, 30, 32, 34, 36, 38, 40, 43, 44, 46, 47, 48, 49, 52, 53, 56, 58, 59, 63, 64, 80, 81, 82, 85, 86, 89, 91, 92, 94, 96, 99]
2025-11-23 14:28:14,756 - create_connect_point - INFO - [create_connect_point.py:180] - 
选择房间40:(9,87)-(17,95)
	[(8, 93), (8, 94), (8, 95), (9, 96), (10, 96), (11, 96)]
2025-11-23 14:28:14,756 - create_connect_point - INFO - [create_connect_point.py:183] - 选择点(8, 95)
2025-11-23 14:28:14,756 - create_connect_point - INFO - [create_connect_point.py:201] - 找到对应path
2025-11-23 14:28:14,756 - create_connect_point - INFO - [create_connect_point.py:120] - 找到与room相连的path，通过邻居点 {(7, 95)}
2025-11-23 14:28:14,756 - create_connect_point - INFO - [create_connect_point.py:136] - 移除了{(8, 94), (9, 96), (11, 96), (8, 93), (10, 96), (8, 95)}，剩下40:[]
2025-11-23 14:28:14,756 - create_connect_point - INFO - [create_connect_point.py:205] - cCPbrap[(8, 94), (9, 96), (11, 96), (8, 93), (10, 96), (8, 95)]
2025-11-23 14:28:14,756 - create_connect_point - INFO - [create_connect_point.py:176] - 还存在连接点
2025-11-23 14:28:14,756 - create_connect_point - INFO - [create_connect_point.py:178] - 
可选择房间集合[0, 1, 4, 6, 7, 10, 12, 13, 15, 16, 20, 22, 24, 26, 28, 29, 30, 32, 34, 36, 38, 43, 44, 46, 47, 48, 49, 52, 53, 56, 58, 59, 63, 64, 80, 81, 82, 85, 86, 89, 91, 92, 94, 96, 99]
2025-11-23 14:28:14,756 - create_connect_point - INFO - [create_connect_point.py:180] - 
选择房间12:(83,57)-(91,63)
	[(82, 57), (82, 59), (82, 61), (82, 63), (83, 56), (83, 64), (85, 56), (91, 64)]
2025-11-23 14:28:14,756 - create_connect_point - INFO - [create_connect_point.py:183] - 选择点(85, 56)
2025-11-23 14:28:14,756 - create_connect_point - INFO - [create_connect_point.py:201] - 找到对应path
2025-11-23 14:28:14,756 - create_connect_point - INFO - [create_connect_point.py:120] - 找到与room相连的path，通过邻居点 {(85, 55)}
2025-11-23 14:28:14,757 - create_connect_point - INFO - [create_connect_point.py:136] - 移除了{(85, 56)}，剩下12:[(82, 57), (82, 59), (82, 61), (82, 63), (83, 56), (83, 64), (91, 64)]
2025-11-23 14:28:14,757 - create_connect_point - INFO - [create_connect_point.py:205] - cCPbrap[(85, 56)]
2025-11-23 14:28:14,757 - create_connect_point - INFO - [create_connect_point.py:176] - 还存在连接点
2025-11-23 14:28:14,757 - create_connect_point - INFO - [create_connect_point.py:178] - 
可选择房间集合[0, 1, 4, 6, 7, 10, 12, 13, 15, 16, 20, 22, 24, 26, 28, 29, 30, 32, 34, 36, 38, 43, 44, 46, 47, 48, 49, 52, 53, 56, 58, 59, 63, 64, 80, 81, 82, 85, 86, 89, 91, 92, 94, 96, 99]
2025-11-23 14:28:14,757 - create_connect_point - INFO - [create_connect_point.py:180] - 
选择房间13:(11,51)-(17,57)
	[(10, 51), (15, 58), (17, 50), (17, 58), (18, 51), (18, 53)]
2025-11-23 14:28:14,757 - create_connect_point - INFO - [create_connect_point.py:183] - 选择点(17, 50)
2025-11-23 14:28:14,757 - create_connect_point - INFO - [create_connect_point.py:201] - 找到对应path
2025-11-23 14:28:14,757 - create_connect_point - INFO - [create_connect_point.py:120] - 找到与room相连的path，通过邻居点 {(17, 49)}
2025-11-23 14:28:14,757 - create_connect_point - INFO - [create_connect_point.py:136] - 移除了{(17, 50), (18, 51)}，剩下13:[(10, 51), (15, 58), (17, 58), (18, 53)]
2025-11-23 14:28:14,757 - create_connect_point - INFO - [create_connect_point.py:205] - cCPbrap[(17, 50), (18, 51)]
2025-11-23 14:28:14,757 - create_connect_point - INFO - [create_connect_point.py:176] - 还存在连接点
2025-11-23 14:28:14,757 - create_connect_point - INFO - [create_connect_point.py:178] - 
可选择房间集合[0, 1, 4, 6, 7, 10, 12, 13, 15, 16, 20, 22, 24, 26, 28, 29, 30, 32, 34, 36, 38, 43, 44, 46, 47, 48, 49, 52, 53, 56, 58, 59, 63, 64, 80, 81, 82, 85, 86, 89, 91, 92, 94, 96, 99]
2025-11-23 14:28:14,757 - create_connect_point - INFO - [create_connect_point.py:180] - 
选择房间28:(73,91)-(81,93)
	[(72, 91), (72, 92), (72, 93), (73, 90), (73, 94), (74, 90), (75, 90), (75, 94), (76, 90), (77, 90), (77, 94), (79, 90), (80, 90), (81, 90), (82, 91), (82, 93)]
2025-11-23 14:28:14,757 - create_connect_point - INFO - [create_connect_point.py:183] - 选择点(73, 90)
2025-11-23 14:28:14,757 - create_connect_point - INFO - [create_connect_point.py:201] - 找到对应path
2025-11-23 14:28:14,757 - create_connect_point - INFO - [create_connect_point.py:120] - 找到与room相连的path，通过邻居点 {(73, 89)}
2025-11-23 14:28:14,757 - create_connect_point - INFO - [create_connect_point.py:136] - 移除了{(73, 94), (72, 92), (75, 90), (72, 91), (82, 93), (73, 90), (79, 90), (74, 90), (80, 90), (81, 90), (76, 90), (72, 93), (77, 90), (75, 94), (82, 91)}，剩下28:[(77, 94)]
2025-11-23 14:28:14,757 - create_connect_point - INFO - [create_connect_point.py:205] - cCPbrap[(73, 94), (72, 92), (75, 90), (72, 91), (82, 93), (73, 90), (79, 90), (74, 90), (80, 90), (81, 90), (76, 90), (72, 93), (77, 90), (75, 94), (82, 91)]
2025-11-23 14:28:14,757 - create_connect_point - INFO - [create_connect_point.py:176] - 还存在连接点
2025-11-23 14:28:14,757 - create_connect_point - INFO - [create_connect_point.py:178] - 
可选择房间集合[0, 1, 4, 6, 7, 10, 12, 13, 15, 16, 20, 22, 24, 26, 28, 29, 30, 32, 34, 36, 38, 43, 44, 46, 47, 48, 49, 52, 53, 56, 58, 59, 63, 64, 80, 81, 82, 85, 86, 89, 91, 92, 94, 96, 99]
2025-11-23 14:28:14,757 - create_connect_point - INFO - [create_connect_point.py:180] - 
选择房间29:(83,51)-(87,53)
	[(85, 54)]
2025-11-23 14:28:14,757 - create_connect_point - INFO - [create_connect_point.py:183] - 选择点(85, 54)
2025-11-23 14:28:14,758 - create_connect_point - INFO - [create_connect_point.py:201] - 找到对应path
2025-11-23 14:28:14,758 - create_connect_point - INFO - [create_connect_point.py:120] - 找到与room相连的path，通过邻居点 {(85, 55)}
2025-11-23 14:28:14,758 - create_connect_point - INFO - [create_connect_point.py:136] - 移除了{(85, 54)}，剩下29:[]
2025-11-23 14:28:14,758 - create_connect_point - INFO - [create_connect_point.py:205] - cCPbrap[(85, 54)]
2025-11-23 14:28:14,758 - create_connect_point - INFO - [create_connect_point.py:176] - 还存在连接点
2025-11-23 14:28:14,758 - create_connect_point - INFO - [create_connect_point.py:178] - 
可选择房间集合[0, 1, 4, 6, 7, 10, 12, 13, 15, 16, 20, 22, 24, 26, 28, 30, 32, 34, 36, 38, 43, 44, 46, 47, 48, 49, 52, 53, 56, 58, 59, 63, 64, 80, 81, 82, 85, 86, 89, 91, 92, 94, 96, 99]
2025-11-23 14:28:14,758 - create_connect_point - INFO - [create_connect_point.py:180] - 
选择房间1:(17,23)-(21,29)
	[(17, 30), (18, 30), (19, 22), (19, 30), (20, 30), (21, 30)]
2025-11-23 14:28:14,758 - create_connect_point - INFO - [create_connect_point.py:183] - 选择点(19, 22)
2025-11-23 14:28:14,758 - create_connect_point - INFO - [create_connect_point.py:201] - 找到对应path
2025-11-23 14:28:14,758 - create_connect_point - INFO - [create_connect_point.py:120] - 找到与room相连的path，通过邻居点 {(19, 21)}
2025-11-23 14:28:14,758 - create_connect_point - INFO - [create_connect_point.py:136] - 移除了{(19, 22)}，剩下1:[(17, 30), (18, 30), (19, 30), (20, 30), (21, 30)]
2025-11-23 14:28:14,758 - create_connect_point - INFO - [create_connect_point.py:205] - cCPbrap[(19, 22)]
2025-11-23 14:28:14,758 - create_connect_point - INFO - [create_connect_point.py:176] - 还存在连接点
2025-11-23 14:28:14,758 - create_connect_point - INFO - [create_connect_point.py:178] - 
可选择房间集合[0, 1, 4, 6, 7, 10, 12, 13, 15, 16, 20, 22, 24, 26, 28, 30, 32, 34, 36, 38, 43, 44, 46, 47, 48, 49, 52, 53, 56, 58, 59, 63, 64, 80, 81, 82, 85, 86, 89, 91, 92, 94, 96, 99]
2025-11-23 14:28:14,758 - create_connect_point - INFO - [create_connect_point.py:180] - 
选择房间49:(43,57)-(51,65)
	[(42, 57), (42, 58), (42, 59), (42, 61), (42, 63), (42, 64), (42, 65), (43, 66), (44, 66), (45, 66), (46, 66), (47, 66), (49, 56), (49, 66), (50, 56), (50, 66), (51, 56), (51, 66), (52, 57), (52, 58), (52, 59), (52, 60), (52, 61), (52, 62), (52, 63), (52, 65)]
2025-11-23 14:28:14,758 - create_connect_point - INFO - [create_connect_point.py:183] - 选择点(44, 66)
2025-11-23 14:28:14,758 - create_connect_point - INFO - [create_connect_point.py:201] - 找到对应path
2025-11-23 14:28:14,758 - create_connect_point - INFO - [create_connect_point.py:120] - 找到与room相连的path，通过邻居点 {(44, 67)}
2025-11-23 14:28:14,758 - create_connect_point - INFO - [create_connect_point.py:136] - 移除了{(52, 58), (51, 56), (52, 61), (44, 66), (49, 56), (46, 66), (52, 57), (50, 66), (52, 63), (52, 60), (43, 66), (45, 66), (50, 56), (47, 66), (52, 59), (52, 65), (52, 62), (51, 66), (49, 66)}，剩下49:[(42, 57), (42, 58), (42, 59), (42, 61), (42, 63), (42, 64), (42, 65)]
2025-11-23 14:28:14,758 - create_connect_point - INFO - [create_connect_point.py:205] - cCPbrap[(52, 58), (51, 56), (52, 61), (44, 66), (49, 56), (46, 66), (52, 57), (50, 66), (52, 63), (52, 60), (43, 66), (45, 66), (50, 56), (47, 66), (52, 59), (52, 65), (52, 62), (51, 66), (49, 66)]
2025-11-23 14:28:14,758 - create_connect_point - INFO - [create_connect_point.py:176] - 还存在连接点
2025-11-23 14:28:14,758 - create_connect_point - INFO - [create_connect_point.py:178] - 
可选择房间集合[0, 1, 4, 6, 7, 10, 12, 13, 15, 16, 20, 22, 24, 26, 28, 30, 32, 34, 36, 38, 43, 44, 46, 47, 48, 49, 52, 53, 56, 58, 59, 63, 64, 80, 81, 82, 85, 86, 89, 91, 92, 94, 96, 99]
2025-11-23 14:28:14,759 - create_connect_point - INFO - [create_connect_point.py:180] - 
选择房间20:(7,63)-(13,67)
	[(7, 68)]
2025-11-23 14:28:14,759 - create_connect_point - INFO - [create_connect_point.py:183] - 选择点(7, 68)
2025-11-23 14:28:14,759 - create_connect_point - INFO - [create_connect_point.py:201] - 找到对应path
2025-11-23 14:28:14,759 - create_connect_point - INFO - [create_connect_point.py:120] - 找到与room相连的path，通过邻居点 {(7, 69)}
2025-11-23 14:28:14,759 - create_connect_point - INFO - [create_connect_point.py:136] - 移除了{(7, 68)}，剩下20:[]
2025-11-23 14:28:14,759 - create_connect_point - INFO - [create_connect_point.py:205] - cCPbrap[(7, 68)]
2025-11-23 14:28:14,759 - create_connect_point - INFO - [create_connect_point.py:176] - 还存在连接点
2025-11-23 14:28:14,759 - create_connect_point - INFO - [create_connect_point.py:178] - 
可选择房间集合[0, 1, 4, 6, 7, 10, 12, 13, 15, 16, 22, 24, 26, 28, 30, 32, 34, 36, 38, 43, 44, 46, 47, 48, 49, 52, 53, 56, 58, 59, 63, 64, 80, 81, 82, 85, 86, 89, 91, 92, 94, 96, 99]
2025-11-23 14:28:14,759 - create_connect_point - INFO - [create_connect_point.py:180] - 
选择房间13:(11,51)-(17,57)
	[(10, 51), (15, 58), (17, 58), (18, 53)]
2025-11-23 14:28:14,760 - create_connect_point - INFO - [create_connect_point.py:183] - 选择点(10, 51)
2025-11-23 14:28:14,760 - create_connect_point - INFO - [create_connect_point.py:201] - 找到对应path
2025-11-23 14:28:14,760 - create_connect_point - INFO - [create_connect_point.py:120] - 找到与room相连的path，通过邻居点 {(9, 51)}
2025-11-23 14:28:14,760 - create_connect_point - INFO - [create_connect_point.py:136] - 移除了{(10, 51)}，剩下13:[(15, 58), (17, 58), (18, 53)]
2025-11-23 14:28:14,760 - create_connect_point - INFO - [create_connect_point.py:205] - cCPbrap[(10, 51)]
2025-11-23 14:28:14,760 - create_connect_point - INFO - [create_connect_point.py:176] - 还存在连接点
2025-11-23 14:28:14,760 - create_connect_point - INFO - [create_connect_point.py:178] - 
可选择房间集合[0, 1, 4, 6, 7, 10, 12, 13, 15, 16, 22, 24, 26, 28, 30, 32, 34, 36, 38, 43, 44, 46, 47, 48, 49, 52, 53, 56, 58, 59, 63, 64, 80, 81, 82, 85, 86, 89, 91, 92, 94, 96, 99]
2025-11-23 14:28:14,760 - create_connect_point - INFO - [create_connect_point.py:180] - 
选择房间7:(85,41)-(91,49)
	[(89, 50), (91, 50), (92, 43)]
2025-11-23 14:28:14,760 - create_connect_point - INFO - [create_connect_point.py:183] - 选择点(92, 43)
2025-11-23 14:28:14,761 - create_connect_point - INFO - [create_connect_point.py:201] - 找到对应path
2025-11-23 14:28:14,761 - create_connect_point - INFO - [create_connect_point.py:120] - 找到与room相连的path，通过邻居点 {(93, 43)}
2025-11-23 14:28:14,761 - create_connect_point - INFO - [create_connect_point.py:136] - 移除了{(92, 43)}，剩下7:[(89, 50), (91, 50)]
2025-11-23 14:28:14,761 - create_connect_point - INFO - [create_connect_point.py:205] - cCPbrap[(92, 43)]
2025-11-23 14:28:14,761 - create_connect_point - INFO - [create_connect_point.py:176] - 还存在连接点
2025-11-23 14:28:14,761 - create_connect_point - INFO - [create_connect_point.py:178] - 
可选择房间集合[0, 1, 4, 6, 7, 10, 12, 13, 15, 16, 22, 24, 26, 28, 30, 32, 34, 36, 38, 43, 44, 46, 47, 48, 49, 52, 53, 56, 58, 59, 63, 64, 80, 81, 82, 85, 86, 89, 91, 92, 94, 96, 99]
2025-11-23 14:28:14,761 - create_connect_point - INFO - [create_connect_point.py:180] - 
选择房间89:(83,17)-(87,19)
	[(82, 17)]
2025-11-23 14:28:14,761 - create_connect_point - INFO - [create_connect_point.py:183] - 选择点(82, 17)
2025-11-23 14:28:14,761 - create_connect_point - INFO - [create_connect_point.py:201] - 找到对应path
2025-11-23 14:28:14,762 - create_connect_point - INFO - [create_connect_point.py:120] - 找到与room相连的path，通过邻居点 {(81, 17)}
2025-11-23 14:28:14,762 - create_connect_point - INFO - [create_connect_point.py:136] - 移除了{(82, 17)}，剩下89:[]
2025-11-23 14:28:14,762 - create_connect_point - INFO - [create_connect_point.py:205] - cCPbrap[(82, 17)]
2025-11-23 14:28:14,762 - create_connect_point - INFO - [create_connect_point.py:176] - 还存在连接点
2025-11-23 14:28:14,762 - create_connect_point - INFO - [create_connect_point.py:178] - 
可选择房间集合[0, 1, 4, 6, 7, 10, 12, 13, 15, 16, 22, 24, 26, 28, 30, 32, 34, 36, 38, 43, 44, 46, 47, 48, 49, 52, 53, 56, 58, 59, 63, 64, 80, 81, 82, 85, 86, 91, 92, 94, 96, 99]
2025-11-23 14:28:14,762 - create_connect_point - INFO - [create_connect_point.py:180] - 
选择房间32:(29,1)-(31,5)
	[(28, 1), (28, 2), (28, 3), (28, 4), (28, 5)]
2025-11-23 14:28:14,762 - create_connect_point - INFO - [create_connect_point.py:183] - 选择点(28, 3)
2025-11-23 14:28:14,762 - create_connect_point - INFO - [create_connect_point.py:201] - 找到对应path
2025-11-23 14:28:14,762 - create_connect_point - INFO - [create_connect_point.py:120] - 找到与room相连的path，通过邻居点 {(27, 3)}
2025-11-23 14:28:14,762 - create_connect_point - INFO - [create_connect_point.py:136] - 移除了{(28, 1), (28, 3), (28, 2), (28, 5), (28, 4)}，剩下32:[]
2025-11-23 14:28:14,762 - create_connect_point - INFO - [create_connect_point.py:205] - cCPbrap[(28, 1), (28, 3), (28, 2), (28, 5), (28, 4)]
2025-11-23 14:28:14,762 - create_connect_point - INFO - [create_connect_point.py:176] - 还存在连接点
2025-11-23 14:28:14,762 - create_connect_point - INFO - [create_connect_point.py:178] - 
可选择房间集合[0, 1, 4, 6, 7, 10, 12, 13, 15, 16, 22, 24, 26, 28, 30, 34, 36, 38, 43, 44, 46, 47, 48, 49, 52, 53, 56, 58, 59, 63, 64, 80, 81, 82, 85, 86, 91, 92, 94, 96, 99]
2025-11-23 14:28:14,763 - create_connect_point - INFO - [create_connect_point.py:180] - 
选择房间6:(49,91)-(53,97)
	[(54, 91), (54, 93), (54, 94), (54, 95), (54, 96), (54, 97)]
2025-11-23 14:28:14,763 - create_connect_point - INFO - [create_connect_point.py:183] - 选择点(54, 95)
2025-11-23 14:28:14,763 - create_connect_point - INFO - [create_connect_point.py:201] - 找到对应path
2025-11-23 14:28:14,763 - create_connect_point - INFO - [create_connect_point.py:120] - 找到与room相连的path，通过邻居点 {(55, 95)}
2025-11-23 14:28:14,763 - create_connect_point - INFO - [create_connect_point.py:136] - 移除了{(54, 97), (54, 93), (54, 96), (54, 95), (54, 94)}，剩下6:[(54, 91)]
2025-11-23 14:28:14,763 - create_connect_point - INFO - [create_connect_point.py:205] - cCPbrap[(54, 97), (54, 93), (54, 96), (54, 95), (54, 94)]
2025-11-23 14:28:14,763 - create_connect_point - INFO - [create_connect_point.py:176] - 还存在连接点
2025-11-23 14:28:14,763 - create_connect_point - INFO - [create_connect_point.py:178] - 
可选择房间集合[0, 1, 4, 6, 7, 10, 12, 13, 15, 16, 22, 24, 26, 28, 30, 34, 36, 38, 43, 44, 46, 47, 48, 49, 52, 53, 56, 58, 59, 63, 64, 80, 81, 82, 85, 86, 91, 92, 94, 96, 99]
2025-11-23 14:28:14,763 - create_connect_point - INFO - [create_connect_point.py:180] - 
选择房间4:(45,47)-(47,49)
	[(44, 47), (45, 46), (47, 46)]
2025-11-23 14:28:14,763 - create_connect_point - INFO - [create_connect_point.py:183] - 选择点(44, 47)
2025-11-23 14:28:14,763 - create_connect_point - INFO - [create_connect_point.py:188] - 
找到对应room80:(41,43)-(43,47)
	[(40, 43), (40, 47), (41, 42), (41, 48), (42, 42), (42, 48), (43, 42), (43, 48), (44, 47)]
2025-11-23 14:28:14,763 - create_connect_point - INFO - [create_connect_point.py:89] - 
移除了{(44, 47)}
剩下4:[(45, 46), (47, 46)]
80:[(40, 43), (40, 47), (41, 42), (41, 48), (42, 42), (42, 48), (43, 42), (43, 48)]
2025-11-23 14:28:14,763 - create_connect_point - INFO - [create_connect_point.py:193] - cCPbrar[(44, 47)]
2025-11-23 14:28:14,763 - create_connect_point - INFO - [create_connect_point.py:176] - 还存在连接点
2025-11-23 14:28:14,763 - create_connect_point - INFO - [create_connect_point.py:178] - 
可选择房间集合[0, 1, 4, 6, 7, 10, 12, 13, 15, 16, 22, 24, 26, 28, 30, 34, 36, 38, 43, 44, 46, 47, 48, 49, 52, 53, 56, 58, 59, 63, 64, 80, 81, 82, 85, 86, 91, 92, 94, 96, 99]
2025-11-23 14:28:14,763 - create_connect_point - INFO - [create_connect_point.py:180] - 
选择房间80:(41,43)-(43,47)
	[(40, 43), (40, 47), (41, 42), (41, 48), (42, 42), (42, 48), (43, 42), (43, 48)]
2025-11-23 14:28:14,763 - create_connect_point - INFO - [create_connect_point.py:183] - 选择点(42, 48)
2025-11-23 14:28:14,763 - create_connect_point - INFO - [create_connect_point.py:201] - 找到对应path
2025-11-23 14:28:14,764 - create_connect_point - INFO - [create_connect_point.py:120] - 找到与room相连的path，通过邻居点 {(42, 49)}
2025-11-23 14:28:14,764 - create_connect_point - INFO - [create_connect_point.py:136] - 移除了{(40, 43), (42, 48), (41, 48), (40, 47), (43, 48)}，剩下80:[(41, 42), (42, 42), (43, 42)]
2025-11-23 14:28:14,764 - create_connect_point - INFO - [create_connect_point.py:205] - cCPbrap[(40, 43), (42, 48), (41, 48), (40, 47), (43, 48)]
2025-11-23 14:28:14,764 - create_connect_point - INFO - [create_connect_point.py:176] - 还存在连接点
2025-11-23 14:28:14,764 - create_connect_point - INFO - [create_connect_point.py:178] - 
可选择房间集合[0, 1, 4, 6, 7, 10, 12, 13, 15, 16, 22, 24, 26, 28, 30, 34, 36, 38, 43, 44, 46, 47, 48, 49, 52, 53, 56, 58, 59, 63, 64, 80, 81, 82, 85, 86, 91, 92, 94, 96, 99]
2025-11-23 14:28:14,764 - create_connect_point - INFO - [create_connect_point.py:180] - 
选择房间38:(85,65)-(89,73)
	[(85, 74), (87, 74), (88, 74), (89, 74), (90, 65), (90, 66), (90, 67), (90, 68), (90, 69), (90, 70), (90, 71), (90, 73)]
2025-11-23 14:28:14,764 - create_connect_point - INFO - [create_connect_point.py:183] - 选择点(90, 71)
2025-11-23 14:28:14,764 - create_connect_point - INFO - [create_connect_point.py:201] - 找到对应path
2025-11-23 14:28:14,764 - create_connect_point - INFO - [create_connect_point.py:120] - 找到与room相连的path，通过邻居点 {(91, 71)}
2025-11-23 14:28:14,764 - create_connect_point - INFO - [create_connect_point.py:136] - 移除了{(90, 69), (90, 65), (87, 74), (90, 68), (88, 74), (90, 71), (89, 74), (90, 67), (85, 74), (90, 70), (90, 73), (90, 66)}，剩下38:[]
2025-11-23 14:28:14,764 - create_connect_point - INFO - [create_connect_point.py:205] - cCPbrap[(90, 69), (90, 65), (87, 74), (90, 68), (88, 74), (90, 71), (89, 74), (90, 67), (85, 74), (90, 70), (90, 73), (90, 66)]
2025-11-23 14:28:14,764 - create_connect_point - INFO - [create_connect_point.py:176] - 还存在连接点
2025-11-23 14:28:14,764 - create_connect_point - INFO - [create_connect_point.py:178] - 
可选择房间集合[0, 1, 4, 6, 7, 10, 12, 13, 15, 16, 22, 24, 26, 28, 30, 34, 36, 43, 44, 46, 47, 48, 49, 52, 53, 56, 58, 59, 63, 64, 80, 81, 82, 85, 86, 91, 92, 94, 96, 99]
2025-11-23 14:28:14,764 - create_connect_point - INFO - [create_connect_point.py:180] - 
选择房间44:(11,59)-(13,61)
	[(10, 61), (14, 59), (14, 61)]
2025-11-23 14:28:14,764 - create_connect_point - INFO - [create_connect_point.py:183] - 选择点(10, 61)
2025-11-23 14:28:14,764 - create_connect_point - INFO - [create_connect_point.py:201] - 找到对应path
2025-11-23 14:28:14,764 - create_connect_point - INFO - [create_connect_point.py:120] - 找到与room相连的path，通过邻居点 {(9, 61)}
2025-11-23 14:28:14,764 - create_connect_point - INFO - [create_connect_point.py:136] - 移除了{(10, 61)}，剩下44:[(14, 59), (14, 61)]
2025-11-23 14:28:14,764 - create_connect_point - INFO - [create_connect_point.py:205] - cCPbrap[(10, 61)]
2025-11-23 14:28:14,765 - create_connect_point - INFO - [create_connect_point.py:176] - 还存在连接点
2025-11-23 14:28:14,765 - create_connect_point - INFO - [create_connect_point.py:178] - 
可选择房间集合[0, 1, 4, 6, 7, 10, 12, 13, 15, 16, 22, 24, 26, 28, 30, 34, 36, 43, 44, 46, 47, 48, 49, 52, 53, 56, 58, 59, 63, 64, 80, 81, 82, 85, 86, 91, 92, 94, 96, 99]
2025-11-23 14:28:14,765 - create_connect_point - INFO - [create_connect_point.py:180] - 
选择房间6:(49,91)-(53,97)
	[(54, 91)]
2025-11-23 14:28:14,765 - create_connect_point - INFO - [create_connect_point.py:183] - 选择点(54, 91)
2025-11-23 14:28:14,765 - create_connect_point - INFO - [create_connect_point.py:201] - 找到对应path
2025-11-23 14:28:14,765 - create_connect_point - INFO - [create_connect_point.py:120] - 找到与room相连的path，通过邻居点 {(55, 91)}
2025-11-23 14:28:14,765 - create_connect_point - INFO - [create_connect_point.py:136] - 移除了{(54, 91)}，剩下6:[]
2025-11-23 14:28:14,765 - create_connect_point - INFO - [create_connect_point.py:205] - cCPbrap[(54, 91)]
2025-11-23 14:28:14,765 - create_connect_point - INFO - [create_connect_point.py:176] - 还存在连接点
2025-11-23 14:28:14,765 - create_connect_point - INFO - [create_connect_point.py:178] - 
可选择房间集合[0, 1, 4, 7, 10, 12, 13, 15, 16, 22, 24, 26, 28, 30, 34, 36, 43, 44, 46, 47, 48, 49, 52, 53, 56, 58, 59, 63, 64, 80, 81, 82, 85, 86, 91, 92, 94, 96, 99]
2025-11-23 14:28:14,765 - create_connect_point - INFO - [create_connect_point.py:180] - 
选择房间49:(43,57)-(51,65)
	[(42, 57), (42, 58), (42, 59), (42, 61), (42, 63), (42, 64), (42, 65)]
2025-11-23 14:28:14,765 - create_connect_point - INFO - [create_connect_point.py:183] - 选择点(42, 63)
2025-11-23 14:28:14,765 - create_connect_point - INFO - [create_connect_point.py:188] - 
找到对应room85:(37,63)-(41,71)
	[(36, 63), (36, 65), (36, 66), (36, 67), (36, 68), (36, 69), (36, 70), (36, 71), (37, 62), (37, 72), (39, 62), (39, 72), (40, 62), (40, 72), (41, 62), (41, 72), (42, 63), (42, 64), (42, 65), (42, 67), (42, 68), (42, 69), (42, 70), (42, 71)]
2025-11-23 14:28:14,765 - create_connect_point - INFO - [create_connect_point.py:89] - 
移除了{(42, 63), (42, 64), (42, 65)}
剩下49:[(42, 57), (42, 58), (42, 59), (42, 61)]
85:[(36, 63), (36, 65), (36, 66), (36, 67), (36, 68), (36, 69), (36, 70), (36, 71), (37, 62), (37, 72), (39, 62), (39, 72), (40, 62), (40, 72), (41, 62), (41, 72), (42, 67), (42, 68), (42, 69), (42, 70), (42, 71)]
2025-11-23 14:28:14,765 - create_connect_point - INFO - [create_connect_point.py:193] - cCPbrar[(42, 63), (42, 64), (42, 65)]
2025-11-23 14:28:14,765 - create_connect_point - INFO - [create_connect_point.py:176] - 还存在连接点
2025-11-23 14:28:14,765 - create_connect_point - INFO - [create_connect_point.py:178] - 
可选择房间集合[0, 1, 4, 7, 10, 12, 13, 15, 16, 22, 24, 26, 28, 30, 34, 36, 43, 44, 46, 47, 48, 49, 52, 53, 56, 58, 59, 63, 64, 80, 81, 82, 85, 86, 91, 92, 94, 96, 99]
2025-11-23 14:28:14,765 - create_connect_point - INFO - [create_connect_point.py:180] - 
选择房间48:(43,1)-(45,3)
	[(43, 4)]
2025-11-23 14:28:14,765 - create_connect_point - INFO - [create_connect_point.py:183] - 选择点(43, 4)
2025-11-23 14:28:14,765 - create_connect_point - INFO - [create_connect_point.py:201] - 找到对应path
2025-11-23 14:28:14,766 - create_connect_point - INFO - [create_connect_point.py:120] - 找到与room相连的path，通过邻居点 {(43, 5)}
2025-11-23 14:28:14,766 - create_connect_point - INFO - [create_connect_point.py:136] - 移除了{(43, 4)}，剩下48:[]
2025-11-23 14:28:14,766 - create_connect_point - INFO - [create_connect_point.py:205] - cCPbrap[(43, 4)]
2025-11-23 14:28:14,766 - create_connect_point - INFO - [create_connect_point.py:176] - 还存在连接点
2025-11-23 14:28:14,766 - create_connect_point - INFO - [create_connect_point.py:178] - 
可选择房间集合[0, 1, 4, 7, 10, 12, 13, 15, 16, 22, 24, 26, 28, 30, 34, 36, 43, 44, 46, 47, 49, 52, 53, 56, 58, 59, 63, 64, 80, 81, 82, 85, 86, 91, 92, 94, 96, 99]
2025-11-23 14:28:14,766 - create_connect_point - INFO - [create_connect_point.py:180] - 
选择房间92:(41,37)-(49,39)
	[(40, 37), (43, 36), (44, 36), (45, 36)]
2025-11-23 14:28:14,766 - create_connect_point - INFO - [create_connect_point.py:183] - 选择点(44, 36)
2025-11-23 14:28:14,766 - create_connect_point - INFO - [create_connect_point.py:201] - 找到对应path
2025-11-23 14:28:14,766 - create_connect_point - INFO - [create_connect_point.py:120] - 找到与room相连的path，通过邻居点 {(44, 35)}
2025-11-23 14:28:14,766 - create_connect_point - INFO - [create_connect_point.py:136] - 移除了{(44, 36), (45, 36), (43, 36)}，剩下92:[(40, 37)]
2025-11-23 14:28:14,766 - create_connect_point - INFO - [create_connect_point.py:205] - cCPbrap[(44, 36), (45, 36), (43, 36)]
2025-11-23 14:28:14,766 - create_connect_point - INFO - [create_connect_point.py:176] - 还存在连接点
2025-11-23 14:28:14,766 - create_connect_point - INFO - [create_connect_point.py:178] - 
可选择房间集合[0, 1, 4, 7, 10, 12, 13, 15, 16, 22, 24, 26, 28, 30, 34, 36, 43, 44, 46, 47, 49, 52, 53, 56, 58, 59, 63, 64, 80, 81, 82, 85, 86, 91, 92, 94, 96, 99]
2025-11-23 14:28:14,766 - create_connect_point - INFO - [create_connect_point.py:180] - 
选择房间15:(5,31)-(9,35)
	[(5, 30), (6, 30), (7, 30)]
2025-11-23 14:28:14,766 - create_connect_point - INFO - [create_connect_point.py:183] - 选择点(6, 30)
2025-11-23 14:28:14,766 - create_connect_point - INFO - [create_connect_point.py:188] - 
找到对应room59:(5,23)-(7,29)
	[(5, 30), (6, 30), (7, 30), (8, 23)]
2025-11-23 14:28:14,766 - create_connect_point - INFO - [create_connect_point.py:89] - 
移除了{(6, 30), (7, 30), (5, 30)}
剩下15:[]
59:[(8, 23)]
2025-11-23 14:28:14,766 - create_connect_point - INFO - [create_connect_point.py:193] - cCPbrar[(6, 30), (7, 30), (5, 30)]
2025-11-23 14:28:14,766 - create_connect_point - INFO - [create_connect_point.py:176] - 还存在连接点
2025-11-23 14:28:14,766 - create_connect_point - INFO - [create_connect_point.py:178] - 
可选择房间集合[0, 1, 4, 7, 10, 12, 13, 16, 22, 24, 26, 28, 30, 34, 36, 43, 44, 46, 47, 49, 52, 53, 56, 58, 59, 63, 64, 80, 81, 82, 85, 86, 91, 92, 94, 96, 99]
2025-11-23 14:28:14,766 - create_connect_point - INFO - [create_connect_point.py:180] - 
选择房间24:(31,51)-(39,59)
	[(39, 60), (40, 57), (40, 58), (40, 59)]
2025-11-23 14:28:14,767 - create_connect_point - INFO - [create_connect_point.py:183] - 选择点(40, 58)
2025-11-23 14:28:14,767 - create_connect_point - INFO - [create_connect_point.py:201] - 找到对应path
2025-11-23 14:28:14,767 - create_connect_point - INFO - [create_connect_point.py:120] - 找到与room相连的path，通过邻居点 {(41, 58)}
2025-11-23 14:28:14,767 - create_connect_point - INFO - [create_connect_point.py:136] - 移除了{(40, 59), (40, 57), (40, 58)}，剩下24:[(39, 60)]
2025-11-23 14:28:14,767 - create_connect_point - INFO - [create_connect_point.py:205] - cCPbrap[(40, 59), (40, 57), (40, 58)]
2025-11-23 14:28:14,767 - create_connect_point - INFO - [create_connect_point.py:176] - 还存在连接点
2025-11-23 14:28:14,767 - create_connect_point - INFO - [create_connect_point.py:178] - 
可选择房间集合[0, 1, 4, 7, 10, 12, 13, 16, 22, 24, 26, 28, 30, 34, 36, 43, 44, 46, 47, 49, 52, 53, 56, 58, 59, 63, 64, 80, 81, 82, 85, 86, 91, 92, 94, 96, 99]
2025-11-23 14:28:14,767 - create_connect_point - INFO - [create_connect_point.py:180] - 
选择房间82:(19,37)-(21,45)
	[(21, 36), (22, 37), (22, 38), (22, 39)]
2025-11-23 14:28:14,767 - create_connect_point - INFO - [create_connect_point.py:183] - 选择点(22, 38)
2025-11-23 14:28:14,767 - create_connect_point - INFO - [create_connect_point.py:201] - 找到对应path
2025-11-23 14:28:14,767 - create_connect_point - INFO - [create_connect_point.py:120] - 找到与room相连的path，通过邻居点 {(23, 38)}
2025-11-23 14:28:14,767 - create_connect_point - INFO - [create_connect_point.py:136] - 移除了{(22, 37), (22, 38), (22, 39)}，剩下82:[(21, 36)]
2025-11-23 14:28:14,767 - create_connect_point - INFO - [create_connect_point.py:205] - cCPbrap[(22, 37), (22, 38), (22, 39)]
2025-11-23 14:28:14,767 - create_connect_point - INFO - [create_connect_point.py:176] - 还存在连接点
2025-11-23 14:28:14,767 - create_connect_point - INFO - [create_connect_point.py:178] - 
可选择房间集合[0, 1, 4, 7, 10, 12, 13, 16, 22, 24, 26, 28, 30, 34, 36, 43, 44, 46, 47, 49, 52, 53, 56, 58, 59, 63, 64, 80, 81, 82, 85, 86, 91, 92, 94, 96, 99]
2025-11-23 14:28:14,767 - create_connect_point - INFO - [create_connect_point.py:180] - 
选择房间92:(41,37)-(49,39)
	[(40, 37)]
2025-11-23 14:28:14,767 - create_connect_point - INFO - [create_connect_point.py:183] - 选择点(40, 37)
2025-11-23 14:28:14,767 - create_connect_point - INFO - [create_connect_point.py:201] - 找到对应path
2025-11-23 14:28:14,767 - create_connect_point - INFO - [create_connect_point.py:120] - 找到与room相连的path，通过邻居点 {(39, 37)}
2025-11-23 14:28:14,767 - create_connect_point - INFO - [create_connect_point.py:136] - 移除了{(40, 37)}，剩下92:[]
2025-11-23 14:28:14,767 - create_connect_point - INFO - [create_connect_point.py:205] - cCPbrap[(40, 37)]
2025-11-23 14:28:14,767 - create_connect_point - INFO - [create_connect_point.py:176] - 还存在连接点
2025-11-23 14:28:14,768 - create_connect_point - INFO - [create_connect_point.py:178] - 
可选择房间集合[0, 1, 4, 7, 10, 12, 13, 16, 22, 24, 26, 28, 30, 34, 36, 43, 44, 46, 47, 49, 52, 53, 56, 58, 59, 63, 64, 80, 81, 82, 85, 86, 91, 94, 96, 99]
2025-11-23 14:28:14,768 - create_connect_point - INFO - [create_connect_point.py:180] - 
选择房间12:(83,57)-(91,63)
	[(82, 57), (82, 59), (82, 61), (82, 63), (83, 56), (83, 64), (91, 64)]
2025-11-23 14:28:14,768 - create_connect_point - INFO - [create_connect_point.py:183] - 选择点(82, 57)
2025-11-23 14:28:14,768 - create_connect_point - INFO - [create_connect_point.py:201] - 找到对应path
2025-11-23 14:28:14,768 - create_connect_point - INFO - [create_connect_point.py:120] - 找到与room相连的path，通过邻居点 {(81, 57)}
2025-11-23 14:28:14,768 - create_connect_point - INFO - [create_connect_point.py:136] - 移除了{(82, 61), (82, 57), (82, 63), (83, 56), (82, 59)}，剩下12:[(83, 64), (91, 64)]
2025-11-23 14:28:14,768 - create_connect_point - INFO - [create_connect_point.py:205] - cCPbrap[(82, 61), (82, 57), (82, 63), (83, 56), (82, 59)]
2025-11-23 14:28:14,768 - create_connect_point - INFO - [create_connect_point.py:176] - 还存在连接点
2025-11-23 14:28:14,768 - create_connect_point - INFO - [create_connect_point.py:178] - 
可选择房间集合[0, 1, 4, 7, 10, 12, 13, 16, 22, 24, 26, 28, 30, 34, 36, 43, 44, 46, 47, 49, 52, 53, 56, 58, 59, 63, 64, 80, 81, 82, 85, 86, 91, 94, 96, 99]
2025-11-23 14:28:14,768 - create_connect_point - INFO - [create_connect_point.py:180] - 
选择房间13:(11,51)-(17,57)
	[(15, 58), (17, 58), (18, 53)]
2025-11-23 14:28:14,768 - create_connect_point - INFO - [create_connect_point.py:183] - 选择点(17, 58)
2025-11-23 14:28:14,768 - create_connect_point - INFO - [create_connect_point.py:201] - 找到对应path
2025-11-23 14:28:14,768 - create_connect_point - INFO - [create_connect_point.py:120] - 找到与room相连的path，通过邻居点 {(17, 59)}
2025-11-23 14:28:14,768 - create_connect_point - INFO - [create_connect_point.py:136] - 移除了{(17, 58)}，剩下13:[(15, 58), (18, 53)]
2025-11-23 14:28:14,768 - create_connect_point - INFO - [create_connect_point.py:205] - cCPbrap[(17, 58)]
2025-11-23 14:28:14,768 - create_connect_point - INFO - [create_connect_point.py:176] - 还存在连接点
2025-11-23 14:28:14,768 - create_connect_point - INFO - [create_connect_point.py:178] - 
可选择房间集合[0, 1, 4, 7, 10, 12, 13, 16, 22, 24, 26, 28, 30, 34, 36, 43, 44, 46, 47, 49, 52, 53, 56, 58, 59, 63, 64, 80, 81, 82, 85, 86, 91, 94, 96, 99]
2025-11-23 14:28:14,768 - create_connect_point - INFO - [create_connect_point.py:180] - 
选择房间56:(91,17)-(97,19)
	[(90, 17), (90, 18), (90, 19), (91, 16), (91, 20), (92, 20), (93, 20), (94, 20), (95, 20), (96, 20), (97, 20), (98, 17), (98, 18), (98, 19)]
2025-11-23 14:28:14,768 - create_connect_point - INFO - [create_connect_point.py:183] - 选择点(98, 17)
2025-11-23 14:28:14,769 - create_connect_point - INFO - [create_connect_point.py:201] - 找到对应path
2025-11-23 14:28:14,769 - create_connect_point - INFO - [create_connect_point.py:120] - 找到与room相连的path，通过邻居点 {(99, 17)}
2025-11-23 14:28:14,769 - create_connect_point - INFO - [create_connect_point.py:136] - 移除了{(98, 18), (98, 19), (98, 17)}，剩下56:[(90, 17), (90, 18), (90, 19), (91, 16), (91, 20), (92, 20), (93, 20), (94, 20), (95, 20), (96, 20), (97, 20)]
2025-11-23 14:28:14,769 - create_connect_point - INFO - [create_connect_point.py:205] - cCPbrap[(98, 18), (98, 19), (98, 17)]
2025-11-23 14:28:14,769 - create_connect_point - INFO - [create_connect_point.py:176] - 还存在连接点
2025-11-23 14:28:14,769 - create_connect_point - INFO - [create_connect_point.py:178] - 
可选择房间集合[0, 1, 4, 7, 10, 12, 13, 16, 22, 24, 26, 28, 30, 34, 36, 43, 44, 46, 47, 49, 52, 53, 56, 58, 59, 63, 64, 80, 81, 82, 85, 86, 91, 94, 96, 99]
2025-11-23 14:28:14,769 - create_connect_point - INFO - [create_connect_point.py:180] - 
选择房间52:(65,69)-(73,71)
	[(64, 69), (64, 70), (64, 71), (65, 68), (69, 72), (71, 72), (73, 72), (74, 69), (74, 70), (74, 71)]
2025-11-23 14:28:14,769 - create_connect_point - INFO - [create_connect_point.py:183] - 选择点(74, 69)
2025-11-23 14:28:14,769 - create_connect_point - INFO - [create_connect_point.py:188] - 
找到对应room10:(75,65)-(81,71)
	[(74, 65), (74, 66), (74, 67), (74, 69), (74, 70), (74, 71), (82, 71)]
2025-11-23 14:28:14,769 - create_connect_point - INFO - [create_connect_point.py:89] - 
移除了{(74, 69), (74, 70), (74, 71)}
剩下52:[(64, 69), (64, 70), (64, 71), (65, 68), (69, 72), (71, 72), (73, 72)]
10:[(74, 65), (74, 66), (74, 67), (82, 71)]
2025-11-23 14:28:14,769 - create_connect_point - INFO - [create_connect_point.py:193] - cCPbrar[(74, 69), (74, 70), (74, 71)]
2025-11-23 14:28:14,769 - create_connect_point - INFO - [create_connect_point.py:176] - 还存在连接点
2025-11-23 14:28:14,769 - create_connect_point - INFO - [create_connect_point.py:178] - 
可选择房间集合[0, 1, 4, 7, 10, 12, 13, 16, 22, 24, 26, 28, 30, 34, 36, 43, 44, 46, 47, 49, 52, 53, 56, 58, 59, 63, 64, 80, 81, 82, 85, 86, 91, 94, 96, 99]
2025-11-23 14:28:14,769 - create_connect_point - INFO - [create_connect_point.py:180] - 
选择房间86:(25,37)-(31,39)
	[(24, 37), (24, 38), (24, 39), (32, 37), (32, 38), (32, 39)]
2025-11-23 14:28:14,769 - create_connect_point - INFO - [create_connect_point.py:183] - 选择点(24, 38)
2025-11-23 14:28:14,769 - create_connect_point - INFO - [create_connect_point.py:201] - 找到对应path
2025-11-23 14:28:14,770 - create_connect_point - INFO - [create_connect_point.py:120] - 找到与room相连的path，通过邻居点 {(23, 38)}
2025-11-23 14:28:14,770 - create_connect_point - INFO - [create_connect_point.py:136] - 移除了{(24, 37), (24, 38), (24, 39)}，剩下86:[(32, 37), (32, 38), (32, 39)]
2025-11-23 14:28:14,770 - create_connect_point - INFO - [create_connect_point.py:205] - cCPbrap[(24, 37), (24, 38), (24, 39)]
2025-11-23 14:28:14,770 - create_connect_point - INFO - [create_connect_point.py:176] - 还存在连接点
2025-11-23 14:28:14,770 - create_connect_point - INFO - [create_connect_point.py:178] - 
可选择房间集合[0, 1, 4, 7, 10, 12, 13, 16, 22, 24, 26, 28, 30, 34, 36, 43, 44, 46, 47, 49, 52, 53, 56, 58, 59, 63, 64, 80, 81, 82, 85, 86, 91, 94, 96, 99]
2025-11-23 14:28:14,770 - create_connect_point - INFO - [create_connect_point.py:180] - 
选择房间1:(17,23)-(21,29)
	[(17, 30), (18, 30), (19, 30), (20, 30), (21, 30)]
2025-11-23 14:28:14,770 - create_connect_point - INFO - [create_connect_point.py:183] - 选择点(20, 30)
2025-11-23 14:28:14,770 - create_connect_point - INFO - [create_connect_point.py:201] - 找到对应path
2025-11-23 14:28:14,770 - create_connect_point - INFO - [create_connect_point.py:120] - 找到与room相连的path，通过邻居点 {(20, 31)}
2025-11-23 14:28:14,770 - create_connect_point - INFO - [create_connect_point.py:136] - 移除了{(19, 30), (20, 30), (21, 30), (17, 30), (18, 30)}，剩下1:[]
2025-11-23 14:28:14,770 - create_connect_point - INFO - [create_connect_point.py:205] - cCPbrap[(19, 30), (20, 30), (21, 30), (17, 30), (18, 30)]
2025-11-23 14:28:14,770 - create_connect_point - INFO - [create_connect_point.py:176] - 还存在连接点
2025-11-23 14:28:14,770 - create_connect_point - INFO - [create_connect_point.py:178] - 
可选择房间集合[0, 4, 7, 10, 12, 13, 16, 22, 24, 26, 28, 30, 34, 36, 43, 44, 46, 47, 49, 52, 53, 56, 58, 59, 63, 64, 80, 81, 82, 85, 86, 91, 94, 96, 99]
2025-11-23 14:28:14,770 - create_connect_point - INFO - [create_connect_point.py:180] - 
选择房间56:(91,17)-(97,19)
	[(90, 17), (90, 18), (90, 19), (91, 16), (91, 20), (92, 20), (93, 20), (94, 20), (95, 20), (96, 20), (97, 20)]
2025-11-23 14:28:14,770 - create_connect_point - INFO - [create_connect_point.py:183] - 选择点(96, 20)
2025-11-23 14:28:14,770 - create_connect_point - INFO - [create_connect_point.py:201] - 找到对应path
2025-11-23 14:28:14,770 - create_connect_point - INFO - [create_connect_point.py:120] - 找到与room相连的path，通过邻居点 {(96, 21)}
2025-11-23 14:28:14,770 - create_connect_point - INFO - [create_connect_point.py:136] - 移除了{(94, 20), (95, 20), (96, 20), (91, 20), (90, 17), (97, 20), (93, 20), (91, 16), (90, 19), (90, 18), (92, 20)}，剩下56:[]
2025-11-23 14:28:14,770 - create_connect_point - INFO - [create_connect_point.py:205] - cCPbrap[(94, 20), (95, 20), (96, 20), (91, 20), (90, 17), (97, 20), (93, 20), (91, 16), (90, 19), (90, 18), (92, 20)]
2025-11-23 14:28:14,770 - create_connect_point - INFO - [create_connect_point.py:176] - 还存在连接点
2025-11-23 14:28:14,770 - create_connect_point - INFO - [create_connect_point.py:178] - 
可选择房间集合[0, 4, 7, 10, 12, 13, 16, 22, 24, 26, 28, 30, 34, 36, 43, 44, 46, 47, 49, 52, 53, 58, 59, 63, 64, 80, 81, 82, 85, 86, 91, 94, 96, 99]
2025-11-23 14:28:14,770 - create_connect_point - INFO - [create_connect_point.py:180] - 
选择房间96:(63,73)-(67,81)
	[(68, 73), (68, 74), (68, 75)]
2025-11-23 14:28:14,771 - create_connect_point - INFO - [create_connect_point.py:183] - 选择点(68, 73)
2025-11-23 14:28:14,771 - create_connect_point - INFO - [create_connect_point.py:201] - 找到对应path
2025-11-23 14:28:14,771 - create_connect_point - INFO - [create_connect_point.py:120] - 找到与room相连的path，通过邻居点 {(69, 73)}
2025-11-23 14:28:14,771 - create_connect_point - INFO - [create_connect_point.py:136] - 移除了{(68, 75), (68, 73), (68, 74)}，剩下96:[]
2025-11-23 14:28:14,771 - create_connect_point - INFO - [create_connect_point.py:205] - cCPbrap[(68, 75), (68, 73), (68, 74)]
2025-11-23 14:28:14,771 - create_connect_point - INFO - [create_connect_point.py:176] - 还存在连接点
2025-11-23 14:28:14,771 - create_connect_point - INFO - [create_connect_point.py:178] - 
可选择房间集合[0, 4, 7, 10, 12, 13, 16, 22, 24, 26, 28, 30, 34, 36, 43, 44, 46, 47, 49, 52, 53, 58, 59, 63, 64, 80, 81, 82, 85, 86, 91, 94, 99]
2025-11-23 14:28:14,771 - create_connect_point - INFO - [create_connect_point.py:180] - 
选择房间99:(9,13)-(15,17)
	[(9, 12), (11, 12), (12, 12), (13, 12), (14, 12), (15, 12)]
2025-11-23 14:28:14,771 - create_connect_point - INFO - [create_connect_point.py:183] - 选择点(11, 12)
2025-11-23 14:28:14,771 - create_connect_point - INFO - [create_connect_point.py:201] - 找到对应path
2025-11-23 14:28:14,771 - create_connect_point - INFO - [create_connect_point.py:120] - 找到与room相连的path，通过邻居点 {(11, 11)}
2025-11-23 14:28:14,771 - create_connect_point - INFO - [create_connect_point.py:136] - 移除了{(9, 12), (11, 12), (12, 12), (13, 12), (14, 12), (15, 12)}，剩下99:[]
2025-11-23 14:28:14,771 - create_connect_point - INFO - [create_connect_point.py:205] - cCPbrap[(9, 12), (11, 12), (12, 12), (13, 12), (14, 12), (15, 12)]
2025-11-23 14:28:14,771 - create_connect_point - INFO - [create_connect_point.py:176] - 还存在连接点
2025-11-23 14:28:14,771 - create_connect_point - INFO - [create_connect_point.py:178] - 
可选择房间集合[0, 4, 7, 10, 12, 13, 16, 22, 24, 26, 28, 30, 34, 36, 43, 44, 46, 47, 49, 52, 53, 58, 59, 63, 64, 80, 81, 82, 85, 86, 91, 94]
2025-11-23 14:28:14,771 - create_connect_point - INFO - [create_connect_point.py:180] - 
选择房间24:(31,51)-(39,59)
	[(39, 60)]
2025-11-23 14:28:14,771 - create_connect_point - INFO - [create_connect_point.py:183] - 选择点(39, 60)
2025-11-23 14:28:14,771 - create_connect_point - INFO - [create_connect_point.py:201] - 找到对应path
2025-11-23 14:28:14,771 - create_connect_point - INFO - [create_connect_point.py:120] - 找到与room相连的path，通过邻居点 {(39, 61)}
2025-11-23 14:28:14,771 - create_connect_point - INFO - [create_connect_point.py:136] - 移除了{(39, 60)}，剩下24:[]
2025-11-23 14:28:14,771 - create_connect_point - INFO - [create_connect_point.py:205] - cCPbrap[(39, 60)]
2025-11-23 14:28:14,771 - create_connect_point - INFO - [create_connect_point.py:176] - 还存在连接点
2025-11-23 14:28:14,771 - create_connect_point - INFO - [create_connect_point.py:178] - 
可选择房间集合[0, 4, 7, 10, 12, 13, 16, 22, 26, 28, 30, 34, 36, 43, 44, 46, 47, 49, 52, 53, 58, 59, 63, 64, 80, 81, 82, 85, 86, 91, 94]
2025-11-23 14:28:14,772 - create_connect_point - INFO - [create_connect_point.py:180] - 
选择房间81:(39,25)-(41,33)
	[(41, 24)]
2025-11-23 14:28:14,772 - create_connect_point - INFO - [create_connect_point.py:183] - 选择点(41, 24)
2025-11-23 14:28:14,772 - create_connect_point - INFO - [create_connect_point.py:188] - 
找到对应room30:(41,15)-(43,23)
	[(41, 24)]
2025-11-23 14:28:14,772 - create_connect_point - INFO - [create_connect_point.py:89] - 
移除了{(41, 24)}
剩下81:[]
30:[]
2025-11-23 14:28:14,772 - create_connect_point - INFO - [create_connect_point.py:193] - cCPbrar[(41, 24)]
2025-11-23 14:28:14,772 - create_connect_point - INFO - [create_connect_point.py:176] - 还存在连接点
2025-11-23 14:28:14,772 - create_connect_point - INFO - [create_connect_point.py:178] - 
可选择房间集合[0, 4, 7, 10, 12, 13, 16, 22, 26, 28, 34, 36, 43, 44, 46, 47, 49, 52, 53, 58, 59, 63, 64, 80, 82, 85, 86, 91, 94]
2025-11-23 14:28:14,772 - create_connect_point - INFO - [create_connect_point.py:180] - 
选择房间86:(25,37)-(31,39)
	[(32, 37), (32, 38), (32, 39)]
2025-11-23 14:28:14,772 - create_connect_point - INFO - [create_connect_point.py:183] - 选择点(32, 38)
2025-11-23 14:28:14,772 - create_connect_point - INFO - [create_connect_point.py:201] - 找到对应path
2025-11-23 14:28:14,772 - create_connect_point - INFO - [create_connect_point.py:120] - 找到与room相连的path，通过邻居点 {(33, 38)}
2025-11-23 14:28:14,772 - create_connect_point - INFO - [create_connect_point.py:136] - 移除了{(32, 37), (32, 38), (32, 39)}，剩下86:[]
2025-11-23 14:28:14,772 - create_connect_point - INFO - [create_connect_point.py:205] - cCPbrap[(32, 37), (32, 38), (32, 39)]
2025-11-23 14:28:14,772 - create_connect_point - INFO - [create_connect_point.py:176] - 还存在连接点
2025-11-23 14:28:14,772 - create_connect_point - INFO - [create_connect_point.py:178] - 
可选择房间集合[0, 4, 7, 10, 12, 13, 16, 22, 26, 28, 34, 36, 43, 44, 46, 47, 49, 52, 53, 58, 59, 63, 64, 80, 82, 85, 91, 94]
2025-11-23 14:28:14,772 - create_connect_point - INFO - [create_connect_point.py:180] - 
选择房间46:(5,73)-(9,75)
	[(4, 75), (5, 72), (7, 72)]
2025-11-23 14:28:14,772 - create_connect_point - INFO - [create_connect_point.py:183] - 选择点(5, 72)
2025-11-23 14:28:14,772 - create_connect_point - INFO - [create_connect_point.py:201] - 找到对应path
2025-11-23 14:28:14,772 - create_connect_point - INFO - [create_connect_point.py:120] - 找到与room相连的path，通过邻居点 {(5, 71)}
2025-11-23 14:28:14,772 - create_connect_point - INFO - [create_connect_point.py:136] - 移除了{(5, 72)}，剩下46:[(4, 75), (7, 72)]
2025-11-23 14:28:14,772 - create_connect_point - INFO - [create_connect_point.py:205] - cCPbrap[(5, 72)]
2025-11-23 14:28:14,772 - create_connect_point - INFO - [create_connect_point.py:176] - 还存在连接点
2025-11-23 14:28:14,772 - create_connect_point - INFO - [create_connect_point.py:178] - 
可选择房间集合[0, 4, 7, 10, 12, 13, 16, 22, 26, 28, 34, 36, 43, 44, 46, 47, 49, 52, 53, 58, 59, 63, 64, 80, 82, 85, 91, 94]
2025-11-23 14:28:14,773 - create_connect_point - INFO - [create_connect_point.py:180] - 
选择房间36:(57,89)-(65,93)
	[(56, 91), (56, 93), (57, 94), (63, 94), (65, 94)]
2025-11-23 14:28:14,773 - create_connect_point - INFO - [create_connect_point.py:183] - 选择点(56, 93)
2025-11-23 14:28:14,773 - create_connect_point - INFO - [create_connect_point.py:201] - 找到对应path
2025-11-23 14:28:14,773 - create_connect_point - INFO - [create_connect_point.py:120] - 找到与room相连的path，通过邻居点 {(55, 93)}
2025-11-23 14:28:14,773 - create_connect_point - INFO - [create_connect_point.py:136] - 移除了{(57, 94), (56, 93)}，剩下36:[(56, 91), (63, 94), (65, 94)]
2025-11-23 14:28:14,773 - create_connect_point - INFO - [create_connect_point.py:205] - cCPbrap[(57, 94), (56, 93)]
2025-11-23 14:28:14,773 - create_connect_point - INFO - [create_connect_point.py:176] - 还存在连接点
2025-11-23 14:28:14,773 - create_connect_point - INFO - [create_connect_point.py:178] - 
可选择房间集合[0, 4, 7, 10, 12, 13, 16, 22, 26, 28, 34, 36, 43, 44, 46, 47, 49, 52, 53, 58, 59, 63, 64, 80, 82, 85, 91, 94]
2025-11-23 14:28:14,773 - create_connect_point - INFO - [create_connect_point.py:180] - 
选择房间16:(31,17)-(37,25)
	[(30, 21), (30, 23), (30, 24), (30, 25), (31, 16), (31, 26), (32, 16), (33, 16), (33, 26), (34, 16), (34, 26), (35, 16), (35, 26), (36, 16), (36, 26), (37, 16), (37, 26), (38, 17)]
2025-11-23 14:28:14,773 - create_connect_point - INFO - [create_connect_point.py:183] - 选择点(36, 26)
2025-11-23 14:28:14,773 - create_connect_point - INFO - [create_connect_point.py:201] - 找到对应path
2025-11-23 14:28:14,773 - create_connect_point - INFO - [create_connect_point.py:120] - 找到与room相连的path，通过邻居点 {(36, 27)}
2025-11-23 14:28:14,773 - create_connect_point - INFO - [create_connect_point.py:136] - 移除了{(30, 24), (37, 26), (33, 26), (30, 23), (34, 26), (35, 26), (36, 26), (31, 26), (30, 25)}，剩下16:[(30, 21), (31, 16), (32, 16), (33, 16), (34, 16), (35, 16), (36, 16), (37, 16), (38, 17)]
2025-11-23 14:28:14,773 - create_connect_point - INFO - [create_connect_point.py:205] - cCPbrap[(30, 24), (37, 26), (33, 26), (30, 23), (34, 26), (35, 26), (36, 26), (31, 26), (30, 25)]
2025-11-23 14:28:14,773 - create_connect_point - INFO - [create_connect_point.py:176] - 还存在连接点
2025-11-23 14:28:14,773 - create_connect_point - INFO - [create_connect_point.py:178] - 
可选择房间集合[0, 4, 7, 10, 12, 13, 16, 22, 26, 28, 34, 36, 43, 44, 46, 47, 49, 52, 53, 58, 59, 63, 64, 80, 82, 85, 91, 94]
2025-11-23 14:28:14,773 - create_connect_point - INFO - [create_connect_point.py:180] - 
选择房间12:(83,57)-(91,63)
	[(83, 64), (91, 64)]
2025-11-23 14:28:14,773 - create_connect_point - INFO - [create_connect_point.py:183] - 选择点(91, 64)
2025-11-23 14:28:14,773 - create_connect_point - INFO - [create_connect_point.py:201] - 找到对应path
2025-11-23 14:28:14,773 - create_connect_point - INFO - [create_connect_point.py:120] - 找到与room相连的path，通过邻居点 {(91, 65)}
2025-11-23 14:28:14,774 - create_connect_point - INFO - [create_connect_point.py:136] - 移除了{(91, 64)}，剩下12:[(83, 64)]
2025-11-23 14:28:14,774 - create_connect_point - INFO - [create_connect_point.py:205] - cCPbrap[(91, 64)]
2025-11-23 14:28:14,774 - create_connect_point - INFO - [create_connect_point.py:176] - 还存在连接点
2025-11-23 14:28:14,774 - create_connect_point - INFO - [create_connect_point.py:178] - 
可选择房间集合[0, 4, 7, 10, 12, 13, 16, 22, 26, 28, 34, 36, 43, 44, 46, 47, 49, 52, 53, 58, 59, 63, 64, 80, 82, 85, 91, 94]
2025-11-23 14:28:14,774 - create_connect_point - INFO - [create_connect_point.py:180] - 
选择房间46:(5,73)-(9,75)
	[(4, 75), (7, 72)]
2025-11-23 14:28:14,774 - create_connect_point - INFO - [create_connect_point.py:183] - 选择点(7, 72)
2025-11-23 14:28:14,774 - create_connect_point - INFO - [create_connect_point.py:201] - 找到对应path
2025-11-23 14:28:14,774 - create_connect_point - INFO - [create_connect_point.py:120] - 找到与room相连的path，通过邻居点 {(7, 71)}
2025-11-23 14:28:14,774 - create_connect_point - INFO - [create_connect_point.py:136] - 移除了{(7, 72)}，剩下46:[(4, 75)]
2025-11-23 14:28:14,774 - create_connect_point - INFO - [create_connect_point.py:205] - cCPbrap[(7, 72)]
2025-11-23 14:28:14,774 - create_connect_point - INFO - [create_connect_point.py:176] - 还存在连接点
2025-11-23 14:28:14,774 - create_connect_point - INFO - [create_connect_point.py:178] - 
可选择房间集合[0, 4, 7, 10, 12, 13, 16, 22, 26, 28, 34, 36, 43, 44, 46, 47, 49, 52, 53, 58, 59, 63, 64, 80, 82, 85, 91, 94]
2025-11-23 14:28:14,774 - create_connect_point - INFO - [create_connect_point.py:180] - 
选择房间91:(93,11)-(97,15)
	[(98, 11), (98, 12), (98, 13), (98, 14), (98, 15)]
2025-11-23 14:28:14,774 - create_connect_point - INFO - [create_connect_point.py:183] - 选择点(98, 15)
2025-11-23 14:28:14,774 - create_connect_point - INFO - [create_connect_point.py:201] - 找到对应path
2025-11-23 14:28:14,774 - create_connect_point - INFO - [create_connect_point.py:120] - 找到与room相连的path，通过邻居点 {(99, 15)}
2025-11-23 14:28:14,774 - create_connect_point - INFO - [create_connect_point.py:136] - 移除了{(98, 11), (98, 14), (98, 13), (98, 15), (98, 12)}，剩下91:[]
2025-11-23 14:28:14,774 - create_connect_point - INFO - [create_connect_point.py:205] - cCPbrap[(98, 11), (98, 14), (98, 13), (98, 15), (98, 12)]
2025-11-23 14:28:14,774 - create_connect_point - INFO - [create_connect_point.py:176] - 还存在连接点
2025-11-23 14:28:14,774 - create_connect_point - INFO - [create_connect_point.py:178] - 
可选择房间集合[0, 4, 7, 10, 12, 13, 16, 22, 26, 28, 34, 36, 43, 44, 46, 47, 49, 52, 53, 58, 59, 63, 64, 80, 82, 85, 94]
2025-11-23 14:28:14,774 - create_connect_point - INFO - [create_connect_point.py:180] - 
选择房间22:(67,61)-(73,67)
	[(66, 61), (66, 63), (66, 64), (66, 65), (66, 66), (66, 67), (67, 60), (69, 60), (70, 60), (71, 60), (72, 60), (73, 60), (74, 61), (74, 63), (74, 65), (74, 66), (74, 67)]
2025-11-23 14:28:14,774 - create_connect_point - INFO - [create_connect_point.py:183] - 选择点(74, 61)
2025-11-23 14:28:14,775 - create_connect_point - INFO - [create_connect_point.py:201] - 找到对应path
2025-11-23 14:28:14,775 - create_connect_point - INFO - [create_connect_point.py:120] - 找到与room相连的path，通过邻居点 {(75, 61)}
2025-11-23 14:28:14,775 - create_connect_point - INFO - [create_connect_point.py:136] - 移除了{(74, 63), (74, 61), (70, 60), (71, 60), (69, 60), (73, 60), (72, 60)}，剩下22:[(66, 61), (66, 63), (66, 64), (66, 65), (66, 66), (66, 67), (67, 60), (74, 65), (74, 66), (74, 67)]
2025-11-23 14:28:14,775 - create_connect_point - INFO - [create_connect_point.py:205] - cCPbrap[(74, 63), (74, 61), (70, 60), (71, 60), (69, 60), (73, 60), (72, 60)]
2025-11-23 14:28:14,775 - create_connect_point - INFO - [create_connect_point.py:176] - 还存在连接点
2025-11-23 14:28:14,775 - create_connect_point - INFO - [create_connect_point.py:178] - 
可选择房间集合[0, 4, 7, 10, 12, 13, 16, 22, 26, 28, 34, 36, 43, 44, 46, 47, 49, 52, 53, 58, 59, 63, 64, 80, 82, 85, 94]
2025-11-23 14:28:14,775 - create_connect_point - INFO - [create_connect_point.py:180] - 
选择房间44:(11,59)-(13,61)
	[(14, 59), (14, 61)]
2025-11-23 14:28:14,775 - create_connect_point - INFO - [create_connect_point.py:183] - 选择点(14, 59)
2025-11-23 14:28:14,775 - create_connect_point - INFO - [create_connect_point.py:201] - 找到对应path
2025-11-23 14:28:14,775 - create_connect_point - INFO - [create_connect_point.py:120] - 找到与room相连的path，通过邻居点 {(15, 59)}
2025-11-23 14:28:14,775 - create_connect_point - INFO - [create_connect_point.py:136] - 移除了{(14, 59)}，剩下44:[(14, 61)]
2025-11-23 14:28:14,775 - create_connect_point - INFO - [create_connect_point.py:205] - cCPbrap[(14, 59)]
2025-11-23 14:28:14,775 - create_connect_point - INFO - [create_connect_point.py:176] - 还存在连接点
2025-11-23 14:28:14,775 - create_connect_point - INFO - [create_connect_point.py:178] - 
可选择房间集合[0, 4, 7, 10, 12, 13, 16, 22, 26, 28, 34, 36, 43, 44, 46, 47, 49, 52, 53, 58, 59, 63, 64, 80, 82, 85, 94]
2025-11-23 14:28:14,775 - create_connect_point - INFO - [create_connect_point.py:180] - 
选择房间36:(57,89)-(65,93)
	[(56, 91), (63, 94), (65, 94)]
2025-11-23 14:28:14,775 - create_connect_point - INFO - [create_connect_point.py:183] - 选择点(65, 94)
2025-11-23 14:28:14,775 - create_connect_point - INFO - [create_connect_point.py:201] - 找到对应path
2025-11-23 14:28:14,775 - create_connect_point - INFO - [create_connect_point.py:120] - 找到与room相连的path，通过邻居点 {(65, 95)}
2025-11-23 14:28:14,775 - create_connect_point - INFO - [create_connect_point.py:136] - 移除了{(65, 94)}，剩下36:[(56, 91), (63, 94)]
2025-11-23 14:28:14,776 - create_connect_point - INFO - [create_connect_point.py:205] - cCPbrap[(65, 94)]
2025-11-23 14:28:14,776 - create_connect_point - INFO - [create_connect_point.py:176] - 还存在连接点
2025-11-23 14:28:14,776 - create_connect_point - INFO - [create_connect_point.py:178] - 
可选择房间集合[0, 4, 7, 10, 12, 13, 16, 22, 26, 28, 34, 36, 43, 44, 46, 47, 49, 52, 53, 58, 59, 63, 64, 80, 82, 85, 94]
2025-11-23 14:28:14,776 - create_connect_point - INFO - [create_connect_point.py:180] - 
选择房间10:(75,65)-(81,71)
	[(74, 65), (74, 66), (74, 67), (82, 71)]
2025-11-23 14:28:14,776 - create_connect_point - INFO - [create_connect_point.py:183] - 选择点(74, 66)
2025-11-23 14:28:14,776 - create_connect_point - INFO - [create_connect_point.py:188] - 
找到对应room22:(67,61)-(73,67)
	[(66, 61), (66, 63), (66, 64), (66, 65), (66, 66), (66, 67), (67, 60), (74, 65), (74, 66), (74, 67)]
2025-11-23 14:28:14,776 - create_connect_point - INFO - [create_connect_point.py:89] - 
移除了{(74, 65), (74, 66), (74, 67)}
剩下10:[(82, 71)]
22:[(66, 61), (66, 63), (66, 64), (66, 65), (66, 66), (66, 67), (67, 60)]
2025-11-23 14:28:14,776 - create_connect_point - INFO - [create_connect_point.py:193] - cCPbrar[(74, 65), (74, 66), (74, 67)]
2025-11-23 14:28:14,776 - create_connect_point - INFO - [create_connect_point.py:176] - 还存在连接点
2025-11-23 14:28:14,776 - create_connect_point - INFO - [create_connect_point.py:178] - 
可选择房间集合[0, 4, 7, 10, 12, 13, 16, 22, 26, 28, 34, 36, 43, 44, 46, 47, 49, 52, 53, 58, 59, 63, 64, 80, 82, 85, 94]
2025-11-23 14:28:14,776 - create_connect_point - INFO - [create_connect_point.py:180] - 
选择房间13:(11,51)-(17,57)
	[(15, 58), (18, 53)]
2025-11-23 14:28:14,776 - create_connect_point - INFO - [create_connect_point.py:183] - 选择点(18, 53)
2025-11-23 14:28:14,776 - create_connect_point - INFO - [create_connect_point.py:201] - 找到对应path
2025-11-23 14:28:14,776 - create_connect_point - INFO - [create_connect_point.py:120] - 找到与room相连的path，通过邻居点 {(19, 53)}
2025-11-23 14:28:14,776 - create_connect_point - INFO - [create_connect_point.py:136] - 移除了{(18, 53)}，剩下13:[(15, 58)]
2025-11-23 14:28:14,776 - create_connect_point - INFO - [create_connect_point.py:205] - cCPbrap[(18, 53)]
2025-11-23 14:28:14,776 - create_connect_point - INFO - [create_connect_point.py:176] - 还存在连接点
2025-11-23 14:28:14,776 - create_connect_point - INFO - [create_connect_point.py:178] - 
可选择房间集合[0, 4, 7, 10, 12, 13, 16, 22, 26, 28, 34, 36, 43, 44, 46, 47, 49, 52, 53, 58, 59, 63, 64, 80, 82, 85, 94]
2025-11-23 14:28:14,776 - create_connect_point - INFO - [create_connect_point.py:180] - 
选择房间64:(13,39)-(17,45)
	[(17, 46)]
2025-11-23 14:28:14,776 - create_connect_point - INFO - [create_connect_point.py:183] - 选择点(17, 46)
2025-11-23 14:28:14,776 - create_connect_point - INFO - [create_connect_point.py:201] - 找到对应path
2025-11-23 14:28:14,776 - create_connect_point - INFO - [create_connect_point.py:120] - 找到与room相连的path，通过邻居点 {(17, 47)}
2025-11-23 14:28:14,777 - create_connect_point - INFO - [create_connect_point.py:136] - 移除了{(17, 46)}，剩下64:[]
2025-11-23 14:28:14,777 - create_connect_point - INFO - [create_connect_point.py:205] - cCPbrap[(17, 46)]
2025-11-23 14:28:14,777 - create_connect_point - INFO - [create_connect_point.py:176] - 还存在连接点
2025-11-23 14:28:14,777 - create_connect_point - INFO - [create_connect_point.py:178] - 
可选择房间集合[0, 4, 7, 10, 12, 13, 16, 22, 26, 28, 34, 36, 43, 44, 46, 47, 49, 52, 53, 58, 59, 63, 80, 82, 85, 94]
2025-11-23 14:28:14,777 - create_connect_point - INFO - [create_connect_point.py:180] - 
选择房间13:(11,51)-(17,57)
	[(15, 58)]
2025-11-23 14:28:14,777 - create_connect_point - INFO - [create_connect_point.py:183] - 选择点(15, 58)
2025-11-23 14:28:14,777 - create_connect_point - INFO - [create_connect_point.py:201] - 找到对应path
2025-11-23 14:28:14,777 - create_connect_point - INFO - [create_connect_point.py:120] - 找到与room相连的path，通过邻居点 {(15, 59)}
2025-11-23 14:28:14,777 - create_connect_point - INFO - [create_connect_point.py:136] - 移除了{(15, 58)}，剩下13:[]
2025-11-23 14:28:14,777 - create_connect_point - INFO - [create_connect_point.py:205] - cCPbrap[(15, 58)]
2025-11-23 14:28:14,777 - create_connect_point - INFO - [create_connect_point.py:176] - 还存在连接点
2025-11-23 14:28:14,777 - create_connect_point - INFO - [create_connect_point.py:178] - 
可选择房间集合[0, 4, 7, 10, 12, 16, 22, 26, 28, 34, 36, 43, 44, 46, 47, 49, 52, 53, 58, 59, 63, 80, 82, 85, 94]
2025-11-23 14:28:14,777 - create_connect_point - INFO - [create_connect_point.py:180] - 
选择房间52:(65,69)-(73,71)
	[(64, 69), (64, 70), (64, 71), (65, 68), (69, 72), (71, 72), (73, 72)]
2025-11-23 14:28:14,777 - create_connect_point - INFO - [create_connect_point.py:183] - 选择点(69, 72)
2025-11-23 14:28:14,777 - create_connect_point - INFO - [create_connect_point.py:201] - 找到对应path
2025-11-23 14:28:14,777 - create_connect_point - INFO - [create_connect_point.py:120] - 找到与room相连的path，通过邻居点 {(69, 73)}
2025-11-23 14:28:14,777 - create_connect_point - INFO - [create_connect_point.py:136] - 移除了{(69, 72), (71, 72)}，剩下52:[(64, 69), (64, 70), (64, 71), (65, 68), (73, 72)]
2025-11-23 14:28:14,777 - create_connect_point - INFO - [create_connect_point.py:205] - cCPbrap[(69, 72), (71, 72)]
2025-11-23 14:28:14,778 - create_connect_point - INFO - [create_connect_point.py:176] - 还存在连接点
2025-11-23 14:28:14,778 - create_connect_point - INFO - [create_connect_point.py:178] - 
可选择房间集合[0, 4, 7, 10, 12, 16, 22, 26, 28, 34, 36, 43, 44, 46, 47, 49, 52, 53, 58, 59, 63, 80, 82, 85, 94]
2025-11-23 14:28:14,778 - create_connect_point - INFO - [create_connect_point.py:180] - 
选择房间94:(69,9)-(73,11)
	[(68, 9), (68, 10), (68, 11), (69, 8), (70, 8), (71, 8), (73, 8), (74, 9)]
2025-11-23 14:28:14,778 - create_connect_point - INFO - [create_connect_point.py:183] - 选择点(69, 8)
2025-11-23 14:28:14,778 - create_connect_point - INFO - [create_connect_point.py:201] - 找到对应path
2025-11-23 14:28:14,778 - create_connect_point - INFO - [create_connect_point.py:120] - 找到与room相连的path，通过邻居点 {(69, 7)}
2025-11-23 14:28:14,778 - create_connect_point - INFO - [create_connect_point.py:136] - 移除了{(68, 10), (68, 9), (74, 9), (70, 8), (73, 8), (71, 8), (69, 8), (68, 11)}，剩下94:[]
2025-11-23 14:28:14,778 - create_connect_point - INFO - [create_connect_point.py:205] - cCPbrap[(68, 10), (68, 9), (74, 9), (70, 8), (73, 8), (71, 8), (69, 8), (68, 11)]
2025-11-23 14:28:14,778 - create_connect_point - INFO - [create_connect_point.py:176] - 还存在连接点
2025-11-23 14:28:14,778 - create_connect_point - INFO - [create_connect_point.py:178] - 
可选择房间集合[0, 4, 7, 10, 12, 16, 22, 26, 28, 34, 36, 43, 44, 46, 47, 49, 52, 53, 58, 59, 63, 80, 82, 85]
2025-11-23 14:28:14,778 - create_connect_point - INFO - [create_connect_point.py:180] - 
选择房间49:(43,57)-(51,65)
	[(42, 57), (42, 58), (42, 59), (42, 61)]
2025-11-23 14:28:14,778 - create_connect_point - INFO - [create_connect_point.py:183] - 选择点(42, 58)
2025-11-23 14:28:14,778 - create_connect_point - INFO - [create_connect_point.py:201] - 找到对应path
2025-11-23 14:28:14,778 - create_connect_point - INFO - [create_connect_point.py:120] - 找到与room相连的path，通过邻居点 {(41, 58)}
2025-11-23 14:28:14,778 - create_connect_point - INFO - [create_connect_point.py:136] - 移除了{(42, 57), (42, 58), (42, 59)}，剩下49:[(42, 61)]
2025-11-23 14:28:14,778 - create_connect_point - INFO - [create_connect_point.py:205] - cCPbrap[(42, 57), (42, 58), (42, 59)]
2025-11-23 14:28:14,778 - create_connect_point - INFO - [create_connect_point.py:176] - 还存在连接点
2025-11-23 14:28:14,778 - create_connect_point - INFO - [create_connect_point.py:178] - 
可选择房间集合[0, 4, 7, 10, 12, 16, 22, 26, 28, 34, 36, 43, 44, 46, 47, 49, 52, 53, 58, 59, 63, 80, 82, 85]
2025-11-23 14:28:14,778 - create_connect_point - INFO - [create_connect_point.py:180] - 
选择房间43:(77,97)-(83,99)
	[(79, 96), (80, 96), (81, 96), (84, 97)]
2025-11-23 14:28:14,778 - create_connect_point - INFO - [create_connect_point.py:183] - 选择点(80, 96)
2025-11-23 14:28:14,778 - create_connect_point - INFO - [create_connect_point.py:201] - 找到对应path
2025-11-23 14:28:14,778 - create_connect_point - INFO - [create_connect_point.py:120] - 找到与room相连的path，通过邻居点 {(80, 95)}
2025-11-23 14:28:14,779 - create_connect_point - INFO - [create_connect_point.py:136] - 移除了{(79, 96), (80, 96), (81, 96)}，剩下43:[(84, 97)]
2025-11-23 14:28:14,779 - create_connect_point - INFO - [create_connect_point.py:205] - cCPbrap[(79, 96), (80, 96), (81, 96)]
2025-11-23 14:28:14,779 - create_connect_point - INFO - [create_connect_point.py:176] - 还存在连接点
2025-11-23 14:28:14,779 - create_connect_point - INFO - [create_connect_point.py:178] - 
可选择房间集合[0, 4, 7, 10, 12, 16, 22, 26, 28, 34, 36, 43, 44, 46, 47, 49, 52, 53, 58, 59, 63, 80, 82, 85]
2025-11-23 14:28:14,779 - create_connect_point - INFO - [create_connect_point.py:180] - 
选择房间80:(41,43)-(43,47)
	[(41, 42), (42, 42), (43, 42)]
2025-11-23 14:28:14,779 - create_connect_point - INFO - [create_connect_point.py:183] - 选择点(43, 42)
2025-11-23 14:28:14,779 - create_connect_point - INFO - [create_connect_point.py:201] - 找到对应path
2025-11-23 14:28:14,779 - create_connect_point - INFO - [create_connect_point.py:120] - 找到与room相连的path，通过邻居点 {(43, 41)}
2025-11-23 14:28:14,779 - create_connect_point - INFO - [create_connect_point.py:136] - 移除了{(43, 42), (41, 42), (42, 42)}，剩下80:[]
2025-11-23 14:28:14,779 - create_connect_point - INFO - [create_connect_point.py:205] - cCPbrap[(43, 42), (41, 42), (42, 42)]
2025-11-23 14:28:14,779 - create_connect_point - INFO - [create_connect_point.py:176] - 还存在连接点
2025-11-23 14:28:14,779 - create_connect_point - INFO - [create_connect_point.py:178] - 
可选择房间集合[0, 4, 7, 10, 12, 16, 22, 26, 28, 34, 36, 43, 44, 46, 47, 49, 52, 53, 58, 59, 63, 82, 85]
2025-11-23 14:28:14,779 - create_connect_point - INFO - [create_connect_point.py:180] - 
选择房间47:(87,91)-(89,99)
	[(86, 91), (86, 92), (86, 93), (86, 95), (86, 97), (86, 99), (87, 90), (89, 90)]
2025-11-23 14:28:14,779 - create_connect_point - INFO - [create_connect_point.py:183] - 选择点(86, 93)
2025-11-23 14:28:14,779 - create_connect_point - INFO - [create_connect_point.py:201] - 找到对应path
2025-11-23 14:28:14,779 - create_connect_point - INFO - [create_connect_point.py:120] - 找到与room相连的path，通过邻居点 {(85, 93)}
2025-11-23 14:28:14,779 - create_connect_point - INFO - [create_connect_point.py:136] - 移除了{(86, 95), (86, 91), (89, 90), (86, 93), (86, 92)}，剩下47:[(86, 97), (86, 99), (87, 90)]
2025-11-23 14:28:14,779 - create_connect_point - INFO - [create_connect_point.py:205] - cCPbrap[(86, 95), (86, 91), (89, 90), (86, 93), (86, 92)]
2025-11-23 14:28:14,779 - create_connect_point - INFO - [create_connect_point.py:176] - 还存在连接点
2025-11-23 14:28:14,779 - create_connect_point - INFO - [create_connect_point.py:178] - 
可选择房间集合[0, 4, 7, 10, 12, 16, 22, 26, 28, 34, 36, 43, 44, 46, 47, 49, 52, 53, 58, 59, 63, 82, 85]
2025-11-23 14:28:14,779 - create_connect_point - INFO - [create_connect_point.py:180] - 
选择房间82:(19,37)-(21,45)
	[(21, 36)]
2025-11-23 14:28:14,779 - create_connect_point - INFO - [create_connect_point.py:183] - 选择点(21, 36)
2025-11-23 14:28:14,779 - create_connect_point - INFO - [create_connect_point.py:201] - 找到对应path
2025-11-23 14:28:14,779 - create_connect_point - INFO - [create_connect_point.py:120] - 找到与room相连的path，通过邻居点 {(21, 35)}
2025-11-23 14:28:14,780 - create_connect_point - INFO - [create_connect_point.py:136] - 移除了{(21, 36)}，剩下82:[]
2025-11-23 14:28:14,780 - create_connect_point - INFO - [create_connect_point.py:205] - cCPbrap[(21, 36)]
2025-11-23 14:28:14,780 - create_connect_point - INFO - [create_connect_point.py:176] - 还存在连接点
2025-11-23 14:28:14,780 - create_connect_point - INFO - [create_connect_point.py:178] - 
可选择房间集合[0, 4, 7, 10, 12, 16, 22, 26, 28, 34, 36, 43, 44, 46, 47, 49, 52, 53, 58, 59, 63, 85]
2025-11-23 14:28:14,780 - create_connect_point - INFO - [create_connect_point.py:180] - 
选择房间47:(87,91)-(89,99)
	[(86, 97), (86, 99), (87, 90)]
2025-11-23 14:28:14,780 - create_connect_point - INFO - [create_connect_point.py:183] - 选择点(86, 97)
2025-11-23 14:28:14,780 - create_connect_point - INFO - [create_connect_point.py:201] - 找到对应path
2025-11-23 14:28:14,780 - create_connect_point - INFO - [create_connect_point.py:120] - 找到与room相连的path，通过邻居点 {(85, 97)}
2025-11-23 14:28:14,780 - create_connect_point - INFO - [create_connect_point.py:136] - 移除了{(86, 97)}，剩下47:[(86, 99), (87, 90)]
2025-11-23 14:28:14,780 - create_connect_point - INFO - [create_connect_point.py:205] - cCPbrap[(86, 97)]
2025-11-23 14:28:14,780 - create_connect_point - INFO - [create_connect_point.py:176] - 还存在连接点
2025-11-23 14:28:14,780 - create_connect_point - INFO - [create_connect_point.py:178] - 
可选择房间集合[0, 4, 7, 10, 12, 16, 22, 26, 28, 34, 36, 43, 44, 46, 47, 49, 52, 53, 58, 59, 63, 85]
2025-11-23 14:28:14,780 - create_connect_point - INFO - [create_connect_point.py:180] - 
选择房间16:(31,17)-(37,25)
	[(30, 21), (31, 16), (32, 16), (33, 16), (34, 16), (35, 16), (36, 16), (37, 16), (38, 17)]
2025-11-23 14:28:14,780 - create_connect_point - INFO - [create_connect_point.py:183] - 选择点(31, 16)
2025-11-23 14:28:14,780 - create_connect_point - INFO - [create_connect_point.py:201] - 找到对应path
2025-11-23 14:28:14,780 - create_connect_point - INFO - [create_connect_point.py:120] - 找到与room相连的path，通过邻居点 {(31, 15)}
2025-11-23 14:28:14,780 - create_connect_point - INFO - [create_connect_point.py:136] - 移除了{(37, 16), (33, 16), (34, 16), (35, 16), (36, 16), (31, 16), (32, 16)}，剩下16:[(30, 21), (38, 17)]
2025-11-23 14:28:14,780 - create_connect_point - INFO - [create_connect_point.py:205] - cCPbrap[(37, 16), (33, 16), (34, 16), (35, 16), (36, 16), (31, 16), (32, 16)]
2025-11-23 14:28:14,780 - create_connect_point - INFO - [create_connect_point.py:176] - 还存在连接点
2025-11-23 14:28:14,780 - create_connect_point - INFO - [create_connect_point.py:178] - 
可选择房间集合[0, 4, 7, 10, 12, 16, 22, 26, 28, 34, 36, 43, 44, 46, 47, 49, 52, 53, 58, 59, 63, 85]
2025-11-23 14:28:14,780 - create_connect_point - INFO - [create_connect_point.py:180] - 
选择房间7:(85,41)-(91,49)
	[(89, 50), (91, 50)]
2025-11-23 14:28:14,780 - create_connect_point - INFO - [create_connect_point.py:183] - 选择点(89, 50)
2025-11-23 14:28:14,781 - create_connect_point - INFO - [create_connect_point.py:201] - 找到对应path
2025-11-23 14:28:14,781 - create_connect_point - INFO - [create_connect_point.py:120] - 找到与room相连的path，通过邻居点 {(89, 51)}
2025-11-23 14:28:14,781 - create_connect_point - INFO - [create_connect_point.py:136] - 移除了{(89, 50)}，剩下7:[(91, 50)]
2025-11-23 14:28:14,781 - create_connect_point - INFO - [create_connect_point.py:205] - cCPbrap[(89, 50)]
2025-11-23 14:28:14,781 - create_connect_point - INFO - [create_connect_point.py:176] - 还存在连接点
2025-11-23 14:28:14,781 - create_connect_point - INFO - [create_connect_point.py:178] - 
可选择房间集合[0, 4, 7, 10, 12, 16, 22, 26, 28, 34, 36, 43, 44, 46, 47, 49, 52, 53, 58, 59, 63, 85]
2025-11-23 14:28:14,781 - create_connect_point - INFO - [create_connect_point.py:180] - 
选择房间53:(9,21)-(13,23)
	[(8, 21), (8, 23), (9, 20), (9, 24)]
2025-11-23 14:28:14,781 - create_connect_point - INFO - [create_connect_point.py:183] - 选择点(8, 21)
2025-11-23 14:28:14,781 - create_connect_point - INFO - [create_connect_point.py:201] - 找到对应path
2025-11-23 14:28:14,781 - create_connect_point - INFO - [create_connect_point.py:120] - 找到与room相连的path，通过邻居点 {(7, 21)}
2025-11-23 14:28:14,781 - create_connect_point - INFO - [create_connect_point.py:136] - 移除了{(8, 21), (9, 24), (9, 20)}，剩下53:[(8, 23)]
2025-11-23 14:28:14,781 - create_connect_point - INFO - [create_connect_point.py:205] - cCPbrap[(8, 21), (9, 24), (9, 20)]
2025-11-23 14:28:14,781 - create_connect_point - INFO - [create_connect_point.py:176] - 还存在连接点
2025-11-23 14:28:14,781 - create_connect_point - INFO - [create_connect_point.py:178] - 
可选择房间集合[0, 4, 7, 10, 12, 16, 22, 26, 28, 34, 36, 43, 44, 46, 47, 49, 52, 53, 58, 59, 63, 85]
2025-11-23 14:28:14,781 - create_connect_point - INFO - [create_connect_point.py:180] - 
选择房间47:(87,91)-(89,99)
	[(86, 99), (87, 90)]
2025-11-23 14:28:14,781 - create_connect_point - INFO - [create_connect_point.py:183] - 选择点(87, 90)
2025-11-23 14:28:14,781 - create_connect_point - INFO - [create_connect_point.py:201] - 找到对应path
2025-11-23 14:28:14,781 - create_connect_point - INFO - [create_connect_point.py:120] - 找到与room相连的path，通过邻居点 {(87, 89)}
2025-11-23 14:28:14,781 - create_connect_point - INFO - [create_connect_point.py:136] - 移除了{(87, 90)}，剩下47:[(86, 99)]
2025-11-23 14:28:14,781 - create_connect_point - INFO - [create_connect_point.py:205] - cCPbrap[(87, 90)]
2025-11-23 14:28:14,781 - create_connect_point - INFO - [create_connect_point.py:176] - 还存在连接点
2025-11-23 14:28:14,781 - create_connect_point - INFO - [create_connect_point.py:178] - 
可选择房间集合[0, 4, 7, 10, 12, 16, 22, 26, 28, 34, 36, 43, 44, 46, 47, 49, 52, 53, 58, 59, 63, 85]
2025-11-23 14:28:14,781 - create_connect_point - INFO - [create_connect_point.py:180] - 
选择房间4:(45,47)-(47,49)
	[(45, 46), (47, 46)]
2025-11-23 14:28:14,782 - create_connect_point - INFO - [create_connect_point.py:183] - 选择点(47, 46)
2025-11-23 14:28:14,782 - create_connect_point - INFO - [create_connect_point.py:188] - 
找到对应room58:(47,41)-(51,45)
	[(46, 41), (46, 43), (46, 44), (46, 45), (47, 46)]
2025-11-23 14:28:14,782 - create_connect_point - INFO - [create_connect_point.py:89] - 
移除了{(47, 46)}
剩下4:[(45, 46)]
58:[(46, 41), (46, 43), (46, 44), (46, 45)]
2025-11-23 14:28:14,782 - create_connect_point - INFO - [create_connect_point.py:193] - cCPbrar[(47, 46)]
2025-11-23 14:28:14,782 - create_connect_point - INFO - [create_connect_point.py:176] - 还存在连接点
2025-11-23 14:28:14,782 - create_connect_point - INFO - [create_connect_point.py:178] - 
可选择房间集合[0, 4, 7, 10, 12, 16, 22, 26, 28, 34, 36, 43, 44, 46, 47, 49, 52, 53, 58, 59, 63, 85]
2025-11-23 14:28:14,782 - create_connect_point - INFO - [create_connect_point.py:180] - 
选择房间63:(91,51)-(95,55)
	[(91, 50)]
2025-11-23 14:28:14,782 - create_connect_point - INFO - [create_connect_point.py:183] - 选择点(91, 50)
2025-11-23 14:28:14,782 - create_connect_point - INFO - [create_connect_point.py:188] - 
找到对应room7:(85,41)-(91,49)
	[(91, 50)]
2025-11-23 14:28:14,782 - create_connect_point - INFO - [create_connect_point.py:89] - 
移除了{(91, 50)}
剩下63:[]
7:[]
2025-11-23 14:28:14,782 - create_connect_point - INFO - [create_connect_point.py:193] - cCPbrar[(91, 50)]
2025-11-23 14:28:14,782 - create_connect_point - INFO - [create_connect_point.py:176] - 还存在连接点
2025-11-23 14:28:14,782 - create_connect_point - INFO - [create_connect_point.py:178] - 
可选择房间集合[0, 4, 10, 12, 16, 22, 26, 28, 34, 36, 43, 44, 46, 47, 49, 52, 53, 58, 59, 85]
2025-11-23 14:28:14,782 - create_connect_point - INFO - [create_connect_point.py:180] - 
选择房间0:(77,9)-(85,11)
	[(76, 9), (77, 8), (78, 8), (79, 8)]
2025-11-23 14:28:14,782 - create_connect_point - INFO - [create_connect_point.py:183] - 选择点(76, 9)
2025-11-23 14:28:14,782 - create_connect_point - INFO - [create_connect_point.py:201] - 找到对应path
2025-11-23 14:28:14,782 - create_connect_point - INFO - [create_connect_point.py:120] - 找到与room相连的path，通过邻居点 {(75, 9)}
2025-11-23 14:28:14,782 - create_connect_point - INFO - [create_connect_point.py:136] - 移除了{(78, 8), (76, 9), (79, 8), (77, 8)}，剩下0:[]
2025-11-23 14:28:14,782 - create_connect_point - INFO - [create_connect_point.py:205] - cCPbrap[(78, 8), (76, 9), (79, 8), (77, 8)]
2025-11-23 14:28:14,782 - create_connect_point - INFO - [create_connect_point.py:176] - 还存在连接点
2025-11-23 14:28:14,782 - create_connect_point - INFO - [create_connect_point.py:178] - 
可选择房间集合[4, 10, 12, 16, 22, 26, 28, 34, 36, 43, 44, 46, 47, 49, 52, 53, 58, 59, 85]
2025-11-23 14:28:14,782 - create_connect_point - INFO - [create_connect_point.py:180] - 
选择房间12:(83,57)-(91,63)
	[(83, 64)]
2025-11-23 14:28:14,782 - create_connect_point - INFO - [create_connect_point.py:183] - 选择点(83, 64)
2025-11-23 14:28:14,783 - create_connect_point - INFO - [create_connect_point.py:201] - 找到对应path
2025-11-23 14:28:14,783 - create_connect_point - INFO - [create_connect_point.py:120] - 找到与room相连的path，通过邻居点 {(83, 65)}
2025-11-23 14:28:14,783 - create_connect_point - INFO - [create_connect_point.py:136] - 移除了{(83, 64)}，剩下12:[]
2025-11-23 14:28:14,783 - create_connect_point - INFO - [create_connect_point.py:205] - cCPbrap[(83, 64)]
2025-11-23 14:28:14,783 - create_connect_point - INFO - [create_connect_point.py:176] - 还存在连接点
2025-11-23 14:28:14,783 - create_connect_point - INFO - [create_connect_point.py:178] - 
可选择房间集合[4, 10, 16, 22, 26, 28, 34, 36, 43, 44, 46, 47, 49, 52, 53, 58, 59, 85]
2025-11-23 14:28:14,783 - create_connect_point - INFO - [create_connect_point.py:180] - 
选择房间22:(67,61)-(73,67)
	[(66, 61), (66, 63), (66, 64), (66, 65), (66, 66), (66, 67), (67, 60)]
2025-11-23 14:28:14,783 - create_connect_point - INFO - [create_connect_point.py:183] - 选择点(66, 64)
2025-11-23 14:28:14,783 - create_connect_point - INFO - [create_connect_point.py:201] - 找到对应path
2025-11-23 14:28:14,783 - create_connect_point - INFO - [create_connect_point.py:120] - 找到与room相连的path，通过邻居点 {(65, 64)}
2025-11-23 14:28:14,783 - create_connect_point - INFO - [create_connect_point.py:136] - 移除了{(66, 65), (66, 61), (66, 64), (66, 67), (66, 63), (66, 66), (67, 60)}，剩下22:[]
2025-11-23 14:28:14,783 - create_connect_point - INFO - [create_connect_point.py:205] - cCPbrap[(66, 65), (66, 61), (66, 64), (66, 67), (66, 63), (66, 66), (67, 60)]
2025-11-23 14:28:14,783 - create_connect_point - INFO - [create_connect_point.py:176] - 还存在连接点
2025-11-23 14:28:14,783 - create_connect_point - INFO - [create_connect_point.py:178] - 
可选择房间集合[4, 10, 16, 26, 28, 34, 36, 43, 44, 46, 47, 49, 52, 53, 58, 59, 85]
2025-11-23 14:28:14,783 - create_connect_point - INFO - [create_connect_point.py:180] - 
选择房间43:(77,97)-(83,99)
	[(84, 97)]
2025-11-23 14:28:14,783 - create_connect_point - INFO - [create_connect_point.py:183] - 选择点(84, 97)
2025-11-23 14:28:14,783 - create_connect_point - INFO - [create_connect_point.py:201] - 找到对应path
2025-11-23 14:28:14,783 - create_connect_point - INFO - [create_connect_point.py:120] - 找到与room相连的path，通过邻居点 {(85, 97)}
2025-11-23 14:28:14,783 - create_connect_point - INFO - [create_connect_point.py:136] - 移除了{(84, 97)}，剩下43:[]
2025-11-23 14:28:14,783 - create_connect_point - INFO - [create_connect_point.py:205] - cCPbrap[(84, 97)]
2025-11-23 14:28:14,783 - create_connect_point - INFO - [create_connect_point.py:176] - 还存在连接点
2025-11-23 14:28:14,783 - create_connect_point - INFO - [create_connect_point.py:178] - 
可选择房间集合[4, 10, 16, 26, 28, 34, 36, 44, 46, 47, 49, 52, 53, 58, 59, 85]
2025-11-23 14:28:14,783 - create_connect_point - INFO - [create_connect_point.py:180] - 
选择房间10:(75,65)-(81,71)
	[(82, 71)]
2025-11-23 14:28:14,784 - create_connect_point - INFO - [create_connect_point.py:183] - 选择点(82, 71)
2025-11-23 14:28:14,784 - create_connect_point - INFO - [create_connect_point.py:201] - 找到对应path
2025-11-23 14:28:14,784 - create_connect_point - INFO - [create_connect_point.py:120] - 找到与room相连的path，通过邻居点 {(83, 71)}
2025-11-23 14:28:14,784 - create_connect_point - INFO - [create_connect_point.py:136] - 移除了{(82, 71)}，剩下10:[]
2025-11-23 14:28:14,784 - create_connect_point - INFO - [create_connect_point.py:205] - cCPbrap[(82, 71)]
2025-11-23 14:28:14,784 - create_connect_point - INFO - [create_connect_point.py:176] - 还存在连接点
2025-11-23 14:28:14,784 - create_connect_point - INFO - [create_connect_point.py:178] - 
可选择房间集合[4, 16, 26, 28, 34, 36, 44, 46, 47, 49, 52, 53, 58, 59, 85]
2025-11-23 14:28:14,784 - create_connect_point - INFO - [create_connect_point.py:180] - 
选择房间16:(31,17)-(37,25)
	[(30, 21), (38, 17)]
2025-11-23 14:28:14,784 - create_connect_point - INFO - [create_connect_point.py:183] - 选择点(38, 17)
2025-11-23 14:28:14,784 - create_connect_point - INFO - [create_connect_point.py:201] - 找到对应path
2025-11-23 14:28:14,784 - create_connect_point - INFO - [create_connect_point.py:120] - 找到与room相连的path，通过邻居点 {(39, 17)}
2025-11-23 14:28:14,784 - create_connect_point - INFO - [create_connect_point.py:136] - 移除了{(38, 17)}，剩下16:[(30, 21)]
2025-11-23 14:28:14,784 - create_connect_point - INFO - [create_connect_point.py:205] - cCPbrap[(38, 17)]
2025-11-23 14:28:14,784 - create_connect_point - INFO - [create_connect_point.py:176] - 还存在连接点
2025-11-23 14:28:14,784 - create_connect_point - INFO - [create_connect_point.py:178] - 
可选择房间集合[4, 16, 26, 28, 34, 36, 44, 46, 47, 49, 52, 53, 58, 59, 85]
2025-11-23 14:28:14,784 - create_connect_point - INFO - [create_connect_point.py:180] - 
选择房间46:(5,73)-(9,75)
	[(4, 75)]
2025-11-23 14:28:14,784 - create_connect_point - INFO - [create_connect_point.py:183] - 选择点(4, 75)
2025-11-23 14:28:14,784 - create_connect_point - INFO - [create_connect_point.py:201] - 找到对应path
2025-11-23 14:28:14,784 - create_connect_point - INFO - [create_connect_point.py:120] - 找到与room相连的path，通过邻居点 {(3, 75)}
2025-11-23 14:28:14,784 - create_connect_point - INFO - [create_connect_point.py:136] - 移除了{(4, 75)}，剩下46:[]
2025-11-23 14:28:14,784 - create_connect_point - INFO - [create_connect_point.py:205] - cCPbrap[(4, 75)]
2025-11-23 14:28:14,784 - create_connect_point - INFO - [create_connect_point.py:176] - 还存在连接点
2025-11-23 14:28:14,784 - create_connect_point - INFO - [create_connect_point.py:178] - 
可选择房间集合[4, 16, 26, 28, 34, 36, 44, 47, 49, 52, 53, 58, 59, 85]
2025-11-23 14:28:14,784 - create_connect_point - INFO - [create_connect_point.py:180] - 
选择房间53:(9,21)-(13,23)
	[(8, 23)]
2025-11-23 14:28:14,785 - create_connect_point - INFO - [create_connect_point.py:183] - 选择点(8, 23)
2025-11-23 14:28:14,785 - create_connect_point - INFO - [create_connect_point.py:188] - 
找到对应room59:(5,23)-(7,29)
	[(8, 23)]
2025-11-23 14:28:14,785 - create_connect_point - INFO - [create_connect_point.py:89] - 
移除了{(8, 23)}
剩下53:[]
59:[]
2025-11-23 14:28:14,785 - create_connect_point - INFO - [create_connect_point.py:193] - cCPbrar[(8, 23)]
2025-11-23 14:28:14,785 - create_connect_point - INFO - [create_connect_point.py:176] - 还存在连接点
2025-11-23 14:28:14,785 - create_connect_point - INFO - [create_connect_point.py:178] - 
可选择房间集合[4, 16, 26, 28, 34, 36, 44, 47, 49, 52, 58, 85]
2025-11-23 14:28:14,785 - create_connect_point - INFO - [create_connect_point.py:180] - 
选择房间58:(47,41)-(51,45)
	[(46, 41), (46, 43), (46, 44), (46, 45)]
2025-11-23 14:28:14,785 - create_connect_point - INFO - [create_connect_point.py:183] - 选择点(46, 43)
2025-11-23 14:28:14,785 - create_connect_point - INFO - [create_connect_point.py:201] - 找到对应path
2025-11-23 14:28:14,785 - create_connect_point - INFO - [create_connect_point.py:120] - 找到与room相连的path，通过邻居点 {(45, 43)}
2025-11-23 14:28:14,785 - create_connect_point - INFO - [create_connect_point.py:136] - 移除了{(46, 43), (46, 44), (46, 45)}，剩下58:[(46, 41)]
2025-11-23 14:28:14,785 - create_connect_point - INFO - [create_connect_point.py:205] - cCPbrap[(46, 43), (46, 44), (46, 45)]
2025-11-23 14:28:14,785 - create_connect_point - INFO - [create_connect_point.py:176] - 还存在连接点
2025-11-23 14:28:14,785 - create_connect_point - INFO - [create_connect_point.py:178] - 
可选择房间集合[4, 16, 26, 28, 34, 36, 44, 47, 49, 52, 58, 85]
2025-11-23 14:28:14,785 - create_connect_point - INFO - [create_connect_point.py:180] - 
选择房间49:(43,57)-(51,65)
	[(42, 61)]
2025-11-23 14:28:14,785 - create_connect_point - INFO - [create_connect_point.py:183] - 选择点(42, 61)
2025-11-23 14:28:14,785 - create_connect_point - INFO - [create_connect_point.py:201] - 找到对应path
2025-11-23 14:28:14,785 - create_connect_point - INFO - [create_connect_point.py:120] - 找到与room相连的path，通过邻居点 {(41, 61)}
2025-11-23 14:28:14,785 - create_connect_point - INFO - [create_connect_point.py:136] - 移除了{(42, 61)}，剩下49:[]
2025-11-23 14:28:14,785 - create_connect_point - INFO - [create_connect_point.py:205] - cCPbrap[(42, 61)]
2025-11-23 14:28:14,785 - create_connect_point - INFO - [create_connect_point.py:176] - 还存在连接点
2025-11-23 14:28:14,785 - create_connect_point - INFO - [create_connect_point.py:178] - 
可选择房间集合[4, 16, 26, 28, 34, 36, 44, 47, 52, 58, 85]
2025-11-23 14:28:14,785 - create_connect_point - INFO - [create_connect_point.py:180] - 
选择房间47:(87,91)-(89,99)
	[(86, 99)]
2025-11-23 14:28:14,785 - create_connect_point - INFO - [create_connect_point.py:183] - 选择点(86, 99)
2025-11-23 14:28:14,786 - create_connect_point - INFO - [create_connect_point.py:201] - 找到对应path
2025-11-23 14:28:14,786 - create_connect_point - INFO - [create_connect_point.py:120] - 找到与room相连的path，通过邻居点 {(85, 99)}
2025-11-23 14:28:14,786 - create_connect_point - INFO - [create_connect_point.py:136] - 移除了{(86, 99)}，剩下47:[]
2025-11-23 14:28:14,786 - create_connect_point - INFO - [create_connect_point.py:205] - cCPbrap[(86, 99)]
2025-11-23 14:28:14,786 - create_connect_point - INFO - [create_connect_point.py:176] - 还存在连接点
2025-11-23 14:28:14,786 - create_connect_point - INFO - [create_connect_point.py:178] - 
可选择房间集合[4, 16, 26, 28, 34, 36, 44, 52, 58, 85]
2025-11-23 14:28:14,786 - create_connect_point - INFO - [create_connect_point.py:180] - 
选择房间34:(17,13)-(25,19)
	[(16, 19), (17, 12), (17, 20), (18, 12), (19, 12), (19, 20), (21, 20), (23, 20), (25, 20), (26, 13), (26, 15)]
2025-11-23 14:28:14,786 - create_connect_point - INFO - [create_connect_point.py:183] - 选择点(26, 15)
2025-11-23 14:28:14,786 - create_connect_point - INFO - [create_connect_point.py:201] - 找到对应path
2025-11-23 14:28:14,786 - create_connect_point - INFO - [create_connect_point.py:120] - 找到与room相连的path，通过邻居点 {(27, 15)}
2025-11-23 14:28:14,786 - create_connect_point - INFO - [create_connect_point.py:136] - 移除了{(26, 13), (26, 15)}，剩下34:[(16, 19), (17, 12), (17, 20), (18, 12), (19, 12), (19, 20), (21, 20), (23, 20), (25, 20)]
2025-11-23 14:28:14,786 - create_connect_point - INFO - [create_connect_point.py:205] - cCPbrap[(26, 13), (26, 15)]
2025-11-23 14:28:14,786 - create_connect_point - INFO - [create_connect_point.py:176] - 还存在连接点
2025-11-23 14:28:14,786 - create_connect_point - INFO - [create_connect_point.py:178] - 
可选择房间集合[4, 16, 26, 28, 34, 36, 44, 52, 58, 85]
2025-11-23 14:28:14,786 - create_connect_point - INFO - [create_connect_point.py:180] - 
选择房间52:(65,69)-(73,71)
	[(64, 69), (64, 70), (64, 71), (65, 68), (73, 72)]
2025-11-23 14:28:14,786 - create_connect_point - INFO - [create_connect_point.py:183] - 选择点(73, 72)
2025-11-23 14:28:14,786 - create_connect_point - INFO - [create_connect_point.py:201] - 找到对应path
2025-11-23 14:28:14,786 - create_connect_point - INFO - [create_connect_point.py:120] - 找到与room相连的path，通过邻居点 {(73, 73)}
2025-11-23 14:28:14,786 - create_connect_point - INFO - [create_connect_point.py:136] - 移除了{(64, 69), (65, 68), (64, 71), (64, 70), (73, 72)}，剩下52:[]
2025-11-23 14:28:14,786 - create_connect_point - INFO - [create_connect_point.py:205] - cCPbrap[(64, 69), (65, 68), (64, 71), (64, 70), (73, 72)]
2025-11-23 14:28:14,786 - create_connect_point - INFO - [create_connect_point.py:176] - 还存在连接点
2025-11-23 14:28:14,786 - create_connect_point - INFO - [create_connect_point.py:178] - 
可选择房间集合[4, 16, 26, 28, 34, 36, 44, 58, 85]
2025-11-23 14:28:14,786 - create_connect_point - INFO - [create_connect_point.py:180] - 
选择房间16:(31,17)-(37,25)
	[(30, 21)]
2025-11-23 14:28:14,787 - create_connect_point - INFO - [create_connect_point.py:183] - 选择点(30, 21)
2025-11-23 14:28:14,787 - create_connect_point - INFO - [create_connect_point.py:201] - 找到对应path
2025-11-23 14:28:14,787 - create_connect_point - INFO - [create_connect_point.py:120] - 找到与room相连的path，通过邻居点 {(29, 21)}
2025-11-23 14:28:14,787 - create_connect_point - INFO - [create_connect_point.py:136] - 移除了{(30, 21)}，剩下16:[]
2025-11-23 14:28:14,787 - create_connect_point - INFO - [create_connect_point.py:205] - cCPbrap[(30, 21)]
2025-11-23 14:28:14,787 - create_connect_point - INFO - [create_connect_point.py:176] - 还存在连接点
2025-11-23 14:28:14,787 - create_connect_point - INFO - [create_connect_point.py:178] - 
可选择房间集合[4, 26, 28, 34, 36, 44, 58, 85]
2025-11-23 14:28:14,787 - create_connect_point - INFO - [create_connect_point.py:180] - 
选择房间28:(73,91)-(81,93)
	[(77, 94)]
2025-11-23 14:28:14,787 - create_connect_point - INFO - [create_connect_point.py:183] - 选择点(77, 94)
2025-11-23 14:28:14,787 - create_connect_point - INFO - [create_connect_point.py:201] - 找到对应path
2025-11-23 14:28:14,787 - create_connect_point - INFO - [create_connect_point.py:120] - 找到与room相连的path，通过邻居点 {(77, 95)}
2025-11-23 14:28:14,787 - create_connect_point - INFO - [create_connect_point.py:136] - 移除了{(77, 94)}，剩下28:[]
2025-11-23 14:28:14,787 - create_connect_point - INFO - [create_connect_point.py:205] - cCPbrap[(77, 94)]
2025-11-23 14:28:14,787 - create_connect_point - INFO - [create_connect_point.py:176] - 还存在连接点
2025-11-23 14:28:14,787 - create_connect_point - INFO - [create_connect_point.py:178] - 
可选择房间集合[4, 26, 34, 36, 44, 58, 85]
2025-11-23 14:28:14,787 - create_connect_point - INFO - [create_connect_point.py:180] - 
选择房间36:(57,89)-(65,93)
	[(56, 91), (63, 94)]
2025-11-23 14:28:14,787 - create_connect_point - INFO - [create_connect_point.py:183] - 选择点(63, 94)
2025-11-23 14:28:14,787 - create_connect_point - INFO - [create_connect_point.py:201] - 找到对应path
2025-11-23 14:28:14,787 - create_connect_point - INFO - [create_connect_point.py:120] - 找到与room相连的path，通过邻居点 {(63, 95)}
2025-11-23 14:28:14,787 - create_connect_point - INFO - [create_connect_point.py:136] - 移除了{(63, 94)}，剩下36:[(56, 91)]
2025-11-23 14:28:14,787 - create_connect_point - INFO - [create_connect_point.py:205] - cCPbrap[(63, 94)]
2025-11-23 14:28:14,787 - create_connect_point - INFO - [create_connect_point.py:176] - 还存在连接点
2025-11-23 14:28:14,787 - create_connect_point - INFO - [create_connect_point.py:178] - 
可选择房间集合[4, 26, 34, 36, 44, 58, 85]
2025-11-23 14:28:14,787 - create_connect_point - INFO - [create_connect_point.py:180] - 
选择房间58:(47,41)-(51,45)
	[(46, 41)]
2025-11-23 14:28:14,788 - create_connect_point - INFO - [create_connect_point.py:183] - 选择点(46, 41)
2025-11-23 14:28:14,788 - create_connect_point - INFO - [create_connect_point.py:201] - 找到对应path
2025-11-23 14:28:14,788 - create_connect_point - INFO - [create_connect_point.py:120] - 找到与room相连的path，通过邻居点 {(45, 41)}
2025-11-23 14:28:14,788 - create_connect_point - INFO - [create_connect_point.py:136] - 移除了{(46, 41)}，剩下58:[]
2025-11-23 14:28:14,788 - create_connect_point - INFO - [create_connect_point.py:205] - cCPbrap[(46, 41)]
2025-11-23 14:28:14,788 - create_connect_point - INFO - [create_connect_point.py:176] - 还存在连接点
2025-11-23 14:28:14,788 - create_connect_point - INFO - [create_connect_point.py:178] - 
可选择房间集合[4, 26, 34, 36, 44, 85]
2025-11-23 14:28:14,788 - create_connect_point - INFO - [create_connect_point.py:180] - 
选择房间34:(17,13)-(25,19)
	[(16, 19), (17, 12), (17, 20), (18, 12), (19, 12), (19, 20), (21, 20), (23, 20), (25, 20)]
2025-11-23 14:28:14,788 - create_connect_point - INFO - [create_connect_point.py:183] - 选择点(17, 12)
2025-11-23 14:28:14,788 - create_connect_point - INFO - [create_connect_point.py:201] - 找到对应path
2025-11-23 14:28:14,788 - create_connect_point - INFO - [create_connect_point.py:120] - 找到与room相连的path，通过邻居点 {(17, 11)}
2025-11-23 14:28:14,788 - create_connect_point - INFO - [create_connect_point.py:136] - 移除了{(17, 12), (18, 12), (19, 12)}，剩下34:[(16, 19), (17, 20), (19, 20), (21, 20), (23, 20), (25, 20)]
2025-11-23 14:28:14,788 - create_connect_point - INFO - [create_connect_point.py:205] - cCPbrap[(17, 12), (18, 12), (19, 12)]
2025-11-23 14:28:14,788 - create_connect_point - INFO - [create_connect_point.py:176] - 还存在连接点
2025-11-23 14:28:14,788 - create_connect_point - INFO - [create_connect_point.py:178] - 
可选择房间集合[4, 26, 34, 36, 44, 85]
2025-11-23 14:28:14,788 - create_connect_point - INFO - [create_connect_point.py:180] - 
选择房间34:(17,13)-(25,19)
	[(16, 19), (17, 20), (19, 20), (21, 20), (23, 20), (25, 20)]
2025-11-23 14:28:14,788 - create_connect_point - INFO - [create_connect_point.py:183] - 选择点(25, 20)
2025-11-23 14:28:14,788 - create_connect_point - INFO - [create_connect_point.py:201] - 找到对应path
2025-11-23 14:28:14,788 - create_connect_point - INFO - [create_connect_point.py:120] - 找到与room相连的path，通过邻居点 {(25, 21)}
2025-11-23 14:28:14,788 - create_connect_point - INFO - [create_connect_point.py:136] - 移除了{(25, 20)}，剩下34:[(16, 19), (17, 20), (19, 20), (21, 20), (23, 20)]
2025-11-23 14:28:14,788 - create_connect_point - INFO - [create_connect_point.py:205] - cCPbrap[(25, 20)]
2025-11-23 14:28:14,788 - create_connect_point - INFO - [create_connect_point.py:176] - 还存在连接点
2025-11-23 14:28:14,788 - create_connect_point - INFO - [create_connect_point.py:178] - 
可选择房间集合[4, 26, 34, 36, 44, 85]
2025-11-23 14:28:14,788 - create_connect_point - INFO - [create_connect_point.py:180] - 
选择房间36:(57,89)-(65,93)
	[(56, 91)]
2025-11-23 14:28:14,789 - create_connect_point - INFO - [create_connect_point.py:183] - 选择点(56, 91)
2025-11-23 14:28:14,789 - create_connect_point - INFO - [create_connect_point.py:201] - 找到对应path
2025-11-23 14:28:14,789 - create_connect_point - INFO - [create_connect_point.py:120] - 找到与room相连的path，通过邻居点 {(55, 91)}
2025-11-23 14:28:14,789 - create_connect_point - INFO - [create_connect_point.py:136] - 移除了{(56, 91)}，剩下36:[]
2025-11-23 14:28:14,789 - create_connect_point - INFO - [create_connect_point.py:205] - cCPbrap[(56, 91)]
2025-11-23 14:28:14,789 - create_connect_point - INFO - [create_connect_point.py:176] - 还存在连接点
2025-11-23 14:28:14,789 - create_connect_point - INFO - [create_connect_point.py:178] - 
可选择房间集合[4, 26, 34, 44, 85]
2025-11-23 14:28:14,789 - create_connect_point - INFO - [create_connect_point.py:180] - 
选择房间85:(37,63)-(41,71)
	[(36, 63), (36, 65), (36, 66), (36, 67), (36, 68), (36, 69), (36, 70), (36, 71), (37, 62), (37, 72), (39, 62), (39, 72), (40, 62), (40, 72), (41, 62), (41, 72), (42, 67), (42, 68), (42, 69), (42, 70), (42, 71)]
2025-11-23 14:28:14,789 - create_connect_point - INFO - [create_connect_point.py:183] - 选择点(41, 72)
2025-11-23 14:28:14,789 - create_connect_point - INFO - [create_connect_point.py:201] - 找到对应path
2025-11-23 14:28:14,789 - create_connect_point - INFO - [create_connect_point.py:120] - 找到与room相连的path，通过邻居点 {(41, 73)}
2025-11-23 14:28:14,789 - create_connect_point - INFO - [create_connect_point.py:136] - 移除了{(42, 71), (36, 69), (40, 72), (36, 65), (41, 72), (39, 72), (36, 68), (42, 67), (36, 71), (42, 70), (36, 70), (37, 72), (42, 69), (36, 67), (42, 68), (36, 63), (37, 62), (36, 66)}，剩下85:[(39, 62), (40, 62), (41, 62)]
2025-11-23 14:28:14,789 - create_connect_point - INFO - [create_connect_point.py:205] - cCPbrap[(42, 71), (36, 69), (40, 72), (36, 65), (41, 72), (39, 72), (36, 68), (42, 67), (36, 71), (42, 70), (36, 70), (37, 72), (42, 69), (36, 67), (42, 68), (36, 63), (37, 62), (36, 66)]
2025-11-23 14:28:14,789 - create_connect_point - INFO - [create_connect_point.py:176] - 还存在连接点
2025-11-23 14:28:14,789 - create_connect_point - INFO - [create_connect_point.py:178] - 
可选择房间集合[4, 26, 34, 44, 85]
2025-11-23 14:28:14,789 - create_connect_point - INFO - [create_connect_point.py:180] - 
选择房间26:(89,1)-(97,9)
	[(89, 10), (90, 10), (91, 10), (98, 9)]
2025-11-23 14:28:14,789 - create_connect_point - INFO - [create_connect_point.py:183] - 选择点(90, 10)
2025-11-23 14:28:14,789 - create_connect_point - INFO - [create_connect_point.py:201] - 找到对应path
2025-11-23 14:28:14,789 - create_connect_point - INFO - [create_connect_point.py:120] - 找到与room相连的path，通过邻居点 {(90, 11)}
2025-11-23 14:28:14,789 - create_connect_point - INFO - [create_connect_point.py:136] - 移除了{(91, 10), (89, 10), (90, 10)}，剩下26:[(98, 9)]
2025-11-23 14:28:14,789 - create_connect_point - INFO - [create_connect_point.py:205] - cCPbrap[(91, 10), (89, 10), (90, 10)]
2025-11-23 14:28:14,789 - create_connect_point - INFO - [create_connect_point.py:176] - 还存在连接点
2025-11-23 14:28:14,790 - create_connect_point - INFO - [create_connect_point.py:178] - 
可选择房间集合[4, 26, 34, 44, 85]
2025-11-23 14:28:14,790 - create_connect_point - INFO - [create_connect_point.py:180] - 
选择房间85:(37,63)-(41,71)
	[(39, 62), (40, 62), (41, 62)]
2025-11-23 14:28:14,790 - create_connect_point - INFO - [create_connect_point.py:183] - 选择点(39, 62)
2025-11-23 14:28:14,790 - create_connect_point - INFO - [create_connect_point.py:201] - 找到对应path
2025-11-23 14:28:14,790 - create_connect_point - INFO - [create_connect_point.py:120] - 找到与room相连的path，通过邻居点 {(39, 61)}
2025-11-23 14:28:14,790 - create_connect_point - INFO - [create_connect_point.py:136] - 移除了{(39, 62), (40, 62), (41, 62)}，剩下85:[]
2025-11-23 14:28:14,790 - create_connect_point - INFO - [create_connect_point.py:205] - cCPbrap[(39, 62), (40, 62), (41, 62)]
2025-11-23 14:28:14,790 - create_connect_point - INFO - [create_connect_point.py:176] - 还存在连接点
2025-11-23 14:28:14,790 - create_connect_point - INFO - [create_connect_point.py:178] - 
可选择房间集合[4, 26, 34, 44]
2025-11-23 14:28:14,790 - create_connect_point - INFO - [create_connect_point.py:180] - 
选择房间34:(17,13)-(25,19)
	[(16, 19), (17, 20), (19, 20), (21, 20), (23, 20)]
2025-11-23 14:28:14,790 - create_connect_point - INFO - [create_connect_point.py:183] - 选择点(23, 20)
2025-11-23 14:28:14,790 - create_connect_point - INFO - [create_connect_point.py:201] - 找到对应path
2025-11-23 14:28:14,790 - create_connect_point - INFO - [create_connect_point.py:120] - 找到与room相连的path，通过邻居点 {(23, 21)}
2025-11-23 14:28:14,790 - create_connect_point - INFO - [create_connect_point.py:136] - 移除了{(23, 20)}，剩下34:[(16, 19), (17, 20), (19, 20), (21, 20)]
2025-11-23 14:28:14,790 - create_connect_point - INFO - [create_connect_point.py:205] - cCPbrap[(23, 20)]
2025-11-23 14:28:14,790 - create_connect_point - INFO - [create_connect_point.py:176] - 还存在连接点
2025-11-23 14:28:14,790 - create_connect_point - INFO - [create_connect_point.py:178] - 
可选择房间集合[4, 26, 34, 44]
2025-11-23 14:28:14,790 - create_connect_point - INFO - [create_connect_point.py:180] - 
选择房间4:(45,47)-(47,49)
	[(45, 46)]
2025-11-23 14:28:14,790 - create_connect_point - INFO - [create_connect_point.py:183] - 选择点(45, 46)
2025-11-23 14:28:14,790 - create_connect_point - INFO - [create_connect_point.py:201] - 找到对应path
2025-11-23 14:28:14,790 - create_connect_point - INFO - [create_connect_point.py:120] - 找到与room相连的path，通过邻居点 {(45, 45)}
2025-11-23 14:28:14,790 - create_connect_point - INFO - [create_connect_point.py:136] - 移除了{(45, 46)}，剩下4:[]
2025-11-23 14:28:14,790 - create_connect_point - INFO - [create_connect_point.py:205] - cCPbrap[(45, 46)]
2025-11-23 14:28:14,790 - create_connect_point - INFO - [create_connect_point.py:176] - 还存在连接点
2025-11-23 14:28:14,791 - create_connect_point - INFO - [create_connect_point.py:178] - 
可选择房间集合[26, 34, 44]
2025-11-23 14:28:14,791 - create_connect_point - INFO - [create_connect_point.py:180] - 
选择房间34:(17,13)-(25,19)
	[(16, 19), (17, 20), (19, 20), (21, 20)]
2025-11-23 14:28:14,791 - create_connect_point - INFO - [create_connect_point.py:183] - 选择点(16, 19)
2025-11-23 14:28:14,791 - create_connect_point - INFO - [create_connect_point.py:201] - 找到对应path
2025-11-23 14:28:14,791 - create_connect_point - INFO - [create_connect_point.py:120] - 找到与room相连的path，通过邻居点 {(15, 19)}
2025-11-23 14:28:14,791 - create_connect_point - INFO - [create_connect_point.py:136] - 移除了{(16, 19), (17, 20)}，剩下34:[(19, 20), (21, 20)]
2025-11-23 14:28:14,791 - create_connect_point - INFO - [create_connect_point.py:205] - cCPbrap[(16, 19), (17, 20)]
2025-11-23 14:28:14,791 - create_connect_point - INFO - [create_connect_point.py:176] - 还存在连接点
2025-11-23 14:28:14,791 - create_connect_point - INFO - [create_connect_point.py:178] - 
可选择房间集合[26, 34, 44]
2025-11-23 14:28:14,791 - create_connect_point - INFO - [create_connect_point.py:180] - 
选择房间34:(17,13)-(25,19)
	[(19, 20), (21, 20)]
2025-11-23 14:28:14,791 - create_connect_point - INFO - [create_connect_point.py:183] - 选择点(19, 20)
2025-11-23 14:28:14,791 - create_connect_point - INFO - [create_connect_point.py:201] - 找到对应path
2025-11-23 14:28:14,791 - create_connect_point - INFO - [create_connect_point.py:120] - 找到与room相连的path，通过邻居点 {(19, 21)}
2025-11-23 14:28:14,791 - create_connect_point - INFO - [create_connect_point.py:136] - 移除了{(19, 20)}，剩下34:[(21, 20)]
2025-11-23 14:28:14,791 - create_connect_point - INFO - [create_connect_point.py:205] - cCPbrap[(19, 20)]
2025-11-23 14:28:14,791 - create_connect_point - INFO - [create_connect_point.py:176] - 还存在连接点
2025-11-23 14:28:14,791 - create_connect_point - INFO - [create_connect_point.py:178] - 
可选择房间集合[26, 34, 44]
2025-11-23 14:28:14,791 - create_connect_point - INFO - [create_connect_point.py:180] - 
选择房间26:(89,1)-(97,9)
	[(98, 9)]
2025-11-23 14:28:14,791 - create_connect_point - INFO - [create_connect_point.py:183] - 选择点(98, 9)
2025-11-23 14:28:14,791 - create_connect_point - INFO - [create_connect_point.py:201] - 找到对应path
2025-11-23 14:28:14,791 - create_connect_point - INFO - [create_connect_point.py:120] - 找到与room相连的path，通过邻居点 {(99, 9)}
2025-11-23 14:28:14,791 - create_connect_point - INFO - [create_connect_point.py:136] - 移除了{(98, 9)}，剩下26:[]
2025-11-23 14:28:14,791 - create_connect_point - INFO - [create_connect_point.py:205] - cCPbrap[(98, 9)]
2025-11-23 14:28:14,791 - create_connect_point - INFO - [create_connect_point.py:176] - 还存在连接点
2025-11-23 14:28:14,792 - create_connect_point - INFO - [create_connect_point.py:178] - 
可选择房间集合[34, 44]
2025-11-23 14:28:14,792 - create_connect_point - INFO - [create_connect_point.py:180] - 
选择房间44:(11,59)-(13,61)
	[(14, 61)]
2025-11-23 14:28:14,792 - create_connect_point - INFO - [create_connect_point.py:183] - 选择点(14, 61)
2025-11-23 14:28:14,792 - create_connect_point - INFO - [create_connect_point.py:201] - 找到对应path
2025-11-23 14:28:14,792 - create_connect_point - INFO - [create_connect_point.py:120] - 找到与room相连的path，通过邻居点 {(15, 61)}
2025-11-23 14:28:14,792 - create_connect_point - INFO - [create_connect_point.py:136] - 移除了{(14, 61)}，剩下44:[]
2025-11-23 14:28:14,792 - create_connect_point - INFO - [create_connect_point.py:205] - cCPbrap[(14, 61)]
2025-11-23 14:28:14,792 - create_connect_point - INFO - [create_connect_point.py:176] - 还存在连接点
2025-11-23 14:28:14,792 - create_connect_point - INFO - [create_connect_point.py:178] - 
可选择房间集合[34]
2025-11-23 14:28:14,792 - create_connect_point - INFO - [create_connect_point.py:180] - 
选择房间34:(17,13)-(25,19)
	[(21, 20)]
2025-11-23 14:28:14,792 - create_connect_point - INFO - [create_connect_point.py:183] - 选择点(21, 20)
2025-11-23 14:28:14,792 - create_connect_point - INFO - [create_connect_point.py:201] - 找到对应path
2025-11-23 14:28:14,792 - create_connect_point - INFO - [create_connect_point.py:120] - 找到与room相连的path，通过邻居点 {(21, 21)}
2025-11-23 14:28:14,792 - create_connect_point - INFO - [create_connect_point.py:136] - 移除了{(21, 20)}，剩下34:[]
2025-11-23 14:28:14,792 - create_connect_point - INFO - [create_connect_point.py:205] - cCPbrap[(21, 20)]
2025-11-23 14:28:14,792 - create_connect_point - INFO - [create_connect_point.py:231] - 
room0:(77,9)-(85,11)
	[(84, 12), (85, 8), (76, 9)]
2025-11-23 14:28:14,792 - create_connect_point - INFO - [create_connect_point.py:231] - 
room1:(17,23)-(21,29)
	[(16, 29), (22, 24), (16, 25), (21, 22), (19, 22), (20, 30)]
2025-11-23 14:28:14,792 - create_connect_point - INFO - [create_connect_point.py:231] - 
room2:(63,51)-(65,53)
	[(66, 51), (62, 53), (65, 54), (63, 50)]
2025-11-23 14:28:14,792 - create_connect_point - INFO - [create_connect_point.py:231] - 
room3:(1,47)-(3,55)
	[(4, 49)]
2025-11-23 14:28:14,792 - create_connect_point - INFO - [create_connect_point.py:231] - 
room4:(45,47)-(47,49)
	[(47, 50), (48, 49), (44, 49), (44, 47), (47, 46), (45, 46)]
2025-11-23 14:28:14,792 - create_connect_point - INFO - [create_connect_point.py:231] - 
room5:(11,47)-(15,49)
	[(16, 47), (14, 50), (14, 46), (10, 49)]
2025-11-23 14:28:14,792 - create_connect_point - INFO - [create_connect_point.py:231] - 
room6:(49,91)-(53,97)
	[(53, 98), (49, 90), (51, 98), (54, 95), (54, 91)]
2025-11-23 14:28:14,792 - create_connect_point - INFO - [create_connect_point.py:231] - 
room7:(85,41)-(91,49)
	[(87, 50), (88, 40), (84, 47), (92, 45), (92, 41), (92, 43), (89, 50), (91, 50)]
2025-11-23 14:28:14,792 - create_connect_point - INFO - [create_connect_point.py:231] - 
room8:(21,9)-(27,11)
	[(21, 12), (21, 8), (27, 12)]
2025-11-23 14:28:14,792 - create_connect_point - INFO - [create_connect_point.py:231] - 
room9:(17,69)-(21,77)
	[(16, 71), (17, 68)]
2025-11-23 14:28:14,793 - create_connect_point - INFO - [create_connect_point.py:231] - 
room10:(75,65)-(81,71)
	[(81, 64), (75, 72), (82, 66), (74, 69), (74, 66), (82, 71)]
2025-11-23 14:28:14,793 - create_connect_point - INFO - [create_connect_point.py:231] - 
room11:(31,91)-(39,95)
	[(31, 90), (33, 96), (33, 90), (40, 91)]
2025-11-23 14:28:14,793 - create_connect_point - INFO - [create_connect_point.py:231] - 
room12:(83,57)-(91,63)
	[(86, 64), (92, 62), (92, 59), (91, 56), (87, 56), (85, 56), (82, 57), (91, 64), (83, 64)]
2025-11-23 14:28:14,793 - create_connect_point - INFO - [create_connect_point.py:231] - 
room13:(11,51)-(17,57)
	[(10, 56), (14, 50), (13, 58), (18, 56), (17, 50), (10, 51), (17, 58), (18, 53), (15, 58)]
2025-11-23 14:28:14,793 - create_connect_point - INFO - [create_connect_point.py:231] - 
room14:(51,33)-(53,35)
	[(50, 35)]
2025-11-23 14:28:14,793 - create_connect_point - INFO - [create_connect_point.py:231] - 
room15:(5,31)-(9,35)
	[(4, 33), (6, 30)]
2025-11-23 14:28:14,793 - create_connect_point - INFO - [create_connect_point.py:231] - 
room16:(31,17)-(37,25)
	[(38, 20), (30, 19), (38, 25), (36, 26), (31, 16), (38, 17), (30, 21)]
2025-11-23 14:28:14,793 - create_connect_point - INFO - [create_connect_point.py:231] - 
room17:(49,81)-(51,83)
	[(52, 81), (49, 84)]
2025-11-23 14:28:14,793 - create_connect_point - INFO - [create_connect_point.py:231] - 
room18:(5,5)-(7,11)
	[(8, 8), (5, 12)]
2025-11-23 14:28:14,793 - create_connect_point - INFO - [create_connect_point.py:231] - 
room19:(69,41)-(75,47)
	[(75, 40), (72, 48)]
2025-11-23 14:28:14,793 - create_connect_point - INFO - [create_connect_point.py:231] - 
room20:(7,63)-(13,67)
	[(12, 62), (13, 68), (6, 63), (7, 68)]
2025-11-23 14:28:14,793 - create_connect_point - INFO - [create_connect_point.py:231] - 
room21:(59,97)-(65,99)
	[(59, 96), (58, 99), (63, 96), (66, 99), (65, 96)]
2025-11-23 14:28:14,793 - create_connect_point - INFO - [create_connect_point.py:231] - 
room22:(67,61)-(73,67)
	[(68, 68), (74, 61), (74, 66), (66, 64)]
2025-11-23 14:28:14,793 - create_connect_point - INFO - [create_connect_point.py:231] - 
room23:(57,15)-(63,21)
	[(56, 21), (64, 20), (62, 14), (61, 22)]
2025-11-23 14:28:14,793 - create_connect_point - INFO - [create_connect_point.py:231] - 
room24:(31,51)-(39,59)
	[(40, 55), (32, 50), (40, 58), (39, 60)]
2025-11-23 14:28:14,793 - create_connect_point - INFO - [create_connect_point.py:231] - 
room25:(73,37)-(79,39)
	[(79, 36), (75, 40)]
2025-11-23 14:28:14,793 - create_connect_point - INFO - [create_connect_point.py:231] - 
room26:(89,1)-(97,9)
	[(98, 1), (97, 10), (88, 5), (98, 7), (90, 10), (98, 9)]
2025-11-23 14:28:14,793 - create_connect_point - INFO - [create_connect_point.py:231] - 
room27:(75,1)-(83,5)
	[(84, 2), (78, 6)]
2025-11-23 14:28:14,793 - create_connect_point - INFO - [create_connect_point.py:231] - 
room28:(73,91)-(81,93)
	[(80, 94), (73, 90), (77, 94)]
2025-11-23 14:28:14,793 - create_connect_point - INFO - [create_connect_point.py:231] - 
room29:(83,51)-(87,53)
	[(87, 50), (88, 53), (83, 50), (82, 51), (85, 54)]
2025-11-23 14:28:14,793 - create_connect_point - INFO - [create_connect_point.py:231] - 
room30:(41,15)-(43,23)
	[(44, 17), (40, 21), (44, 23), (40, 17), (41, 24)]
2025-11-23 14:28:14,793 - create_connect_point - INFO - [create_connect_point.py:231] - 
room31:(93,33)-(97,41)
	[(92, 34), (94, 42), (98, 39), (92, 41)]
2025-11-23 14:28:14,793 - create_connect_point - INFO - [create_connect_point.py:231] - 
room32:(29,1)-(31,5)
	[(29, 6), (28, 3)]
2025-11-23 14:28:14,793 - create_connect_point - INFO - [create_connect_point.py:231] - 
room33:(27,67)-(33,71)
	[(34, 69)]
2025-11-23 14:28:14,793 - create_connect_point - INFO - [create_connect_point.py:231] - 
room34:(17,13)-(25,19)
	[(26, 18), (21, 12), (16, 15), (26, 15), (17, 12), (25, 20), (23, 20), (16, 19), (19, 20), (21, 20)]
2025-11-23 14:28:14,793 - create_connect_point - INFO - [create_connect_point.py:231] - 
room35:(55,43)-(63,49)
	[(54, 45), (57, 50), (60, 50), (63, 50), (54, 47)]
2025-11-23 14:28:14,794 - create_connect_point - INFO - [create_connect_point.py:231] - 
room36:(57,89)-(65,93)
	[(66, 93), (66, 89), (59, 94), (56, 93), (65, 94), (63, 94), (56, 91)]
2025-11-23 14:28:14,794 - create_connect_point - INFO - [create_connect_point.py:231] - 
room37:(79,25)-(87,29)
	[(80, 24)]
2025-11-23 14:28:14,794 - create_connect_point - INFO - [create_connect_point.py:231] - 
room38:(85,65)-(89,73)
	[(86, 64), (84, 71), (84, 67), (90, 71)]
2025-11-23 14:28:14,794 - create_connect_point - INFO - [create_connect_point.py:231] - 
room39:(53,17)-(55,21)
	[(56, 21), (52, 17), (52, 21), (53, 22)]
2025-11-23 14:28:14,794 - create_connect_point - INFO - [create_connect_point.py:231] - 
room40:(9,87)-(17,95)
	[(8, 90), (17, 96), (8, 95)]
2025-11-23 14:28:14,794 - create_connect_point - INFO - [create_connect_point.py:231] - 
room41:(45,87)-(49,89)
	[(50, 89), (44, 89), (49, 90), (49, 86)]
2025-11-23 14:28:14,794 - create_connect_point - INFO - [create_connect_point.py:231] - 
room42:(11,3)-(19,5)
	[(12, 2)]
2025-11-23 14:28:14,794 - create_connect_point - INFO - [create_connect_point.py:231] - 
room43:(77,97)-(83,99)
	[(77, 96), (76, 99), (84, 99), (80, 96), (84, 97)]
2025-11-23 14:28:14,794 - create_connect_point - INFO - [create_connect_point.py:231] - 
room44:(11,59)-(13,61)
	[(12, 62), (13, 58), (10, 59), (10, 61), (14, 59), (14, 61)]
2025-11-23 14:28:14,794 - create_connect_point - INFO - [create_connect_point.py:231] - 
room45:(81,77)-(87,83)
	[(80, 80)]
2025-11-23 14:28:14,794 - create_connect_point - INFO - [create_connect_point.py:231] - 
room46:(5,73)-(9,75)
	[(4, 73), (10, 75), (6, 76), (5, 72), (7, 72), (4, 75)]
2025-11-23 14:28:14,794 - create_connect_point - INFO - [create_connect_point.py:231] - 
room47:(87,91)-(89,99)
	[(90, 92), (86, 93), (86, 97), (87, 90), (86, 99)]
2025-11-23 14:28:14,794 - create_connect_point - INFO - [create_connect_point.py:231] - 
room48:(43,1)-(45,3)
	[(42, 3), (45, 4), (46, 3), (43, 4)]
2025-11-23 14:28:14,794 - create_connect_point - INFO - [create_connect_point.py:231] - 
room49:(43,57)-(51,65)
	[(45, 56), (44, 66), (42, 63), (42, 58), (42, 61)]
2025-11-23 14:28:14,794 - create_connect_point - INFO - [create_connect_point.py:231] - 
room50:(33,77)-(39,79)
	[(39, 76)]
2025-11-23 14:28:14,794 - create_connect_point - INFO - [create_connect_point.py:231] - 
room51:(67,93)-(69,95)
	[(66, 93), (68, 96), (66, 95)]
2025-11-23 14:28:14,794 - create_connect_point - INFO - [create_connect_point.py:231] - 
room52:(65,69)-(73,71)
	[(65, 72), (68, 68), (74, 69), (69, 72), (73, 72)]
2025-11-23 14:28:14,794 - create_connect_point - INFO - [create_connect_point.py:231] - 
room53:(9,21)-(13,23)
	[(12, 24), (8, 21), (8, 23)]
2025-11-23 14:28:14,794 - create_connect_point - INFO - [create_connect_point.py:231] - 
room54:(21,49)-(23,53)
	[(21, 54), (24, 53), (20, 53), (20, 50)]
2025-11-23 14:28:14,794 - create_connect_point - INFO - [create_connect_point.py:231] - 
room55:(3,13)-(7,15)
	[(2, 13), (4, 16), (8, 14), (5, 12)]
2025-11-23 14:28:14,794 - create_connect_point - INFO - [create_connect_point.py:231] - 
room56:(91,17)-(97,19)
	[(93, 16), (97, 16), (98, 17), (96, 20)]
2025-11-23 14:28:14,794 - create_connect_point - INFO - [create_connect_point.py:231] - 
room57:(19,55)-(27,57)
	[(21, 54), (26, 58), (18, 56), (19, 54)]
2025-11-23 14:28:14,794 - create_connect_point - INFO - [create_connect_point.py:231] - 
room58:(47,41)-(51,45)
	[(51, 46), (48, 40), (52, 41), (47, 46), (46, 43), (46, 41)]
2025-11-23 14:28:14,794 - create_connect_point - INFO - [create_connect_point.py:231] - 
room59:(5,23)-(7,29)
	[(4, 23), (8, 28), (6, 30), (8, 23)]
2025-11-23 14:28:14,794 - create_connect_point - INFO - [create_connect_point.py:231] - 
room60:(23,33)-(31,35)
	[(22, 33), (22, 35), (32, 33), (31, 36), (23, 36)]
2025-11-23 14:28:14,794 - create_connect_point - INFO - [create_connect_point.py:231] - 
room61:(73,21)-(75,27)
	[(74, 28), (72, 21)]
2025-11-23 14:28:14,795 - create_connect_point - INFO - [create_connect_point.py:231] - 
room62:(29,45)-(31,47)
	[(32, 45), (28, 46)]
2025-11-23 14:28:14,795 - create_connect_point - INFO - [create_connect_point.py:231] - 
room63:(91,51)-(95,55)
	[(94, 56), (90, 51), (93, 50), (91, 56), (91, 50)]
2025-11-23 14:28:14,795 - create_connect_point - INFO - [create_connect_point.py:231] - 
room64:(13,39)-(17,45)
	[(15, 38), (14, 46), (18, 44), (17, 46)]
2025-11-23 14:28:14,795 - create_connect_point - INFO - [create_connect_point.py:231] - 
room65:(63,55)-(67,57)
	[(65, 54), (63, 58), (68, 55)]
2025-11-23 14:28:14,795 - create_connect_point - INFO - [create_connect_point.py:231] - 
room66:(55,71)-(57,77)
	[(54, 72)]
2025-11-23 14:28:14,795 - create_connect_point - INFO - [create_connect_point.py:231] - 
room67:(1,77)-(7,79)
	[(7, 80), (3, 76), (6, 76)]
2025-11-23 14:28:14,795 - create_connect_point - INFO - [create_connect_point.py:231] - 
room68:(27,85)-(31,89)
	[(26, 85), (31, 90)]
2025-11-23 14:28:14,795 - create_connect_point - INFO - [create_connect_point.py:231] - 
room69:(7,53)-(9,59)
	[(7, 52), (10, 56), (10, 59)]
2025-11-23 14:28:14,795 - create_connect_point - INFO - [create_connect_point.py:231] - 
room70:(51,51)-(57,53)
	[(52, 54), (53, 50), (57, 50), (50, 53)]
2025-11-23 14:28:14,795 - create_connect_point - INFO - [create_connect_point.py:231] - 
room71:(97,79)-(99,83)
	[(96, 83), (96, 81), (99, 84), (97, 84)]
2025-11-23 14:28:14,795 - create_connect_point - INFO - [create_connect_point.py:231] - 
room72:(23,93)-(25,95)
	[(26, 93)]
2025-11-23 14:28:14,795 - create_connect_point - INFO - [create_connect_point.py:231] - 
room73:(45,5)-(53,9)
	[(45, 4), (44, 6), (49, 4), (44, 9)]
2025-11-23 14:28:14,795 - create_connect_point - INFO - [create_connect_point.py:231] - 
room74:(39,1)-(41,5)
	[(42, 3), (39, 6)]
2025-11-23 14:28:14,795 - create_connect_point - INFO - [create_connect_point.py:231] - 
room75:(55,25)-(57,27)
	[(55, 28)]
2025-11-23 14:28:14,795 - create_connect_point - INFO - [create_connect_point.py:231] - 
room76:(65,13)-(71,21)
	[(72, 21), (64, 20), (72, 19), (64, 13), (69, 12)]
2025-11-23 14:28:14,795 - create_connect_point - INFO - [create_connect_point.py:231] - 
room77:(69,77)-(71,79)
	[(72, 79), (68, 79), (71, 76)]
2025-11-23 14:28:14,795 - create_connect_point - INFO - [create_connect_point.py:231] - 
room78:(13,27)-(15,31)
	[(14, 26), (16, 29), (13, 32)]
2025-11-23 14:28:14,795 - create_connect_point - INFO - [create_connect_point.py:231] - 
room79:(1,67)-(3,73)
	[(4, 70), (2, 74), (1, 66), (4, 73)]
2025-11-23 14:28:14,795 - create_connect_point - INFO - [create_connect_point.py:231] - 
room80:(41,43)-(43,47)
	[(44, 45), (40, 45), (44, 47), (42, 48), (43, 42)]
2025-11-23 14:28:14,795 - create_connect_point - INFO - [create_connect_point.py:231] - 
room81:(39,25)-(41,33)
	[(42, 32), (40, 34), (38, 25), (39, 24), (41, 24)]
2025-11-23 14:28:14,795 - create_connect_point - INFO - [create_connect_point.py:231] - 
room82:(19,37)-(21,45)
	[(22, 45), (18, 44), (19, 36), (18, 37), (22, 38), (21, 36)]
2025-11-23 14:28:14,795 - create_connect_point - INFO - [create_connect_point.py:231] - 
room83:(5,83)-(7,91)
	[(4, 88), (8, 90), (7, 92)]
2025-11-23 14:28:14,795 - create_connect_point - INFO - [create_connect_point.py:231] - 
room84:(27,17)-(29,19)
	[(30, 19), (27, 20), (26, 18), (28, 16), (29, 20)]
2025-11-23 14:28:14,795 - create_connect_point - INFO - [create_connect_point.py:231] - 
room85:(37,63)-(41,71)
	[(42, 63), (41, 72), (39, 62)]
2025-11-23 14:28:14,795 - create_connect_point - INFO - [create_connect_point.py:231] - 
room86:(25,37)-(31,39)
	[(31, 36), (25, 40), (24, 38), (32, 38)]
2025-11-23 14:28:14,796 - create_connect_point - INFO - [create_connect_point.py:231] - 
room87:(81,45)-(83,49)
	[(84, 47), (80, 45), (83, 50)]
2025-11-23 14:28:14,796 - create_connect_point - INFO - [create_connect_point.py:231] - 
room88:(41,85)-(43,93)
	[(44, 89), (44, 93), (40, 91)]
2025-11-23 14:28:14,796 - create_connect_point - INFO - [create_connect_point.py:231] - 
room89:(83,17)-(87,19)
	[(88, 18), (82, 19), (82, 17)]
2025-11-23 14:28:14,796 - create_connect_point - INFO - [create_connect_point.py:231] - 
room90:(93,83)-(95,87)
	[(96, 86), (93, 82), (96, 83)]
2025-11-23 14:28:14,796 - create_connect_point - INFO - [create_connect_point.py:231] - 
room91:(93,11)-(97,15)
	[(93, 16), (97, 16), (97, 10), (92, 14), (98, 15)]
2025-11-23 14:28:14,796 - create_connect_point - INFO - [create_connect_point.py:231] - 
room92:(41,37)-(49,39)
	[(40, 39), (48, 40), (45, 40), (47, 36), (44, 36), (40, 37)]
2025-11-23 14:28:14,796 - create_connect_point - INFO - [create_connect_point.py:231] - 
room93:(47,25)-(49,29)
	[(49, 30), (47, 30), (47, 24)]
2025-11-23 14:28:14,796 - create_connect_point - INFO - [create_connect_point.py:231] - 
room94:(69,9)-(73,11)
	[(74, 11), (69, 12), (69, 8)]
2025-11-23 14:28:14,796 - create_connect_point - INFO - [create_connect_point.py:231] - 
room95:(33,9)-(35,13)
	[(36, 11), (32, 13)]
2025-11-23 14:28:14,796 - create_connect_point - INFO - [create_connect_point.py:231] - 
room96:(63,73)-(67,81)
	[(68, 79), (65, 72), (62, 81), (68, 73)]
2025-11-23 14:28:14,796 - create_connect_point - INFO - [create_connect_point.py:231] - 
room97:(93,61)-(97,67)
	[(98, 61), (92, 62), (95, 60)]
2025-11-23 14:28:14,796 - create_connect_point - INFO - [create_connect_point.py:231] - 
room98:(61,5)-(63,7)
	[(61, 8), (64, 5)]
2025-11-23 14:28:14,796 - create_connect_point - INFO - [create_connect_point.py:231] - 
room99:(9,13)-(15,17)
	[(9, 18), (8, 17), (15, 18), (16, 15), (8, 14), (11, 12)]
